x,y,theta,v,omega
2.129208999999999907e+00,1.431816999999999895e+00,6.783869999999999623e-01,5.000000000000000000e-01,9.538299999999999557e-02
2.167987999999999804e+00,1.463378999999999985e+00,6.879260000000000375e-01,5.000000000000000000e-01,1.095330000000000054e-01
2.206442000000000014e+00,1.495336999999999916e+00,6.988790000000000280e-01,5.000000000000000000e-01,1.225979999999999986e-01
2.244521999999999906e+00,1.527738000000000040e+00,7.111389999999999656e-01,5.000000000000000000e-01,1.336759999999999893e-01
2.282183999999999990e+00,1.560624999999999929e+00,7.245059999999999834e-01,5.000000000000000000e-01,1.418139999999999956e-01
2.319389000000000145e+00,1.594028000000000000e+00,7.386880000000000113e-01,5.000000000000000000e-01,1.461359999999999881e-01
2.356109000000000009e+00,1.627963000000000049e+00,7.533009999999999984e-01,5.000000000000000000e-01,1.460529999999999884e-01
2.392329999999999846e+00,1.662430999999999992e+00,7.679059999999999775e-01,5.000000000000000000e-01,1.415720000000000034e-01
2.428050999999999959e+00,1.697414999999999896e+00,7.820639999999999814e-01,5.000000000000000000e-01,1.332990000000000008e-01
2.463287999999999922e+00,1.732887999999999984e+00,7.953940000000000454e-01,5.000000000000000000e-01,1.221249999999999974e-01
2.498069000000000095e+00,1.768807999999999936e+00,8.076060000000000461e-01,5.000000000000000000e-01,1.090219999999999939e-01
2.532433000000000156e+00,1.805126999999999926e+00,8.185080000000000133e-01,5.000000000000000000e-01,9.491499999999999937e-02
2.566425000000000178e+00,1.841795000000000071e+00,8.279999999999999583e-01,5.000000000000000000e-01,8.060499999999999610e-02
1.449945000000000039e+00,2.196626999999999885e+00,7.958589999999999831e-01,5.000000000000000000e-01,-1.726679999999999882e-01
1.485235000000000083e+00,2.232045999999999975e+00,7.785919999999999508e-01,5.000000000000000000e-01,-1.965300000000000102e-01
1.521173000000000108e+00,2.266808000000000156e+00,7.589390000000000303e-01,5.000000000000000000e-01,-2.189159999999999995e-01
1.557825000000000015e+00,2.300816000000000194e+00,7.370470000000000077e-01,5.000000000000000000e-01,-2.381379999999999886e-01
1.595244000000000106e+00,2.333976999999999968e+00,7.132340000000000346e-01,5.000000000000000000e-01,-2.524449999999999750e-01
1.633466000000000085e+00,2.366210000000000147e+00,6.879889999999999617e-01,5.000000000000000000e-01,-2.602510000000000101e-01
1.672501000000000015e+00,2.397453000000000056e+00,6.619639999999999969e-01,5.000000000000000000e-01,-2.604810000000000181e-01
1.712336000000000080e+00,2.427669999999999995e+00,6.359160000000000368e-01,5.000000000000000000e-01,-2.530939999999999857e-01
1.752933000000000074e+00,2.456853000000000176e+00,6.106070000000000109e-01,5.000000000000000000e-01,-2.390819999999999890e-01
1.794237000000000082e+00,2.485028999999999932e+00,5.866980000000000528e-01,5.000000000000000000e-01,-2.199440000000000006e-01
1.836176999999999948e+00,2.512249999999999872e+00,5.647039999999999837e-01,5.000000000000000000e-01,-1.973290000000000044e-01
1.878676000000000013e+00,2.538588999999999984e+00,5.449709999999999832e-01,5.000000000000000000e-01,-1.728190000000000004e-01
1.921653999999999973e+00,2.564137999999999806e+00,5.276889999999999636e-01,5.000000000000000000e-01,-1.477980000000000127e-01
1.965038000000000062e+00,2.588995000000000157e+00,5.129089999999999483e-01,5.000000000000000000e-01,-1.233899999999999997e-01
1.438507999999999898e+00,2.210509000000000057e+00,7.173979999999999801e-01,5.000000000000000000e-01,-1.095389999999999975e-01
1.476363000000000092e+00,2.243173000000000084e+00,7.064439999999999609e-01,5.000000000000000000e-01,-1.254250000000000087e-01
1.514599000000000029e+00,2.275390999999999941e+00,6.939020000000000188e-01,5.000000000000000000e-01,-1.414580000000000004e-01
1.553261999999999921e+00,2.307094999999999896e+00,6.797560000000000269e-01,5.000000000000000000e-01,-1.565830000000000000e-01
1.592392999999999947e+00,2.338219000000000047e+00,6.640979999999999661e-01,5.000000000000000000e-01,-1.696360000000000090e-01
1.632025999999999977e+00,2.368701000000000167e+00,6.471339999999999870e-01,5.000000000000000000e-01,-1.794290000000000052e-01
1.672185000000000032e+00,2.398486999999999814e+00,6.291909999999999448e-01,5.000000000000000000e-01,-1.848909999999999998e-01
1.712879999999999958e+00,2.427535999999999916e+00,6.107019999999999671e-01,5.000000000000000000e-01,-1.852939999999999865e-01
1.754105000000000025e+00,2.455827000000000204e+00,5.921729999999999494e-01,5.000000000000000000e-01,-1.805839999999999945e-01
1.795841000000000021e+00,2.483359000000000094e+00,5.741140000000000132e-01,5.000000000000000000e-01,-1.713870000000000116e-01
1.838055999999999912e+00,2.510152999999999857e+00,5.569749999999999979e-01,5.000000000000000000e-01,-1.586619999999999975e-01
1.880705999999999989e+00,2.536245999999999778e+00,5.411089999999999511e-01,5.000000000000000000e-01,-1.434809999999999974e-01
1.923747000000000096e+00,2.561691999999999858e+00,5.267610000000000348e-01,5.000000000000000000e-01,-1.268809999999999938e-01
1.967127000000000070e+00,2.586554000000000020e+00,5.140730000000000022e-01,5.000000000000000000e-01,-1.097790000000000016e-01
1.461716999999999933e+00,2.263698000000000210e+00,6.024819999999999620e-01,5.000000000000000000e-01,-7.122399999999999565e-02
1.503014000000000072e+00,2.291885000000000172e+00,5.953600000000000003e-01,5.000000000000000000e-01,-7.844399999999999984e-02
1.544521000000000033e+00,2.319763000000000019e+00,5.875150000000000095e-01,5.000000000000000000e-01,-8.554299999999999404e-02
1.586254999999999971e+00,2.347299000000000024e+00,5.789609999999999479e-01,5.000000000000000000e-01,-9.184399999999999509e-02
1.628231999999999902e+00,2.374464999999999826e+00,5.697769999999999779e-01,5.000000000000000000e-01,-9.667100000000000692e-02
1.670463000000000031e+00,2.401232999999999951e+00,5.601099999999999968e-01,5.000000000000000000e-01,-9.942399999999999849e-02
1.712954000000000088e+00,2.427585999999999800e+00,5.501669999999999616e-01,5.000000000000000000e-01,-9.968299999999999383e-02
1.755705000000000071e+00,2.453514000000000195e+00,5.401989999999999847e-01,5.000000000000000000e-01,-9.737899999999999334e-02
1.798710000000000031e+00,2.479020999999999919e+00,5.304609999999999603e-01,5.000000000000000000e-01,-9.278899999999999648e-02
1.841955000000000009e+00,2.504116999999999926e+00,5.211820000000000341e-01,5.000000000000000000e-01,-8.637000000000000233e-02
1.885423999999999989e+00,2.528824000000000183e+00,5.125450000000000284e-01,5.000000000000000000e-01,-7.864500000000000657e-02
1.929095000000000004e+00,2.553173000000000137e+00,5.046810000000000462e-01,5.000000000000000000e-01,-7.012599999999999389e-02
1.972946000000000089e+00,2.577195000000000125e+00,4.976679999999999993e-01,5.000000000000000000e-01,-6.127500000000000308e-02
1.490234000000000059e+00,2.315885000000000193e+00,4.793749999999999956e-01,5.000000000000000000e-01,-5.871999999999999616e-03
1.534604000000000079e+00,2.338932999999999929e+00,4.787879999999999914e-01,5.000000000000000000e-01,-4.728999999999999697e-03
1.578988000000000058e+00,2.361956999999999862e+00,4.783149999999999902e-01,5.000000000000000000e-01,-4.205999999999999669e-03
1.623380999999999963e+00,2.384961999999999804e+00,4.778939999999999855e-01,5.000000000000000000e-01,-4.107999999999999673e-03
1.667783999999999933e+00,2.407948999999999895e+00,4.774829999999999908e-01,5.000000000000000000e-01,-4.259999999999999898e-03
1.712196999999999969e+00,2.430915999999999855e+00,4.770570000000000088e-01,5.000000000000000000e-01,-4.511000000000000253e-03
1.756618999999999930e+00,2.453864999999999963e+00,4.766059999999999741e-01,5.000000000000000000e-01,-4.743999999999999953e-03
1.801052000000000097e+00,2.476792999999999800e+00,4.761319999999999997e-01,5.000000000000000000e-01,-4.885999999999999718e-03
1.845496999999999943e+00,2.499699000000000115e+00,4.756429999999999825e-01,5.000000000000000000e-01,-4.905999999999999771e-03
1.889952000000000076e+00,2.522584000000000160e+00,4.751529999999999920e-01,5.000000000000000000e-01,-4.800999999999999712e-03
1.934419000000000111e+00,2.545446999999999793e+00,4.746730000000000116e-01,5.000000000000000000e-01,-4.584000000000000401e-03
1.978895999999999988e+00,2.568289000000000044e+00,4.742140000000000244e-01,5.000000000000000000e-01,-4.276000000000000287e-03
2.023384000000000071e+00,2.591111000000000164e+00,4.737870000000000137e-01,5.000000000000000000e-01,-3.902000000000000086e-03
2.141615999999999964e+00,1.417920999999999987e+00,7.568080000000000362e-01,5.000000000000000000e-01,5.066199999999999870e-02
2.177880000000000038e+00,1.452342999999999940e+00,7.618740000000000512e-01,5.000000000000000000e-01,5.772200000000000247e-02
2.213957999999999871e+00,1.486960999999999977e+00,7.676460000000000505e-01,5.000000000000000000e-01,6.426300000000000068e-02
2.249823000000000128e+00,1.521798999999999902e+00,7.740719999999999823e-01,5.000000000000000000e-01,6.982499999999999818e-02
2.285454000000000097e+00,1.556875999999999927e+00,7.810550000000000548e-01,5.000000000000000000e-01,7.393399999999999972e-02
2.320831999999999784e+00,1.592208000000000068e+00,7.884480000000000377e-01,5.000000000000000000e-01,7.615800000000000347e-02
2.355944000000000038e+00,1.627804999999999946e+00,7.960639999999999938e-01,5.000000000000000000e-01,7.620799999999999796e-02
2.390784000000000020e+00,1.663667999999999925e+00,8.036849999999999827e-01,5.000000000000000000e-01,7.407900000000000595e-02
2.425352999999999870e+00,1.699793000000000109e+00,8.110929999999999529e-01,5.000000000000000000e-01,7.005699999999999428e-02
2.459661000000000097e+00,1.736164999999999958e+00,8.180979999999999919e-01,5.000000000000000000e-01,6.456699999999999939e-02
2.493723999999999830e+00,1.772766999999999982e+00,8.245550000000000379e-01,5.000000000000000000e-01,5.807699999999999668e-02
2.527560999999999947e+00,1.809577999999999909e+00,8.303629999999999622e-01,5.000000000000000000e-01,5.103400000000000297e-02
2.561196999999999946e+00,1.846573000000000020e+00,8.354660000000000419e-01,5.000000000000000000e-01,4.383200000000000290e-02
1.722434000000000021e+00,2.531391999999999864e+00,4.228419999999999956e-01,4.999990000000000268e-01,2.669999999999999847e-04
1.768029999999999990e+00,2.551909999999999901e+00,4.228689999999999949e-01,4.999990000000000268e-01,1.108000000000000044e-03
2.196686000000000138e+00,1.435130999999999935e+00,8.505009999999999515e-01,5.000000000000000000e-01,-1.315999999999999896e-03
2.229668999999999901e+00,1.472709000000000046e+00,8.503690000000000415e-01,5.000000000000000000e-01,-1.515000000000000071e-03
2.262656999999999918e+00,1.510283000000000042e+00,8.502180000000000293e-01,5.000000000000000000e-01,-1.575000000000000011e-03
2.295650999999999886e+00,1.547851000000000088e+00,8.500600000000000378e-01,5.000000000000000000e-01,-1.534999999999999906e-03
2.328650999999999804e+00,1.585415000000000019e+00,8.499069999999999681e-01,5.000000000000000000e-01,-1.427000000000000100e-03
2.361655999999999977e+00,1.622972999999999999e+00,8.497639999999999638e-01,5.000000000000000000e-01,-1.276999999999999923e-03
2.394667000000000101e+00,1.660527000000000086e+00,8.496359999999999468e-01,5.000000000000000000e-01,-1.105000000000000079e-03
2.427681000000000200e+00,1.698077000000000059e+00,8.495260000000000034e-01,5.000000000000000000e-01,-9.259999999999999568e-04
2.460700000000000109e+00,1.735624000000000056e+00,8.494329999999999936e-01,5.000000000000000000e-01,-7.500000000000000156e-04
2.493721999999999994e+00,1.773168000000000077e+00,8.493579999999999464e-01,5.000000000000000000e-01,-5.839999999999999922e-04
2.526746000000000159e+00,1.810710000000000042e+00,8.493000000000000549e-01,5.000000000000000000e-01,-4.339999999999999782e-04
2.559772999999999854e+00,1.848249999999999948e+00,8.492560000000000109e-01,5.000000000000000000e-01,-2.999999999999999737e-04
2.085344999999999782e+00,1.410458999999999907e+00,6.341200000000000170e-01,5.000000000000000000e-01,1.024250000000000022e-01
2.125471999999999806e+00,1.440288000000000013e+00,6.443630000000000191e-01,5.000000000000000000e-01,1.156319999999999987e-01
2.165271999999999863e+00,1.470552999999999999e+00,6.559260000000000090e-01,5.000000000000000000e-01,1.277510000000000034e-01
2.204699999999999882e+00,1.501300000000000079e+00,6.687009999999999899e-01,5.000000000000000000e-01,1.381850000000000023e-01
2.243716000000000044e+00,1.532567999999999930e+00,6.825200000000000156e-01,5.000000000000000000e-01,1.462970000000000104e-01
2.282283000000000062e+00,1.564389000000000030e+00,6.971490000000000187e-01,5.000000000000000000e-01,1.514790000000000025e-01
2.320371999999999879e+00,1.596778999999999948e+00,7.122969999999999580e-01,5.000000000000000000e-01,1.532630000000000103e-01
2.357963999999999949e+00,1.629747000000000057e+00,7.276240000000000485e-01,5.000000000000000000e-01,1.514870000000000105e-01
2.395048000000000066e+00,1.663283000000000067e+00,7.427719999999999878e-01,5.000000000000000000e-01,1.463879999999999904e-01
2.431629000000000040e+00,1.697367999999999988e+00,7.574109999999999454e-01,5.000000000000000000e-01,1.384930000000000050e-01
2.467721000000000053e+00,1.731970999999999927e+00,7.712599999999999456e-01,5.000000000000000000e-01,1.284619999999999929e-01
2.503347999999999907e+00,1.767052000000000067e+00,7.841069999999999984e-01,5.000000000000000000e-01,1.169749999999999956e-01
2.538540999999999936e+00,1.802567999999999948e+00,7.958039999999999559e-01,5.000000000000000000e-01,1.046710000000000002e-01
2.573338999999999821e+00,1.838472000000000106e+00,8.062709999999999599e-01,5.000000000000000000e-01,9.210400000000000531e-02
1.427200999999999942e+00,2.157108000000000025e+00,8.497879999999999878e-01,4.999990000000000268e-01,-1.869999999999999996e-01
1.460557000000000105e+00,2.194354000000000138e+00,8.310880000000000489e-01,4.999990000000000268e-01,-2.050849999999999895e-01
1.494636999999999993e+00,2.230938999999999783e+00,8.105790000000000495e-01,4.999990000000000268e-01,-2.226180000000000103e-01
1.529492000000000074e+00,2.266786999999999885e+00,7.883170000000000455e-01,4.999990000000000268e-01,-2.386010000000000075e-01
1.565163000000000082e+00,2.301822000000000035e+00,7.644570000000000531e-01,4.999990000000000268e-01,-2.519449999999999745e-01
1.601682999999999968e+00,2.335970999999999798e+00,7.392630000000000035e-01,4.999990000000000268e-01,-2.615500000000000047e-01
1.639067999999999969e+00,2.369171000000000138e+00,7.131079999999999641e-01,4.999990000000000268e-01,-2.664340000000000042e-01
1.677314999999999889e+00,2.401371999999999840e+00,6.864639999999999631e-01,4.999990000000000268e-01,-2.659389999999999810e-01
1.716407000000000016e+00,2.432545000000000179e+00,6.598699999999999566e-01,4.999990000000000268e-01,-2.600250000000000061e-01
1.756304000000000087e+00,2.462677999999999923e+00,6.338679999999999870e-01,4.999990000000000268e-01,-2.492709999999999926e-01
1.796955999999999998e+00,2.491785999999999834e+00,6.089409999999999545e-01,4.999990000000000268e-01,-2.345790000000000097e-01
1.838300999999999963e+00,2.519902999999999782e+00,5.854829999999999757e-01,4.999990000000000268e-01,-2.169740000000000002e-01
1.880268999999999968e+00,2.547079000000000093e+00,5.637860000000000094e-01,4.999990000000000268e-01,-1.974690000000000056e-01
1.922792000000000057e+00,2.573379000000000083e+00,5.440390000000000503e-01,4.999990000000000268e-01,-1.769890000000000074e-01
1.965799999999999992e+00,2.598879000000000161e+00,5.263400000000000301e-01,4.999990000000000268e-01,-1.563319999999999987e-01
1.502826999999999913e+00,2.324256000000000100e+00,4.889629999999999810e-01,4.999990000000000268e-01,-6.169299999999999784e-02
1.547039999999999971e+00,2.347605000000000164e+00,4.827940000000000009e-01,4.999990000000000268e-01,-5.686200000000000282e-02
1.591390000000000082e+00,2.370692000000000021e+00,4.771079999999999766e-01,4.999990000000000268e-01,-5.266900000000000054e-02
1.635866999999999960e+00,2.393534999999999968e+00,4.718410000000000104e-01,4.999990000000000268e-01,-4.897699999999999970e-02
1.680458999999999925e+00,2.416151999999999855e+00,4.669429999999999970e-01,4.999990000000000268e-01,-4.564800000000000108e-02
1.725157000000000052e+00,2.438558000000000003e+00,4.623780000000000112e-01,4.999990000000000268e-01,-4.256000000000000061e-02
1.769954000000000027e+00,2.460767000000000149e+00,4.581219999999999737e-01,4.999990000000000268e-01,-3.960899999999999838e-02
1.814842000000000066e+00,2.482791000000000192e+00,4.541609999999999814e-01,4.999990000000000268e-01,-3.673300000000000176e-02
1.859814000000000078e+00,2.504643999999999870e+00,4.504879999999999995e-01,4.999990000000000268e-01,-3.390900000000000164e-02
1.904862000000000055e+00,2.526337999999999973e+00,4.470970000000000222e-01,4.999990000000000268e-01,-3.113700000000000148e-02
1.949980999999999964e+00,2.547884999999999955e+00,4.439830000000000165e-01,4.999990000000000268e-01,-2.843100000000000141e-02
1.995163999999999938e+00,2.569297999999999860e+00,4.411399999999999766e-01,4.999990000000000268e-01,-2.580899999999999861e-02
2.040404000000000106e+00,2.590587999999999891e+00,4.385600000000000054e-01,4.999990000000000268e-01,-2.329000000000000167e-02
2.334331000000000156e+00,1.516891999999999907e+00,8.613199999999999745e-01,5.000000000000000000e-01,-7.699999999999999597e-04
2.366903999999999897e+00,1.554826000000000041e+00,8.612429999999999808e-01,5.000000000000000000e-01,-9.859999999999998974e-04
2.399481000000000197e+00,1.592756999999999978e+00,8.611440000000000206e-01,5.000000000000000000e-01,-1.093000000000000005e-03
2.432061000000000028e+00,1.630684999999999940e+00,8.610349999999999948e-01,5.000000000000000000e-01,-1.118000000000000070e-03
2.464646000000000114e+00,1.668609000000000009e+00,8.609229999999999938e-01,5.000000000000000000e-01,-1.083999999999999894e-03
2.497234999999999872e+00,1.706528999999999963e+00,8.608149999999999968e-01,5.000000000000000000e-01,-1.010000000000000047e-03
2.529828000000000188e+00,1.744445999999999941e+00,8.607139999999999791e-01,5.000000000000000000e-01,-9.100000000000000016e-04
2.082659000000000038e+00,1.423769000000000062e+00,5.914030000000000120e-01,4.999990000000000268e-01,1.122370000000000034e-01
2.124010000000000176e+00,1.451878000000000002e+00,6.026259999999999950e-01,4.999990000000000268e-01,1.247459999999999958e-01
2.165024999999999977e+00,1.480474000000000068e+00,6.151010000000000089e-01,4.999990000000000268e-01,1.357800000000000118e-01
2.205662999999999929e+00,1.509603000000000028e+00,6.286789999999999878e-01,4.999990000000000268e-01,1.449030000000000040e-01
2.245889000000000024e+00,1.539298000000000055e+00,6.431689999999999907e-01,4.999990000000000268e-01,1.516800000000000093e-01
2.285670000000000091e+00,1.569587000000000065e+00,6.583369999999999500e-01,4.999990000000000268e-01,1.557330000000000103e-01
2.324980000000000047e+00,1.600484000000000018e+00,6.739110000000000378e-01,4.999990000000000268e-01,1.568249999999999922e-01
2.363802999999999876e+00,1.631990999999999969e+00,6.895930000000000115e-01,4.999990000000000268e-01,1.549850000000000116e-01
2.402130999999999794e+00,1.664099999999999913e+00,7.050920000000000520e-01,4.999990000000000268e-01,1.505110000000000059e-01
2.439963000000000104e+00,1.696790999999999938e+00,7.201429999999999776e-01,4.999990000000000268e-01,1.438429999999999986e-01
2.477310000000000123e+00,1.730034000000000072e+00,7.345270000000000410e-01,4.999990000000000268e-01,1.354730000000000101e-01
2.514189000000000007e+00,1.763795999999999919e+00,7.480740000000000167e-01,4.999990000000000268e-01,1.258910000000000029e-01
2.550624000000000002e+00,1.798038000000000025e+00,7.606629999999999781e-01,4.999990000000000268e-01,1.155520000000000019e-01
1.442026999999999948e+00,2.160266000000000020e+00,8.857239999999999558e-01,4.999979999999999980e-01,-2.410619999999999985e-01
1.474126999999999965e+00,2.198599000000000192e+00,8.616179999999999950e-01,4.999979999999999980e-01,-2.544690000000000007e-01
1.507166999999999923e+00,2.236124999999999918e+00,8.361709999999999976e-01,4.999979999999999980e-01,-2.662280000000000202e-01
1.541171999999999986e+00,2.272778999999999883e+00,8.095480000000000453e-01,4.999979999999999980e-01,-2.756879999999999886e-01
1.576157999999999948e+00,2.308498000000000161e+00,7.819800000000000084e-01,4.999979999999999980e-01,-2.821989999999999776e-01
1.612125999999999948e+00,2.343227000000000171e+00,7.537599999999999856e-01,4.999979999999999980e-01,-2.851960000000000051e-01
1.649065000000000003e+00,2.376920999999999840e+00,7.252399999999999958e-01,4.999979999999999980e-01,-2.843100000000000072e-01
1.686947999999999892e+00,2.409550999999999998e+00,6.968090000000000117e-01,4.999979999999999980e-01,-2.795329999999999759e-01
1.725735999999999937e+00,2.441098999999999908e+00,6.688560000000000061e-01,4.999979999999999980e-01,-2.712180000000000146e-01
1.765377999999999892e+00,2.471567999999999987e+00,6.417340000000000266e-01,4.999979999999999980e-01,-2.599179999999999824e-01
1.805814999999999948e+00,2.500973000000000113e+00,6.157420000000000115e-01,4.999979999999999980e-01,-2.462640000000000107e-01
1.846983999999999959e+00,2.529345999999999872e+00,5.911159999999999748e-01,4.999979999999999980e-01,-2.308969999999999911e-01
1.888818000000000108e+00,2.556728000000000112e+00,5.680260000000000309e-01,4.999979999999999980e-01,-2.144179999999999975e-01
1.931251000000000051e+00,2.583172999999999941e+00,5.465839999999999588e-01,4.999990000000000268e-01,-1.973610000000000086e-01
1.464952000000000032e+00,2.255215000000000192e+00,6.646300000000000541e-01,4.999870000000000148e-01,-1.893620000000000025e-01
1.504598000000000102e+00,2.285677999999999876e+00,6.456939999999999902e-01,4.999870000000000148e-01,-1.890739999999999921e-01
1.544812999999999992e+00,2.315386000000000166e+00,6.267859999999999543e-01,4.999870000000000148e-01,-1.884949999999999959e-01
1.585582000000000047e+00,2.344329000000000107e+00,6.079369999999999497e-01,4.999870000000000148e-01,-1.874810000000000088e-01
1.626886999999999972e+00,2.372501000000000193e+00,5.891889999999999628e-01,4.999859999999999860e-01,-1.858750000000000124e-01
1.668711999999999973e+00,2.399896000000000029e+00,5.706010000000000248e-01,4.999859999999999860e-01,-1.835249999999999937e-01
1.711035000000000084e+00,2.426515000000000200e+00,5.522489999999999899e-01,4.999859999999999860e-01,-1.802970000000000128e-01
1.753835000000000033e+00,2.452358999999999956e+00,5.342189999999999994e-01,4.999859999999999860e-01,-1.760990000000000055e-01
1.797088999999999936e+00,2.477437000000000111e+00,5.166089999999999849e-01,4.999859999999999860e-01,-1.709189999999999876e-01
1.840772000000000075e+00,2.501759999999999984e+00,4.995169999999999888e-01,4.999859999999999860e-01,-1.648209999999999953e-01
1.884856000000000087e+00,2.525347000000000008e+00,4.830349999999999921e-01,4.999859999999999860e-01,-1.579160000000000008e-01
1.929316000000000031e+00,2.548219000000000012e+00,4.672439999999999927e-01,4.999859999999999860e-01,-1.503329999999999944e-01
1.974123000000000072e+00,2.570403000000000215e+00,4.522100000000000009e-01,4.999870000000000148e-01,-1.422049999999999981e-01
2.019249999999999989e+00,2.591930000000000067e+00,4.379899999999999904e-01,4.999870000000000148e-01,-1.336610000000000020e-01
2.148315999999999892e+00,1.433348000000000066e+00,7.476899999999999658e-01,4.999970000000000248e-01,1.981300000000000075e-02
2.184944999999999915e+00,1.467381999999999964e+00,7.496709999999999763e-01,4.999970000000000248e-01,2.063100000000000003e-02
2.221505000000000063e+00,1.501489000000000074e+00,7.517340000000000133e-01,4.999970000000000248e-01,2.135700000000000098e-02
2.257994000000000057e+00,1.535673000000000066e+00,7.538700000000000401e-01,4.999970000000000248e-01,2.195300000000000029e-02
2.294408999999999921e+00,1.569935999999999998e+00,7.560649999999999871e-01,4.999970000000000248e-01,2.238100000000000159e-02
2.330747000000000124e+00,1.604279999999999928e+00,7.583029999999999493e-01,4.999970000000000248e-01,2.261000000000000162e-02
2.367007999999999779e+00,1.638705000000000078e+00,7.605640000000000178e-01,4.999970000000000248e-01,2.261799999999999922e-02
2.403191000000000077e+00,1.673213000000000061e+00,7.628260000000000041e-01,4.999970000000000248e-01,2.240699999999999983e-02
2.439296999999999827e+00,1.707800999999999902e+00,7.650670000000000526e-01,4.999970000000000248e-01,2.199500000000000066e-02
2.475325000000000220e+00,1.742469999999999963e+00,7.672660000000000036e-01,4.999970000000000248e-01,2.141500000000000001e-02
2.511277999999999899e+00,1.777217000000000047e+00,7.694079999999999808e-01,4.999970000000000248e-01,2.070400000000000018e-02
2.547158000000000033e+00,1.812038999999999955e+00,7.714779999999999971e-01,4.999970000000000248e-01,1.990099999999999855e-02
1.979533999999999905e+00,1.409847000000000072e+00,4.583280000000000132e-01,4.999549999999999828e-01,4.116899999999999726e-02
2.024324000000000012e+00,1.432058999999999971e+00,4.624449999999999950e-01,4.999549999999999828e-01,5.597499999999999698e-02
2.069005999999999901e+00,1.454488999999999921e+00,4.680420000000000136e-01,4.999540000000000095e-01,6.974199999999999844e-02
2.113544999999999785e+00,1.477200000000000069e+00,4.750159999999999938e-01,4.999520000000000075e-01,8.224700000000000066e-02
2.157910999999999913e+00,1.500248000000000026e+00,4.832409999999999761e-01,4.999500000000000055e-01,9.328000000000000180e-02
2.202071999999999807e+00,1.523684000000000038e+00,4.925689999999999791e-01,4.999480000000000035e-01,1.026679999999999954e-01
2.246001000000000136e+00,1.547552000000000039e+00,5.028359999999999497e-01,4.999480000000000035e-01,1.103029999999999983e-01
2.289674000000000209e+00,1.571885999999999894e+00,5.138660000000000450e-01,4.999500000000000055e-01,1.161819999999999936e-01
2.333067999999999920e+00,1.596713000000000049e+00,5.254839999999999511e-01,4.999509999999999788e-01,1.204090000000000021e-01
2.376166000000000000e+00,1.622052000000000049e+00,5.375250000000000306e-01,4.999520000000000075e-01,1.231489999999999946e-01
2.418951999999999991e+00,1.647914000000000101e+00,5.498399999999999954e-01,4.999520000000000075e-01,1.245959999999999984e-01
2.461413999999999991e+00,1.674304000000000014e+00,5.623000000000000220e-01,4.999529999999999808e-01,1.249510000000000065e-01
2.503544000000000214e+00,1.701222000000000012e+00,5.747949999999999449e-01,4.999540000000000095e-01,1.244129999999999958e-01
1.411799000000000026e+00,2.020802000000000209e+00,1.112141999999999964e+00,4.823359999999999870e-01,-2.142620000000000080e-01
1.433616000000000001e+00,2.063819000000000070e+00,1.090716000000000019e+00,4.790269999999999806e-01,-2.367930000000000035e-01
1.456240999999999897e+00,2.106040000000000134e+00,1.067036000000000096e+00,4.745590000000000086e-01,-2.583099999999999841e-01
1.479683000000000082e+00,2.147301000000000126e+00,1.041204999999999936e+00,4.693609999999999727e-01,-2.783439999999999803e-01
1.503954999999999931e+00,2.187472000000000083e+00,1.013371000000000022e+00,4.638840000000000185e-01,-2.964220000000000188e-01
1.529074000000000044e+00,2.226468999999999809e+00,9.837289999999999646e-01,4.585839999999999916e-01,-3.120839999999999725e-01
1.555067999999999895e+00,2.264245999999999981e+00,9.525200000000000333e-01,4.539020000000000277e-01,-3.249119999999999786e-01
1.581973000000000074e+00,2.300800000000000178e+00,9.200289999999999857e-01,4.502289999999999903e-01,-3.345650000000000013e-01
1.609841999999999995e+00,2.336158000000000179e+00,8.865730000000000555e-01,4.478670000000000151e-01,-3.408470000000000111e-01
1.638735999999999970e+00,2.370375000000000121e+00,8.524880000000000235e-01,4.470089999999999897e-01,-3.437669999999999892e-01
1.668727000000000071e+00,2.403519000000000183e+00,8.181110000000000326e-01,4.476510000000000211e-01,-3.435219999999999940e-01
1.699883999999999951e+00,2.435658999999999796e+00,7.837589999999999835e-01,4.496629999999999794e-01,-3.404159999999999964e-01
1.732266000000000084e+00,2.466854000000000102e+00,7.497179999999999955e-01,4.528369999999999895e-01,-3.348030000000000173e-01
1.765919000000000016e+00,2.497151999999999816e+00,7.162370000000000125e-01,4.569289999999999741e-01,-3.270529999999999826e-01
1.800867999999999913e+00,2.526583000000000023e+00,6.835320000000000285e-01,4.616799999999999793e-01,-3.175209999999999977e-01
1.837121000000000004e+00,2.555165999999999826e+00,6.517800000000000260e-01,4.668300000000000227e-01,-3.065430000000000099e-01
1.874662999999999968e+00,2.582911000000000179e+00,6.211259999999999559e-01,4.721369999999999734e-01,-2.944189999999999863e-01
1.429969999999999963e+00,2.173980999999999941e+00,8.377050000000000329e-01,4.034460000000000268e-01,-2.257240000000000080e-01
1.457303000000000015e+00,2.203653999999999780e+00,8.151319999999999677e-01,4.066870000000000207e-01,-2.285059999999999869e-01
1.485527999999999960e+00,2.232933000000000057e+00,7.922820000000000418e-01,4.096460000000000101e-01,-2.305310000000000137e-01
1.514628000000000085e+00,2.261763999999999886e+00,7.692290000000000516e-01,4.123209999999999931e-01,-2.317879999999999940e-01
1.544580999999999982e+00,2.290097999999999967e+00,7.460499999999999909e-01,4.147469999999999768e-01,-2.322549999999999892e-01
1.575363000000000069e+00,2.317892000000000063e+00,7.228240000000000220e-01,4.169809999999999905e-01,-2.318959999999999910e-01
1.606951000000000018e+00,2.345111000000000168e+00,6.996350000000000069e-01,4.190949999999999953e-01,-2.306640000000000079e-01
1.639324000000000003e+00,2.371725999999999779e+00,6.765679999999999472e-01,4.211699999999999888e-01,-2.285069999999999879e-01
1.672461999999999893e+00,2.397718999999999934e+00,6.537180000000000213e-01,4.232859999999999956e-01,-2.253799999999999970e-01
1.706350999999999951e+00,2.423080000000000123e+00,6.311799999999999633e-01,4.255189999999999806e-01,-2.212619999999999865e-01
1.740979000000000054e+00,2.447807000000000066e+00,6.090539999999999843e-01,4.279290000000000038e-01,-2.161820000000000130e-01
1.776340000000000030e+00,2.471907999999999994e+00,5.874350000000000405e-01,4.305289999999999950e-01,-2.102169999999999872e-01
1.812422999999999895e+00,2.495389999999999997e+00,5.664139999999999731e-01,4.333000000000000185e-01,-2.034719999999999862e-01
1.849221000000000004e+00,2.518267999999999951e+00,5.460660000000000514e-01,4.362090000000000134e-01,-1.960629999999999873e-01
1.886717999999999895e+00,2.540554999999999897e+00,5.264600000000000390e-01,4.392110000000000181e-01,-1.881059999999999954e-01
1.924897000000000080e+00,2.562266000000000155e+00,5.076490000000000169e-01,4.422610000000000152e-01,-1.797110000000000096e-01
1.963737000000000066e+00,2.583416999999999852e+00,4.896780000000000022e-01,4.453150000000000164e-01,-1.709789999999999921e-01
2.161776999999999838e+00,1.438897000000000093e+00,7.133490000000000109e-01,4.501829999999999998e-01,-9.501000000000000764e-03
2.195831999999999784e+00,1.468339999999999979e+00,7.123990000000000045e-01,4.529360000000000053e-01,-8.207000000000000753e-03
2.230122999999999855e+00,1.497932000000000041e+00,7.115780000000000438e-01,4.551799999999999735e-01,-6.845999999999999655e-03
2.264604999999999979e+00,1.527644999999999920e+00,7.108929999999999971e-01,4.569940000000000113e-01,-5.431000000000000064e-03
2.299243000000000148e+00,1.557455000000000034e+00,7.103500000000000369e-01,4.584500000000000242e-01,-3.969000000000000306e-03
2.334006000000000025e+00,1.587342999999999948e+00,7.099529999999999452e-01,4.596069999999999878e-01,-2.468999999999999841e-03
2.368866000000000138e+00,1.617296000000000067e+00,7.097059999999999480e-01,4.605210000000000137e-01,-9.370000000000000074e-04
2.403799999999999937e+00,1.647302000000000044e+00,7.096130000000000493e-01,4.612339999999999773e-01,6.250000000000000130e-04
2.438788999999999874e+00,1.677354999999999929e+00,7.096749999999999448e-01,4.617839999999999723e-01,2.211999999999999991e-03
2.473815000000000097e+00,1.707448000000000077e+00,7.098959999999999715e-01,4.622029999999999750e-01,3.824999999999999841e-03
2.508863999999999983e+00,1.737578999999999985e+00,7.102789999999999937e-01,4.625150000000000095e-01,5.460999999999999709e-03
2.543922999999999934e+00,1.767746999999999957e+00,7.108250000000000401e-01,4.627419999999999867e-01,7.121999999999999859e-03
1.408787999999999929e+00,2.064262999999999959e+00,1.009808000000000039e+00,4.586219999999999741e-01,-1.832429999999999892e-01
1.433542000000000094e+00,2.102870999999999935e+00,9.914830000000000032e-01,4.543710000000000249e-01,-1.927240000000000064e-01
1.458781000000000105e+00,2.140652000000000221e+00,9.722110000000000474e-01,4.499699999999999811e-01,-2.017599999999999949e-01
1.484509000000000079e+00,2.177566999999999808e+00,9.520349999999999646e-01,4.454509999999999859e-01,-2.102300000000000002e-01
1.510726000000000013e+00,2.213579000000000185e+00,9.310119999999999507e-01,4.408500000000000196e-01,-2.179999999999999993e-01
1.537428999999999935e+00,2.248655999999999988e+00,9.092120000000000202e-01,4.362030000000000074e-01,-2.249289999999999901e-01
1.564613000000000032e+00,2.282769000000000048e+00,8.867190000000000349e-01,4.315459999999999852e-01,-2.308769999999999989e-01
1.592268999999999934e+00,2.315895999999999955e+00,8.636310000000000375e-01,4.269040000000000057e-01,-2.357170000000000099e-01
1.620384000000000047e+00,2.348019999999999996e+00,8.400600000000000289e-01,4.222899999999999987e-01,-2.393540000000000112e-01
1.648941999999999908e+00,2.379125999999999852e+00,8.161239999999999606e-01,4.176889999999999770e-01,-2.417539999999999967e-01
1.677920000000000078e+00,2.409206000000000181e+00,7.919490000000000141e-01,4.130460000000000242e-01,-2.429369999999999863e-01
1.707289000000000057e+00,2.438248000000000193e+00,7.676549999999999763e-01,4.082930000000000170e-01,-2.429590000000000083e-01
1.737009000000000025e+00,2.466242999999999963e+00,7.433589999999999920e-01,4.033680000000000043e-01,-2.418829999999999869e-01
1.767031999999999936e+00,2.493179000000000034e+00,7.191710000000000047e-01,3.982399999999999829e-01,-2.397759999999999891e-01
1.797306000000000070e+00,2.519051999999999847e+00,6.951929999999999499e-01,3.929369999999999807e-01,-2.367019999999999957e-01
1.827776000000000067e+00,2.543861999999999846e+00,6.715229999999999810e-01,3.875720000000000276e-01,-2.327220000000000122e-01
1.858395999999999937e+00,2.567619999999999791e+00,6.482510000000000217e-01,3.823869999999999769e-01,-2.279019999999999935e-01
1.443240999999999996e+00,2.189060000000000006e+00,8.543800000000000283e-01,4.988989999999999814e-01,-3.438499999999999890e-01
1.476642999999999928e+00,2.226113999999999926e+00,8.199950000000000294e-01,4.979009999999999825e-01,-3.550499999999999767e-01
1.511249999999999982e+00,2.261906999999999890e+00,7.844900000000000206e-01,4.967079999999999829e-01,-3.640599999999999947e-01
1.547036000000000078e+00,2.296349999999999891e+00,7.480839999999999712e-01,4.955209999999999892e-01,-3.704180000000000250e-01
1.583973000000000075e+00,2.329377000000000031e+00,7.110419999999999519e-01,4.945769999999999889e-01,-3.736530000000000129e-01
1.622039999999999926e+00,2.360946999999999907e+00,6.736769999999999703e-01,4.940979999999999817e-01,-3.733219999999999872e-01
1.661221999999999976e+00,2.391043999999999947e+00,6.363450000000000495e-01,4.942380000000000106e-01,-3.690599999999999992e-01
1.701505000000000045e+00,2.419674999999999798e+00,5.994390000000000551e-01,4.950180000000000136e-01,-3.606610000000000094e-01
1.742871000000000059e+00,2.446858999999999895e+00,5.633730000000000127e-01,4.962340000000000084e-01,-3.481920000000000015e-01
1.785279000000000060e+00,2.472624999999999851e+00,5.285539999999999683e-01,4.975849999999999995e-01,-3.319909999999999806e-01
1.828654999999999919e+00,2.496999000000000191e+00,4.953540000000000165e-01,4.987679999999999891e-01,-3.125649999999999817e-01
1.872900000000000009e+00,2.520017999999999869e+00,4.640980000000000105e-01,4.995660000000000101e-01,-2.905079999999999885e-01
1.917891000000000012e+00,2.541727999999999987e+00,4.350470000000000170e-01,4.999250000000000083e-01,-2.664540000000000242e-01
1.963502000000000081e+00,2.562190999999999885e+00,4.084019999999999873e-01,4.999870000000000148e-01,-2.410450000000000093e-01
2.009624000000000077e+00,2.581493000000000038e+00,3.842969999999999997e-01,4.999640000000000195e-01,-2.149079999999999879e-01
1.411224000000000034e+00,2.015686999999999784e+00,1.091639999999999944e+00,4.999890000000000168e-01,-1.683620000000000116e-01
1.434647000000000006e+00,2.059858999999999885e+00,1.074804000000000093e+00,4.999879999999999880e-01,-1.783460000000000045e-01
1.458833000000000046e+00,2.103619000000000128e+00,1.056969000000000047e+00,4.999879999999999880e-01,-1.876089999999999980e-01
1.483815000000000106e+00,2.146927999999999948e+00,1.038208999999999937e+00,4.999879999999999880e-01,-1.959780000000000133e-01
1.509622999999999937e+00,2.189750000000000085e+00,1.018610999999999933e+00,4.999879999999999880e-01,-2.032829999999999915e-01
1.536281000000000008e+00,2.232048999999999950e+00,9.982820000000000027e-01,4.999870000000000148e-01,-2.093820000000000126e-01
1.563804999999999890e+00,2.273788000000000142e+00,9.773439999999999905e-01,4.999879999999999880e-01,-2.141869999999999885e-01
1.592208000000000068e+00,2.314935000000000187e+00,9.559260000000000534e-01,4.999879999999999880e-01,-2.177129999999999899e-01
1.621491999999999933e+00,2.355459999999999887e+00,9.341540000000000399e-01,4.999890000000000168e-01,-2.200749999999999929e-01
1.651656000000000013e+00,2.395332999999999934e+00,9.121470000000000411e-01,4.999890000000000168e-01,-2.214399999999999979e-01
1.682692999999999994e+00,2.434530999999999779e+00,8.900029999999999886e-01,4.999890000000000168e-01,-2.220030000000000059e-01
1.714591999999999894e+00,2.473031999999999897e+00,8.678019999999999623e-01,4.999890000000000168e-01,-2.219559999999999866e-01
1.747336999999999918e+00,2.510813999999999879e+00,8.456069999999999975e-01,4.999890000000000168e-01,-2.214820000000000122e-01
1.780912000000000051e+00,2.547861999999999849e+00,8.234590000000000520e-01,4.999890000000000168e-01,-2.207389999999999908e-01
1.417823999999999973e+00,1.988947000000000020e+00,1.116840999999999973e+00,4.999979999999999980e-01,-4.392399999999999777e-02
1.439848999999999934e+00,2.033834000000000142e+00,1.112448000000000103e+00,4.999979999999999980e-01,-4.812299999999999911e-02
1.462080000000000046e+00,2.078619999999999912e+00,1.107636000000000065e+00,4.999979999999999980e-01,-5.238799999999999707e-02
1.484536000000000078e+00,2.123292999999999875e+00,1.102397000000000071e+00,4.999979999999999980e-01,-5.668399999999999828e-02
1.507235000000000102e+00,2.167844000000000104e+00,1.096729000000000065e+00,4.999979999999999980e-01,-6.097700000000000342e-02
1.530195999999999890e+00,2.212258999999999975e+00,1.090630999999999906e+00,4.999979999999999980e-01,-6.525300000000000544e-02
1.553436000000000039e+00,2.256530000000000147e+00,1.084106000000000014e+00,4.999979999999999980e-01,-6.952200000000000046e-02
1.576975000000000016e+00,2.300641999999999854e+00,1.077153999999999945e+00,4.999979999999999980e-01,-7.384799999999999698e-02
1.600829000000000057e+00,2.344584999999999919e+00,1.069768999999999970e+00,4.999979999999999980e-01,-7.834499999999999797e-02
1.625016999999999934e+00,2.388344000000000023e+00,1.061933999999999934e+00,4.999979999999999980e-01,-8.315300000000000469e-02
1.649556999999999940e+00,2.431906999999999819e+00,1.053619000000000083e+00,4.999979999999999980e-01,-8.842200000000000060e-02
1.674469999999999903e+00,2.475258000000000180e+00,1.044777000000000067e+00,4.999979999999999980e-01,-9.430499999999999994e-02
1.699778999999999929e+00,2.518380000000000063e+00,1.035346000000000100e+00,4.999979999999999980e-01,-1.009420000000000039e-01
1.415799000000000030e+00,2.131492999999999860e+00,1.120231999999999895e+00,4.999990000000000268e-01,-7.240000000000000342e-04
1.437575000000000047e+00,2.176502000000000159e+00,1.120158999999999905e+00,4.999990000000000268e-01,-1.745999999999999939e-03
1.459354999999999958e+00,2.221509000000000178e+00,1.119985000000000008e+00,4.999990000000000268e-01,-3.135999999999999899e-03
1.481146999999999991e+00,2.266509999999999803e+00,1.119671000000000083e+00,4.999990000000000268e-01,-4.971999999999999857e-03
1.502957000000000098e+00,2.311501999999999946e+00,1.119173999999999891e+00,4.999990000000000268e-01,-7.340000000000000170e-03
1.524794999999999900e+00,2.356481000000000048e+00,1.118440000000000101e+00,4.999990000000000268e-01,-1.034099999999999950e-02
2.215162999999999993e+00,1.453284999999999938e+00,7.881669999999999510e-01,4.835189999999999766e-01,6.088999999999999795e-03
2.249248000000000136e+00,1.487579999999999902e+00,7.887760000000000327e-01,4.831940000000000124e-01,4.020000000000000136e-03
2.283291999999999877e+00,1.521868999999999916e+00,7.891780000000000461e-01,4.827380000000000004e-01,1.981000000000000122e-03
2.317293999999999965e+00,1.556135999999999964e+00,7.893759999999999666e-01,4.821179999999999910e-01,-3.000000000000000076e-05
2.351249000000000144e+00,1.590362000000000053e+00,7.893729999999999913e-01,4.812939999999999996e-01,-2.010000000000000068e-03
2.385149999999999881e+00,1.624527000000000054e+00,7.891719999999999846e-01,4.802199999999999802e-01,-3.957999999999999713e-03
2.418985000000000163e+00,1.658605000000000107e+00,7.887769999999999504e-01,4.788379999999999859e-01,-5.867999999999999952e-03
2.452738999999999780e+00,1.692568000000000072e+00,7.881899999999999462e-01,4.770829999999999793e-01,-7.735999999999999821e-03
2.486393000000000075e+00,1.726383999999999919e+00,7.874160000000000048e-01,4.748769999999999936e-01,-9.553000000000000727e-03
2.519919999999999938e+00,1.760013999999999967e+00,7.864609999999999657e-01,4.721330000000000249e-01,-1.130800000000000034e-02
2.553287999999999780e+00,1.793415999999999899e+00,7.853299999999999725e-01,4.687529999999999752e-01,-1.298799999999999955e-02
2.241623000000000143e+00,1.452765000000000084e+00,9.134160000000000057e-01,4.999810000000000088e-01,1.221359999999999946e-01
2.271932000000000063e+00,1.492528999999999995e+00,9.256290000000000351e-01,4.999810000000000088e-01,1.221769999999999939e-01
2.301752000000000020e+00,1.532659999999999911e+00,9.378469999999999862e-01,4.999810000000000088e-01,1.211689999999999989e-01
2.331081999999999876e+00,1.573150999999999966e+00,9.499640000000000306e-01,4.999810000000000088e-01,1.188970000000000027e-01
2.359925000000000050e+00,1.613990999999999953e+00,9.618539999999999868e-01,4.999810000000000088e-01,1.151540000000000064e-01
2.388287000000000049e+00,1.655165999999999915e+00,9.733690000000000397e-01,4.999810000000000088e-01,1.097569999999999935e-01
2.416183999999999887e+00,1.696657000000000082e+00,9.843450000000000255e-01,4.999819999999999820e-01,1.025760000000000005e-01
2.443639000000000117e+00,1.738442999999999961e+00,9.946019999999999861e-01,4.999819999999999820e-01,9.358500000000000152e-02
2.470683999999999880e+00,1.780494999999999939e+00,1.003961000000000103e+00,4.999819999999999820e-01,8.286599999999999522e-02
2.497355999999999909e+00,1.822785000000000100e+00,1.012246999999999897e+00,4.999830000000000108e-01,7.058000000000000385e-02
2.523702999999999808e+00,1.865277999999999992e+00,1.019304999999999906e+00,4.999830000000000108e-01,5.692900000000000044e-02
2.549779000000000018e+00,1.907937999999999912e+00,1.024998000000000076e+00,4.999830000000000108e-01,4.213900000000000284e-02
2.575642999999999905e+00,1.950725999999999960e+00,1.029212000000000016e+00,4.999830000000000108e-01,2.644300000000000123e-02
1.425394999999999968e+00,2.067145000000000010e+00,1.025392000000000081e+00,4.999990000000000268e-01,-1.441409999999999914e-01
1.451640000000000041e+00,2.109703000000000106e+00,1.010977999999999932e+00,4.999990000000000268e-01,-1.561730000000000063e-01
1.478520999999999974e+00,2.151860999999999802e+00,9.953600000000000225e-01,4.999990000000000268e-01,-1.671199999999999908e-01
1.506081000000000003e+00,2.193579000000000168e+00,9.786479999999999624e-01,4.999990000000000268e-01,-1.764650000000000107e-01
1.534351999999999938e+00,2.234818000000000193e+00,9.610020000000000229e-01,4.999990000000000268e-01,-1.836939999999999962e-01
1.563361999999999918e+00,2.275541000000000036e+00,9.426330000000000542e-01,4.999990000000000268e-01,-1.883690000000000087e-01
1.593123999999999985e+00,2.315716999999999803e+00,9.237959999999999505e-01,4.999990000000000268e-01,-1.902210000000000012e-01
1.623642000000000030e+00,2.355322999999999833e+00,9.047739999999999672e-01,4.999990000000000268e-01,-1.893090000000000050e-01
1.654905000000000070e+00,2.394341999999999970e+00,8.858430000000000470e-01,4.999990000000000268e-01,-1.860120000000000107e-01
1.686895000000000033e+00,2.432767999999999819e+00,8.672419999999999574e-01,4.999990000000000268e-01,-1.808829999999999882e-01
1.719584999999999919e+00,2.470600999999999825e+00,8.491530000000000467e-01,4.999990000000000268e-01,-1.745450000000000057e-01
1.752942000000000000e+00,2.507846999999999937e+00,8.316989999999999661e-01,4.999990000000000268e-01,-1.676209999999999922e-01
1.786931000000000047e+00,2.544516999999999918e+00,8.149370000000000225e-01,4.999990000000000268e-01,-1.606920000000000015e-01
1.414592000000000072e+00,2.027394000000000140e+00,1.047636000000000012e+00,4.999990000000000268e-01,-6.595499999999999974e-02
1.439715000000000078e+00,2.070622999999999880e+00,1.041039999999999965e+00,4.999990000000000268e-01,-7.242300000000000126e-02
1.465136999999999912e+00,2.113678000000000168e+00,1.033797999999999995e+00,4.999990000000000268e-01,-7.834399999999999697e-02
1.490882999999999958e+00,2.156540000000000123e+00,1.025964000000000098e+00,4.999990000000000268e-01,-8.341800000000000603e-02
1.516974999999999962e+00,2.199192000000000036e+00,1.017622000000000027e+00,4.999990000000000268e-01,-8.734599999999999309e-02
1.543430000000000080e+00,2.241620000000000168e+00,1.008887000000000089e+00,4.999990000000000268e-01,-8.988300000000000456e-02
1.570259999999999989e+00,2.283811000000000035e+00,9.998989999999999823e-01,4.999990000000000268e-01,-9.089500000000000357e-02
1.597469999999999946e+00,2.325759000000000132e+00,9.908099999999999685e-01,4.999990000000000268e-01,-9.046600000000000474e-02
1.625059999999999949e+00,2.367458000000000062e+00,9.817630000000000523e-01,4.999990000000000268e-01,-8.888999999999999679e-02
1.653021999999999991e+00,2.408907000000000131e+00,9.728740000000000165e-01,4.999990000000000268e-01,-8.658200000000000618e-02
1.681346999999999925e+00,2.450110000000000010e+00,9.642159999999999620e-01,4.999990000000000268e-01,-8.400299999999999434e-02
1.710021999999999931e+00,2.491070000000000118e+00,9.558149999999999702e-01,4.999990000000000268e-01,-8.162300000000000111e-02
1.739035000000000108e+00,2.531791000000000125e+00,9.476529999999999676e-01,4.999990000000000268e-01,-7.988900000000000168e-02
1.424201000000000050e+00,2.030174999999999841e+00,1.055020000000000069e+00,5.000000000000000000e-01,-1.230299999999999970e-02
1.448887999999999954e+00,2.073656000000000166e+00,1.053790000000000004e+00,5.000000000000000000e-01,-1.330500000000000085e-02
1.473630999999999913e+00,2.117103999999999875e+00,1.052459000000000033e+00,5.000000000000000000e-01,-1.410800000000000075e-02
1.498432999999999904e+00,2.160518999999999856e+00,1.051048999999999900e+00,5.000000000000000000e-01,-1.466199999999999969e-02
1.523298000000000041e+00,2.203898000000000135e+00,1.049582000000000015e+00,5.000000000000000000e-01,-1.493599999999999962e-02
1.548227000000000020e+00,2.247240000000000126e+00,1.048089000000000048e+00,5.000000000000000000e-01,-1.494099999999999942e-02
1.573220999999999981e+00,2.290544999999999831e+00,1.046594999999999942e+00,5.000000000000000000e-01,-1.475600000000000002e-02
1.598279000000000005e+00,2.333813000000000137e+00,1.045118999999999909e+00,5.000000000000000000e-01,-1.452900000000000025e-02
1.623399999999999954e+00,2.377044000000000157e+00,1.043665999999999983e+00,5.000000000000000000e-01,-1.445199999999999957e-02
1.648584000000000049e+00,2.420237999999999889e+00,1.042221000000000064e+00,5.000000000000000000e-01,-1.474800000000000069e-02
1.673831000000000069e+00,2.463395999999999919e+00,1.040745999999999949e+00,5.000000000000000000e-01,-1.565700000000000078e-02
1.699143999999999988e+00,2.506514999999999826e+00,1.039179999999999993e+00,5.000000000000000000e-01,-1.742900000000000005e-02
2.125024999999999942e+00,1.420673000000000075e+00,7.250220000000000553e-01,4.999979999999999980e-01,1.681200000000000055e-02
2.162421000000000149e+00,1.453861999999999988e+00,7.267029999999999879e-01,4.999979999999999980e-01,1.764900000000000149e-02
2.199759999999999938e+00,1.487114999999999965e+00,7.284680000000000044e-01,4.999979999999999980e-01,1.837099999999999844e-02
2.237039000000000222e+00,1.520435999999999899e+00,7.303049999999999820e-01,4.999979999999999980e-01,1.893200000000000091e-02
2.274255999999999833e+00,1.553825000000000012e+00,7.321980000000000155e-01,4.999979999999999980e-01,1.929000000000000159e-02
2.311408999999999825e+00,1.587286999999999892e+00,7.341269999999999740e-01,4.999979999999999980e-01,1.940700000000000064e-02
2.348497000000000057e+00,1.620819000000000010e+00,7.360679999999999445e-01,4.999979999999999980e-01,1.925800000000000081e-02
2.385520000000000085e+00,1.654423999999999895e+00,7.379940000000000389e-01,4.999979999999999980e-01,1.884299999999999864e-02
2.422479000000000049e+00,1.688099000000000016e+00,7.398780000000000356e-01,4.999979999999999980e-01,1.818200000000000024e-02
2.459375999999999785e+00,1.721842000000000095e+00,7.416960000000000219e-01,4.999979999999999980e-01,1.730999999999999900e-02
2.496213000000000015e+00,1.755651000000000073e+00,7.434269999999999490e-01,4.999979999999999980e-01,1.626899999999999874e-02
2.532992999999999828e+00,1.789520999999999917e+00,7.450539999999999941e-01,4.999979999999999980e-01,1.510000000000000057e-02
2.569719999999999782e+00,1.823450000000000015e+00,7.465640000000000054e-01,4.999979999999999980e-01,1.384200000000000014e-02
2.138679999999999914e+00,1.417045000000000110e+00,7.311400000000000121e-01,4.999990000000000268e-01,1.100639999999999952e-01
2.175715999999999983e+00,1.450634999999999897e+00,7.421470000000000011e-01,4.999990000000000268e-01,1.201929999999999943e-01
2.212362999999999857e+00,1.484650000000000025e+00,7.541660000000000030e-01,4.999990000000000268e-01,1.295729999999999937e-01
2.248581999999999859e+00,1.519119000000000108e+00,7.671229999999999993e-01,4.999990000000000268e-01,1.377500000000000113e-01
2.284337999999999980e+00,1.554068999999999923e+00,7.808979999999999810e-01,4.999990000000000268e-01,1.442289999999999961e-01
2.319596999999999909e+00,1.589520000000000044e+00,7.953209999999999447e-01,4.999990000000000268e-01,1.485130000000000061e-01
2.354333000000000009e+00,1.625483000000000011e+00,8.101720000000000033e-01,4.999990000000000268e-01,1.501560000000000117e-01
2.388527999999999984e+00,1.661960000000000104e+00,8.251880000000000326e-01,4.999990000000000268e-01,1.488549999999999873e-01
2.422175000000000189e+00,1.698944999999999927e+00,8.400729999999999587e-01,4.999990000000000268e-01,1.445710000000000051e-01
2.455274999999999874e+00,1.736418999999999935e+00,8.545300000000000118e-01,4.999990000000000268e-01,1.375339999999999896e-01
2.487842999999999805e+00,1.774356999999999962e+00,8.682839999999999447e-01,4.999990000000000268e-01,1.281160000000000077e-01
2.519903999999999922e+00,1.812724000000000002e+00,8.810949999999999616e-01,4.999990000000000268e-01,1.167440000000000005e-01
2.551493999999999929e+00,1.851480999999999932e+00,8.927699999999999525e-01,4.999990000000000268e-01,1.038479999999999959e-01
2.582653999999999783e+00,1.890582999999999902e+00,9.031550000000000411e-01,4.999990000000000268e-01,8.982600000000000307e-02
1.421429999999999971e+00,2.084150000000000169e+00,9.997779999999999445e-01,4.999990000000000268e-01,-1.940109999999999890e-01
1.448860999999999954e+00,2.125951999999999842e+00,9.803770000000000540e-01,4.999990000000000268e-01,-2.167250000000000010e-01
1.477144000000000013e+00,2.167183000000000082e+00,9.587050000000000294e-01,4.999990000000000268e-01,-2.384030000000000038e-01
1.506358000000000086e+00,2.207758999999999805e+00,9.348640000000000283e-01,4.999990000000000268e-01,-2.580230000000000024e-01
1.536569999999999991e+00,2.247596999999999845e+00,9.090620000000000367e-01,4.999990000000000268e-01,-2.744650000000000145e-01
1.567831999999999892e+00,2.286617000000000122e+00,8.816159999999999553e-01,4.999990000000000268e-01,-2.865989999999999926e-01
1.600176000000000043e+00,2.324743999999999922e+00,8.529560000000000475e-01,4.999990000000000268e-01,-2.934300000000000241e-01
1.633612000000000064e+00,2.361918000000000184e+00,8.236130000000000395e-01,4.999990000000000268e-01,-2.943180000000000240e-01
1.668125000000000080e+00,2.398092999999999808e+00,7.941810000000000258e-01,4.999990000000000268e-01,-2.893100000000000116e-01
1.703678999999999943e+00,2.433244999999999880e+00,7.652499999999999858e-01,4.999990000000000268e-01,-2.791330000000000200e-01
1.740218999999999960e+00,2.467373999999999956e+00,7.373370000000000202e-01,4.999990000000000268e-01,-2.648679999999999923e-01
1.777671999999999919e+00,2.500494999999999912e+00,7.108499999999999819e-01,4.999990000000000268e-01,-2.477290000000000048e-01
1.815962999999999994e+00,2.532646999999999871e+00,6.860770000000000479e-01,4.999990000000000268e-01,-2.289180000000000104e-01
1.855008999999999908e+00,2.563876000000000044e+00,6.631850000000000245e-01,4.999990000000000268e-01,-2.095319999999999960e-01
1.406145999999999896e+00,2.041202999999999879e+00,1.022062999999999944e+00,5.000000000000000000e-01,-1.247049999999999964e-01
1.432492000000000099e+00,2.083699000000000190e+00,1.009592000000000045e+00,5.000000000000000000e-01,-1.408429999999999960e-01
1.459398999999999891e+00,2.125840999999999870e+00,9.955079999999999485e-01,5.000000000000000000e-01,-1.563340000000000007e-01
1.486930000000000085e+00,2.167577999999999783e+00,9.798750000000000515e-01,5.000000000000000000e-01,-1.704120000000000079e-01
1.515139000000000014e+00,2.208860000000000046e+00,9.628330000000000499e-01,5.000000000000000000e-01,-1.822350000000000081e-01
1.544070999999999971e+00,2.249638000000000027e+00,9.446099999999999497e-01,5.000000000000000000e-01,-1.909490000000000076e-01
1.573758999999999908e+00,2.289868999999999932e+00,9.255149999999999766e-01,5.000000000000000000e-01,-1.958020000000000038e-01
1.604219000000000062e+00,2.329518999999999895e+00,9.059350000000000458e-01,5.000000000000000000e-01,-1.963239999999999985e-01
1.635450999999999988e+00,2.368562999999999974e+00,8.863020000000000342e-01,5.000000000000000000e-01,-1.925840000000000052e-01
1.667435999999999918e+00,2.406994000000000078e+00,8.670440000000000369e-01,5.000000000000000000e-01,-1.851949999999999985e-01
1.700140999999999902e+00,2.444812999999999903e+00,8.485249999999999737e-01,5.000000000000000000e-01,-1.750500000000000111e-01
1.733522000000000007e+00,2.482037000000000049e+00,8.310189999999999522e-01,5.000000000000000000e-01,-1.631489999999999885e-01
1.767527999999999988e+00,2.518691000000000013e+00,8.147050000000000125e-01,5.000000000000000000e-01,-1.504810000000000036e-01
1.802105000000000068e+00,2.554807999999999968e+00,7.996569999999999512e-01,5.000000000000000000e-01,-1.379579999999999973e-01
2.130147000000000013e+00,1.436978000000000089e+00,6.875139999999999585e-01,4.999990000000000268e-01,4.076400000000000162e-02
2.168724000000000096e+00,1.468787999999999982e+00,6.915900000000000380e-01,4.999990000000000268e-01,4.394599999999999895e-02
2.207164999999999822e+00,1.500760000000000094e+00,6.959849999999999648e-01,4.999990000000000268e-01,4.657300000000000328e-02
2.245461000000000151e+00,1.532907000000000020e+00,7.006419999999999870e-01,4.999990000000000268e-01,4.845800000000000107e-02
2.283605000000000107e+00,1.565234999999999932e+00,7.054880000000000040e-01,4.999990000000000268e-01,4.943600000000000078e-02
2.321588999999999903e+00,1.597749000000000086e+00,7.104319999999999524e-01,4.999990000000000268e-01,4.939600000000000241e-02
2.359411999999999843e+00,1.630449999999999955e+00,7.153709999999999791e-01,4.999990000000000268e-01,4.833799999999999902e-02
2.397075000000000067e+00,1.663335999999999926e+00,7.202049999999999841e-01,4.999990000000000268e-01,4.637299999999999756e-02
2.434581999999999802e+00,1.696399999999999908e+00,7.248419999999999863e-01,4.999990000000000268e-01,4.367000000000000048e-02
2.471940000000000026e+00,1.729632999999999976e+00,7.292089999999999961e-01,4.999990000000000268e-01,4.041800000000000254e-02
2.509158000000000222e+00,1.763022000000000089e+00,7.332509999999999861e-01,4.999990000000000268e-01,3.680300000000000238e-02
2.546246000000000009e+00,1.796553999999999984e+00,7.369310000000000027e-01,4.999990000000000268e-01,3.299799999999999955e-02
1.415983999999999909e+00,2.095963999999999938e+00,9.856260000000000021e-01,5.000000000000000000e-01,-2.379690000000000139e-01
1.444094999999999906e+00,2.137312999999999796e+00,9.618290000000000450e-01,5.000000000000000000e-01,-2.699179999999999913e-01
1.473246000000000056e+00,2.177934000000000037e+00,9.348379999999999468e-01,5.000000000000000000e-01,-3.006220000000000003e-01
1.503543000000000074e+00,2.217706000000000177e+00,9.047749999999999959e-01,5.000000000000000000e-01,-3.285139999999999727e-01
1.535076000000000107e+00,2.256505999999999901e+00,8.719240000000000324e-01,5.000000000000000000e-01,-3.518499999999999961e-01
1.567911000000000055e+00,2.294210999999999778e+00,8.367390000000000105e-01,5.000000000000000000e-01,-3.688500000000000112e-01
1.602082000000000006e+00,2.330708000000000002e+00,7.998539999999999539e-01,5.000000000000000000e-01,-3.779230000000000089e-01
1.637591999999999937e+00,2.365904000000000007e+00,7.620620000000000172e-01,5.000000000000000000e-01,-3.780290000000000039e-01
1.674406000000000061e+00,2.399732999999999894e+00,7.242589999999999861e-01,5.000000000000000000e-01,-3.692019999999999746e-01
1.712458999999999953e+00,2.432163000000000075e+00,6.873390000000000333e-01,5.000000000000000000e-01,-3.525559999999999805e-01
1.751657000000000020e+00,2.463198999999999916e+00,6.520829999999999682e-01,5.000000000000000000e-01,-3.297479999999999856e-01
1.791890999999999901e+00,2.492881000000000125e+00,6.191079999999999917e-01,5.000000000000000000e-01,-3.026240000000000041e-01
1.833043999999999896e+00,2.521275000000000155e+00,5.888459999999999805e-01,5.000000000000000000e-01,-2.729880000000000084e-01
1.874996000000000107e+00,2.548474999999999824e+00,5.615470000000000184e-01,5.000000000000000000e-01,-2.424620000000000108e-01
1.917637000000000036e+00,2.574584000000000206e+00,5.373010000000000286e-01,5.000000000000000000e-01,-2.124169999999999947e-01
1.424927000000000055e+00,2.094265000000000043e+00,9.886829999999999785e-01,5.000000000000000000e-01,-1.995719999999999994e-01
1.452831999999999901e+00,2.135752999999999791e+00,9.687259999999999760e-01,5.000000000000000000e-01,-2.237049999999999872e-01
1.481608000000000036e+00,2.176642000000000188e+00,9.463559999999999750e-01,5.000000000000000000e-01,-2.456939999999999957e-01
1.511335000000000095e+00,2.216842999999999897e+00,9.217859999999999943e-01,5.000000000000000000e-01,-2.641200000000000214e-01
1.542076999999999920e+00,2.256273000000000195e+00,8.953740000000000032e-01,5.000000000000000000e-01,-2.775250000000000217e-01
1.573876000000000053e+00,2.294856999999999925e+00,8.676220000000000043e-01,5.000000000000000000e-01,-2.846060000000000256e-01
1.606746999999999925e+00,2.332530999999999910e+00,8.391610000000000458e-01,5.000000000000000000e-01,-2.845179999999999931e-01
1.640676000000000023e+00,2.369254999999999889e+00,8.107090000000000130e-01,5.000000000000000000e-01,-2.773180000000000089e-01
1.675623000000000085e+00,2.405011000000000010e+00,7.829779999999999518e-01,5.000000000000000000e-01,-2.639639999999999764e-01
1.711524999999999963e+00,2.439808999999999894e+00,7.565809999999999480e-01,5.000000000000000000e-01,-2.458730000000000082e-01
1.748302999999999940e+00,2.473681000000000019e+00,7.319940000000000335e-01,5.000000000000000000e-01,-2.246170000000000111e-01
1.785867000000000093e+00,2.506677999999999962e+00,7.095320000000000515e-01,5.000000000000000000e-01,-2.017329999999999957e-01
1.824125999999999914e+00,2.538867000000000207e+00,6.893590000000000551e-01,5.000000000000000000e-01,-1.786059999999999870e-01
1.862991000000000064e+00,2.570323000000000135e+00,6.714980000000000393e-01,5.000000000000000000e-01,-1.564149999999999985e-01
2.197150999999999854e+00,1.434841000000000033e+00,6.381580000000000030e-01,5.000000000000000000e-01,-7.439999999999999782e-04
2.237312000000000189e+00,1.464625999999999983e+00,6.380839999999999845e-01,5.000000000000000000e-01,-8.580000000000000387e-04
2.277474999999999916e+00,1.494407000000000041e+00,6.379979999999999540e-01,5.000000000000000000e-01,-9.479999999999999495e-04
2.317641000000000062e+00,1.524183999999999983e+00,6.379029999999999978e-01,5.000000000000000000e-01,-1.000000000000000021e-03
2.357810000000000183e+00,1.553957999999999950e+00,6.378030000000000088e-01,5.000000000000000000e-01,-9.970000000000000563e-04
2.397981000000000140e+00,1.583727000000000107e+00,6.377030000000000198e-01,5.000000000000000000e-01,-9.160000000000000390e-04
2.438156000000000212e+00,1.613493000000000066e+00,6.376119999999999566e-01,5.000000000000000000e-01,-7.330000000000000361e-04
2.478333000000000119e+00,1.643254999999999910e+00,6.375380000000000491e-01,5.000000000000000000e-01,-4.169999999999999987e-04
2.093980999999999870e+00,1.412855999999999890e+00,6.477039999999999464e-01,5.000000000000000000e-01,-2.420000000000000005e-04
2.133855000000000057e+00,1.443022999999999945e+00,6.476800000000000335e-01,5.000000000000000000e-01,-3.820000000000000153e-04
2.173728999999999800e+00,1.473189000000000082e+00,6.476420000000000510e-01,5.000000000000000000e-01,-5.310000000000000050e-04
2.213605999999999963e+00,1.503352999999999939e+00,6.475880000000000525e-01,5.000000000000000000e-01,-6.880000000000000265e-04
2.253483999999999821e+00,1.533514999999999961e+00,6.475199999999999845e-01,5.000000000000000000e-01,-8.480000000000000124e-04
2.293363999999999958e+00,1.563674000000000008e+00,6.474349999999999827e-01,5.000000000000000000e-01,-1.005000000000000034e-03
2.333247000000000071e+00,1.593828999999999940e+00,6.473339999999999650e-01,5.000000000000000000e-01,-1.149999999999999981e-03
2.373133999999999855e+00,1.623979999999999979e+00,6.472189999999999888e-01,5.000000000000000000e-01,-1.266999999999999897e-03
2.413024000000000058e+00,1.654125999999999985e+00,6.470930000000000293e-01,5.000000000000000000e-01,-1.337999999999999997e-03
2.452917999999999932e+00,1.684266999999999959e+00,6.469589999999999508e-01,5.000000000000000000e-01,-1.340000000000000045e-03
2.492815999999999921e+00,1.714401999999999981e+00,6.468249999999999833e-01,5.000000000000000000e-01,-1.242999999999999964e-03
2.532718000000000025e+00,1.744531999999999972e+00,6.467000000000000526e-01,5.000000000000000000e-01,-1.010999999999999963e-03
2.113058000000000103e+00,1.420542999999999889e+00,6.228599999999999692e-01,3.104410000000000225e-01,9.836399999999999311e-02
2.138183000000000167e+00,1.438776999999999973e+00,6.326960000000000361e-01,2.997130000000000072e-01,1.111660000000000009e-01
2.162253000000000203e+00,1.456633999999999984e+00,6.438129999999999686e-01,2.896119999999999806e-01,1.236550000000000010e-01
2.185309000000000168e+00,1.474159999999999915e+00,6.561780000000000390e-01,2.801190000000000069e-01,1.357210000000000083e-01
2.207387000000000210e+00,1.491400000000000059e+00,6.697499999999999565e-01,2.712240000000000206e-01,1.472459999999999880e-01
2.228526000000000007e+00,1.508393000000000095e+00,6.844749999999999446e-01,2.629319999999999991e-01,1.581019999999999925e-01
2.248763999999999985e+00,1.525177999999999923e+00,7.002850000000000463e-01,2.552630000000000177e-01,1.681509999999999949e-01
2.268143999999999938e+00,1.541790999999999912e+00,7.170999999999999597e-01,2.482550000000000034e-01,1.772440000000000127e-01
2.286709000000000103e+00,1.558272000000000101e+00,7.348249999999999504e-01,2.419590000000000074e-01,1.852179999999999938e-01
2.304510000000000058e+00,1.574659000000000031e+00,7.533459999999999601e-01,2.364360000000000073e-01,1.919029999999999903e-01
2.321600000000000108e+00,1.590997999999999912e+00,7.725370000000000292e-01,2.317480000000000095e-01,1.971209999999999907e-01
2.338035999999999781e+00,1.607336000000000098e+00,7.922489999999999810e-01,2.279450000000000087e-01,2.006960000000000133e-01
2.353879000000000055e+00,1.623723000000000027e+00,8.123179999999999845e-01,2.250479999999999980e-01,2.024670000000000081e-01
2.369191999999999965e+00,1.640214999999999979e+00,8.325649999999999995e-01,2.230209999999999970e-01,2.023079999999999878e-01
2.384033000000000069e+00,1.656860999999999917e+00,8.527959999999999985e-01,2.217359999999999887e-01,2.001610000000000056e-01
2.398451999999999806e+00,1.673705999999999916e+00,8.728120000000000323e-01,2.209230000000000083e-01,1.960749999999999993e-01
2.412484000000000073e+00,1.690770000000000106e+00,8.924199999999999910e-01,2.202220000000000011e-01,1.902149999999999952e-01
2.426139000000000046e+00,1.708045999999999953e+00,9.114409999999999457e-01,2.192159999999999942e-01,1.828089999999999993e-01
2.439410000000000078e+00,1.725495000000000001e+00,9.297220000000000484e-01,2.174599999999999866e-01,1.741240000000000010e-01
2.452262999999999860e+00,1.743034999999999890e+00,9.471340000000000314e-01,2.145110000000000072e-01,1.644369999999999998e-01
2.464646999999999810e+00,1.760550999999999977e+00,9.635780000000000456e-01,2.099479999999999957e-01,1.540219999999999922e-01
2.476493000000000055e+00,1.777884000000000020e+00,9.789799999999999613e-01,2.034060000000000035e-01,1.431419999999999915e-01
2.487718999999999792e+00,1.794845999999999941e+00,9.932940000000000103e-01,1.946120000000000072e-01,1.320350000000000135e-01
2.498235000000000205e+00,1.811220999999999970e+00,1.006497999999999893e+00,1.834349999999999870e-01,1.209179999999999977e-01
2.507951999999999959e+00,1.826778999999999931e+00,1.018590000000000106e+00,1.699610000000000010e-01,1.099730000000000013e-01
2.516788000000000025e+00,1.841298000000000101e+00,1.029587000000000030e+00,1.545870000000000022e-01,9.935199999999999587e-02
2.524685999999999986e+00,1.854586999999999986e+00,1.039522000000000057e+00,1.381590000000000040e-01,8.917100000000000026e-02
2.531632000000000104e+00,1.866529000000000105e+00,1.048438999999999899e+00,1.221580000000000027e-01,7.950799999999999534e-02
2.537685000000000191e+00,1.877140000000000031e+00,1.056389999999999940e+00,1.074699999999999961e-01,7.040799999999999836e-02
2.542940000000000200e+00,1.886514999999999942e+00,1.063431000000000015e+00,9.457000000000000128e-02,6.188599999999999657e-02
2.547508999999999801e+00,1.894795000000000007e+00,1.069620000000000015e+00,8.365799999999999625e-02,5.393400000000000277e-02
2.551508999999999805e+00,1.902142999999999917e+00,1.075012999999999996e+00,7.475099999999999800e-02,4.652900000000000091e-02
2.555048999999999904e+00,1.908725999999999923e+00,1.079666000000000015e+00,6.775299999999999379e-02,3.962999999999999856e-02
2.558232999999999979e+00,1.914706999999999937e+00,1.083628999999999953e+00,6.250999999999999612e-02,3.319099999999999828e-02
2.561150000000000038e+00,1.920234999999999914e+00,1.086948000000000025e+00,5.883499999999999841e-02,2.715700000000000058e-02
2.563880000000000159e+00,1.925446999999999909e+00,1.089663999999999966e+00,5.653699999999999698e-02,2.147100000000000050e-02
2.566491000000000078e+00,1.930461999999999900e+00,1.091811000000000087e+00,5.543200000000000210e-02,1.607400000000000148e-02
2.569042000000000048e+00,1.935383000000000076e+00,1.093418000000000001e+00,5.535400000000000043e-02,1.090900000000000029e-02
2.571581999999999812e+00,1.940301000000000053e+00,1.094508999999999954e+00,5.615900000000000059e-02,5.922000000000000181e-03
2.574155999999999889e+00,1.945292999999999939e+00,1.095101000000000102e+00,5.772599999999999953e-02,1.057999999999999913e-03
2.576798999999999840e+00,1.950425000000000075e+00,1.095207000000000042e+00,5.996200000000000141e-02,-3.730999999999999941e-03
2.579544999999999977e+00,1.955754999999999910e+00,1.094834000000000085e+00,6.279800000000000659e-02,-8.489000000000000018e-03
2.582425000000000193e+00,1.961335000000000051e+00,1.093984999999999985e+00,6.618799999999999684e-02,-1.325899999999999995e-02
2.585466999999999960e+00,1.967214000000000018e+00,1.092659000000000047e+00,7.011299999999999477e-02,-1.807800000000000032e-02
2.588697999999999944e+00,1.973435999999999968e+00,1.090851000000000015e+00,7.457199999999999940e-02,-2.297799999999999843e-02
2.592149000000000036e+00,1.980046999999999890e+00,1.088554000000000022e+00,7.958899999999999308e-02,-2.798899999999999999e-02
2.595849999999999991e+00,1.987092999999999998e+00,1.085755000000000026e+00,8.520800000000000596e-02,-3.313499999999999779e-02
2.599835000000000118e+00,1.994623999999999953e+00,1.082440999999999987e+00,9.149200000000000388e-02,-3.843699999999999894e-02
2.127473000000000170e+00,1.418633999999999951e+00,6.500669999999999504e-01,3.197969999999999979e-01,1.110929999999999973e-01
2.152822000000000013e+00,1.438129999999999908e+00,6.611759999999999859e-01,3.085680000000000089e-01,1.234520000000000062e-01
2.177058999999999855e+00,1.457227000000000050e+00,6.735210000000000363e-01,2.978799999999999781e-01,1.355989999999999973e-01
2.200215000000000032e+00,1.475964999999999971e+00,6.870810000000000528e-01,2.877129999999999965e-01,1.474360000000000115e-01
2.222322999999999826e+00,1.494377000000000066e+00,7.018240000000000034e-01,2.780540000000000234e-01,1.588590000000000002e-01
2.243414000000000019e+00,1.512496999999999980e+00,7.177099999999999591e-01,2.689010000000000011e-01,1.697579999999999922e-01
2.263519000000000059e+00,1.530351999999999935e+00,7.346859999999999502e-01,2.602650000000000241e-01,1.800110000000000043e-01
2.282674000000000092e+00,1.547971999999999904e+00,7.526869999999999949e-01,2.521740000000000093e-01,1.894869999999999888e-01
2.300914999999999822e+00,1.565384000000000109e+00,7.716359999999999886e-01,2.446740000000000026e-01,1.980419999999999958e-01
2.318281999999999954e+00,1.582618000000000080e+00,7.914400000000000324e-01,2.378220000000000056e-01,2.055210000000000092e-01
2.334821999999999953e+00,1.599706000000000072e+00,8.119920000000000471e-01,2.316850000000000021e-01,2.117570000000000008e-01
2.350584000000000007e+00,1.616686000000000067e+00,8.331680000000000197e-01,2.263350000000000084e-01,2.165789999999999937e-01
2.365622999999999809e+00,1.633599999999999941e+00,8.548259999999999748e-01,2.218310000000000004e-01,2.198130000000000084e-01
2.379996999999999918e+00,1.650495000000000045e+00,8.768070000000000030e-01,2.182040000000000091e-01,2.212999999999999967e-01
2.393766999999999978e+00,1.667421000000000042e+00,8.989369999999999861e-01,2.154359999999999886e-01,2.209089999999999943e-01
2.406989999999999963e+00,1.684430000000000094e+00,9.210279999999999578e-01,2.134209999999999996e-01,2.185690000000000133e-01
2.419715000000000060e+00,1.701562999999999937e+00,9.428849999999999731e-01,2.119209999999999983e-01,2.143100000000000005e-01
2.431979999999999809e+00,1.718844000000000038e+00,9.643159999999999510e-01,2.105940000000000034e-01,2.082680000000000087e-01
2.443801999999999808e+00,1.736272000000000038e+00,9.851429999999999909e-01,2.090180000000000093e-01,2.006580000000000030e-01
2.455179999999999918e+00,1.753805000000000058e+00,1.005208000000000101e+00,2.067370000000000041e-01,1.917339999999999878e-01
2.466091000000000033e+00,1.771365000000000078e+00,1.024381999999999904e+00,2.032940000000000025e-01,1.817640000000000089e-01
2.476496000000000031e+00,1.788829000000000002e+00,1.042558000000000096e+00,1.982750000000000068e-01,1.710150000000000003e-01
2.486343000000000192e+00,1.806038999999999950e+00,1.059660000000000046e+00,1.913499999999999923e-01,1.597389999999999921e-01
2.495569000000000148e+00,1.822802000000000033e+00,1.075633999999999979e+00,1.823249999999999871e-01,1.481669999999999932e-01
2.504113999999999951e+00,1.838907999999999987e+00,1.090449999999999919e+00,1.712150000000000061e-01,1.365030000000000132e-01
2.511921000000000070e+00,1.854146000000000072e+00,1.104100999999999999e+00,1.583420000000000105e-01,1.249170000000000003e-01
2.518956999999999891e+00,1.868330999999999964e+00,1.116592000000000029e+00,1.444590000000000041e-01,1.135459999999999942e-01
2.525221000000000160e+00,1.881348000000000020e+00,1.127947000000000033e+00,1.309329999999999938e-01,1.024940000000000018e-01
2.530771000000000104e+00,1.893205999999999944e+00,1.138195999999999986e+00,1.185699999999999948e-01,9.182800000000000684e-02
2.535693000000000197e+00,1.903993999999999964e+00,1.147378999999999927e+00,1.077919999999999989e-01,8.158899999999999486e-02
2.540081999999999951e+00,1.913839000000000068e+00,1.155537999999999954e+00,9.876000000000000056e-02,7.179099999999999371e-02
2.544033000000000211e+00,1.922889999999999988e+00,1.162717000000000001e+00,9.146999999999999575e-02,6.242999999999999938e-02
2.547636999999999929e+00,1.931297000000000041e+00,1.168959999999999999e+00,8.581500000000000239e-02,5.348699999999999982e-02
2.550971999999999795e+00,1.939203999999999928e+00,1.174309000000000047e+00,8.163499999999999923e-02,4.492999999999999772e-02
2.554107999999999823e+00,1.946741000000000055e+00,1.178801999999999905e+00,7.874599999999999655e-02,3.672099999999999670e-02
2.557103000000000126e+00,1.954023999999999983e+00,1.182474000000000025e+00,7.696000000000000063e-02,2.881500000000000034e-02
2.560007000000000144e+00,1.961151000000000089e+00,1.185354999999999936e+00,7.610200000000000298e-02,2.116600000000000079e-02
2.562860000000000138e+00,1.968205999999999900e+00,1.187472000000000083e+00,7.601199999999999624e-02,1.372499999999999935e-02
2.565697999999999812e+00,1.975257999999999958e+00,1.188844000000000012e+00,7.655599999999999905e-02,6.447999999999999739e-03
2.568550000000000111e+00,1.982361999999999957e+00,1.189489000000000019e+00,7.762399999999999856e-02,-7.129999999999999836e-04
2.571438000000000113e+00,1.989567000000000085e+00,1.189418000000000086e+00,7.913199999999999401e-02,-7.799999999999999642e-03
2.574387000000000203e+00,1.996911000000000103e+00,1.188638000000000083e+00,8.101999999999999480e-02,-1.485299999999999988e-02
2.577414000000000094e+00,2.004426000000000041e+00,1.187152999999999903e+00,8.325299999999999367e-02,-2.191099999999999992e-02
2.580538000000000221e+00,2.012143000000000015e+00,1.184962000000000071e+00,8.581999999999999351e-02,-2.900700000000000153e-02
2.583778999999999826e+00,2.020089000000000024e+00,1.182061000000000028e+00,8.873000000000000331e-02,-3.617499999999999882e-02
2.587156999999999929e+00,2.028293999999999819e+00,1.178442999999999907e+00,9.201499999999999957e-02,-4.344400000000000345e-02
2.590694000000000052e+00,2.036788000000000043e+00,1.174099000000000004e+00,9.572899999999999465e-02,-5.083800000000000124e-02
2.594415000000000138e+00,2.045608999999999789e+00,1.169014999999999915e+00,9.994599999999999318e-02,-5.838200000000000334e-02
2.028620000000000090e+00,1.409412000000000109e+00,4.972170000000000201e-01,3.672250000000000236e-01,5.705799999999999761e-02
2.060846000000000178e+00,1.427019999999999955e+00,5.029230000000000089e-01,3.500699999999999923e-01,7.817799999999999749e-02
2.091451999999999867e+00,1.444012000000000073e+00,5.107410000000000005e-01,3.332729999999999859e-01,9.923300000000000176e-02
2.120445000000000135e+00,1.460447000000000051e+00,5.206640000000000157e-01,3.168900000000000050e-01,1.200139999999999957e-01
2.147838999999999832e+00,1.476375999999999911e+00,5.326659999999999728e-01,3.009580000000000033e-01,1.403189999999999993e-01
2.173658000000000090e+00,1.491840999999999973e+00,5.466969999999999885e-01,2.855059999999999820e-01,1.599520000000000108e-01
2.197926999999999964e+00,1.506877999999999940e+00,5.626929999999999987e-01,2.705759999999999832e-01,1.787229999999999930e-01
2.220683000000000185e+00,1.521516000000000091e+00,5.805649999999999977e-01,2.562360000000000193e-01,1.964430000000000065e-01
2.241969000000000101e+00,1.535779999999999923e+00,6.002089999999999925e-01,2.425819999999999921e-01,2.129270000000000052e-01
2.261839999999999851e+00,1.549692999999999987e+00,6.215019999999999989e-01,2.297480000000000078e-01,2.279859999999999942e-01
2.280364000000000058e+00,1.563282000000000060e+00,6.443010000000000126e-01,2.179020000000000123e-01,2.414290000000000047e-01
2.297626000000000168e+00,1.576578999999999953e+00,6.684430000000000094e-01,2.072430000000000105e-01,2.530620000000000092e-01
2.313725999999999949e+00,1.589628000000000041e+00,6.937499999999999778e-01,1.979930000000000023e-01,2.626930000000000098e-01
2.328781000000000212e+00,1.602486999999999995e+00,7.200189999999999646e-01,1.903729999999999867e-01,2.701299999999999812e-01
2.342922000000000171e+00,1.615232000000000001e+00,7.470320000000000293e-01,1.845799999999999941e-01,2.752029999999999754e-01
2.356289999999999996e+00,1.627958000000000016e+00,7.745520000000000183e-01,1.807499999999999940e-01,2.777720000000000189e-01
2.369031999999999805e+00,1.640776999999999930e+00,8.023289999999999589e-01,1.788990000000000025e-01,2.777620000000000089e-01
2.381285999999999792e+00,1.653810999999999920e+00,8.301060000000000105e-01,1.788520000000000110e-01,2.752029999999999754e-01
2.393171000000000159e+00,1.667173999999999934e+00,8.576259999999999994e-01,1.802300000000000013e-01,2.702490000000000170e-01
2.404777000000000164e+00,1.680962999999999985e+00,8.846509999999999652e-01,1.824909999999999866e-01,2.631419999999999870e-01
2.416151999999999855e+00,1.695232000000000072e+00,9.109650000000000247e-01,1.849989999999999968e-01,2.541760000000000130e-01
2.427305000000000046e+00,1.709991999999999956e+00,9.363829999999999654e-01,1.870709999999999873e-01,2.436669999999999947e-01
2.438207999999999931e+00,1.725192000000000059e+00,9.607489999999999641e-01,1.880249999999999977e-01,2.319400000000000073e-01
2.448799999999999866e+00,1.740726999999999913e+00,9.839430000000000121e-01,1.872099999999999875e-01,2.193100000000000049e-01
2.458994999999999820e+00,1.756428000000000100e+00,1.005873999999999935e+00,1.840549999999999964e-01,2.060780000000000112e-01
2.468688000000000216e+00,1.772073999999999927e+00,1.026481999999999895e+00,1.781159999999999966e-01,1.925219999999999987e-01
2.477764000000000078e+00,1.787398999999999960e+00,1.045733999999999941e+00,1.691429999999999878e-01,1.788919999999999955e-01
2.486111000000000182e+00,1.802110000000000101e+00,1.063623999999999903e+00,1.571690000000000031e-01,1.654059999999999975e-01
2.493631000000000153e+00,1.815911000000000053e+00,1.080163999999999902e+00,1.426340000000000108e-01,1.522439999999999904e-01
2.500255999999999812e+00,1.828543000000000029e+00,1.095388999999999946e+00,1.265600000000000058e-01,1.395460000000000034e-01
2.505970000000000031e+00,1.839835000000000109e+00,1.109342999999999968e+00,1.107800000000000035e-01,1.274109999999999965e-01
2.510838999999999821e+00,1.849785999999999930e+00,1.122084000000000081e+00,9.638399999999999745e-02,1.158980000000000010e-01
2.514969999999999928e+00,1.858494000000000090e+00,1.133674000000000071e+00,8.394699999999999385e-02,1.050309999999999994e-01
2.518482999999999805e+00,1.866117999999999943e+00,1.144177000000000000e+00,7.370200000000000362e-02,9.480500000000000038e-02
2.521501000000000214e+00,1.872841999999999896e+00,1.153658000000000072e+00,6.565600000000000602e-02,8.518799999999999983e-02
2.524135999999999935e+00,1.878856000000000082e+00,1.162176000000000098e+00,5.968199999999999894e-02,7.613399999999999335e-02
2.526485999999999787e+00,1.884341999999999961e+00,1.169790000000000108e+00,5.557900000000000340e-02,6.758000000000000118e-02
2.528637999999999941e+00,1.889466000000000090e+00,1.176547999999999927e+00,5.311400000000000149e-02,5.945600000000000190e-02
2.530663999999999803e+00,1.894376000000000060e+00,1.182493000000000016e+00,5.204899999999999805e-02,5.168500000000000177e-02
2.532621999999999929e+00,1.899199000000000082e+00,1.187661999999999995e+00,5.215999999999999803e-02,4.419200000000000211e-02
2.534561000000000064e+00,1.904041000000000095e+00,1.192080999999999946e+00,5.324999999999999872e-02,3.689900000000000124e-02
2.536521000000000026e+00,1.908992000000000022e+00,1.195770999999999917e+00,5.515099999999999864e-02,2.973299999999999901e-02
2.538533999999999846e+00,1.914126999999999912e+00,1.198744000000000032e+00,5.773099999999999760e-02,2.262399999999999828e-02
2.540626000000000051e+00,1.919507000000000074e+00,1.201006999999999936e+00,6.089300000000000268e-02,1.550699999999999995e-02
2.542822999999999833e+00,1.925186999999999982e+00,1.202558000000000016e+00,6.457599999999999452e-02,8.323000000000000537e-03
2.545145000000000213e+00,1.931211999999999929e+00,1.203389999999999960e+00,6.875199999999999367e-02,1.018000000000000025e-03
2.547613999999999823e+00,1.937629000000000046e+00,1.203492000000000006e+00,7.342700000000000615e-02,-6.453999999999999668e-03
2.550253000000000103e+00,1.944480999999999904e+00,1.202846000000000082e+00,7.863699999999999857e-02,-1.413599999999999926e-02
2.553087000000000106e+00,1.951815999999999995e+00,1.201432999999999973e+00,8.444999999999999729e-02,-2.206199999999999828e-02
2.556144000000000194e+00,1.959688000000000097e+00,1.199225999999999903e+00,9.096200000000000119e-02,-3.025999999999999870e-02
2.559460000000000068e+00,1.968158999999999992e+00,1.196199999999999930e+00,9.829200000000000437e-02,-3.875100000000000072e-02
2.563073999999999852e+00,1.977298999999999918e+00,1.192325000000000079e+00,1.065870000000000012e-01,-4.754900000000000099e-02
2.567035999999999873e+00,1.987193999999999905e+00,1.187570000000000014e+00,1.160130000000000050e-01,-5.665599999999999803e-02
2.571403999999999801e+00,1.997942000000000107e+00,1.181904999999999983e+00,1.267510000000000026e-01,-6.606700000000000073e-02
2.576248999999999789e+00,2.009654999999999969e+00,1.175297999999999954e+00,1.389930000000000054e-01,-7.576199999999999601e-02
2.581652000000000058e+00,2.022460000000000147e+00,1.167721999999999927e+00,1.529339999999999866e-01,-8.570899999999999352e-02
2.587711000000000094e+00,2.036502000000000034e+00,1.159151000000000042e+00,1.687609999999999943e-01,-9.586200000000000276e-02
2.594538000000000011e+00,2.051935999999999982e+00,1.149564999999999948e+00,1.866369999999999973e-01,-1.061549999999999994e-01
2.175800000000000178e+00,1.433645999999999976e+00,7.409970000000000168e-01,3.278849999999999820e-01,1.280600000000000072e-01
2.199848999999999943e+00,1.455932999999999922e+00,7.538030000000000008e-01,3.186559999999999948e-01,1.354789999999999883e-01
2.222933999999999966e+00,1.477899000000000074e+00,7.673510000000000053e-01,3.101849999999999885e-01,1.427209999999999868e-01
2.245105000000000128e+00,1.499592000000000036e+00,7.816229999999999567e-01,3.024519999999999986e-01,1.496800000000000075e-01
2.266411999999999871e+00,1.521057000000000103e+00,7.965910000000000490e-01,2.954359999999999764e-01,1.562399999999999900e-01
2.286900999999999851e+00,1.542340999999999962e+00,8.122150000000000203e-01,2.891159999999999841e-01,1.622709999999999986e-01
2.306617999999999835e+00,1.563485999999999931e+00,8.284420000000000117e-01,2.834709999999999730e-01,1.676370000000000082e-01
2.325606000000000062e+00,1.584534000000000109e+00,8.452060000000000128e-01,2.784840000000000093e-01,1.721910000000000107e-01
2.343904999999999905e+00,1.605525000000000091e+00,8.624249999999999972e-01,2.741319999999999868e-01,1.757799999999999918e-01
2.361556000000000211e+00,1.626498999999999917e+00,8.800029999999999797e-01,2.703840000000000132e-01,1.782559999999999978e-01
2.378597000000000072e+00,1.647491000000000039e+00,8.978289999999999882e-01,2.671870000000000078e-01,1.794800000000000006e-01
2.395061999999999802e+00,1.668533000000000044e+00,9.157769999999999522e-01,2.644540000000000224e-01,1.793399999999999994e-01
2.410982999999999876e+00,1.689648000000000039e+00,9.337109999999999577e-01,2.620419999999999972e-01,1.777769999999999906e-01
2.426382999999999956e+00,1.710849999999999982e+00,9.514890000000000292e-01,2.597200000000000064e-01,1.748139999999999972e-01
2.441272999999999804e+00,1.732129000000000030e+00,9.689699999999999980e-01,2.572030000000000149e-01,1.705550000000000122e-01
2.455654000000000003e+00,1.753452999999999928e+00,9.860250000000000403e-01,2.541649999999999743e-01,1.651549999999999963e-01
2.469507999999999814e+00,1.774761000000000033e+00,1.002540999999999904e+00,2.502579999999999805e-01,1.587899999999999867e-01
2.482807999999999904e+00,1.795960000000000001e+00,1.018420000000000103e+00,2.451270000000000115e-01,1.516409999999999980e-01
2.495511000000000035e+00,1.816923999999999984e+00,1.033584000000000058e+00,2.384209999999999940e-01,1.438850000000000129e-01
2.507565000000000044e+00,1.837495000000000100e+00,1.047973000000000043e+00,2.298149999999999915e-01,1.356860000000000011e-01
2.518905000000000172e+00,1.857483999999999913e+00,1.061541000000000068e+00,2.190350000000000075e-01,1.271899999999999975e-01
2.529460999999999959e+00,1.876675000000000093e+00,1.074259999999999993e+00,2.058959999999999957e-01,1.185240000000000044e-01
2.539162000000000141e+00,1.894835999999999965e+00,1.086113000000000106e+00,1.903590000000000004e-01,1.097930000000000017e-01
2.547938999999999954e+00,1.911728000000000094e+00,1.097091999999999956e+00,1.726050000000000084e-01,1.010839999999999933e-01
2.555734999999999868e+00,1.927127000000000034e+00,1.107199999999999962e+00,1.531500000000000083e-01,9.246999999999999664e-02
2.562520000000000131e+00,1.940857000000000054e+00,1.116446999999999967e+00,1.329879999999999951e-01,8.400900000000000034e-02
2.568306000000000200e+00,1.952830999999999984e+00,1.124848000000000070e+00,1.138050000000000034e-01,7.575999999999999401e-02
2.573176000000000130e+00,1.963117000000000001e+00,1.132424000000000097e+00,9.658100000000000018e-02,6.777800000000000491e-02
2.577246000000000148e+00,1.971875999999999962e+00,1.139202000000000048e+00,8.180999999999999384e-02,6.010499999999999871e-02
2.580646000000000218e+00,1.979316999999999993e+00,1.145211999999999897e+00,6.966100000000000070e-02,5.276600000000000040e-02
2.583505000000000162e+00,1.985668999999999906e+00,1.150489000000000095e+00,6.009400000000000158e-02,4.576700000000000212e-02
2.585945000000000160e+00,1.991160999999999959e+00,1.155065999999999926e+00,5.294299999999999701e-02,3.909499999999999781e-02
2.588073000000000068e+00,1.996008999999999922e+00,1.158975000000000088e+00,4.797099999999999975e-02,3.272599999999999815e-02
2.589986000000000121e+00,2.000408000000000186e+00,1.162247999999999948e+00,4.491699999999999859e-02,2.662199999999999983e-02
2.591765000000000096e+00,2.004532000000000203e+00,1.164909999999999890e+00,4.351399999999999713e-02,2.073699999999999849e-02
2.593478999999999868e+00,2.008532000000000206e+00,1.166984000000000021e+00,4.351100000000000106e-02,1.501899999999999936e-02
2.595185999999999993e+00,2.012534000000000045e+00,1.168485999999999914e+00,4.467999999999999750e-02,9.417000000000000023e-03
2.596932999999999936e+00,2.016646000000000161e+00,1.169426999999999994e+00,4.682399999999999757e-02,3.874999999999999972e-03
2.598761999999999794e+00,2.020957000000000114e+00,1.169815000000000049e+00,4.977700000000000180e-02,-1.659000000000000101e-03
2.128449999999999953e+00,1.413958999999999966e+00,6.474659999999999860e-01,3.659279999999999755e-01,1.414769999999999917e-01
2.157480000000000064e+00,1.436236999999999986e+00,6.616140000000000354e-01,3.529419999999999780e-01,1.582580000000000098e-01
2.185154999999999959e+00,1.458140999999999909e+00,6.774400000000000421e-01,3.401199999999999779e-01,1.747519999999999907e-01
2.211467999999999989e+00,1.479689999999999950e+00,6.949149999999999494e-01,3.275089999999999946e-01,1.908140000000000114e-01
2.236422999999999828e+00,1.500899999999999901e+00,7.139959999999999640e-01,3.151669999999999749e-01,2.062920000000000031e-01
2.260027000000000008e+00,1.521783000000000108e+00,7.346249999999999725e-01,3.031659999999999910e-01,2.210239999999999982e-01
2.282297999999999938e+00,1.542351000000000028e+00,7.567279999999999562e-01,2.916009999999999991e-01,2.348369999999999902e-01
2.303262999999999838e+00,1.562618000000000062e+00,7.802109999999999879e-01,2.805889999999999773e-01,2.475459999999999883e-01
2.322960000000000136e+00,1.582600000000000007e+00,8.049659999999999593e-01,2.702740000000000142e-01,2.589460000000000095e-01
2.341438999999999826e+00,1.602322000000000024e+00,8.308609999999999607e-01,2.608199999999999963e-01,2.688209999999999766e-01
2.358763999999999861e+00,1.621817999999999982e+00,8.577430000000000332e-01,2.524109999999999965e-01,2.769369999999999887e-01
2.375008999999999926e+00,1.641135999999999928e+00,8.854360000000000008e-01,2.452330000000000065e-01,2.830520000000000258e-01
2.390260000000000051e+00,1.660339000000000009e+00,9.137420000000000542e-01,2.394670000000000132e-01,2.869229999999999836e-01
2.404612999999999889e+00,1.679507000000000083e+00,9.424339999999999939e-01,2.352529999999999899e-01,2.883180000000000187e-01
2.418165000000000120e+00,1.698735000000000106e+00,9.712659999999999627e-01,2.326630000000000087e-01,2.870460000000000234e-01
2.431016000000000066e+00,1.718129999999999935e+00,9.999700000000000255e-01,2.316479999999999928e-01,2.829880000000000173e-01
2.443255000000000177e+00,1.737795999999999896e+00,1.028269000000000100e+00,2.319630000000000025e-01,2.761569999999999858e-01
2.454954999999999998e+00,1.757824000000000053e+00,1.055884999999999962e+00,2.331850000000000034e-01,2.667169999999999819e-01
2.466166999999999998e+00,1.778270000000000017e+00,1.082556999999999992e+00,2.347289999999999932e-01,2.549520000000000119e-01
2.476912000000000003e+00,1.799139000000000044e+00,1.108052000000000037e+00,2.359320000000000028e-01,2.412130000000000107e-01
2.487188000000000176e+00,1.820375000000000076e+00,1.132173000000000096e+00,2.360990000000000033e-01,2.258819999999999995e-01
2.496973000000000109e+00,1.841862000000000110e+00,1.154760999999999926e+00,2.345609999999999917e-01,2.093480000000000063e-01
2.506226999999999983e+00,1.863415000000000044e+00,1.175696000000000074e+00,2.307210000000000094e-01,1.919919999999999960e-01
2.514902999999999889e+00,1.884792999999999941e+00,1.194895999999999958e+00,2.241049999999999986e-01,1.741729999999999945e-01
2.522947999999999968e+00,1.905710000000000015e+00,1.212312999999999974e+00,2.144320000000000115e-01,1.562159999999999938e-01
2.530314000000000174e+00,1.925848000000000004e+00,1.227934000000000081e+00,2.017009999999999914e-01,1.384130000000000082e-01
2.536963000000000079e+00,1.944890000000000008e+00,1.241775999999999991e+00,1.863090000000000024e-01,1.210050000000000014e-01
2.542876000000000136e+00,1.962557000000000107e+00,1.253875999999999991e+00,1.692180000000000073e-01,1.041900000000000048e-01
2.548065999999999942e+00,1.978663999999999978e+00,1.264294999999999947e+00,1.521780000000000077e-01,8.810600000000000376e-02
2.552594000000000030e+00,1.993192000000000075e+00,1.273106000000000071e+00,1.362359999999999960e-01,7.284499999999999309e-02
2.556541999999999870e+00,2.006231000000000098e+00,1.280389999999999917e+00,1.219559999999999950e-01,5.845399999999999902e-02
2.560000000000000053e+00,2.017926000000000109e+00,1.286235999999999935e+00,1.095779999999999949e-01,4.494399999999999784e-02
2.563053000000000026e+00,2.028449999999999864e+00,1.290729999999999933e+00,9.913199999999999790e-02,3.230100000000000332e-02
2.565777000000000196e+00,2.037981999999999960e+00,1.293959999999999999e+00,9.052000000000000324e-02,2.048600000000000074e-02
2.568242999999999832e+00,2.046692000000000178e+00,1.296008999999999967e+00,8.357100000000000639e-02,9.449000000000000801e-03
2.570505999999999958e+00,2.054736000000000118e+00,1.296953999999999940e+00,7.808400000000000063e-02,-8.739999999999999939e-04
2.572617999999999849e+00,2.062253999999999809e+00,1.296866000000000074e+00,7.385099999999999998e-02,-1.055200000000000062e-02
2.574619999999999909e+00,2.069361999999999924e+00,1.295811000000000046e+00,7.067500000000000171e-02,-1.965799999999999839e-02
2.576546000000000003e+00,2.076162000000000063e+00,1.293844999999999912e+00,6.837699999999999334e-02,-2.826499999999999846e-02
2.578425000000000189e+00,2.082736999999999838e+00,1.291018999999999917e+00,6.680600000000000427e-02,-3.644499999999999823e-02
2.580280999999999825e+00,2.089154000000000178e+00,1.287374999999999936e+00,6.583600000000000563e-02,-4.426800000000000179e-02
2.582136000000000209e+00,2.095470999999999862e+00,1.282947999999999977e+00,6.537199999999999955e-02,-5.180099999999999982e-02
2.584007999999999861e+00,2.101733999999999991e+00,1.277768000000000015e+00,6.534299999999999831e-02,-5.910599999999999882e-02
2.585913999999999824e+00,2.107985000000000220e+00,1.271857000000000015e+00,6.570900000000000352e-02,-6.624399999999999733e-02
2.587870000000000115e+00,2.114257999999999971e+00,1.265233000000000052e+00,6.644999999999999518e-02,-7.326900000000000079e-02
2.053630000000000067e+00,1.415197999999999956e+00,5.196779999999999733e-01,4.097540000000000071e-01,1.000530000000000030e-01
2.089093000000000089e+00,1.435724000000000000e+00,5.296840000000000437e-01,3.928710000000000258e-01,1.247830000000000050e-01
2.122872000000000092e+00,1.455785000000000107e+00,5.421620000000000328e-01,3.755249999999999977e-01,1.494520000000000015e-01
2.154892999999999947e+00,1.475402000000000102e+00,5.571070000000000189e-01,3.578500000000000014e-01,1.738099999999999923e-01
2.185100999999999960e+00,1.494585000000000052e+00,5.744879999999999987e-01,3.399639999999999884e-01,1.976110000000000089e-01
2.213455999999999868e+00,1.513339999999999907e+00,5.942490000000000272e-01,3.219920000000000004e-01,2.206170000000000075e-01
2.239933999999999870e+00,1.531660999999999939e+00,6.163110000000000532e-01,3.040780000000000149e-01,2.425940000000000041e-01
2.264531999999999989e+00,1.549536999999999942e+00,6.405699999999999728e-01,2.863979999999999859e-01,2.633119999999999905e-01
2.287265999999999799e+00,1.566953999999999958e+00,6.669019999999999948e-01,2.691669999999999896e-01,2.825429999999999886e-01
2.308177000000000145e+00,1.583900000000000086e+00,6.951559999999999961e-01,2.526479999999999837e-01,3.000559999999999894e-01
2.327334000000000014e+00,1.600370000000000070e+00,7.251619999999999733e-01,2.371469999999999967e-01,3.156200000000000117e-01
2.344829999999999970e+00,1.616376999999999953e+00,7.567230000000000345e-01,2.230090000000000128e-01,3.289949999999999819e-01
2.360790000000000166e+00,1.631950999999999929e+00,7.896229999999999638e-01,2.106089999999999907e-01,3.399420000000000219e-01
2.375363000000000113e+00,1.647154999999999925e+00,8.236170000000000435e-01,2.003300000000000081e-01,3.482199999999999740e-01
2.388717999999999897e+00,1.662085999999999952e+00,8.584389999999999521e-01,1.925290000000000057e-01,3.535980000000000234e-01
2.401041999999999899e+00,1.676876000000000033e+00,8.937990000000000101e-01,1.874979999999999980e-01,3.558709999999999929e-01
2.412525000000000031e+00,1.691697000000000006e+00,9.293860000000000454e-01,1.853990000000000082e-01,3.548890000000000100e-01
2.423351999999999951e+00,1.706746000000000096e+00,9.648750000000000382e-01,1.861780000000000102e-01,3.505940000000000167e-01
2.433685000000000098e+00,1.722231999999999985e+00,9.999350000000000183e-01,1.894569999999999865e-01,3.430810000000000248e-01
2.443646999999999903e+00,1.738345999999999947e+00,1.034243000000000023e+00,1.945520000000000027e-01,3.325910000000000255e-01
2.453311999999999937e+00,1.755228999999999928e+00,1.067501999999999951e+00,2.005850000000000133e-01,3.194580000000000197e-01
2.462704000000000004e+00,1.772952000000000083e+00,1.099447999999999981e+00,2.065869999999999929e-01,3.040680000000000049e-01
2.471804000000000112e+00,1.791498000000000035e+00,1.129853999999999914e+00,2.115630000000000011e-01,2.868359999999999799e-01
2.480557999999999819e+00,1.810758000000000090e+00,1.158538000000000068e+00,2.145610000000000017e-01,2.681799999999999740e-01
2.488890000000000047e+00,1.830529000000000073e+00,1.185356000000000076e+00,2.147290000000000032e-01,2.485130000000000117e-01
2.496715000000000018e+00,1.850524999999999975e+00,1.210207000000000033e+00,2.113859999999999906e-01,2.282299999999999884e-01
2.503947000000000145e+00,1.870387000000000022e+00,1.233030000000000070e+00,2.041040000000000076e-01,2.076969999999999927e-01
2.510510000000000019e+00,1.889712999999999976e+00,1.253800000000000026e+00,1.928189999999999904e-01,1.872419999999999918e-01
2.516348999999999947e+00,1.908090000000000064e+00,1.272523999999999988e+00,1.779830000000000023e-01,1.671499999999999930e-01
2.521437000000000150e+00,1.925145000000000106e+00,1.289239000000000024e+00,1.607699999999999962e-01,1.476510000000000045e-01
2.525790000000000202e+00,1.940620999999999929e+00,1.304003999999999941e+00,1.433560000000000112e-01,1.289200000000000068e-01
2.529479999999999951e+00,1.954474000000000045e+00,1.316896000000000067e+00,1.270390000000000130e-01,1.110769999999999952e-01
2.532601999999999798e+00,1.966787999999999981e+00,1.328003999999999962e+00,1.125130000000000019e-01,9.418999999999999595e-02
2.535255999999999954e+00,1.977721999999999980e+00,1.337423000000000028e+00,1.000670000000000032e-01,7.828699999999999548e-02
2.537532000000000121e+00,1.987465999999999955e+00,1.345251999999999892e+00,8.973200000000000620e-02,6.335899999999999865e-02
2.539511000000000074e+00,1.996218000000000048e+00,1.351587000000000094e+00,8.138499999999999901e-02,4.937199999999999922e-02
2.541260999999999992e+00,2.004166000000000114e+00,1.356524999999999981e+00,7.481400000000000550e-02,3.626900000000000263e-02
2.542838999999999849e+00,2.011480000000000157e+00,1.360152000000000028e+00,6.977700000000000569e-02,2.397799999999999931e-02
2.544289000000000023e+00,2.018304999999999794e+00,1.362549000000000010e+00,6.602399999999999936e-02,1.241899999999999948e-02
2.545650000000000190e+00,2.024764999999999926e+00,1.363790999999999976e+00,6.332500000000000628e-02,1.505000000000000044e-03
2.546952000000000105e+00,2.030962999999999852e+00,1.363941999999999988e+00,6.147899999999999893e-02,-8.854000000000000759e-03
2.548217000000000176e+00,2.036979000000000095e+00,1.363056000000000045e+00,6.032099999999999962e-02,-1.874400000000000024e-02
2.549466999999999928e+00,2.042879999999999807e+00,1.361181999999999892e+00,5.972299999999999831e-02,-2.825300000000000034e-02
2.550717999999999819e+00,2.048719999999999875e+00,1.358357000000000037e+00,5.959699999999999720e-02,-3.746300000000000324e-02
2.551985000000000170e+00,2.054543999999999926e+00,1.354610000000000092e+00,5.989300000000000179e-02,-4.645599999999999730e-02
2.553282999999999969e+00,2.060389999999999944e+00,1.349965000000000082e+00,6.059799999999999909e-02,-5.530600000000000099e-02
2.554626999999999981e+00,2.066298999999999886e+00,1.344433999999999907e+00,6.173200000000000215e-02,-6.408700000000000507e-02
2.556032000000000082e+00,2.072311000000000014e+00,1.338025000000000020e+00,6.335000000000000353e-02,-7.286399999999999821e-02
2.557516000000000123e+00,2.078469000000000122e+00,1.330738999999999894e+00,6.553699999999999803e-02,-8.170299999999999785e-02
2.559099999999999930e+00,2.084829000000000043e+00,1.322569000000000106e+00,6.840599999999999459e-02,-9.066100000000000547e-02
2.560810000000000031e+00,2.091451999999999867e+00,1.313503000000000087e+00,7.209899999999999642e-02,-9.979300000000000670e-02
2.562679999999999847e+00,2.098415000000000141e+00,1.303522999999999987e+00,7.678699999999999415e-02,-1.091440000000000049e-01
2.564747999999999806e+00,2.105809999999999960e+00,1.292608999999999897e+00,8.265999999999999737e-02,-1.187529999999999974e-01
2.567064999999999930e+00,2.113745000000000207e+00,1.280734000000000039e+00,8.993400000000000005e-02,-1.286480000000000123e-01
2.569693000000000005e+00,2.122345999999999844e+00,1.267868999999999913e+00,9.883899999999999630e-02,-1.388429999999999942e-01
2.572706999999999855e+00,2.131759000000000182e+00,1.253983999999999988e+00,1.096170000000000061e-01,-1.493359999999999965e-01
2.576198999999999906e+00,2.142148999999999859e+00,1.239050999999999902e+00,1.225129999999999969e-01,-1.601059999999999983e-01
2.152503999999999973e+00,1.433786999999999923e+00,6.489719999999999933e-01,4.024860000000000104e-01,1.858940000000000037e-01
2.184342000000000006e+00,1.458409000000000066e+00,6.675619999999999887e-01,3.877950000000000008e-01,2.079229999999999967e-01
2.214545000000000208e+00,1.482731000000000021e+00,6.883540000000000214e-01,3.727179999999999938e-01,2.294339999999999991e-01
2.243056000000000161e+00,1.506736999999999993e+00,7.112969999999999571e-01,3.573999999999999955e-01,2.502150000000000207e-01
2.269835000000000047e+00,1.530405000000000015e+00,7.363189999999999458e-01,3.420119999999999827e-01,2.700409999999999755e-01
2.294862999999999875e+00,1.553711999999999982e+00,7.633229999999999738e-01,3.267550000000000177e-01,2.886779999999999902e-01
2.318143000000000065e+00,1.576638999999999902e+00,7.921909999999999785e-01,3.118639999999999746e-01,3.058770000000000100e-01
2.339701999999999948e+00,1.599172000000000038e+00,8.227780000000000094e-01,2.976099999999999857e-01,3.213699999999999890e-01
2.359590999999999994e+00,1.621310000000000029e+00,8.549149999999999805e-01,2.842999999999999972e-01,3.348740000000000050e-01
2.377886000000000166e+00,1.643068999999999891e+00,8.884030000000000538e-01,2.722729999999999873e-01,3.460860000000000047e-01
2.394687999999999928e+00,1.664492000000000083e+00,9.230110000000000259e-01,2.618820000000000037e-01,3.546889999999999765e-01
2.410117000000000065e+00,1.685651000000000010e+00,9.584799999999999986e-01,2.534799999999999831e-01,3.603620000000000156e-01
2.424310000000000187e+00,1.706652000000000058e+00,9.945169999999999844e-01,2.473869999999999958e-01,3.627920000000000034e-01
2.437410999999999994e+00,1.727635000000000032e+00,1.030796000000000046e+00,2.438420000000000032e-01,3.617040000000000255e-01
2.449565999999999910e+00,1.748771999999999993e+00,1.066966000000000081e+00,2.429439999999999933e-01,3.568979999999999930e-01
2.460913000000000128e+00,1.770251999999999937e+00,1.102656000000000081e+00,2.445610000000000006e-01,3.483149999999999857e-01
2.471566000000000152e+00,1.792264000000000079e+00,1.137486999999999915e+00,2.482630000000000114e-01,3.360920000000000019e-01
2.481609999999999872e+00,1.814966999999999997e+00,1.171097000000000055e+00,2.533340000000000036e-01,3.205430000000000224e-01
2.491092000000000084e+00,1.838457999999999926e+00,1.203151000000000082e+00,2.588909999999999823e-01,3.020950000000000024e-01
2.500030999999999892e+00,1.862754000000000021e+00,1.233360000000000012e+00,2.639750000000000152e-01,2.812330000000000108e-01
2.508418999999999954e+00,1.887782000000000071e+00,1.261484000000000050e+00,2.676250000000000018e-01,2.584690000000000043e-01
2.516234999999999999e+00,1.913377000000000105e+00,1.287331000000000003e+00,2.689329999999999776e-01,2.343210000000000015e-01
2.523454000000000086e+00,1.939283000000000090e+00,1.310762999999999900e+00,2.671029999999999793e-01,2.092940000000000078e-01
2.530050999999999828e+00,1.965165000000000051e+00,1.331692000000000098e+00,2.615109999999999935e-01,1.838660000000000017e-01
2.536010000000000097e+00,1.990628000000000064e+00,1.350079000000000029e+00,2.517880000000000118e-01,1.584790000000000088e-01
2.541328000000000031e+00,2.015238999999999780e+00,1.365926999999999891e+00,2.379159999999999886e-01,1.335240000000000038e-01
2.546012000000000164e+00,2.038564000000000043e+00,1.379278999999999922e+00,2.203680000000000083e-01,1.093380000000000046e-01
2.550088999999999828e+00,2.060220999999999858e+00,1.390212999999999921e+00,2.003040000000000098e-01,8.619000000000000272e-02
2.553601000000000010e+00,2.079940000000000122e+00,1.398832000000000075e+00,1.798260000000000136e-01,6.427099999999999480e-02
2.556620999999999810e+00,2.097668000000000088e+00,1.405259000000000036e+00,1.602169999999999983e-01,4.370199999999999779e-02
2.559226999999999919e+00,2.113475999999999910e+00,1.409629000000000021e+00,1.421949999999999881e-01,2.454299999999999884e-02
2.561491000000000184e+00,2.127514000000000127e+00,1.412083999999999895e+00,1.260930000000000106e-01,6.807999999999999816e-03
2.563480000000000203e+00,2.139965000000000117e+00,1.412763999999999909e+00,1.119980000000000003e-01,-9.528999999999999276e-03
2.565247999999999973e+00,2.151025000000000187e+00,1.411810999999999927e+00,9.984300000000000119e-02,-2.452000000000000013e-02
2.566841000000000150e+00,2.160880999999999830e+00,1.409359000000000028e+00,8.947599999999999998e-02,-3.823900000000000216e-02
2.568296000000000134e+00,2.169709999999999805e+00,1.405534999999999979e+00,8.069999999999999396e-02,-5.077299999999999869e-02
2.569643000000000121e+00,2.177665999999999880e+00,1.400457999999999981e+00,7.331100000000000116e-02,-6.221899999999999653e-02
2.072331999999999841e+00,1.418328000000000033e+00,5.368300000000000294e-01,4.512700000000000045e-01,1.483349999999999946e-01
2.110939000000000121e+00,1.441692999999999891e+00,5.516640000000000432e-01,4.357119999999999882e-01,1.785249999999999893e-01
2.147841000000000111e+00,1.464858999999999911e+00,5.695160000000000222e-01,4.185760000000000036e-01,2.085990000000000066e-01
2.182853999999999850e+00,1.487795999999999896e+00,5.903760000000000119e-01,4.001299999999999857e-01,2.382120000000000071e-01
2.215825000000000156e+00,1.510464000000000029e+00,6.141969999999999930e-01,3.806649999999999756e-01,2.670170000000000043e-01
2.246637999999999913e+00,1.532813999999999899e+00,6.408989999999999965e-01,3.605039999999999911e-01,2.946739999999999915e-01
2.275212999999999930e+00,1.554791999999999952e+00,6.703660000000000174e-01,3.400099999999999789e-01,3.208409999999999873e-01
2.301511999999999780e+00,1.576340000000000074e+00,7.024500000000000188e-01,3.195930000000000160e-01,3.451779999999999848e-01
2.325543999999999834e+00,1.597404999999999964e+00,7.369679999999999565e-01,2.997150000000000092e-01,3.673480000000000079e-01
2.347363999999999784e+00,1.617949999999999999e+00,7.737030000000000296e-01,2.808829999999999938e-01,3.870109999999999939e-01
2.367071000000000147e+00,1.637961999999999918e+00,8.124040000000000150e-01,2.636399999999999855e-01,4.038300000000000223e-01
2.384812000000000154e+00,1.657461999999999991e+00,8.527869999999999617e-01,2.485429999999999862e-01,4.174749999999999850e-01
2.400767999999999791e+00,1.676515999999999895e+00,8.945349999999999691e-01,2.361280000000000046e-01,4.276280000000000081e-01
2.415148999999999990e+00,1.695241999999999916e+00,9.372970000000000468e-01,2.268580000000000041e-01,4.340089999999999781e-01
2.428176999999999808e+00,1.713811999999999891e+00,9.806979999999999587e-01,2.210489999999999955e-01,4.363940000000000041e-01
2.440071999999999797e+00,1.732440999999999898e+00,1.024337999999999971e+00,2.188340000000000007e-01,4.346369999999999956e-01
2.451035000000000075e+00,1.751379000000000019e+00,1.067801000000000000e+00,2.201559999999999906e-01,4.286539999999999795e-01
2.461231000000000169e+00,1.770888999999999935e+00,1.110667000000000071e+00,2.247389999999999943e-01,4.184519999999999906e-01
2.470785999999999927e+00,1.791228000000000042e+00,1.152511999999999981e+00,2.320210000000000050e-01,4.041580000000000172e-01
2.479779999999999873e+00,1.812615000000000087e+00,1.192927999999999988e+00,2.411230000000000040e-01,3.860600000000000143e-01
2.488240999999999925e+00,1.835191999999999934e+00,1.231533999999999907e+00,2.509149999999999991e-01,3.645820000000000172e-01
2.496157999999999877e+00,1.858999999999999986e+00,1.267992000000000008e+00,2.601470000000000171e-01,3.402350000000000096e-01
2.503492000000000051e+00,1.883958999999999939e+00,1.302014999999999922e+00,2.675489999999999813e-01,3.135729999999999906e-01
2.510190999999999839e+00,1.909859999999999891e+00,1.333372999999999919e+00,2.719159999999999910e-01,2.851739999999999831e-01
2.516208999999999918e+00,1.936376000000000097e+00,1.361890000000000045e+00,2.721859999999999835e-01,2.556149999999999811e-01
2.521513000000000115e+00,1.963071999999999928e+00,1.387451999999999908e+00,2.675239999999999840e-01,2.254539999999999877e-01
2.526094000000000062e+00,1.989428999999999892e+00,1.409996999999999945e+00,2.574259999999999882e-01,1.952160000000000006e-01
2.529967000000000077e+00,2.014877999999999947e+00,1.429518999999999984e+00,2.418540000000000134e-01,1.653779999999999972e-01
2.533173999999999815e+00,2.038850000000000051e+00,1.446056000000000008e+00,2.214150000000000007e-01,1.363580000000000070e-01
2.535778999999999783e+00,2.060836999999999808e+00,1.459691999999999990e+00,1.976120000000000099e-01,1.085050000000000042e-01
2.537863999999999898e+00,2.080487999999999893e+00,1.470542999999999934e+00,1.731800000000000006e-01,8.209500000000000131e-02
2.539525999999999950e+00,2.097726000000000202e+00,1.478752000000000066e+00,1.497779999999999945e-01,5.732799999999999702e-02
2.540859999999999896e+00,2.112645000000000106e+00,1.484485000000000054e+00,1.283239999999999936e-01,3.432999999999999940e-02
2.541943999999999981e+00,2.125430999999999848e+00,1.487918000000000074e+00,1.092410000000000048e-01,1.316699999999999988e-02
2.542841000000000129e+00,2.136318000000000161e+00,1.489235000000000086e+00,9.263499999999999512e-02,-6.156000000000000014e-03
2.543598999999999943e+00,2.145551000000000208e+00,1.488618999999999915e+00,7.841900000000000259e-02,-2.367800000000000113e-02
2.544252000000000180e+00,2.153364999999999974e+00,1.486250999999999989e+00,6.639899999999999969e-02,-3.947599999999999720e-02
2.544826000000000032e+00,2.159981000000000151e+00,1.482304000000000066e+00,5.633400000000000213e-02,-5.365700000000000330e-02
2.545338999999999796e+00,2.165591000000000044e+00,1.476938000000000084e+00,4.797300000000000175e-02,-6.634600000000000219e-02
2.545803999999999956e+00,2.170364999999999878e+00,1.470304000000000055e+00,4.107800000000000340e-02,-7.768300000000000205e-02
2.546231999999999829e+00,2.174450999999999912e+00,1.462534999999999918e+00,3.544100000000000028e-02,-8.781600000000000517e-02
2.546629999999999949e+00,2.177972000000000019e+00,1.453753999999999991e+00,3.088499999999999926e-02,-9.689499999999999502e-02
2.547006000000000103e+00,2.181038000000000032e+00,1.444064000000000014e+00,2.727600000000000163e-02,-1.050719999999999987e-01
2.547365000000000101e+00,2.183742000000000072e+00,1.433556999999999970e+00,2.451300000000000007e-02,-1.124949999999999978e-01
2.547714000000000034e+00,2.186167999999999889e+00,1.422306999999999988e+00,2.253399999999999848e-02,-1.193079999999999974e-01
2.548061000000000131e+00,2.188394999999999868e+00,1.410376000000000074e+00,2.131200000000000108e-02,-1.256510000000000127e-01
2.548414000000000179e+00,2.190495999999999999e+00,1.397810999999999915e+00,2.085000000000000048e-02,-1.316559999999999953e-01
2.548786999999999914e+00,2.192547999999999941e+00,1.384646000000000043e+00,2.118400000000000144e-02,-1.374489999999999879e-01
2.549192999999999820e+00,2.194627000000000105e+00,1.370900999999999925e+00,2.238000000000000059e-02,-1.431510000000000005e-01
2.549653000000000169e+00,2.196816999999999798e+00,1.356586000000000070e+00,2.452899999999999872e-02,-1.488730000000000053e-01
2.550192000000000014e+00,2.199209999999999887e+00,1.341698999999999975e+00,2.775199999999999889e-02,-1.547169999999999934e-01
2.550842999999999972e+00,2.201906999999999837e+00,1.326227000000000045e+00,3.219400000000000039e-02,-1.607760000000000022e-01
2.551648000000000138e+00,2.205025000000000013e+00,1.310149000000000008e+00,3.802699999999999830e-02,-1.671320000000000028e-01
2.552658999999999789e+00,2.208690999999999960e+00,1.293436000000000030e+00,4.544299999999999728e-02,-1.738510000000000055e-01
2.553941000000000017e+00,2.213049999999999962e+00,1.276051000000000046e+00,5.465799999999999825e-02,-1.809820000000000040e-01
2.555575999999999848e+00,2.218265999999999849e+00,1.257953000000000099e+00,6.589799999999999824e-02,-1.885560000000000014e-01
1.425785999999999998e+00,1.892975000000000074e+00,1.335412999999999961e+00,4.686690000000000023e-01,-1.085689999999999988e-01
1.436963999999999908e+00,1.938488999999999907e+00,1.324556000000000067e+00,4.549340000000000050e-01,-1.534200000000000008e-01
1.448390999999999984e+00,1.982523000000000035e+00,1.309214000000000100e+00,4.387699999999999934e-01,-1.976769999999999916e-01
1.460156000000000009e+00,2.024792999999999843e+00,1.289446000000000092e+00,4.204640000000000044e-01,-2.407870000000000010e-01
1.472315999999999958e+00,2.065040999999999904e+00,1.265366999999999909e+00,4.004170000000000229e-01,-2.822189999999999976e-01
1.484893999999999936e+00,2.103054999999999897e+00,1.237146000000000079e+00,3.791419999999999790e-01,-3.214629999999999987e-01
1.497883999999999993e+00,2.138672999999999824e+00,1.204998999999999931e+00,3.572620000000000240e-01,-3.580320000000000169e-01
1.511257000000000073e+00,2.171799000000000035e+00,1.169195999999999902e+00,3.354889999999999817e-01,-3.914560000000000262e-01
1.524971999999999994e+00,2.202414000000000094e+00,1.130049999999999999e+00,3.146079999999999988e-01,-4.212960000000000038e-01
1.538988999999999940e+00,2.230576999999999810e+00,1.087920999999999916e+00,2.954359999999999764e-01,-4.471459999999999879e-01
1.553287000000000084e+00,2.256428000000000100e+00,1.043206000000000078e+00,2.787680000000000158e-01,-4.686529999999999863e-01
1.567881000000000080e+00,2.280175999999999981e+00,9.963410000000000322e-01,2.652930000000000010e-01,-4.855470000000000064e-01
1.582832000000000017e+00,2.302089000000000052e+00,9.477860000000000174e-01,2.554799999999999849e-01,-4.976849999999999885e-01
1.598247999999999891e+00,2.322456999999999994e+00,8.980179999999999829e-01,2.495469999999999910e-01,-5.050409999999999622e-01
1.614284999999999970e+00,2.341572999999999904e+00,8.475139999999999896e-01,2.475350000000000050e-01,-5.076549999999999674e-01
1.631132000000000026e+00,2.359706000000000081e+00,7.967480000000000118e-01,2.493410000000000071e-01,-5.055979999999999919e-01
1.649005000000000054e+00,2.377088000000000090e+00,7.461879999999999624e-01,2.547309999999999852e-01,-4.989669999999999939e-01
1.668133000000000088e+00,2.393905999999999867e+00,6.962920000000000220e-01,2.633159999999999945e-01,-4.878959999999999964e-01
1.688739999999999908e+00,2.410295000000000076e+00,6.475020000000000220e-01,2.744989999999999930e-01,-4.725900000000000101e-01
1.711016000000000092e+00,2.426330000000000098e+00,6.002429999999999710e-01,2.873939999999999828e-01,-4.533909999999999885e-01
1.735092000000000079e+00,2.442019999999999857e+00,5.549039999999999528e-01,3.008509999999999796e-01,-4.307790000000000230e-01
1.760996000000000006e+00,2.457314999999999916e+00,5.118260000000000032e-01,3.135809999999999986e-01,-4.053220000000000156e-01
1.788640000000000008e+00,2.472115000000000062e+00,4.712939999999999907e-01,3.242519999999999847e-01,-3.776419999999999777e-01
1.817801000000000000e+00,2.486288000000000054e+00,4.335289999999999977e-01,3.315609999999999946e-01,-3.483829999999999982e-01
1.848125999999999935e+00,2.499689000000000050e+00,3.986910000000000176e-01,3.343070000000000208e-01,-3.181930000000000036e-01
1.879135999999999918e+00,2.512175000000000047e+00,3.668719999999999759e-01,3.314590000000000036e-01,-2.877029999999999865e-01
1.910242999999999913e+00,2.523617999999999917e+00,3.381009999999999849e-01,3.222450000000000037e-01,-2.575089999999999879e-01
1.940777999999999892e+00,2.533914000000000222e+00,3.123509999999999898e-01,3.062699999999999867e-01,-2.281600000000000017e-01
1.970026999999999973e+00,2.542991999999999919e+00,2.895349999999999868e-01,2.836690000000000045e-01,-2.001330000000000053e-01
1.997292999999999985e+00,2.550819000000000170e+00,2.695210000000000106e-01,2.553380000000000094e-01,-1.738169999999999993e-01
2.021962999999999955e+00,2.557402999999999871e+00,2.521399999999999753e-01,2.232290000000000108e-01,-1.494969999999999910e-01
2.043620999999999910e+00,2.562810999999999950e+00,2.371900000000000119e-01,1.907830000000000081e-01,-1.273309999999999997e-01
2.062193000000000165e+00,2.567175000000000207e+00,2.244569999999999899e-01,1.601279999999999926e-01,-1.073589999999999961e-01
2.077822999999999976e+00,2.570656000000000052e+00,2.137209999999999943e-01,1.324780000000000124e-01,-8.953600000000000447e-02
2.090780999999999779e+00,2.573407000000000000e+00,2.047670000000000046e-01,1.084200000000000025e-01,-7.375900000000000512e-02
2.101405000000000189e+00,2.575572999999999890e+00,1.973910000000000109e-01,8.812699999999999700e-02,-5.988399999999999973e-02
2.110052000000000039e+00,2.577275000000000205e+00,1.914029999999999898e-01,7.150600000000000012e-02,-4.774199999999999972e-02
2.117074999999999818e+00,2.578619000000000216e+00,1.866289999999999893e-01,5.831000000000000072e-02,-3.715199999999999753e-02
2.122806999999999888e+00,2.579689999999999817e+00,1.829129999999999923e-01,4.820800000000000085e-02,-2.793100000000000097e-02
2.127547999999999995e+00,2.580560000000000187e+00,1.801200000000000023e-01,4.084100000000000230e-02,-1.989399999999999849e-02
2.131566999999999990e+00,2.581287999999999805e+00,1.781310000000000116e-01,3.584899999999999892e-02,-1.286699999999999997e-02
2.135095999999999883e+00,2.581920999999999911e+00,1.768440000000000012e-01,3.289700000000000263e-02,-6.684999999999999970e-03
2.138333999999999957e+00,2.582498999999999878e+00,1.761759999999999993e-01,3.168200000000000183e-02,-1.196999999999999930e-03
2.141452999999999829e+00,2.583054000000000183e+00,1.760559999999999903e-01,3.194299999999999917e-02,3.736000000000000171e-03
1.428474000000000022e+00,1.818530999999999898e+00,1.402420000000000000e+00,4.840149999999999730e-01,-5.100999999999999979e-02
1.436706999999999956e+00,1.866227000000000080e+00,1.397318999999999978e+00,4.732410000000000228e-01,-1.024449999999999944e-01
1.445114000000000010e+00,1.912797999999999998e+00,1.387073999999999918e+00,4.594380000000000130e-01,-1.537070000000000103e-01
1.453854999999999897e+00,1.957902000000000031e+00,1.371702999999999895e+00,4.427849999999999842e-01,-2.040889999999999926e-01
1.463054000000000077e+00,2.001214000000000048e+00,1.351294999999999913e+00,4.236329999999999818e-01,-2.529140000000000277e-01
1.472800000000000109e+00,2.042440000000000033e+00,1.326003000000000043e+00,4.025009999999999977e-01,-2.995360000000000245e-01
1.483138999999999985e+00,2.081338000000000132e+00,1.296049999999999924e+00,3.800629999999999842e-01,-3.433289999999999953e-01
1.494075999999999960e+00,2.117735000000000145e+00,1.261716999999999977e+00,3.571309999999999762e-01,-3.836970000000000103e-01
1.505589000000000066e+00,2.151539000000000090e+00,1.223346999999999962e+00,3.346370000000000178e-01,-4.200690000000000257e-01
1.517641000000000018e+00,2.182754000000000083e+00,1.181340000000000057e+00,3.135910000000000086e-01,-4.519150000000000111e-01
1.530199000000000087e+00,2.211485999999999841e+00,1.136149000000000076e+00,2.950229999999999797e-01,-4.787509999999999821e-01
1.543258000000000019e+00,2.237938000000000205e+00,1.088273999999999964e+00,2.799010000000000109e-01,-5.001759999999999540e-01
1.556859999999999911e+00,2.262396999999999991e+00,1.038256000000000068e+00,2.690100000000000269e-01,-5.159070000000000045e-01
1.571110000000000007e+00,2.285210000000000186e+00,9.866650000000000142e-01,2.627999999999999781e-01,-5.258399999999999741e-01
1.586171999999999915e+00,2.306741999999999848e+00,9.340810000000000501e-01,2.613599999999999812e-01,-5.300369999999999804e-01
1.602260999999999935e+00,2.327335000000000154e+00,8.810769999999999991e-01,2.645089999999999941e-01,-5.286579999999999613e-01
1.619623999999999953e+00,2.347284999999999844e+00,8.282119999999999482e-01,2.718619999999999925e-01,-5.219249999999999723e-01
1.638520999999999894e+00,2.366824999999999957e+00,7.760190000000000143e-01,2.828450000000000131e-01,-5.101170000000000426e-01
1.659203999999999901e+00,2.386114000000000068e+00,7.250069999999999570e-01,2.966770000000000240e-01,-4.935849999999999960e-01
1.681886999999999910e+00,2.405231999999999815e+00,6.756490000000000551e-01,3.123360000000000025e-01,-4.727950000000000208e-01
1.706711000000000089e+00,2.424182000000000059e+00,6.283689999999999554e-01,3.285930000000000240e-01,-4.483170000000000210e-01
1.733718000000000092e+00,2.442895000000000039e+00,5.835380000000000011e-01,3.441150000000000042e-01,-4.207870000000000221e-01
1.762825000000000086e+00,2.461246000000000045e+00,5.414590000000000236e-01,3.575409999999999977e-01,-3.908749999999999725e-01
1.793816999999999995e+00,2.479068999999999967e+00,5.023720000000000407e-01,3.675419999999999798e-01,-3.592639999999999723e-01
1.826340999999999992e+00,2.496183999999999958e+00,4.664449999999999985e-01,3.728670000000000040e-01,-3.266359999999999819e-01
1.859912999999999927e+00,2.512405999999999917e+00,4.337820000000000009e-01,3.723989999999999800e-01,-2.936520000000000241e-01
1.893928000000000056e+00,2.527559999999999807e+00,4.044159999999999977e-01,3.652119999999999811e-01,-2.609440000000000093e-01
1.927686999999999928e+00,2.541490000000000027e+00,3.783219999999999916e-01,3.506619999999999737e-01,-2.290949999999999931e-01
1.960418999999999912e+00,2.554068000000000005e+00,3.554129999999999789e-01,3.285020000000000162e-01,-1.986249999999999960e-01
1.991327999999999987e+00,2.565192999999999834e+00,3.355500000000000149e-01,2.990550000000000153e-01,-1.699769999999999892e-01
2.019648000000000110e+00,2.574800000000000200e+00,3.185520000000000018e-01,2.634589999999999987e-01,-1.434999999999999887e-01
2.044726999999999961e+00,2.582870999999999917e+00,3.042019999999999724e-01,2.240030000000000077e-01,-1.194299999999999945e-01
2.066138000000000030e+00,2.589452999999999783e+00,2.922589999999999910e-01,1.845970000000000111e-01,-9.787200000000000066e-02
1.578734999999999999e+00,1.616910999999999987e+00,2.819980000000000264e-01,2.879789999999999850e-01,-1.020040999999999976e+00
1.606756000000000073e+00,1.623502000000000001e+00,1.799939999999999873e-01,2.100509999999999877e-01,-1.067851000000000106e+00
1.627583000000000002e+00,1.626152999999999960e+00,7.320899999999999630e-02,1.307210000000000039e-01,-1.103194999999999926e+00
1.640646999999999966e+00,1.626387999999999945e+00,-3.711099999999999816e-02,5.460299999999999876e-02,-1.125107000000000079e+00
1.646079999999999988e+00,1.625879999999999992e+00,-1.496210000000000040e-01,-1.528599999999999924e-02,-1.133129000000000053e+00
1.644584999999999964e+00,1.626193000000000000e+00,-2.629340000000000011e-01,-7.868400000000000394e-02,-1.127324999999999910e+00
1.637118000000000073e+00,1.628660999999999914e+00,-3.756669999999999732e-01,-1.320639999999999870e-01,-1.108276000000000039e+00
1.625126000000000071e+00,1.634176999999999991e+00,-4.864939999999999820e-01,-1.711310000000000053e-01,-1.077032999999999907e+00
1.610457999999999945e+00,1.642975999999999992e+00,-5.941980000000000040e-01,-1.932520000000000071e-01,-1.035007000000000010e+00
1.595032999999999923e+00,1.654603999999999964e+00,-6.976980000000000404e-01,-1.999990000000000101e-01,-9.838249999999999496e-01
1.580362999999999962e+00,1.668185000000000029e+00,-7.960810000000000386e-01,-1.999990000000000101e-01,-9.251819999999999489e-01
1.567053999999999947e+00,1.683103999999999933e+00,-8.885990000000000277e-01,-1.999990000000000101e-01,-8.607120000000000326e-01
1.555126999999999926e+00,1.699151000000000078e+00,-9.746700000000000363e-01,-1.999990000000000101e-01,-7.919040000000000523e-01
1.544564999999999966e+00,1.716128000000000098e+00,-1.053860999999999937e+00,-1.999990000000000101e-01,-7.200469999999999926e-01
1.535314999999999985e+00,1.733854999999999924e+00,-1.125864999999999894e+00,-1.999990000000000101e-01,-6.462090000000000334e-01
1.527295999999999987e+00,1.752173999999999898e+00,-1.190485999999999933e+00,-1.999990000000000101e-01,-5.712260000000000115e-01
1.520405999999999924e+00,1.770945999999999909e+00,-1.247608999999999968e+00,-1.999990000000000101e-01,-4.957110000000000127e-01
1.514526999999999957e+00,1.790060999999999902e+00,-1.297180000000000000e+00,-1.999990000000000101e-01,-4.200679999999999970e-01
1.509528999999999899e+00,1.809423999999999921e+00,-1.339186999999999905e+00,-1.999990000000000101e-01,-3.445199999999999929e-01
1.505274000000000001e+00,1.828964999999999952e+00,-1.373639000000000054e+00,-1.999990000000000101e-01,-2.691319999999999824e-01
1.501621000000000095e+00,1.848627999999999938e+00,-1.400552000000000019e+00,-1.999990000000000101e-01,-1.938439999999999885e-01
1.498423999999999978e+00,1.868371000000000004e+00,-1.419936000000000087e+00,-1.999990000000000101e-01,-1.185070000000000012e-01
1.495535000000000059e+00,1.888160999999999978e+00,-1.431786999999999921e+00,-1.999990000000000101e-01,-4.292100000000000082e-02
1.492806000000000077e+00,1.907974000000000059e+00,-1.436079000000000105e+00,-1.999990000000000101e-01,3.311999999999999666e-02
1.490086999999999939e+00,1.927788000000000057e+00,-1.432766999999999902e+00,-1.999990000000000101e-01,1.097840000000000066e-01
1.487227000000000077e+00,1.947581999999999924e+00,-1.421788999999999970e+00,-1.999990000000000101e-01,1.871379999999999988e-01
1.484072999999999976e+00,1.967330999999999941e+00,-1.403075000000000072e+00,-1.999990000000000101e-01,2.651270000000000016e-01
1.480472999999999928e+00,1.987003999999999992e+00,-1.376562000000000063e+00,-1.999990000000000101e-01,3.435670000000000113e-01
1.476277000000000061e+00,2.006558000000000064e+00,-1.342206000000000010e+00,-1.999990000000000101e-01,4.221489999999999965e-01
1.471335000000000059e+00,2.025936000000000181e+00,-1.299990999999999897e+00,-1.999990000000000101e-01,5.004279999999999839e-01
1.465505000000000058e+00,2.045065000000000133e+00,-1.249948000000000059e+00,-1.999990000000000101e-01,5.778210000000000290e-01
1.458652999999999977e+00,2.063851999999999798e+00,-1.192166000000000059e+00,-1.999990000000000101e-01,6.536110000000000531e-01
1.450658000000000003e+00,2.082180000000000142e+00,-1.126805000000000057e+00,-1.999990000000000101e-01,7.269619999999999971e-01
1.441418000000000088e+00,2.099912999999999919e+00,-1.054108000000000045e+00,-1.999990000000000101e-01,7.969519999999999937e-01
1.430855999999999906e+00,2.116890000000000160e+00,-9.744129999999999736e-01,-1.999990000000000101e-01,8.626369999999999871e-01
1.418924000000000074e+00,2.132932999999999968e+00,-8.881499999999999950e-01,-1.999990000000000101e-01,9.230279999999999596e-01
1.477719999999999922e+00,2.268390000000000128e+00,5.228899999999999659e-01,4.939959999999999907e-01,4.087970000000000215e-01
1.520002999999999993e+00,2.293927000000000049e+00,5.637699999999999934e-01,4.999979999999999980e-01,2.898789999999999978e-01
1.561871999999999927e+00,2.321254999999999846e+00,5.927580000000000071e-01,4.999990000000000268e-01,1.757640000000000036e-01
1.603094000000000019e+00,2.349549999999999805e+00,6.103340000000000432e-01,4.999979999999999980e-01,7.051200000000000523e-02
1.643966000000000038e+00,2.378352000000000022e+00,6.173849999999999616e-01,4.999979999999999980e-01,-2.230499999999999844e-02
1.684766999999999904e+00,2.407251000000000030e+00,6.151550000000000074e-01,4.999979999999999980e-01,-9.995900000000000618e-02
1.725745000000000084e+00,2.435900999999999872e+00,6.051590000000000025e-01,4.999979999999999980e-01,-1.610550000000000037e-01
1.767093000000000025e+00,2.464013000000000009e+00,5.890530000000000488e-01,4.999979999999999980e-01,-2.056550000000000045e-01
1.808948999999999918e+00,2.491362000000000076e+00,5.684879999999999933e-01,4.999979999999999980e-01,-2.348500000000000032e-01
1.851396000000000042e+00,2.517783000000000104e+00,5.450030000000000152e-01,4.999979999999999980e-01,-2.503250000000000197e-01
1.894473000000000074e+00,2.543165999999999816e+00,5.199700000000000433e-01,4.999979999999999980e-01,-2.540529999999999733e-01
1.938174999999999981e+00,2.567454999999999821e+00,4.945649999999999769e-01,4.999979999999999980e-01,-2.480880000000000030e-01
1.982472999999999930e+00,2.590638999999999914e+00,4.697560000000000069e-01,4.999979999999999980e-01,-2.344269999999999965e-01
1.419931000000000054e+00,1.900881000000000043e+00,1.309746999999999995e+00,4.505649999999999933e-01,-9.681800000000000128e-02
1.431769999999999987e+00,1.944353999999999916e+00,1.300065999999999944e+00,4.358870000000000244e-01,-1.371169999999999889e-01
1.443715000000000082e+00,1.986274000000000095e+00,1.286353999999999997e+00,4.194390000000000063e-01,-1.768939999999999957e-01
1.455840999999999941e+00,2.026425999999999839e+00,1.268664000000000014e+00,4.014519999999999755e-01,-2.156599999999999906e-01
1.468199000000000032e+00,2.064620999999999817e+00,1.247098000000000040e+00,3.822400000000000242e-01,-2.529449999999999754e-01
1.480814000000000075e+00,2.100703000000000209e+00,1.221803999999999890e+00,3.622130000000000072e-01,-2.882970000000000255e-01
1.493689000000000044e+00,2.134557000000000038e+00,1.192973999999999979e+00,3.418749999999999845e-01,-3.212720000000000020e-01
1.506809000000000065e+00,2.166125000000000078e+00,1.160846999999999962e+00,3.218210000000000237e-01,-3.514340000000000241e-01
1.520151000000000030e+00,2.195409999999999862e+00,1.125704000000000038e+00,3.027299999999999991e-01,-3.783580000000000276e-01
1.533698999999999923e+00,2.222480000000000011e+00,1.087868000000000057e+00,2.853439999999999865e-01,-4.016230000000000078e-01
1.547452999999999967e+00,2.247478000000000087e+00,1.047706000000000026e+00,2.704320000000000057e-01,-4.208299999999999819e-01
1.561452000000000062e+00,2.270614000000000132e+00,1.005622999999999934e+00,2.587430000000000008e-01,-4.356110000000000260e-01
1.575779999999999959e+00,2.292155999999999860e+00,9.620610000000000550e-01,2.509310000000000151e-01,-4.456590000000000273e-01
1.590583000000000080e+00,2.312415000000000109e+00,9.174959999999999782e-01,2.474459999999999993e-01,-4.507760000000000100e-01
1.606060999999999961e+00,2.331719000000000097e+00,8.724180000000000268e-01,2.483839999999999937e-01,-4.509400000000000075e-01
1.622454999999999981e+00,2.350375999999999799e+00,8.273239999999999483e-01,2.534120000000000261e-01,-4.463449999999999918e-01
1.640017999999999976e+00,2.368641000000000219e+00,7.826889999999999681e-01,2.618349999999999844e-01,-4.373589999999999978e-01
1.658979999999999899e+00,2.386693999999999871e+00,7.389539999999999997e-01,2.727350000000000052e-01,-4.244499999999999940e-01
1.679524000000000017e+00,2.404630000000000045e+00,6.965080000000000160e-01,2.850630000000000108e-01,-4.081420000000000048e-01
1.701758000000000104e+00,2.422466000000000008e+00,6.556939999999999991e-01,2.977119999999999767e-01,-3.889819999999999944e-01
1.725702000000000069e+00,2.440154999999999852e+00,6.167960000000000109e-01,3.095600000000000018e-01,-3.675240000000000173e-01
1.751276999999999973e+00,2.457591999999999999e+00,5.800440000000000040e-01,3.195049999999999835e-01,-3.443140000000000089e-01
1.778297999999999934e+00,2.474639999999999951e+00,5.456119999999999859e-01,3.264909999999999757e-01,-3.198849999999999749e-01
1.806472999999999995e+00,2.491133000000000042e+00,5.136239999999999695e-01,3.295390000000000263e-01,-2.947480000000000100e-01
1.835409000000000068e+00,2.506899999999999906e+00,4.841489999999999960e-01,3.277769999999999850e-01,-2.693880000000000163e-01
1.864622000000000002e+00,2.521764000000000117e+00,4.572100000000000053e-01,3.204850000000000199e-01,-2.442549999999999999e-01
1.893548999999999927e+00,2.535559000000000118e+00,4.327849999999999753e-01,3.071679999999999966e-01,-2.197580000000000089e-01
1.921572999999999976e+00,2.548134000000000121e+00,4.108089999999999797e-01,2.876540000000000208e-01,-1.962589999999999890e-01
1.948056000000000010e+00,2.559362000000000137e+00,3.911830000000000029e-01,2.622369999999999979e-01,-1.740619999999999945e-01
1.972383999999999915e+00,2.569148999999999905e+00,3.737770000000000259e-01,2.318870000000000098e-01,-1.534040000000000126e-01
1.994035999999999920e+00,2.577449999999999797e+00,3.584359999999999769e-01,1.985389999999999933e-01,-1.344490000000000129e-01
2.012674000000000074e+00,2.584290000000000198e+00,3.449909999999999921e-01,1.654869999999999952e-01,-1.172770000000000062e-01
2.028280999999999779e+00,2.589795000000000069e+00,3.332640000000000047e-01,1.347450000000000037e-01,-1.018919999999999965e-01
2.041036000000000072e+00,2.594138000000000055e+00,3.230739999999999723e-01,1.074350000000000027e-01,-8.824300000000000199e-02
2.051238999999999812e+00,2.597503999999999813e+00,3.142499999999999738e-01,8.406800000000000384e-02,-7.623399999999999621e-02
1.433993000000000073e+00,1.872047000000000017e+00,1.385297999999999918e+00,4.546459999999999946e-01,-9.334699999999999942e-02
1.442587000000000064e+00,1.916692000000000062e+00,1.375963000000000047e+00,4.394170000000000020e-01,-1.423929999999999918e-01
1.451400999999999941e+00,1.959740000000000038e+00,1.361723999999999934e+00,4.221699999999999897e-01,-1.903660000000000074e-01
1.460555999999999965e+00,2.000951999999999842e+00,1.342686999999999964e+00,4.032780000000000253e-01,-2.365859999999999908e-01
1.470139000000000085e+00,2.040122999999999909e+00,1.319028000000000089e+00,3.832599999999999896e-01,-2.803970000000000073e-01
1.480205999999999911e+00,2.077102000000000004e+00,1.290988999999999942e+00,3.627690000000000081e-01,-3.211649999999999783e-01
1.490782000000000052e+00,2.111801999999999957e+00,1.258871999999999991e+00,3.425869999999999749e-01,-3.582790000000000141e-01
1.501878000000000046e+00,2.144212000000000007e+00,1.223044000000000020e+00,3.235959999999999948e-01,-3.911510000000000264e-01
1.513498000000000010e+00,2.174411000000000094e+00,1.183929000000000009e+00,3.067460000000000186e-01,-4.192270000000000163e-01
1.525662999999999991e+00,2.202567999999999859e+00,1.142006999999999994e+00,2.929880000000000262e-01,-4.420049999999999812e-01
1.538429000000000046e+00,2.228936000000000028e+00,1.097806000000000060e+00,2.831899999999999973e-01,-4.590699999999999781e-01
1.551903999999999950e+00,2.253840999999999983e+00,1.051898999999999917e+00,2.780070000000000041e-01,-4.701449999999999796e-01
1.566252999999999895e+00,2.277648999999999813e+00,1.004885000000000028e+00,2.777040000000000064e-01,-4.751790000000000180e-01
1.581695000000000073e+00,2.300727999999999884e+00,9.573669999999999680e-01,2.820750000000000202e-01,-4.743899999999999784e-01
1.598473999999999950e+00,2.323399000000000214e+00,9.099279999999999591e-01,2.905059999999999865e-01,-4.682049999999999823e-01
1.616835999999999940e+00,2.345906999999999965e+00,8.631069999999999576e-01,3.021300000000000097e-01,-4.571700000000000208e-01
1.636994000000000060e+00,2.368408000000000069e+00,8.173899999999999499e-01,3.159270000000000134e-01,-4.418929999999999803e-01
1.659110000000000085e+00,2.390966000000000147e+00,7.732010000000000272e-01,3.308039999999999869e-01,-4.230059999999999931e-01
1.683265999999999929e+00,2.413562999999999903e+00,7.308999999999999941e-01,3.456389999999999740e-01,-4.011430000000000273e-01
1.709457000000000004e+00,2.436113000000000195e+00,6.907860000000000111e-01,3.593160000000000243e-01,-3.769270000000000120e-01
1.737576000000000009e+00,2.458479000000000081e+00,6.530930000000000346e-01,3.707429999999999892e-01,-3.509579999999999922e-01
1.767409999999999926e+00,2.480485999999999969e+00,6.179980000000000473e-01,3.788719999999999866e-01,-3.238130000000000175e-01
1.798640000000000017e+00,2.501933999999999880e+00,5.856160000000000254e-01,3.827059999999999906e-01,-2.960409999999999986e-01
1.830842000000000080e+00,2.522612000000000076e+00,5.560119999999999507e-01,3.813280000000000003e-01,-2.681540000000000035e-01
1.863496999999999959e+00,2.542301999999999840e+00,5.291970000000000285e-01,3.739250000000000074e-01,-2.406290000000000096e-01
1.895998000000000072e+00,2.560789000000000204e+00,5.051339999999999719e-01,3.598450000000000260e-01,-2.138980000000000048e-01
1.927672000000000052e+00,2.577865000000000073e+00,4.837440000000000073e-01,3.386689999999999978e-01,-1.883410000000000084e-01
1.957799999999999985e+00,2.593332999999999888e+00,4.649099999999999899e-01,3.103400000000000047e-01,-1.642810000000000104e-01
1.419524000000000008e+00,1.942496000000000000e+00,1.261956000000000078e+00,4.060000000000000275e-01,-1.163000000000000006e-01
1.432088999999999945e+00,1.981103000000000058e+00,1.250326000000000048e+00,3.919389999999999818e-01,-1.491550000000000098e-01
1.444712999999999914e+00,2.018208000000000002e+00,1.235409999999999897e+00,3.774150000000000005e-01,-1.810730000000000117e-01
1.457457000000000003e+00,2.053732000000000113e+00,1.217303000000000024e+00,3.626639999999999864e-01,-2.116379999999999928e-01
1.470371000000000095e+00,2.087619999999999809e+00,1.196139000000000063e+00,3.479869999999999908e-01,-2.404429999999999901e-01
1.483492999999999951e+00,2.119848999999999872e+00,1.172095000000000109e+00,3.337450000000000139e-01,-2.670799999999999841e-01
1.496858999999999940e+00,2.150428999999999924e+00,1.145386999999999933e+00,3.203559999999999741e-01,-2.911480000000000179e-01
1.510502999999999929e+00,2.179412999999999823e+00,1.116271999999999931e+00,3.082829999999999737e-01,-3.122469999999999968e-01
1.524467999999999934e+00,2.206894999999999829e+00,1.085047000000000095e+00,2.980059999999999931e-01,-3.299960000000000115e-01
1.538812999999999986e+00,2.233014999999999972e+00,1.052048000000000094e+00,2.899860000000000215e-01,-3.440480000000000205e-01
1.553620999999999919e+00,2.257946000000000009e+00,1.017643000000000075e+00,2.846060000000000256e-01,-3.541190000000000171e-01
1.568999000000000033e+00,2.281892000000000031e+00,9.822309999999999652e-01,2.820920000000000094e-01,-3.600389999999999979e-01
1.585078999999999905e+00,2.305067999999999895e+00,9.462270000000000403e-01,2.823939999999999784e-01,-3.618259999999999810e-01
1.602003000000000066e+00,2.327672999999999881e+00,9.100449999999999928e-01,2.852109999999999923e-01,-3.596969999999999890e-01
1.619906999999999986e+00,2.349870999999999821e+00,8.740750000000000464e-01,2.900469999999999993e-01,-3.540079999999999893e-01
1.638910000000000089e+00,2.371782000000000057e+00,8.386740000000000306e-01,2.962790000000000146e-01,-3.451879999999999948e-01
1.659091000000000093e+00,2.393472000000000044e+00,8.041549999999999532e-01,3.032119999999999815e-01,-3.336990000000000234e-01
1.680485999999999924e+00,2.414956000000000103e+00,7.707850000000000534e-01,3.101119999999999988e-01,-3.200100000000000167e-01
1.703073999999999977e+00,2.436202000000000201e+00,7.387839999999999963e-01,3.162260000000000071e-01,-3.045789999999999886e-01
1.726772999999999891e+00,2.457136999999999905e+00,7.083260000000000112e-01,3.207990000000000008e-01,-2.878479999999999928e-01
1.751433000000000018e+00,2.477653000000000105e+00,6.795419999999999794e-01,3.230879999999999863e-01,-2.702289999999999970e-01
1.776836000000000082e+00,2.497615000000000141e+00,6.525189999999999602e-01,3.223670000000000146e-01,-2.521079999999999988e-01
1.802694000000000019e+00,2.516863999999999990e+00,6.273079999999999767e-01,3.179520000000000124e-01,-2.338379999999999903e-01
1.828651000000000026e+00,2.535223999999999922e+00,6.039240000000000164e-01,3.092260000000000009e-01,-2.157360000000000111e-01
1.854292000000000051e+00,2.552507999999999999e+00,5.823509999999999520e-01,2.956790000000000251e-01,-1.980840000000000101e-01
1.879145000000000065e+00,2.568525000000000169e+00,5.625419999999999865e-01,2.769789999999999752e-01,-1.811250000000000082e-01
1.902706999999999926e+00,2.583083999999999936e+00,5.444299999999999695e-01,2.530660000000000132e-01,-1.650600000000000123e-01
1.414984999999999937e+00,1.913931999999999967e+00,1.264073999999999920e+00,4.039289999999999825e-01,-4.992699999999999916e-02
1.427276999999999907e+00,1.952409000000000061e+00,1.259080999999999895e+00,3.871450000000000169e-01,-8.091800000000000381e-02
1.439299000000000106e+00,1.989209999999999923e+00,1.250988999999999907e+00,3.700249999999999928e-01,-1.117159999999999959e-01
1.451127999999999973e+00,2.024270000000000014e+00,1.239818000000000087e+00,3.527250000000000107e-01,-1.419370000000000076e-01
1.462827000000000099e+00,2.057545999999999875e+00,1.225624000000000047e+00,3.354110000000000147e-01,-1.712120000000000031e-01
1.474445999999999923e+00,2.089010000000000034e+00,1.208503000000000105e+00,3.182800000000000074e-01,-1.991890000000000049e-01
1.486021999999999954e+00,2.118657999999999930e+00,1.188584000000000085e+00,3.015680000000000027e-01,-2.255260000000000042e-01
1.497584000000000026e+00,2.146509000000000000e+00,1.166031000000000040e+00,2.855610000000000093e-01,-2.498950000000000060e-01
1.509155999999999942e+00,2.172613999999999823e+00,1.141041999999999890e+00,2.705960000000000032e-01,-2.719750000000000223e-01
1.520764000000000005e+00,2.197057000000000038e+00,1.113844000000000056e+00,2.570490000000000275e-01,-2.914610000000000256e-01
1.532440000000000024e+00,2.219955999999999818e+00,1.084697999999999940e+00,2.453210000000000113e-01,-3.080649999999999777e-01
1.544232999999999967e+00,2.241467000000000098e+00,1.053892000000000051e+00,2.358000000000000096e-01,-3.215330000000000132e-01
1.556213000000000068e+00,2.261775000000000091e+00,1.021738000000000035e+00,2.288189999999999946e-01,-3.316609999999999836e-01
1.568475999999999981e+00,2.281092000000000120e+00,9.885720000000000063e-01,2.245790000000000008e-01,-3.383320000000000216e-01
1.581140999999999908e+00,2.299637000000000153e+00,9.547390000000000043e-01,2.230560000000000043e-01,-3.415730000000000155e-01
1.594338000000000033e+00,2.317619000000000096e+00,9.205820000000000114e-01,2.239819999999999867e-01,-3.415619999999999767e-01
1.608198000000000016e+00,2.335211999999999843e+00,8.864260000000000472e-01,2.268950000000000133e-01,-3.385880000000000001e-01
1.622837000000000085e+00,2.352545999999999804e+00,8.525669999999999638e-01,2.312039999999999929e-01,-3.329989999999999895e-01
1.638338999999999990e+00,2.369698000000000082e+00,8.192669999999999675e-01,2.362440000000000095e-01,-3.251669999999999838e-01
1.654746000000000050e+00,2.386693999999999871e+00,7.867499999999999494e-01,2.413059999999999927e-01,-3.154710000000000014e-01
1.672053000000000011e+00,2.403507999999999978e+00,7.552029999999999577e-01,2.456599999999999895e-01,-3.042779999999999929e-01
1.690193000000000056e+00,2.420071999999999779e+00,7.247749999999999471e-01,2.485789999999999944e-01,-2.919399999999999773e-01
1.709041000000000032e+00,2.436278000000000166e+00,6.955810000000000048e-01,2.493519999999999903e-01,-2.787859999999999783e-01
1.728404000000000051e+00,2.451989000000000196e+00,6.677030000000000465e-01,2.473039999999999961e-01,-2.651200000000000223e-01
1.748024000000000022e+00,2.467042000000000179e+00,6.411909999999999554e-01,2.418250000000000122e-01,-2.512170000000000236e-01
1.767582999999999904e+00,2.481262000000000079e+00,6.160689999999999777e-01,2.324100000000000055e-01,-2.373190000000000022e-01
1.786709000000000103e+00,2.494464999999999932e+00,5.923370000000000024e-01,2.187199999999999978e-01,-2.236380000000000035e-01
1.804990000000000094e+00,2.506472000000000033e+00,5.699729999999999519e-01,2.006660000000000110e-01,-2.103500000000000092e-01
1.821997000000000089e+00,2.517122000000000082e+00,5.489380000000000370e-01,1.785390000000000033e-01,-1.975969999999999949e-01
1.837318000000000007e+00,2.526286999999999949e+00,5.291789999999999550e-01,1.531899999999999928e-01,-1.854870000000000130e-01
1.850613000000000063e+00,2.533897000000000066e+00,5.106300000000000283e-01,1.262709999999999944e-01,-1.740970000000000018e-01
1.861682999999999977e+00,2.539972000000000119e+00,4.932199999999999918e-01,1.005800000000000027e-01,-1.634819999999999884e-01
1.870579999999999909e+00,2.544661000000000062e+00,4.768720000000000181e-01,7.774899999999999867e-02,-1.536700000000000010e-01
1.877515000000000045e+00,2.548176999999999914e+00,4.615049999999999986e-01,5.860900000000000137e-02,-1.446620000000000128e-01
1.882781000000000038e+00,2.550749000000000155e+00,4.470390000000000197e-01,4.345299999999999857e-02,-1.364279999999999937e-01
1.886711999999999945e+00,2.552599999999999980e+00,4.333960000000000035e-01,3.222699999999999870e-02,-1.289099999999999968e-01
1.889645999999999937e+00,2.553935000000000066e+00,4.205050000000000177e-01,2.467199999999999949e-02,-1.220299999999999996e-01
1.891904000000000030e+00,2.554927999999999866e+00,4.083019999999999983e-01,2.041300000000000059e-02,-1.156930000000000042e-01
1.893782000000000076e+00,2.555728000000000222e+00,3.967330000000000023e-01,1.903300000000000131e-02,-1.097930000000000017e-01
1.895542000000000060e+00,2.556454000000000004e+00,3.857530000000000125e-01,2.010899999999999840e-02,-1.042239999999999972e-01
1.897408999999999901e+00,2.557201000000000057e+00,3.753310000000000257e-01,2.324299999999999977e-02,-9.887899999999999467e-02
1.899575999999999931e+00,2.558041999999999927e+00,3.654430000000000178e-01,2.808000000000000079e-02,-9.365600000000000314e-02
1.902203000000000088e+00,2.559032999999999891e+00,3.560769999999999769e-01,3.431499999999999828e-02,-8.846299999999999997e-02
1.905424000000000007e+00,2.560214999999999907e+00,3.472310000000000119e-01,4.169300000000000089e-02,-8.321800000000000030e-02
1.909351000000000020e+00,2.561618000000000173e+00,3.389090000000000158e-01,5.001699999999999896e-02,-7.785100000000000353e-02
1.914074000000000053e+00,2.563261999999999929e+00,3.311239999999999739e-01,5.913899999999999713e-02,-7.230499999999999428e-02
1.919674000000000103e+00,2.565164000000000222e+00,3.238940000000000152e-01,6.895999999999999353e-02,-6.653900000000000092e-02
1.926218999999999903e+00,2.567337000000000202e+00,3.172400000000000220e-01,7.942499999999999560e-02,-6.051999999999999741e-02
1.933772000000000046e+00,2.569792000000000076e+00,3.111880000000000202e-01,9.051900000000000224e-02,-5.423399999999999749e-02
1.942396999999999929e+00,2.572540000000000049e+00,3.057639999999999803e-01,1.022639999999999938e-01,-4.767500000000000210e-02
1.952156000000000002e+00,2.575595999999999997e+00,3.009970000000000145e-01,1.147119999999999945e-01,-4.085300000000000042e-02
1.963119000000000058e+00,2.578974000000000100e+00,2.969120000000000092e-01,1.279409999999999992e-01,-3.378699999999999759e-02
1.975359000000000087e+00,2.582697000000000020e+00,2.935329999999999884e-01,1.420480000000000076e-01,-2.650800000000000031e-02
1.988961999999999897e+00,2.586787999999999865e+00,2.908819999999999739e-01,1.571470000000000089e-01,-1.905799999999999855e-02
2.004020999999999830e+00,2.591280999999999946e+00,2.889760000000000106e-01,1.733530000000000071e-01,-1.148899999999999921e-02
2.020640000000000214e+00,2.596211999999999964e+00,2.878269999999999995e-01,1.907830000000000081e-01,-3.860999999999999849e-03
1.412331999999999921e+00,1.960917999999999939e+00,1.183890000000000109e+00,3.438490000000000157e-01,-6.608500000000000485e-02
1.425410999999999984e+00,1.992717999999999989e+00,1.177281000000000022e+00,3.332959999999999812e-01,-8.206600000000000006e-02
1.438317000000000068e+00,2.023446999999999996e+00,1.169075000000000086e+00,3.232990000000000030e-01,-9.776999999999999580e-02
1.451103000000000032e+00,2.053141000000000105e+00,1.159297999999999940e+00,3.138219999999999898e-01,-1.130479999999999957e-01
1.463818000000000064e+00,2.081831999999999905e+00,1.147993000000000041e+00,3.048359999999999959e-01,-1.277530000000000054e-01
1.476502999999999899e+00,2.109551000000000176e+00,1.135216999999999921e+00,2.963259999999999783e-01,-1.417360000000000009e-01
1.489195999999999964e+00,2.136327000000000087e+00,1.121043999999999929e+00,2.882950000000000235e-01,-1.548450000000000104e-01
1.501929999999999987e+00,2.162190999999999974e+00,1.105558999999999958e+00,2.807640000000000136e-01,-1.669279999999999931e-01
1.514734999999999943e+00,2.187177000000000149e+00,1.088865999999999890e+00,2.737709999999999866e-01,-1.778319999999999901e-01
1.527638999999999969e+00,2.211322000000000010e+00,1.071083000000000007e+00,2.673630000000000173e-01,-1.874129999999999963e-01
1.540669999999999984e+00,2.234668000000000099e+00,1.052342000000000111e+00,2.615919999999999912e-01,-1.955389999999999906e-01
1.553854000000000068e+00,2.257261000000000184e+00,1.032788000000000039e+00,2.564960000000000018e-01,-2.021129999999999871e-01
1.567218999999999918e+00,2.279152999999999984e+00,1.012577000000000060e+00,2.520859999999999768e-01,-2.070889999999999953e-01
1.580791999999999975e+00,2.300394999999999968e+00,9.918679999999999719e-01,2.483200000000000129e-01,-2.105019999999999947e-01
1.594595999999999902e+00,2.321035999999999877e+00,9.708179999999999588e-01,2.450670000000000071e-01,-2.124649999999999872e-01
1.608646999999999938e+00,2.341114000000000139e+00,9.495710000000000539e-01,2.421310000000000129e-01,-2.131319999999999881e-01
1.622948000000000057e+00,2.360651999999999973e+00,9.282580000000000275e-01,2.392700000000000105e-01,-2.126760000000000039e-01
1.637488999999999972e+00,2.379652999999999796e+00,9.069899999999999629e-01,2.362120000000000053e-01,-2.112709999999999866e-01
1.652238000000000095e+00,2.398102999999999874e+00,8.858629999999999560e-01,2.326620000000000077e-01,-2.090859999999999941e-01
1.667143999999999959e+00,2.415967000000000198e+00,8.649550000000000294e-01,2.283149999999999902e-01,-2.062740000000000129e-01
1.682131999999999961e+00,2.433189000000000046e+00,8.443270000000000497e-01,2.228580000000000005e-01,-2.029720000000000135e-01
1.697103000000000028e+00,2.449697000000000013e+00,8.240300000000000402e-01,2.159899999999999876e-01,-1.992990000000000039e-01
1.711932000000000009e+00,2.465400999999999954e+00,8.041000000000000369e-01,2.074300000000000033e-01,-1.953509999999999969e-01
1.726466999999999974e+00,2.480198999999999820e+00,7.845649999999999569e-01,1.969480000000000119e-01,-1.912079999999999891e-01
1.740537000000000001e+00,2.493978999999999946e+00,7.654440000000000133e-01,1.844000000000000083e-01,-1.869290000000000118e-01
1.753953000000000095e+00,2.506631000000000054e+00,7.467510000000000536e-01,1.697799999999999865e-01,-1.825600000000000001e-01
1.766516999999999893e+00,2.518048999999999982e+00,7.284950000000000037e-01,1.532930000000000126e-01,-1.781310000000000116e-01
1.778046000000000015e+00,2.528151999999999955e+00,7.106820000000000359e-01,1.354660000000000031e-01,-1.736640000000000128e-01
1.788389000000000006e+00,2.536899000000000015e+00,6.933160000000000434e-01,1.172900000000000054e-01,-1.691779999999999951e-01
1.797474000000000016e+00,2.544319000000000219e+00,6.763980000000000548e-01,1.004120000000000013e-01,-1.646950000000000081e-01
1.805355000000000043e+00,2.550539000000000112e+00,6.599289999999999878e-01,8.577899999999999414e-02,-1.602419999999999956e-01
1.812173999999999952e+00,2.555743999999999794e+00,6.439040000000000319e-01,7.384799999999999698e-02,-1.558430000000000093e-01
1.818114000000000008e+00,2.560131000000000157e+00,6.283199999999999896e-01,6.475499999999999312e-02,-1.515100000000000058e-01
1.823382000000000058e+00,2.563896999999999871e+00,6.131689999999999641e-01,5.842699999999999977e-02,-1.472499999999999920e-01
1.828184999999999949e+00,2.567223999999999950e+00,5.984439999999999760e-01,5.466900000000000232e-02,-1.430569999999999897e-01
1.832724000000000020e+00,2.570272000000000112e+00,5.841380000000000461e-01,5.322000000000000342e-02,-1.389209999999999889e-01
1.837183000000000010e+00,2.573176000000000130e+00,5.702460000000000306e-01,5.379199999999999954e-02,-1.348250000000000004e-01
1.841731000000000007e+00,2.576048999999999811e+00,5.567640000000000366e-01,5.609900000000000303e-02,-1.307470000000000021e-01
1.846513000000000071e+00,2.578981999999999886e+00,5.436889999999999779e-01,5.987300000000000261e-02,-1.266649999999999998e-01
1.416952999999999907e+00,1.876733999999999902e+00,1.283878000000000075e+00,3.549689999999999790e-01,1.678500000000000131e-02
1.426970000000000072e+00,1.910789000000000071e+00,1.285557000000000061e+00,3.387780000000000236e-01,-6.570999999999999584e-03
1.436514000000000069e+00,1.943294000000000077e+00,1.284899000000000013e+00,3.231530000000000236e-01,-3.003300000000000067e-02
1.445673999999999904e+00,1.974283999999999928e+00,1.281895999999999924e+00,3.080600000000000005e-01,-5.336400000000000171e-02
1.454528999999999961e+00,2.003789999999999960e+00,1.276559999999999917e+00,2.934399999999999786e-01,-7.634499999999999620e-02
1.463146000000000058e+00,2.031839999999999868e+00,1.268925000000000081e+00,2.792290000000000050e-01,-9.877800000000000469e-02
1.471580000000000110e+00,2.058459000000000039e+00,1.259047999999999945e+00,2.653730000000000255e-01,-1.204810000000000048e-01
1.479870999999999936e+00,2.083667999999999854e+00,1.246998999999999969e+00,2.518480000000000163e-01,-1.412869999999999959e-01
1.488053000000000070e+00,2.107486000000000193e+00,1.232871000000000050e+00,2.386629999999999863e-01,-1.610419999999999907e-01
1.496145999999999976e+00,2.129938000000000109e+00,1.216766999999999932e+00,2.258670000000000122e-01,-1.796030000000000126e-01
1.504165999999999892e+00,2.151053000000000104e+00,1.198806000000000038e+00,2.135529999999999928e-01,-1.968360000000000110e-01
1.512123000000000106e+00,2.170869999999999855e+00,1.179122999999999921e+00,2.018520000000000036e-01,-2.126159999999999994e-01
1.520027000000000017e+00,2.189442999999999806e+00,1.157861000000000029e+00,1.909289999999999876e-01,-2.268270000000000008e-01
1.527886000000000077e+00,2.206843000000000110e+00,1.135178000000000020e+00,1.809669999999999890e-01,-2.393710000000000004e-01
1.535717999999999916e+00,2.223155999999999910e+00,1.111240999999999923e+00,1.721479999999999955e-01,-2.501669999999999727e-01
1.543546000000000085e+00,2.238487999999999811e+00,1.086224999999999996e+00,1.646269999999999956e-01,-2.591689999999999827e-01
1.551403000000000088e+00,2.252953999999999901e+00,1.060308000000000028e+00,1.584869999999999890e-01,-2.663789999999999769e-01
1.559330000000000105e+00,2.266678000000000193e+00,1.033670000000000089e+00,1.537050000000000083e-01,-2.718729999999999758e-01
1.567372999999999905e+00,2.279774999999999885e+00,1.006482000000000099e+00,1.501389999999999947e-01,-2.757820000000000271e-01
1.575577000000000005e+00,2.292349000000000192e+00,9.789039999999999964e-01,1.475740000000000107e-01,-2.782689999999999886e-01
1.583979999999999944e+00,2.304479999999999862e+00,9.510769999999999502e-01,1.457469999999999877e-01,-2.795070000000000054e-01
1.592610000000000081e+00,2.316225000000000200e+00,9.231270000000000309e-01,1.443689999999999973e-01,-2.796669999999999989e-01
1.601480000000000015e+00,2.327615000000000212e+00,8.951599999999999557e-01,1.431429999999999925e-01,-2.789090000000000180e-01
1.610586000000000073e+00,2.338658000000000126e+00,8.672689999999999566e-01,1.417769999999999864e-01,-2.773789999999999867e-01
1.619906999999999986e+00,2.349340999999999902e+00,8.395310000000000272e-01,1.399980000000000113e-01,-2.752060000000000062e-01
1.629397999999999902e+00,2.359630999999999812e+00,8.120110000000000383e-01,1.375669999999999948e-01,-2.725000000000000200e-01
1.638997999999999955e+00,2.369483999999999924e+00,7.847610000000000419e-01,1.343040000000000067e-01,-2.693519999999999803e-01
1.648627999999999982e+00,2.378845000000000098e+00,7.578249999999999709e-01,1.301160000000000094e-01,-2.658380000000000187e-01
1.658196000000000003e+00,2.387662000000000173e+00,7.312419999999999476e-01,1.250380000000000102e-01,-2.620160000000000267e-01
1.667612000000000094e+00,2.395888999999999935e+00,7.050400000000000000e-01,1.192929999999999963e-01,-2.579279999999999906e-01
1.676795000000000035e+00,2.403502000000000027e+00,6.792470000000000452e-01,1.133669999999999956e-01,-2.536039999999999961e-01
1.685705000000000009e+00,2.410511000000000070e+00,6.538869999999999960e-01,1.081219999999999959e-01,-2.490620000000000056e-01
1.694368000000000096e+00,2.416980999999999824e+00,6.289810000000000123e-01,1.040520000000000056e-01,-2.443089999999999984e-01
1.702855999999999925e+00,2.422998999999999903e+00,6.045500000000000318e-01,1.014029999999999931e-01,-2.393440000000000012e-01
1.711267000000000094e+00,2.428662000000000099e+00,5.806149999999999922e-01,1.002490000000000048e-01,-2.341550000000000020e-01
1.719713000000000047e+00,2.434063000000000088e+00,5.572000000000000286e-01,1.005569999999999936e-01,-2.287220000000000086e-01
1.728307999999999955e+00,2.439281999999999950e+00,5.343280000000000252e-01,1.022279999999999994e-01,-2.230159999999999920e-01
1.737163000000000013e+00,2.444389999999999841e+00,5.120259999999999811e-01,1.051290000000000002e-01,-2.170020000000000004e-01
1.746383000000000019e+00,2.449440000000000062e+00,4.903259999999999841e-01,1.091099999999999987e-01,-2.106429999999999969e-01
1.756061000000000094e+00,2.454476999999999798e+00,4.692609999999999837e-01,1.140240000000000004e-01,-2.038929999999999909e-01
1.766283000000000047e+00,2.459528999999999854e+00,4.488719999999999932e-01,1.197280000000000011e-01,-1.967079999999999940e-01
1.777120000000000033e+00,2.464618000000000198e+00,4.292009999999999992e-01,1.260920000000000096e-01,-1.890419999999999878e-01
1.788634999999999975e+00,2.469756999999999980e+00,4.102970000000000228e-01,1.330030000000000101e-01,-1.808530000000000137e-01
1.800877999999999979e+00,2.474952000000000041e+00,3.922120000000000051e-01,1.403580000000000105e-01,-1.721020000000000050e-01
1.813893999999999895e+00,2.480205000000000215e+00,3.750020000000000020e-01,1.480670000000000042e-01,-1.627639999999999920e-01
1.827714999999999979e+00,2.485516000000000059e+00,3.587250000000000161e-01,1.560549999999999993e-01,-1.528239999999999876e-01
1.842368999999999923e+00,2.490883000000000180e+00,3.434429999999999983e-01,1.642639999999999934e-01,-1.422809999999999908e-01
1.857874999999999943e+00,2.496303999999999856e+00,3.292149999999999799e-01,1.726560000000000039e-01,-1.311400000000000066e-01
1.874249000000000054e+00,2.501777999999999835e+00,3.161010000000000209e-01,1.812209999999999932e-01,-1.194169999999999954e-01
1.891507000000000049e+00,2.507308999999999788e+00,3.041590000000000127e-01,1.899780000000000080e-01,-1.071330000000000060e-01
1.909661999999999971e+00,2.512900999999999829e+00,2.934459999999999846e-01,1.989710000000000090e-01,-9.431799999999999906e-02
1.928736000000000006e+00,2.518567000000000000e+00,2.840139999999999887e-01,2.082769999999999899e-01,-8.100899999999999768e-02
1.948752999999999957e+00,2.524322000000000177e+00,2.759130000000000194e-01,2.179979999999999973e-01,-6.725000000000000422e-02
1.969748000000000054e+00,2.530190000000000161e+00,2.691879999999999828e-01,2.282619999999999927e-01,-5.309300000000000130e-02
1.991767999999999983e+00,2.536201999999999845e+00,2.638789999999999747e-01,2.392160000000000120e-01,-3.860399999999999943e-02
2.014873000000000136e+00,2.542396999999999796e+00,2.600180000000000269e-01,2.510189999999999921e-01,-2.385599999999999873e-02
2.039139000000000035e+00,2.548821999999999921e+00,2.576330000000000009e-01,2.638340000000000130e-01,-8.935999999999999499e-03
2.064655000000000129e+00,2.555533000000000055e+00,2.567389999999999950e-01,2.778140000000000054e-01,6.055999999999999751e-03
2.091524000000000161e+00,2.562594999999999956e+00,2.573449999999999904e-01,2.930849999999999844e-01,2.100499999999999937e-02
2.119858999999999938e+00,2.570084000000000035e+00,2.594449999999999812e-01,3.097300000000000053e-01,3.578400000000000331e-02
2.149780999999999942e+00,2.578084000000000042e+00,2.630239999999999800e-01,3.277649999999999730e-01,5.024900000000000200e-02
1.409346999999999905e+00,1.980731999999999937e+00,1.158903999999999934e+00,2.626569999999999738e-01,-5.216500000000000303e-02
1.419925000000000104e+00,2.004773000000000138e+00,1.153688000000000047e+00,2.526360000000000272e-01,-6.102599999999999691e-02
1.430229999999999890e+00,2.027839999999999865e+00,1.147585000000000077e+00,2.434000000000000052e-01,-6.986000000000000543e-02
1.440304000000000029e+00,2.049996999999999847e+00,1.140598999999999918e+00,2.348329999999999862e-01,-7.863499999999999657e-02
1.450182000000000082e+00,2.071302000000000199e+00,1.132735000000000047e+00,2.268219999999999958e-01,-8.732299999999999784e-02
1.459893000000000107e+00,2.091800000000000104e+00,1.124003000000000085e+00,2.192590000000000094e-01,-9.589799999999999713e-02
1.469460999999999906e+00,2.111527999999999849e+00,1.114413000000000098e+00,2.120499999999999885e-01,-1.043380000000000002e-01
1.478904999999999914e+00,2.130513999999999797e+00,1.103979999999999961e+00,2.051099999999999868e-01,-1.126199999999999979e-01
1.488239000000000090e+00,2.148778000000000077e+00,1.092718000000000078e+00,1.983669999999999878e-01,-1.207270000000000010e-01
1.497471999999999914e+00,2.166335000000000122e+00,1.080645000000000078e+00,1.917629999999999890e-01,-1.286400000000000043e-01
1.506607999999999947e+00,2.183194999999999997e+00,1.067781000000000091e+00,1.852509999999999990e-01,-1.363409999999999900e-01
1.515648000000000106e+00,2.199364000000000097e+00,1.054146999999999945e+00,1.787990000000000135e-01,-1.438129999999999964e-01
1.524591999999999947e+00,2.214846000000000092e+00,1.039765999999999968e+00,1.723889999999999867e-01,-1.510380000000000056e-01
1.533433999999999964e+00,2.229643999999999959e+00,1.024661999999999962e+00,1.660169999999999979e-01,-1.579979999999999996e-01
1.542167999999999983e+00,2.243761999999999812e+00,1.008861999999999925e+00,1.596930000000000016e-01,-1.646739999999999871e-01
1.550788000000000055e+00,2.257204999999999906e+00,9.923950000000000271e-01,1.534399999999999931e-01,-1.710460000000000036e-01
1.559285999999999950e+00,2.269981000000000027e+00,9.752899999999999903e-01,1.472980000000000123e-01,-1.770889999999999964e-01
1.567655999999999938e+00,2.282102000000000075e+00,9.575810000000000155e-01,1.413179999999999992e-01,-1.827779999999999960e-01
1.575893999999999906e+00,2.293584000000000067e+00,9.393029999999999990e-01,1.355669999999999931e-01,-1.880840000000000012e-01
1.583998999999999935e+00,2.304450000000000109e+00,9.204949999999999521e-01,1.301269999999999927e-01,-1.929730000000000056e-01
1.591976999999999975e+00,2.314729999999999954e+00,9.011980000000000546e-01,1.250890000000000057e-01,-1.974080000000000001e-01
1.599836999999999954e+00,2.324460999999999888e+00,8.814570000000000460e-01,1.205589999999999995e-01,-2.013469999999999982e-01
1.607598000000000082e+00,2.333686000000000149e+00,8.613220000000000320e-01,1.166459999999999997e-01,-2.047450000000000103e-01
1.615286999999999917e+00,2.342458000000000151e+00,8.408480000000000398e-01,1.134639999999999954e-01,-2.075519999999999865e-01
1.622940000000000049e+00,2.350833999999999868e+00,8.200920000000000432e-01,1.111199999999999966e-01,-2.097199999999999898e-01
1.630605000000000082e+00,2.358878999999999948e+00,7.991200000000000525e-01,1.097049999999999970e-01,-2.111989999999999978e-01
1.638338000000000072e+00,2.366661000000000126e+00,7.780010000000000536e-01,1.092739999999999961e-01,-2.119510000000000005e-01
1.646201999999999943e+00,2.374246999999999996e+00,7.568049999999999500e-01,1.098289999999999961e-01,-2.119499999999999995e-01
1.654266000000000014e+00,2.381702999999999903e+00,7.356099999999999861e-01,1.113500000000000045e-01,-2.111889999999999878e-01
1.662600999999999996e+00,2.389086999999999961e+00,7.144920000000000160e-01,1.137900000000000023e-01,-2.096770000000000023e-01
1.671273999999999926e+00,2.396452000000000027e+00,6.935240000000000293e-01,1.170729999999999965e-01,-2.074419999999999875e-01
1.680353999999999903e+00,2.403842000000000034e+00,6.727800000000000447e-01,1.211050000000000043e-01,-2.045220000000000093e-01
1.689902000000000015e+00,2.411291999999999991e+00,6.523269999999999902e-01,1.257769999999999999e-01,-2.009630000000000027e-01
1.699972999999999956e+00,2.418826000000000143e+00,6.322309999999999874e-01,1.309819999999999873e-01,-1.968119999999999870e-01
1.710614999999999997e+00,2.426461999999999897e+00,6.125500000000000389e-01,1.366159999999999874e-01,-1.921160000000000090e-01
1.721867999999999954e+00,2.434209000000000067e+00,5.933380000000000321e-01,1.425839999999999885e-01,-1.869190000000000018e-01
1.733762999999999943e+00,2.442070000000000185e+00,5.746470000000000189e-01,1.488019999999999898e-01,-1.812620000000000064e-01
1.746326000000000045e+00,2.450044000000000111e+00,5.565200000000000147e-01,1.552010000000000056e-01,-1.751810000000000034e-01
1.759574999999999889e+00,2.458127000000000173e+00,5.390019999999999811e-01,1.617250000000000076e-01,-1.687089999999999979e-01
1.773524000000000100e+00,2.466310000000000002e+00,5.221310000000000118e-01,1.683330000000000104e-01,-1.618759999999999921e-01
1.788181000000000020e+00,2.474587000000000092e+00,5.059439999999999493e-01,1.749989999999999879e-01,-1.547080000000000122e-01
1.803554000000000102e+00,2.482950000000000212e+00,4.904729999999999923e-01,1.817120000000000124e-01,-1.472310000000000008e-01
1.819644999999999957e+00,2.491391000000000133e+00,4.757500000000000062e-01,1.884770000000000056e-01,-1.394650000000000056e-01
1.836459999999999981e+00,2.499906000000000184e+00,4.618030000000000190e-01,1.953110000000000124e-01,-1.314339999999999953e-01
1.854001999999999928e+00,2.508493000000000084e+00,4.486600000000000033e-01,2.022500000000000131e-01,-1.231570000000000026e-01
1.872278000000000109e+00,2.517152999999999974e+00,4.363440000000000096e-01,2.093430000000000013e-01,-1.146550000000000069e-01
1.891302000000000039e+00,2.525891999999999804e+00,4.248790000000000067e-01,2.166540000000000132e-01,-1.059490000000000015e-01
1.911087999999999898e+00,2.534717999999999805e+00,4.142839999999999856e-01,2.242609999999999881e-01,-9.706099999999999450e-02
1.931659999999999933e+00,2.543645000000000156e+00,4.045779999999999932e-01,2.322559999999999902e-01,-8.801399999999999502e-02
1.953051000000000093e+00,2.552693999999999797e+00,3.957760000000000167e-01,2.407440000000000135e-01,-7.883400000000000130e-02
1.975300000000000056e+00,2.561887000000000025e+00,3.878929999999999878e-01,2.498410000000000075e-01,-6.954899999999999971e-02
1.998461000000000043e+00,2.571257000000000126e+00,3.809379999999999988e-01,2.596700000000000119e-01,-6.019000000000000045e-02
2.022596000000000060e+00,2.580837999999999965e+00,3.749190000000000023e-01,2.703610000000000180e-01,-5.079399999999999887e-02
2.047778999999999794e+00,2.590675000000000061e+00,3.698389999999999733e-01,2.820409999999999862e-01,-4.139799999999999730e-02
1.402673000000000059e+00,1.988369000000000053e+00,1.192264999999999908e+00,2.286390000000000089e-01,-4.519299999999999706e-02
1.411170000000000035e+00,2.009595000000000020e+00,1.187745999999999968e+00,2.185900000000000065e-01,-5.435600000000000154e-02
1.419394999999999962e+00,2.029847999999999875e+00,1.182309999999999972e+00,2.092310000000000003e-01,-6.343200000000000227e-02
1.427381999999999929e+00,2.049186999999999870e+00,1.175966999999999985e+00,2.004479999999999873e-01,-7.239600000000000202e-02
1.435159000000000074e+00,2.067661000000000193e+00,1.168727000000000071e+00,1.921400000000000052e-01,-8.122799999999999465e-02
1.442749999999999977e+00,2.085312000000000054e+00,1.160603999999999969e+00,1.842199999999999949e-01,-8.990900000000000281e-02
1.450172000000000017e+00,2.102173000000000069e+00,1.151612999999999998e+00,1.766169999999999962e-01,-9.842599999999999960e-02
1.457440000000000069e+00,2.118269999999999875e+00,1.141771000000000091e+00,1.692770000000000108e-01,-1.067690000000000028e-01
1.464563999999999977e+00,2.133624999999999883e+00,1.131094000000000044e+00,1.621620000000000006e-01,-1.149300000000000044e-01
1.471551000000000053e+00,2.148258999999999919e+00,1.119601000000000068e+00,1.552580000000000071e-01,-1.229050000000000004e-01
1.478406000000000109e+00,2.162189000000000139e+00,1.107310000000000016e+00,1.485670000000000046e-01,-1.306889999999999996e-01
1.485135000000000094e+00,2.175434999999999786e+00,1.094241999999999937e+00,1.421149999999999913e-01,-1.382839999999999903e-01
1.491740999999999984e+00,2.188016999999999879e+00,1.080413000000000068e+00,1.359489999999999865e-01,-1.456899999999999862e-01
1.498231000000000090e+00,2.199962999999999891e+00,1.065844000000000014e+00,1.301370000000000027e-01,-1.529099999999999904e-01
1.504612999999999978e+00,2.211304000000000158e+00,1.050553000000000070e+00,1.247739999999999960e-01,-1.599480000000000068e-01
1.510901999999999967e+00,2.222081000000000195e+00,1.034558000000000089e+00,1.199739999999999973e-01,-1.668100000000000138e-01
1.517117000000000049e+00,2.232342000000000048e+00,1.017876999999999921e+00,1.158750000000000058e-01,-1.735009999999999886e-01
1.523287999999999975e+00,2.242150000000000087e+00,1.000526999999999944e+00,1.126329999999999970e-01,-1.800239999999999896e-01
1.529454000000000091e+00,2.251576000000000022e+00,9.825249999999999817e-01,1.104149999999999993e-01,-1.863839999999999941e-01
1.535665999999999976e+00,2.260704000000000047e+00,9.638860000000000205e-01,1.093940000000000051e-01,-1.925790000000000002e-01
1.541990999999999890e+00,2.269629000000000119e+00,9.446290000000000520e-01,1.097299999999999942e-01,-1.986060000000000048e-01
1.548510000000000053e+00,2.278455000000000119e+00,9.247680000000000344e-01,1.115540000000000004e-01,-2.044559999999999989e-01
1.555315999999999921e+00,2.287293000000000021e+00,9.043219999999999592e-01,1.149270000000000014e-01,-2.101159999999999972e-01
1.562515000000000098e+00,2.296250999999999820e+00,8.833109999999999573e-01,1.198020000000000057e-01,-2.155650000000000066e-01
1.570216999999999974e+00,2.305428000000000033e+00,8.617540000000000200e-01,1.259570000000000134e-01,-2.207770000000000010e-01
1.578522999999999898e+00,2.314896000000000065e+00,8.396770000000000067e-01,1.329049999999999954e-01,-2.257220000000000060e-01
1.587507999999999919e+00,2.324688999999999783e+00,8.171040000000000525e-01,1.397710000000000063e-01,-2.303719999999999934e-01
1.597190000000000110e+00,2.334769999999999790e+00,7.940669999999999673e-01,1.460470000000000101e-01,-2.346940000000000137e-01
1.607547999999999977e+00,2.345064999999999955e+00,7.705980000000000052e-01,1.514830000000000065e-01,-2.386500000000000010e-01
1.618541999999999925e+00,2.355485999999999969e+00,7.467329999999999801e-01,1.560149999999999870e-01,-2.421909999999999896e-01
1.630119000000000096e+00,2.365943000000000129e+00,7.225139999999999896e-01,1.597040000000000126e-01,-2.452529999999999988e-01
1.642228000000000021e+00,2.376355999999999913e+00,6.979889999999999706e-01,1.626970000000000083e-01,-2.477550000000000030e-01
1.654821000000000097e+00,2.386657000000000028e+00,6.732129999999999503e-01,1.651990000000000125e-01,-2.495999999999999885e-01
1.667864000000000013e+00,2.396795000000000009e+00,6.482529999999999681e-01,1.674460000000000115e-01,-2.506749999999999812e-01
1.681337000000000081e+00,2.406737000000000126e+00,6.231849999999999890e-01,1.696920000000000095e-01,-2.508520000000000194e-01
1.695238999999999940e+00,2.416466999999999921e+00,5.980999999999999650e-01,1.721920000000000117e-01,-2.499889999999999890e-01
1.709589000000000025e+00,2.425983000000000001e+00,5.731009999999999716e-01,1.751880000000000104e-01,-2.479449999999999987e-01
1.724425000000000097e+00,2.435299000000000103e+00,5.483069999999999888e-01,1.788909999999999945e-01,-2.445839999999999959e-01
1.739803999999999906e+00,2.444436000000000053e+00,5.238479999999999803e-01,1.834560000000000080e-01,-2.397940000000000071e-01
1.755797999999999970e+00,2.453422000000000214e+00,4.998690000000000078e-01,1.889550000000000118e-01,-2.335129999999999983e-01
1.772485000000000088e+00,2.462283999999999917e+00,4.765179999999999971e-01,1.953729999999999911e-01,-2.257429999999999992e-01
1.789946000000000037e+00,2.471048999999999829e+00,4.539429999999999854e-01,2.026310000000000056e-01,-2.165350000000000052e-01
1.808251999999999970e+00,2.479737000000000080e+00,4.322900000000000076e-01,2.106119999999999937e-01,-2.059690000000000132e-01
1.827464999999999895e+00,2.488363000000000103e+00,4.116929999999999756e-01,2.191889999999999949e-01,-1.941430000000000100e-01
1.847636000000000056e+00,2.496938000000000102e+00,3.922789999999999888e-01,2.282399999999999984e-01,-1.811599999999999877e-01
1.868805000000000049e+00,2.505472000000000143e+00,3.741630000000000233e-01,2.376610000000000111e-01,-1.671259999999999968e-01
1.890997999999999957e+00,2.513973000000000013e+00,3.574499999999999900e-01,2.473730000000000095e-01,-1.521490000000000065e-01
1.914236999999999966e+00,2.522451999999999916e+00,3.422350000000000114e-01,2.573269999999999724e-01,-1.363310000000000077e-01
1.938534999999999897e+00,2.530921999999999894e+00,3.286020000000000052e-01,2.675049999999999928e-01,-1.197789999999999966e-01
1.963905000000000012e+00,2.539403000000000077e+00,3.166240000000000165e-01,2.779220000000000024e-01,-1.025979999999999948e-01
1.990359999999999907e+00,2.547921000000000102e+00,3.063640000000000252e-01,2.886219999999999897e-01,-8.489599999999999924e-02
2.017914999999999903e+00,2.556509000000000142e+00,2.978750000000000009e-01,2.996770000000000267e-01,-6.678800000000000014e-02
2.046591999999999967e+00,2.565208000000000155e+00,2.911960000000000104e-01,3.111840000000000162e-01,-4.839600000000000152e-02
2.076421999999999990e+00,2.574069999999999858e+00,2.863559999999999994e-01,3.232519999999999838e-01,-2.985399999999999859e-02
2.107444000000000095e+00,2.583153999999999950e+00,2.833709999999999840e-01,3.359969999999999901e-01,-1.131300000000000014e-02
1.409794999999999909e+00,2.105837999999999877e+00,1.086451999999999973e+00,1.664049999999999974e-01,-9.677800000000000291e-02
1.417615000000000069e+00,2.120527000000000051e+00,1.076773999999999898e+00,1.573559999999999959e-01,-1.027139999999999997e-01
1.425146999999999942e+00,2.134342999999999879e+00,1.066502999999999979e+00,1.487189999999999901e-01,-1.085760000000000058e-01
1.432403000000000093e+00,2.147323999999999788e+00,1.055644999999999945e+00,1.404640000000000055e-01,-1.143470000000000042e-01
1.439392999999999923e+00,2.159508000000000205e+00,1.044211000000000000e+00,1.325820000000000054e-01,-1.200139999999999957e-01
1.446125000000000105e+00,2.170929000000000109e+00,1.032208999999999932e+00,1.250809999999999977e-01,-1.255660000000000109e-01
1.452607999999999899e+00,2.181626000000000065e+00,1.019652999999999921e+00,1.179899999999999977e-01,-1.309919999999999973e-01
1.458852999999999955e+00,2.191637000000000057e+00,1.006553000000000031e+00,1.113620000000000027e-01,-1.362829999999999875e-01
1.464871999999999952e+00,2.201007000000000158e+00,9.929249999999999465e-01,1.052720000000000045e-01,-1.414310000000000012e-01
1.470684000000000102e+00,2.209782999999999831e+00,9.787820000000000409e-01,9.982099999999999307e-02,-1.464280000000000026e-01
1.476315000000000044e+00,2.218026000000000053e+00,9.641389999999999683e-01,9.513299999999999534e-02,-1.512660000000000116e-01
1.481797999999999949e+00,2.225800000000000001e+00,9.490129999999999955e-01,9.135799999999999477e-02,-1.559339999999999893e-01
1.487176999999999971e+00,2.233184000000000058e+00,9.334189999999999987e-01,8.866599999999999482e-02,-1.604210000000000080e-01
1.492510000000000003e+00,2.240266999999999786e+00,9.173769999999999980e-01,8.724300000000000110e-02,-1.647099999999999953e-01
1.497870999999999952e+00,2.247151000000000121e+00,9.009059999999999846e-01,8.728099999999999747e-02,-1.687809999999999866e-01
1.503347999999999907e+00,2.253946000000000005e+00,8.840280000000000360e-01,8.896500000000000241e-02,-1.726070000000000104e-01
1.509047000000000027e+00,2.260777000000000037e+00,8.667669999999999542e-01,9.244600000000000040e-02,-1.761550000000000060e-01
1.515093000000000023e+00,2.267771000000000203e+00,8.491520000000000179e-01,9.781199999999999617e-02,-1.793889999999999929e-01
1.521619999999999973e+00,2.275055000000000049e+00,8.312129999999999797e-01,1.050370000000000054e-01,-1.822650000000000103e-01
1.528769999999999962e+00,2.282750000000000057e+00,8.129859999999999864e-01,1.139130000000000004e-01,-1.847419999999999896e-01
1.536675999999999931e+00,2.290951000000000182e+00,7.945119999999999960e-01,1.239569999999999977e-01,-1.867840000000000056e-01
1.545441999999999982e+00,2.299713999999999814e+00,7.758340000000000236e-01,1.342800000000000105e-01,-1.883730000000000127e-01
1.555115999999999943e+00,2.309026999999999941e+00,7.569970000000000310e-01,1.443240000000000078e-01,-1.895080000000000098e-01
1.565700000000000092e+00,2.318837999999999955e+00,7.380459999999999798e-01,1.537650000000000128e-01,-1.902000000000000079e-01
1.577172999999999936e+00,2.329076000000000146e+00,7.190260000000000540e-01,1.624410000000000021e-01,-1.904579999999999884e-01
1.589496999999999938e+00,2.339658000000000015e+00,6.999800000000000466e-01,1.703030000000000099e-01,-1.902899999999999869e-01
1.602626000000000106e+00,2.350503999999999927e+00,6.809509999999999730e-01,1.773770000000000069e-01,-1.896950000000000025e-01
1.616513000000000089e+00,2.361539000000000055e+00,6.619810000000000416e-01,1.837340000000000084e-01,-1.886660000000000004e-01
1.631110999999999978e+00,2.372695999999999916e+00,6.431149999999999922e-01,1.894770000000000065e-01,-1.871819999999999873e-01
1.646379000000000037e+00,2.383916000000000146e+00,6.243969999999999798e-01,1.947210000000000052e-01,-1.852139999999999898e-01
1.662282000000000037e+00,2.395151999999999948e+00,6.058750000000000524e-01,1.995909999999999906e-01,-1.827239999999999975e-01
1.678790999999999922e+00,2.406368000000000062e+00,5.876029999999999864e-01,2.042120000000000046e-01,-1.796629999999999894e-01
1.695888000000000062e+00,2.417536000000000129e+00,5.696369999999999489e-01,2.087029999999999996e-01,-1.759799999999999975e-01
1.713560999999999890e+00,2.428636000000000017e+00,5.520389999999999464e-01,2.131760000000000044e-01,-1.716260000000000008e-01
1.731807000000000096e+00,2.439659999999999940e+00,5.348760000000000181e-01,2.177280000000000049e-01,-1.665580000000000116e-01
1.750629999999999908e+00,2.450600999999999807e+00,5.182200000000000140e-01,2.224359999999999948e-01,-1.607550000000000090e-01
1.770040999999999976e+00,2.461463999999999874e+00,5.021449999999999525e-01,2.273620000000000085e-01,-1.542290000000000050e-01
1.790054000000000034e+00,2.472252999999999812e+00,4.867219999999999880e-01,2.325460000000000027e-01,-1.470140000000000058e-01
1.810688000000000075e+00,2.482978000000000129e+00,4.720199999999999951e-01,2.380180000000000073e-01,-1.391640000000000099e-01
1.831960999999999951e+00,2.493653000000000119e+00,4.581040000000000112e-01,2.438079999999999969e-01,-1.307399999999999951e-01
1.853898000000000046e+00,2.504291999999999963e+00,4.450299999999999812e-01,2.499500000000000055e-01,-1.218059999999999976e-01
1.876524000000000081e+00,2.514914000000000094e+00,4.328489999999999838e-01,2.564910000000000245e-01,-1.124290000000000012e-01
1.899866999999999972e+00,2.525542000000000176e+00,4.216070000000000095e-01,2.634880000000000000e-01,-1.026730000000000004e-01
1.923964000000000008e+00,2.536201000000000150e+00,4.113390000000000102e-01,2.710110000000000019e-01,-9.260500000000000675e-02
1.948854000000000086e+00,2.546921000000000213e+00,4.020790000000000197e-01,2.791420000000000012e-01,-8.228699999999999903e-02
1.974587000000000092e+00,2.557739000000000207e+00,3.938499999999999779e-01,2.879729999999999790e-01,-7.178600000000000259e-02
2.001218999999999859e+00,2.568694999999999951e+00,3.866709999999999869e-01,2.976039999999999797e-01,-6.116400000000000309e-02
2.028815999999999953e+00,2.579832999999999821e+00,3.805549999999999766e-01,3.081360000000000210e-01,-5.049000000000000016e-02
2.057453999999999894e+00,2.591206000000000120e+00,3.755060000000000064e-01,3.196649999999999769e-01,-3.983400000000000135e-02
1.424879999999999924e+00,2.169556000000000040e+00,1.022799000000000014e+00,5.927000000000000324e-02,-1.388560000000000072e-01
1.428001999999999994e+00,2.174593000000000220e+00,1.008912999999999949e+00,5.693899999999999656e-02,-1.439439999999999886e-01
1.431070999999999982e+00,2.179390000000000160e+00,9.945190000000000419e-01,5.649699999999999861e-02,-1.490839999999999943e-01
1.434183999999999903e+00,2.184104000000000045e+00,9.796099999999999808e-01,5.826400000000000329e-02,-1.543120000000000047e-01
1.437469000000000108e+00,2.188915999999999862e+00,9.641790000000000083e-01,6.256200000000000649e-02,-1.596579999999999944e-01
1.441076000000000024e+00,2.194027000000000172e+00,9.482129999999999725e-01,6.967900000000000482e-02,-1.651469999999999883e-01
1.445186000000000082e+00,2.199654000000000220e+00,9.316990000000000549e-01,7.982899999999999718e-02,-1.707970000000000044e-01
1.450002000000000013e+00,2.206020000000000092e+00,9.146189999999999598e-01,9.308199999999999807e-02,-1.766139999999999932e-01
1.455745999999999984e+00,2.213344999999999896e+00,8.969580000000000330e-01,1.092700000000000060e-01,-1.825930000000000053e-01
1.462641999999999998e+00,2.221820999999999824e+00,8.786979999999999791e-01,1.278509999999999924e-01,-1.887179999999999969e-01
1.470893000000000006e+00,2.231587000000000209e+00,8.598270000000000080e-01,1.477259999999999962e-01,-1.949660000000000004e-01
1.480642000000000014e+00,2.242685999999999957e+00,8.403300000000000214e-01,1.669879999999999975e-01,-2.013149999999999940e-01
1.491908000000000012e+00,2.255011000000000099e+00,8.201979999999999826e-01,1.844919999999999893e-01,-2.077450000000000130e-01
1.504631000000000052e+00,2.268371000000000137e+00,7.994240000000000235e-01,1.996310000000000029e-01,-2.142270000000000008e-01
1.518699999999999939e+00,2.282534000000000063e+00,7.780010000000000536e-01,2.121649999999999925e-01,-2.207199999999999995e-01
1.533976000000000006e+00,2.297255999999999965e+00,7.559289999999999621e-01,2.221039999999999959e-01,-2.271670000000000078e-01
1.550308000000000019e+00,2.312307000000000112e+00,7.332130000000000036e-01,2.296189999999999898e-01,-2.334900000000000031e-01
1.567547999999999941e+00,2.327474000000000043e+00,7.098640000000000505e-01,2.349829999999999974e-01,-2.395869999999999944e-01
1.585552000000000072e+00,2.342573999999999934e+00,6.859049999999999869e-01,2.385279999999999900e-01,-2.453349999999999975e-01
1.604192999999999980e+00,2.357453000000000021e+00,6.613710000000000422e-01,2.406189999999999996e-01,-2.505859999999999754e-01
1.623364999999999947e+00,2.371992999999999796e+00,6.363130000000000175e-01,2.416369999999999907e-01,-2.551649999999999752e-01
1.642981000000000025e+00,2.386102000000000167e+00,6.107960000000000056e-01,2.419620000000000104e-01,-2.588750000000000218e-01
1.662978999999999985e+00,2.399720999999999993e+00,5.849090000000000122e-01,2.419719999999999926e-01,-2.614940000000000042e-01
1.683327000000000018e+00,2.412815999999999850e+00,5.587590000000000057e-01,2.420319999999999971e-01,-2.627820000000000156e-01
1.704015000000000057e+00,2.425374999999999837e+00,5.324809999999999821e-01,2.424870000000000081e-01,-2.624850000000000239e-01
1.725065999999999988e+00,2.437409999999999854e+00,5.062330000000000441e-01,2.436540000000000095e-01,-2.603469999999999951e-01
1.746526000000000023e+00,2.448945999999999845e+00,4.801980000000000137e-01,2.458009999999999917e-01,-2.561280000000000223e-01
1.768469999999999986e+00,2.460020000000000095e+00,4.545850000000000168e-01,2.491319999999999923e-01,-2.496329999999999938e-01
1.790987000000000107e+00,2.470679000000000070e+00,4.296220000000000039e-01,2.537429999999999963e-01,-2.407499999999999918e-01
1.814179999999999904e+00,2.480970000000000120e+00,4.055469999999999908e-01,2.596379999999999799e-01,-2.294809999999999905e-01
1.838152999999999926e+00,2.490937999999999874e+00,3.825990000000000224e-01,2.667089999999999739e-01,-2.159300000000000108e-01
1.863000999999999907e+00,2.500627000000000155e+00,3.610059999999999936e-01,2.747999999999999887e-01,-2.002609999999999946e-01
1.888805999999999985e+00,2.510076000000000196e+00,3.409800000000000053e-01,2.837330000000000130e-01,-1.826730000000000020e-01
1.915631000000000084e+00,2.519318999999999864e+00,3.227119999999999989e-01,2.933419999999999916e-01,-1.633830000000000005e-01
1.943524999999999947e+00,2.528395000000000170e+00,3.063739999999999797e-01,3.034839999999999760e-01,-1.426209999999999978e-01
1.972525000000000084e+00,2.537341000000000069e+00,2.921119999999999828e-01,3.140530000000000266e-01,-1.206170000000000020e-01
2.002653000000000016e+00,2.546203999999999912e+00,2.800500000000000211e-01,3.249819999999999931e-01,-9.760900000000000132e-02
2.033929000000000098e+00,2.555034000000000027e+00,2.702899999999999747e-01,3.362459999999999893e-01,-7.383900000000000186e-02
2.066365999999999925e+00,2.563892000000000060e+00,2.629059999999999730e-01,3.478530000000000233e-01,-4.956100000000000089e-02
2.099978000000000122e+00,2.572849000000000164e+00,2.579500000000000126e-01,3.598419999999999952e-01,-2.503700000000000023e-02
2.134783000000000097e+00,2.581984999999999975e+00,2.554460000000000064e-01,3.722679999999999878e-01,-5.500000000000000331e-04
1.400997000000000048e+00,2.012966000000000033e+00,1.202371999999999996e+00,1.273360000000000047e-01,-4.838400000000000339e-02
1.405612000000000084e+00,2.024833999999999801e+00,1.197534000000000098e+00,1.196979999999999988e-01,-5.429400000000000198e-02
1.410007000000000010e+00,2.035968000000000000e+00,1.192104000000000052e+00,1.126219999999999999e-01,-6.014200000000000101e-02
1.414201999999999959e+00,2.046419999999999906e+00,1.186090000000000089e+00,1.061020000000000019e-01,-6.594500000000000361e-02
1.418215999999999921e+00,2.056240999999999985e+00,1.179496000000000100e+00,1.001579999999999970e-01,-7.172599999999999809e-02
1.422069000000000027e+00,2.065485999999999933e+00,1.172323000000000004e+00,9.483400000000000163e-02,-7.751500000000000057e-02
1.425783000000000023e+00,2.074212000000000167e+00,1.164571999999999941e+00,9.020699999999999552e-02,-8.334600000000000342e-02
1.429381999999999930e+00,2.082484000000000002e+00,1.156236999999999959e+00,8.638099999999999945e-02,-8.926199999999999413e-02
1.432895999999999948e+00,2.090374999999999872e+00,1.147310999999999970e+00,8.349700000000000177e-02,-9.531199999999999395e-02
1.436363999999999974e+00,2.097970000000000113e+00,1.137779000000000096e+00,8.172400000000000497e-02,-1.015500000000000014e-01
1.439831000000000083e+00,2.105370999999999881e+00,1.127623999999999960e+00,8.126500000000000390e-02,-1.080369999999999941e-01
1.443354999999999944e+00,2.112693000000000154e+00,1.116821000000000064e+00,8.235199999999999465e-02,-1.148389999999999966e-01
1.447008999999999990e+00,2.120073000000000096e+00,1.105337000000000014e+00,8.523500000000000520e-02,-1.220259999999999956e-01
1.450881000000000087e+00,2.127667000000000197e+00,1.093134000000000050e+00,9.017699999999999327e-02,-1.296700000000000075e-01
1.455078000000000094e+00,2.135648000000000213e+00,1.080167000000000099e+00,9.742299999999999571e-02,-1.378429999999999933e-01
1.459727999999999914e+00,2.144209000000000032e+00,1.066383000000000081e+00,1.071779999999999955e-01,-1.466119999999999923e-01
1.464976000000000056e+00,2.153554000000000190e+00,1.051722000000000046e+00,1.195539999999999936e-01,-1.560400000000000120e-01
1.470987000000000045e+00,2.163888000000000034e+00,1.036118000000000094e+00,1.345030000000000114e-01,-1.661759999999999904e-01
1.477937000000000056e+00,2.175403000000000198e+00,1.019500000000000073e+00,1.517219999999999958e-01,-1.770529999999999882e-01
1.485997999999999930e+00,2.188255999999999979e+00,1.001794999999999991e+00,1.705170000000000019e-01,-1.886799999999999866e-01
1.495319999999999983e+00,2.202533999999999992e+00,9.829269999999999952e-01,1.896170000000000078e-01,-2.010349999999999915e-01
1.505994000000000055e+00,2.218205999999999900e+00,9.628229999999999844e-01,2.069249999999999978e-01,-2.140559999999999963e-01
1.517994999999999983e+00,2.235062000000000104e+00,9.414179999999999771e-01,2.212379999999999902e-01,-2.276380000000000070e-01
1.531220000000000026e+00,2.252797000000000160e+00,9.186539999999999706e-01,2.319849999999999968e-01,-2.416359999999999897e-01
1.545520999999999923e+00,2.271062999999999832e+00,8.944900000000000073e-01,2.390349999999999975e-01,-2.558679999999999843e-01
1.560718999999999967e+00,2.289512000000000214e+00,8.689040000000000097e-01,2.425650000000000028e-01,-2.701200000000000268e-01
1.576629000000000058e+00,2.307821000000000122e+00,8.418919999999999737e-01,2.429560000000000053e-01,-2.841460000000000097e-01
1.593066000000000093e+00,2.325711000000000084e+00,8.134770000000000056e-01,2.407330000000000025e-01,-2.976730000000000209e-01
1.609861999999999904e+00,2.342956000000000039e+00,7.837100000000000177e-01,2.365099999999999980e-01,-3.104049999999999865e-01
1.626870000000000038e+00,2.359389000000000181e+00,7.526690000000000325e-01,2.309609999999999996e-01,-3.220210000000000017e-01
1.643979000000000079e+00,2.374903000000000208e+00,7.204669999999999686e-01,2.247939999999999938e-01,-3.321830000000000060e-01
1.661114999999999897e+00,2.389450000000000074e+00,6.872489999999999988e-01,2.187300000000000078e-01,-3.405380000000000074e-01
1.678255999999999970e+00,2.403036000000000172e+00,6.531949999999999701e-01,2.134780000000000011e-01,-3.467259999999999787e-01
1.695429999999999993e+00,2.415713000000000221e+00,6.185220000000000162e-01,2.097090000000000065e-01,-3.503919999999999813e-01
1.712725999999999971e+00,2.427570999999999923e+00,5.834829999999999739e-01,2.080170000000000075e-01,-3.512069999999999914e-01
1.730283000000000015e+00,2.438724000000000114e+00,5.483620000000000161e-01,2.088609999999999911e-01,-3.488979999999999859e-01
1.748293000000000097e+00,2.449298999999999893e+00,5.134729999999999572e-01,2.124939999999999884e-01,-3.432939999999999880e-01
1.766977999999999938e+00,2.459417000000000186e+00,4.791429999999999856e-01,2.189029999999999865e-01,-3.343690000000000273e-01
1.786567999999999934e+00,2.469181999999999988e+00,4.457059999999999911e-01,2.278419999999999890e-01,-3.222229999999999817e-01
1.807282000000000055e+00,2.478670999999999847e+00,4.134840000000000182e-01,2.389330000000000065e-01,-3.070339999999999736e-01
1.829304999999999959e+00,2.487934000000000090e+00,3.827809999999999824e-01,2.517320000000000113e-01,-2.890209999999999724e-01
1.852789000000000019e+00,2.496998000000000051e+00,3.538789999999999991e-01,2.657860000000000222e-01,-2.684300000000000019e-01
1.877841000000000093e+00,2.505872000000000099e+00,3.270359999999999934e-01,2.806660000000000266e-01,-2.455150000000000110e-01
1.904528999999999916e+00,2.514561000000000046e+00,3.024839999999999751e-01,2.959860000000000269e-01,-2.205370000000000108e-01
1.932878000000000096e+00,2.523066000000000031e+00,2.804300000000000126e-01,3.114219999999999766e-01,-1.937599999999999878e-01
1.962885999999999909e+00,2.531394999999999840e+00,2.610540000000000083e-01,3.267189999999999817e-01,-1.654539999999999900e-01
1.994518999999999931e+00,2.539566000000000212e+00,2.445090000000000041e-01,3.416879999999999917e-01,-1.358939999999999870e-01
2.027725999999999917e+00,2.547611999999999988e+00,2.309199999999999864e-01,3.562109999999999999e-01,-1.053710000000000063e-01
2.062444000000000166e+00,2.555581999999999798e+00,2.203829999999999956e-01,3.702329999999999788e-01,-7.418700000000000294e-02
2.098602000000000078e+00,2.563540999999999848e+00,2.129639999999999866e-01,3.837499999999999800e-01,-4.266999999999999960e-02
2.136127000000000109e+00,2.571572000000000191e+00,2.086969999999999936e-01,3.968039999999999901e-01,-1.117100000000000037e-02
1.412260999999999989e+00,1.925111999999999934e+00,1.270469999999999988e+00,2.153019999999999934e-01,3.128600000000000131e-02
1.418598000000000026e+00,1.945688000000000084e+00,1.273598999999999926e+00,1.990470000000000017e-01,2.113400000000000001e-02
1.424406999999999979e+00,1.964726999999999890e+00,1.275711999999999957e+00,1.842769999999999964e-01,1.101000000000000069e-02
1.429756999999999945e+00,1.982361000000000040e+00,1.276812999999999976e+00,1.708570000000000089e-01,9.740000000000000394e-04
1.434706999999999955e+00,1.998714000000000102e+00,1.276909999999999989e+00,1.586400000000000032e-01,-8.921999999999999376e-03
1.439308999999999950e+00,2.013895999999999908e+00,1.276018000000000097e+00,1.474769999999999970e-01,-1.864000000000000032e-02
1.443607000000000085e+00,2.028003000000000000e+00,1.274154000000000009e+00,1.372299999999999909e-01,-2.815199999999999994e-02
1.447635999999999923e+00,2.041120999999999963e+00,1.271338999999999997e+00,1.277729999999999977e-01,-3.744299999999999712e-02
1.451429000000000080e+00,2.053322999999999787e+00,1.267595000000000027e+00,1.190070000000000017e-01,-4.650599999999999873e-02
1.455008000000000079e+00,2.064671999999999841e+00,1.262944000000000067e+00,1.108529999999999932e-01,-5.534499999999999836e-02
1.458396999999999943e+00,2.075226999999999933e+00,1.257409999999999917e+00,1.032659999999999967e-01,-6.397600000000000509e-02
1.461610999999999994e+00,2.085039999999999782e+00,1.251012000000000013e+00,9.623400000000000010e-02,-7.242099999999999926e-02
1.464669999999999916e+00,2.094164999999999832e+00,1.243770000000000042e+00,8.978099999999999969e-02,-8.071399999999999408e-02
1.467587999999999893e+00,2.102656000000000081e+00,1.235699000000000103e+00,8.396800000000000097e-02,-8.889800000000000479e-02
1.470385000000000053e+00,2.110573000000000032e+00,1.226809000000000038e+00,7.889999999999999791e-02,-9.702600000000000113e-02
1.473081000000000085e+00,2.117987999999999982e+00,1.217106000000000021e+00,7.472299999999999776e-02,-1.051590000000000025e-01
1.475705999999999962e+00,2.124983999999999984e+00,1.206590000000000051e+00,7.162499999999999423e-02,-1.133659999999999946e-01
1.478296000000000054e+00,2.131661999999999946e+00,1.195254000000000039e+00,6.983899999999999830e-02,-1.217229999999999979e-01
1.480896999999999908e+00,2.138142999999999905e+00,1.183081000000000049e+00,6.963199999999999945e-02,-1.303120000000000112e-01
1.483570999999999973e+00,2.144572000000000145e+00,1.170050000000000034e+00,7.130200000000000427e-02,-1.392210000000000114e-01
1.486398000000000108e+00,2.151117999999999864e+00,1.156128000000000045e+00,7.516100000000000558e-02,-1.485350000000000004e-01
1.489476999999999940e+00,2.157973999999999837e+00,1.141275000000000039e+00,8.151300000000000212e-02,-1.583380000000000065e-01
1.492930000000000090e+00,2.165357999999999894e+00,1.125440999999999914e+00,9.061700000000000310e-02,-1.687089999999999979e-01
1.496903000000000095e+00,2.173502000000000045e+00,1.108570000000000055e+00,1.026289999999999980e-01,-1.797130000000000116e-01
1.501562000000000063e+00,2.182646999999999782e+00,1.090599000000000096e+00,1.175289999999999946e-01,-1.913980000000000126e-01
1.507090000000000041e+00,2.193017999999999912e+00,1.071458999999999939e+00,1.350049999999999861e-01,-2.037889999999999979e-01
1.513675000000000104e+00,2.204803000000000068e+00,1.051080000000000014e+00,1.543009999999999937e-01,-2.168799999999999895e-01
1.521482999999999919e+00,2.218112000000000084e+00,1.029392000000000085e+00,1.739960000000000118e-01,-2.306290000000000007e-01
1.530621000000000009e+00,2.232918000000000180e+00,1.006329000000000029e+00,1.917169999999999985e-01,-2.449500000000000011e-01
1.541074999999999973e+00,2.248988999999999905e+00,9.818339999999999845e-01,2.061250000000000027e-01,-2.597090000000000232e-01
1.552745999999999960e+00,2.265978000000000048e+00,9.558630000000000182e-01,2.166130000000000000e-01,-2.747310000000000030e-01
1.565484000000000098e+00,2.283497000000000110e+00,9.283900000000000485e-01,2.230860000000000065e-01,-2.898020000000000040e-01
1.579107000000000038e+00,2.301162000000000152e+00,8.994100000000000428e-01,2.258040000000000047e-01,-3.046740000000000004e-01
1.593420000000000059e+00,2.318624999999999936e+00,8.689419999999999922e-01,2.252619999999999900e-01,-3.190700000000000203e-01
1.608235999999999999e+00,2.335592000000000112e+00,8.370349999999999735e-01,2.221120000000000039e-01,-3.326910000000000145e-01
1.623382000000000103e+00,2.351837000000000177e+00,8.037659999999999805e-01,2.170930000000000082e-01,-3.452250000000000041e-01
1.638714999999999922e+00,2.367204000000000086e+00,7.692440000000000389e-01,2.109870000000000079e-01,-3.563520000000000021e-01
1.654131000000000018e+00,2.381606999999999807e+00,7.336089999999999556e-01,2.045740000000000058e-01,-3.657540000000000235e-01
1.669572999999999974e+00,2.395023999999999820e+00,6.970330000000000137e-01,1.985870000000000135e-01,-3.731309999999999905e-01
1.685033999999999921e+00,2.407484999999999875e+00,6.597199999999999731e-01,1.936579999999999968e-01,-3.782190000000000274e-01
1.700557000000000096e+00,2.419061999999999824e+00,6.218979999999999508e-01,1.903080000000000049e-01,-3.807920000000000194e-01
1.716231999999999980e+00,2.429851999999999901e+00,5.838189999999999769e-01,1.889679999999999971e-01,-3.806379999999999764e-01
1.732193000000000094e+00,2.439964999999999939e+00,5.457549999999999901e-01,1.899859999999999882e-01,-3.775580000000000047e-01
1.748613999999999891e+00,2.449517999999999862e+00,5.079989999999999783e-01,1.936259999999999926e-01,-3.713670000000000027e-01
1.765703000000000022e+00,2.458619999999999806e+00,4.708629999999999760e-01,2.000419999999999976e-01,-3.619100000000000095e-01
1.783690999999999915e+00,2.467370999999999981e+00,4.346720000000000028e-01,2.092410000000000103e-01,-3.490909999999999846e-01
1.802818999999999949e+00,2.475849000000000188e+00,3.997629999999999795e-01,2.210290000000000032e-01,-3.329179999999999917e-01
1.823317999999999994e+00,2.484110999999999958e+00,3.664709999999999912e-01,2.350319999999999909e-01,-3.135040000000000049e-01
1.845388999999999946e+00,2.492188000000000070e+00,3.351199999999999735e-01,2.507909999999999862e-01,-2.910309999999999842e-01
1.869189999999999907e+00,2.500090000000000146e+00,3.060169999999999835e-01,2.678209999999999757e-01,-2.657280000000000197e-01
1.894832000000000072e+00,2.507817999999999881e+00,2.794440000000000257e-01,2.856620000000000270e-01,-2.378589999999999871e-01
1.922380999999999895e+00,2.515369999999999884e+00,2.556590000000000251e-01,3.039040000000000075e-01,-2.077120000000000077e-01
1.951861000000000068e+00,2.522749000000000130e+00,2.348870000000000124e-01,3.222050000000000192e-01,-1.756040000000000101e-01
1.983260999999999941e+00,2.529973000000000027e+00,2.173269999999999924e-01,3.402979999999999894e-01,-1.418729999999999991e-01
2.016541999999999835e+00,2.537074000000000051e+00,2.031399999999999872e-01,3.579899999999999749e-01,-1.068840000000000068e-01
2.051642000000000188e+00,2.544109000000000176e+00,1.924510000000000109e-01,3.751519999999999855e-01,-7.103399999999999992e-02
2.088490000000000180e+00,2.551152999999999782e+00,1.853480000000000127e-01,3.917030000000000234e-01,-3.474800000000000111e-02
2.127002000000000059e+00,2.558304999999999829e+00,1.818730000000000069e-01,4.075920000000000099e-01,1.513999999999999938e-03
2.167088000000000125e+00,2.565679999999999961e+00,1.820239999999999914e-01,4.227710000000000079e-01,3.725400000000000239e-02
1.422973999999999961e+00,2.125738000000000127e+00,9.819369999999999488e-01,3.001710000000000211e-01,-1.923040000000000027e-01
1.439885000000000081e+00,2.150538000000000061e+00,9.627069999999999794e-01,3.192189999999999750e-01,-2.118269999999999875e-01
1.458398000000000083e+00,2.176541999999999977e+00,9.415240000000000276e-01,3.324540000000000273e-01,-2.321880000000000055e-01
1.478275000000000006e+00,2.203190000000000204e+00,9.183050000000000379e-01,3.402169999999999916e-01,-2.531209999999999849e-01
1.499271999999999938e+00,2.229959000000000024e+00,8.929930000000000367e-01,3.430460000000000176e-01,-2.743180000000000063e-01
1.521147000000000027e+00,2.256381999999999888e+00,8.655610000000000248e-01,3.415960000000000107e-01,-2.954330000000000012e-01
1.543671000000000015e+00,2.282061999999999813e+00,8.360180000000000389e-01,3.366040000000000143e-01,-3.160859999999999781e-01
1.566629000000000049e+00,2.306677000000000088e+00,8.044090000000000407e-01,3.288519999999999777e-01,-3.358679999999999999e-01
1.589828999999999937e+00,2.329979999999999940e+00,7.708230000000000359e-01,3.191590000000000260e-01,-3.543359999999999843e-01
1.613113000000000019e+00,2.351806999999999981e+00,7.353889999999999594e-01,3.083650000000000002e-01,-3.710220000000000184e-01
1.636358999999999897e+00,2.372065000000000090e+00,6.982869999999999910e-01,2.973199999999999732e-01,-3.854310000000000236e-01
1.659494999999999942e+00,2.390737000000000112e+00,6.597439999999999971e-01,2.868800000000000239e-01,-3.970500000000000140e-01
1.682506000000000057e+00,2.407865000000000144e+00,6.200390000000000068e-01,2.778820000000000179e-01,-4.053559999999999941e-01
1.705441999999999902e+00,2.423550000000000093e+00,5.795029999999999903e-01,2.711169999999999969e-01,-4.098300000000000276e-01
1.728425000000000100e+00,2.437927000000000177e+00,5.385199999999999987e-01,2.672860000000000236e-01,-4.099889999999999923e-01
1.751646000000000036e+00,2.451160999999999923e+00,4.975209999999999910e-01,2.669360000000000066e-01,-4.054280000000000106e-01
1.775355000000000016e+00,2.463422000000000001e+00,4.569779999999999953e-01,2.703599999999999892e-01,-3.958860000000000157e-01
1.799846000000000057e+00,2.474867999999999846e+00,4.173899999999999832e-01,2.775070000000000037e-01,-3.813259999999999983e-01
1.825423000000000018e+00,2.485631000000000146e+00,3.792570000000000108e-01,2.879669999999999730e-01,-3.619350000000000067e-01
1.852360000000000007e+00,2.495805999999999969e+00,3.430639999999999801e-01,3.011300000000000088e-01,-3.380319999999999991e-01
1.880884999999999918e+00,2.505453999999999848e+00,3.092610000000000081e-01,3.163000000000000256e-01,-3.100209999999999910e-01
1.911157999999999912e+00,2.514612000000000069e+00,2.782580000000000053e-01,3.327700000000000102e-01,-2.783559999999999923e-01
1.943278000000000061e+00,2.523305999999999827e+00,2.504230000000000067e-01,3.498749999999999916e-01,-2.435229999999999895e-01
1.977276999999999951e+00,2.531562999999999786e+00,2.260699999999999932e-01,3.670300000000000229e-01,-2.060279999999999889e-01
2.013128000000000029e+00,2.539420999999999928e+00,2.054680000000000117e-01,3.837479999999999780e-01,-1.663949999999999874e-01
2.050759000000000221e+00,2.546937999999999924e+00,1.888279999999999959e-01,3.996529999999999805e-01,-1.251680000000000015e-01
2.090059999999999807e+00,2.554193000000000158e+00,1.763109999999999955e-01,4.144760000000000111e-01,-8.291500000000000259e-02
2.130895000000000206e+00,2.561294000000000182e+00,1.680200000000000027e-01,4.280559999999999921e-01,-4.023199999999999693e-02
2.173112000000000155e+00,2.568367999999999984e+00,1.639970000000000039e-01,4.403219999999999912e-01,2.250999999999999963e-03
1.405205999999999955e+00,1.930978000000000083e+00,1.293908999999999976e+00,4.630399999999999794e-02,-1.933599999999999902e-02
1.406476000000000059e+00,1.935430999999999901e+00,1.291975000000000096e+00,4.473699999999999899e-02,-2.423200000000000007e-02
1.407712000000000074e+00,1.939729999999999954e+00,1.289552000000000032e+00,4.454199999999999826e-02,-2.953599999999999975e-02
1.408954999999999957e+00,1.944007999999999958e+00,1.286599000000000048e+00,4.595400000000000179e-02,-3.535399999999999654e-02
1.410250999999999921e+00,1.948415999999999926e+00,1.283063000000000065e+00,4.924599999999999811e-02,-4.180799999999999794e-02
1.411658000000000079e+00,1.953135999999999983e+00,1.278882000000000074e+00,5.472400000000000181e-02,-4.902900000000000313e-02
1.413246000000000002e+00,1.958372999999999919e+00,1.273979999999999890e+00,6.271599999999999397e-02,-5.715499999999999747e-02
1.415097000000000049e+00,1.964364999999999917e+00,1.268264000000000058e+00,7.355399999999999439e-02,-6.633200000000000207e-02
1.417311999999999905e+00,1.971378999999999992e+00,1.261630999999999947e+00,8.754599999999999882e-02,-7.670799999999999841e-02
1.420007999999999937e+00,1.979708000000000023e+00,1.253959999999999964e+00,1.049260000000000054e-01,-8.842800000000000660e-02
1.423321000000000058e+00,1.989664000000000099e+00,1.245117000000000029e+00,1.257949999999999902e-01,-1.016249999999999931e-01
1.427405999999999953e+00,2.001561000000000146e+00,1.234955000000000025e+00,1.500190000000000135e-01,-1.164170000000000066e-01
1.432433000000000067e+00,2.015696000000000154e+00,1.223313000000000095e+00,1.770970000000000044e-01,-1.328900000000000081e-01
1.438574000000000019e+00,2.032306999999999864e+00,1.210023999999999988e+00,2.059729999999999894e-01,-1.510849999999999971e-01
1.445990000000000109e+00,2.051521999999999846e+00,1.194914999999999949e+00,2.347750000000000115e-01,-1.709809999999999941e-01
1.454795000000000060e+00,2.073285999999999962e+00,1.177816999999999892e+00,2.604699999999999793e-01,-1.924720000000000042e-01
1.465000000000000080e+00,2.097249999999999837e+00,1.158570000000000100e+00,2.813089999999999757e-01,-2.153569999999999929e-01
1.476547000000000054e+00,2.122901000000000149e+00,1.137035000000000018e+00,2.964609999999999745e-01,-2.393560000000000132e-01
1.489327999999999985e+00,2.149649999999999839e+00,1.113099000000000061e+00,3.057380000000000098e-01,-2.641240000000000254e-01
1.503198999999999952e+00,2.176895000000000024e+00,1.086686999999999959e+00,3.094049999999999856e-01,-2.892589999999999884e-01
1.517992999999999926e+00,2.204067999999999916e+00,1.057760999999999951e+00,3.080410000000000093e-01,-3.143159999999999843e-01
1.533531999999999895e+00,2.230665000000000120e+00,1.026329000000000047e+00,3.024450000000000194e-01,-3.388180000000000081e-01
1.549631999999999898e+00,2.256266000000000105e+00,9.924469999999999681e-01,2.935599999999999876e-01,-3.622650000000000037e-01
1.566121000000000096e+00,2.280550999999999995e+00,9.562209999999999877e-01,2.824309999999999876e-01,-3.841439999999999855e-01
1.582845999999999975e+00,2.303307999999999911e+00,9.178060000000000107e-01,2.701529999999999765e-01,-4.039400000000000213e-01
1.599687999999999999e+00,2.324428000000000161e+00,8.774129999999999985e-01,2.578340000000000076e-01,-4.211469999999999936e-01
1.616579999999999906e+00,2.343904999999999905e+00,8.352979999999999849e-01,2.465459999999999874e-01,-4.352889999999999815e-01
1.633515000000000050e+00,2.361820999999999948e+00,7.917689999999999451e-01,2.372589999999999977e-01,-4.459380000000000011e-01
1.650554999999999994e+00,2.378327000000000080e+00,7.471750000000000336e-01,2.307559999999999889e-01,-4.527559999999999918e-01
1.667832999999999899e+00,2.393619999999999859e+00,7.018999999999999684e-01,2.276060000000000028e-01,-4.554929999999999812e-01
1.685542000000000096e+00,2.407915000000000028e+00,6.563499999999999890e-01,2.281930000000000069e-01,-4.539679999999999827e-01
1.703929999999999945e+00,2.421425000000000161e+00,6.109539999999999971e-01,2.327200000000000102e-01,-4.480569999999999831e-01
1.723284999999999956e+00,2.434343000000000146e+00,5.661479999999999846e-01,2.411770000000000025e-01,-4.377199999999999980e-01
1.743916000000000022e+00,2.446829999999999838e+00,5.223759999999999515e-01,2.532760000000000011e-01,-4.230360000000000231e-01
1.766126000000000085e+00,2.458998999999999935e+00,4.800719999999999987e-01,2.684819999999999984e-01,-4.042080000000000117e-01
1.790183999999999997e+00,2.470914000000000055e+00,4.396510000000000140e-01,2.861279999999999935e-01,-3.815180000000000238e-01
1.816302000000000083e+00,2.482594999999999885e+00,4.014989999999999948e-01,3.054970000000000185e-01,-3.552950000000000275e-01
1.844627999999999934e+00,2.494031999999999805e+00,3.659700000000000175e-01,3.258840000000000070e-01,-3.258949999999999902e-01
1.875242999999999993e+00,2.505196000000000200e+00,3.333809999999999829e-01,3.466319999999999957e-01,-2.936960000000000126e-01
1.908158999999999939e+00,2.516056999999999988e+00,3.040109999999999757e-01,3.671590000000000131e-01,-2.590910000000000157e-01
1.943330000000000002e+00,2.526593000000000089e+00,2.781020000000000159e-01,3.869699999999999807e-01,-2.224879999999999913e-01
1.980655000000000054e+00,2.536801000000000084e+00,2.558529999999999971e-01,4.056609999999999938e-01,-1.843120000000000036e-01
2.019992999999999927e+00,2.546705000000000219e+00,2.374219999999999942e-01,4.229229999999999934e-01,-1.450079999999999980e-01
2.061170000000000169e+00,2.556353999999999793e+00,2.229210000000000080e-01,4.385319999999999774e-01,-1.050460000000000005e-01
2.103988000000000191e+00,2.565824000000000105e+00,2.124159999999999937e-01,4.523449999999999971e-01,-6.492299999999999460e-02
2.148236999999999952e+00,2.575216999999999867e+00,2.059239999999999959e-01,4.642870000000000053e-01,-2.516900000000000040e-02
1.402759000000000089e+00,2.031588000000000171e+00,1.037095000000000100e+00,4.999979999999999980e-01,-1.912439999999999973e-01
1.428604999999999903e+00,2.074387999999999899e+00,1.017970000000000041e+00,4.999979999999999980e-01,-1.896210000000000118e-01
1.455262000000000056e+00,2.116689000000000043e+00,9.990080000000000071e-01,4.999979999999999980e-01,-1.792100000000000082e-01
1.482693999999999956e+00,2.158491000000000160e+00,9.810870000000000424e-01,4.999979999999999980e-01,-1.582189999999999985e-01
1.510826999999999920e+00,2.199824000000000002e+00,9.652650000000000396e-01,4.999979999999999980e-01,-1.249269999999999964e-01
1.539543000000000106e+00,2.240755000000000052e+00,9.527729999999999810e-01,4.999979999999999980e-01,-7.788100000000000578e-02
1.568672999999999984e+00,2.281393000000000004e+00,9.449849999999999639e-01,4.999979999999999980e-01,-1.616000000000000075e-02
1.597992999999999997e+00,2.321893999999999902e+00,9.433690000000000131e-01,4.999979999999999980e-01,6.023400000000000282e-02
1.627224000000000004e+00,2.362458999999999865e+00,9.493920000000000137e-01,4.999979999999999980e-01,1.499739999999999962e-01
1.656026999999999916e+00,2.403328000000000131e+00,9.643890000000000517e-01,4.999990000000000268e-01,2.504939999999999944e-01
1.684004999999999974e+00,2.444765999999999995e+00,9.894389999999999574e-01,4.999950000000000228e-01,3.584370000000000056e-01
1.710707999999999895e+00,2.487033999999999967e+00,1.025282000000000027e+00,4.899800000000000266e-01,4.699960000000000249e-01
1.735138000000000069e+00,2.529503000000000057e+00,1.072281999999999957e+00,4.624800000000000022e-01,5.811849999999999516e-01
1.866916999999999938e+00,2.577192000000000149e+00,2.488046999999999898e+00,-1.999990000000000101e-01,8.398590000000000222e-01
1.883286999999999933e+00,2.565711999999999993e+00,2.572032000000000096e+00,-1.999990000000000101e-01,7.747000000000000552e-01
1.900530000000000053e+00,2.555590000000000028e+00,2.649502000000000024e+00,-1.999990000000000101e-01,7.054920000000000080e-01
1.918476000000000070e+00,2.546769999999999978e+00,2.720051999999999914e+00,-1.999990000000000101e-01,6.331339999999999746e-01
1.936971999999999916e+00,2.539169999999999927e+00,2.783364999999999867e+00,-1.999990000000000101e-01,5.585219999999999629e-01
1.955888000000000071e+00,2.532684000000000157e+00,2.839217000000000102e+00,-1.999990000000000101e-01,4.824829999999999952e-01
1.975117000000000012e+00,2.527191000000000187e+00,2.887465000000000170e+00,-1.999990000000000101e-01,4.057350000000000123e-01
1.994571000000000094e+00,2.522556999999999938e+00,2.928039000000000058e+00,-1.999990000000000101e-01,3.288650000000000184e-01
2.014183000000000057e+00,2.518641000000000130e+00,2.960925000000000029e+00,-1.999990000000000101e-01,2.523259999999999947e-01
2.033900000000000041e+00,2.515296000000000198e+00,2.986158000000000090e+00,-1.999990000000000101e-01,1.764290000000000025e-01
2.053685999999999900e+00,2.512373999999999885e+00,3.003801000000000165e+00,-1.999990000000000101e-01,1.013519999999999976e-01
2.073509000000000047e+00,2.509726999999999819e+00,3.013936000000000170e+00,-1.999990000000000101e-01,2.713300000000000087e-02
2.093350000000000044e+00,2.507207999999999881e+00,3.016649000000000136e+00,-1.999990000000000101e-01,-4.633799999999999725e-02
2.113188000000000066e+00,2.504669999999999952e+00,3.012016000000000027e+00,-1.999990000000000101e-01,-1.192899999999999933e-01
2.133004999999999818e+00,2.501967000000000052e+00,3.000087000000000170e+00,-1.999990000000000101e-01,-1.920099999999999862e-01
2.152775999999999801e+00,2.498956000000000177e+00,2.980884999999999785e+00,-1.999990000000000101e-01,-2.647880000000000233e-01
2.172473999999999794e+00,2.495495000000000019e+00,2.954406999999999783e+00,-1.999990000000000101e-01,-3.378709999999999769e-01
2.192057999999999840e+00,2.491442000000000156e+00,2.920619999999999994e+00,-1.999990000000000101e-01,-4.114209999999999812e-01
2.211476000000000219e+00,2.486657999999999813e+00,2.879477000000000064e+00,-1.999990000000000101e-01,-4.854829999999999979e-01
2.230659000000000169e+00,2.481008999999999798e+00,2.830928999999999807e+00,-1.999990000000000101e-01,-5.599429999999999685e-01
2.249521000000000104e+00,2.474365000000000148e+00,2.774935000000000151e+00,-1.999990000000000101e-01,-6.345070000000000432e-01
2.267951000000000050e+00,2.466607999999999912e+00,2.711484000000000005e+00,-1.999990000000000101e-01,-7.086660000000000181e-01
2.285819000000000045e+00,2.457631999999999817e+00,2.640617999999999910e+00,-1.999990000000000101e-01,-7.816840000000000455e-01
2.302967999999999904e+00,2.447350999999999832e+00,2.562448999999999977e+00,-1.999990000000000101e-01,-8.525760000000000005e-01
2.319220000000000059e+00,2.435705000000000009e+00,2.477192000000000061e+00,-1.999990000000000101e-01,-9.201110000000000122e-01
2.334376999999999924e+00,2.422667000000000126e+00,2.385181000000000218e+00,-1.999990000000000101e-01,-9.828280000000000349e-01
2.348224999999999785e+00,2.408247999999999944e+00,2.286897999999999875e+00,-1.999970000000000081e-01,-1.039061999999999930e+00
2.360546999999999951e+00,2.392507000000000161e+00,2.182992000000000044e+00,-1.898829999999999962e-01,-1.087020000000000097e+00
2.370594000000000090e+00,2.376405000000000101e+00,2.074289999999999967e+00,-1.631380000000000052e-01,-1.124878999999999962e+00
2.377645999999999926e+00,2.361704000000000025e+00,1.961802000000000046e+00,-1.194069999999999993e-01,-1.150935999999999959e+00
2.381552000000000113e+00,2.350426999999999822e+00,1.846708000000000016e+00,-6.151399999999999924e-02,-1.163774000000000086e+00
2.382880000000000109e+00,2.344424000000000063e+00,1.730331000000000063e+00,7.295000000000000269e-03,-1.162412000000000001e+00
2.382805999999999980e+00,2.345149999999999846e+00,1.614089000000000107e+00,8.609200000000000186e-02,-1.146419999999999995e+00
2.382927000000000017e+00,2.353753000000000206e+00,1.499446999999999974e+00,1.709730000000000139e-01,-1.115953999999999890e+00
2.385094000000000047e+00,2.370703999999999922e+00,1.387852000000000086e+00,2.563099999999999823e-01,-1.071763000000000021e+00
2.391096999999999806e+00,2.395608999999999877e+00,1.280675999999999926e+00,3.358180000000000054e-01,-1.015158000000000005e+00
2.402318999999999871e+00,2.427245000000000097e+00,1.179159999999999986e+00,4.034860000000000113e-01,-9.479520000000000168e-01
1.406808999999999976e+00,1.910908000000000051e+00,1.302415000000000100e+00,5.311400000000000149e-02,-2.858000000000000124e-02
1.408225000000000060e+00,1.916028000000000064e+00,1.299557000000000073e+00,6.686999999999999889e-02,-3.852200000000000069e-02
1.410028999999999977e+00,1.922466999999999926e+00,1.295705000000000107e+00,8.423899999999999444e-02,-5.005799999999999833e-02
1.412338000000000093e+00,1.930568000000000062e+00,1.290699000000000041e+00,1.054699999999999943e-01,-6.338799999999999990e-02
1.415284999999999904e+00,1.940695000000000059e+00,1.284359999999999946e+00,1.306499999999999884e-01,-7.870000000000000606e-02
1.419025999999999899e+00,1.953213000000000088e+00,1.276489999999999903e+00,1.595920000000000116e-01,-9.616099999999999648e-02
1.423729000000000022e+00,1.968463000000000074e+00,1.266874000000000056e+00,1.916839999999999933e-01,-1.159020000000000050e-01
1.429570999999999925e+00,1.986718999999999902e+00,1.255284000000000066e+00,2.256700000000000095e-01,-1.379910000000000025e-01
1.436720999999999915e+00,2.008122999999999880e+00,1.241484999999999950e+00,2.593570000000000042e-01,-1.624109999999999998e-01
1.445308000000000037e+00,2.032595999999999847e+00,1.225244000000000000e+00,2.892149999999999999e-01,-1.890169999999999906e-01
1.455359999999999987e+00,2.059714000000000045e+00,1.206342000000000025e+00,3.132240000000000024e-01,-2.175269999999999981e-01
1.466841999999999979e+00,2.088855000000000128e+00,1.184590000000000032e+00,3.304429999999999867e-01,-2.475479999999999903e-01
1.479667000000000066e+00,2.119308999999999887e+00,1.159834999999999949e+00,3.406989999999999741e-01,-2.785920000000000063e-01
1.493711000000000011e+00,2.150348000000000148e+00,1.131976000000000093e+00,3.443599999999999994e-01,-3.100999999999999868e-01
1.508823000000000025e+00,2.181290000000000173e+00,1.100965999999999889e+00,3.421710000000000029e-01,-3.414590000000000125e-01
1.524831999999999965e+00,2.211529000000000078e+00,1.066820000000000102e+00,3.351430000000000242e-01,-3.720249999999999946e-01
1.541557999999999984e+00,2.240568000000000115e+00,1.029617000000000004e+00,3.244580000000000242e-01,-4.011359999999999926e-01
1.558826000000000045e+00,2.268034999999999801e+00,9.895040000000000502e-01,3.113989999999999814e-01,-4.281389999999999918e-01
1.576476999999999906e+00,2.293686000000000114e+00,9.466900000000000315e-01,2.972799999999999887e-01,-4.524070000000000036e-01
1.594389000000000056e+00,2.317409000000000052e+00,9.014489999999999448e-01,2.833709999999999840e-01,-4.733700000000000130e-01
1.612490999999999897e+00,2.339207000000000036e+00,8.541119999999999823e-01,2.708030000000000159e-01,-4.905570000000000208e-01
1.630773000000000028e+00,2.359180999999999973e+00,8.050559999999999938e-01,2.604429999999999801e-01,-5.036410000000000053e-01
1.649288000000000087e+00,2.377492999999999856e+00,7.546920000000000295e-01,2.528670000000000084e-01,-5.124339999999999451e-01
1.668144999999999989e+00,2.394337000000000160e+00,7.034489999999999910e-01,2.484540000000000082e-01,-5.168190000000000284e-01
1.687499000000000082e+00,2.409911999999999832e+00,6.517669999999999852e-01,2.474490000000000023e-01,-5.166979999999999906e-01
1.707551000000000041e+00,2.424406999999999979e+00,6.000969999999999915e-01,2.500040000000000040e-01,-5.119730000000000114e-01
1.728534999999999933e+00,2.437990999999999797e+00,5.489000000000000545e-01,2.561860000000000248e-01,-5.025389999999999580e-01
1.750717000000000079e+00,2.450803000000000065e+00,4.986459999999999781e-01,2.659739999999999882e-01,-4.882929999999999771e-01
1.774377000000000093e+00,2.462947000000000219e+00,4.498170000000000224e-01,2.792169999999999930e-01,-4.691670000000000007e-01
1.799797000000000091e+00,2.474493999999999971e+00,4.028999999999999804e-01,2.955800000000000094e-01,-4.451809999999999934e-01
1.827237000000000000e+00,2.485473999999999961e+00,3.583819999999999784e-01,3.144959999999999978e-01,-4.164999999999999813e-01
1.856910000000000061e+00,2.495889000000000024e+00,3.167320000000000135e-01,3.352120000000000100e-01,-3.834270000000000178e-01
1.888956000000000079e+00,2.505716000000000054e+00,2.783889999999999976e-01,3.569019999999999970e-01,-3.463660000000000072e-01
1.923435000000000006e+00,2.514927999999999830e+00,2.437519999999999964e-01,3.787510000000000043e-01,-3.057849999999999735e-01
1.960323999999999955e+00,2.523505000000000109e+00,2.131740000000000024e-01,4.000070000000000014e-01,-2.622039999999999926e-01
1.999525999999999915e+00,2.531454999999999789e+00,1.869540000000000091e-01,4.200180000000000025e-01,-2.161879999999999913e-01
2.040877000000000052e+00,2.538815000000000044e+00,1.653350000000000097e-01,4.382519999999999749e-01,-1.683379999999999876e-01
2.084163000000000210e+00,2.545662999999999787e+00,1.485009999999999941e-01,4.543099999999999916e-01,-1.192929999999999963e-01
2.129132999999999942e+00,2.552116999999999969e+00,1.365719999999999990e-01,4.679260000000000086e-01,-6.972799999999999832e-02
2.175511999999999890e+00,2.558326000000000100e+00,1.295989999999999920e-01,4.789680000000000049e-01,-2.035800000000000110e-02
1.428889999999999993e+00,1.834686999999999957e+00,1.356573999999999947e+00,1.185800000000000048e-01,8.907600000000000240e-02
1.431359000000000048e+00,1.846284999999999954e+00,1.365480999999999945e+00,1.032010000000000011e-01,8.193799999999999695e-02
1.433421999999999974e+00,1.856397000000000075e+00,1.373674999999999979e+00,8.953600000000000447e-02,7.510200000000000209e-02
1.435141999999999918e+00,1.865183999999999953e+00,1.381185000000000107e+00,7.742300000000000570e-02,6.857699999999999907e-02
1.436574999999999935e+00,1.872792000000000012e+00,1.388042999999999916e+00,6.671000000000000540e-02,6.235999999999999877e-02
1.437767000000000017e+00,1.879356000000000027e+00,1.394279000000000046e+00,5.725700000000000234e-02,5.642799999999999899e-02
1.438757000000000064e+00,1.884995999999999894e+00,1.399922000000000111e+00,4.894500000000000239e-02,5.074499999999999844e-02
1.439577000000000107e+00,1.889820999999999973e+00,1.404995999999999912e+00,4.168000000000000177e-02,4.525599999999999762e-02
1.440255999999999981e+00,1.893933000000000089e+00,1.409521999999999942e+00,3.539799999999999891e-02,3.989399999999999891e-02
1.440817000000000014e+00,1.897427999999999892e+00,1.413510999999999962e+00,3.007200000000000151e-02,3.457500000000000157e-02
1.441283000000000092e+00,1.900398999999999949e+00,1.416968999999999923e+00,2.571000000000000021e-02,2.919800000000000173e-02
1.441672999999999982e+00,1.902940000000000076e+00,1.419888000000000039e+00,2.236300000000000093e-02,2.364700000000000135e-02
1.442007000000000039e+00,1.905151999999999957e+00,1.422252999999999989e+00,2.012900000000000106e-02,1.778899999999999926e-02
1.442302999999999891e+00,1.907143000000000033e+00,1.424031999999999965e+00,1.915199999999999889e-02,1.147300000000000056e-02
1.442582000000000031e+00,1.909037000000000095e+00,1.425178999999999974e+00,1.962900000000000061e-02,4.532999999999999703e-03
1.442865999999999982e+00,1.910979999999999901e+00,1.425632999999999928e+00,2.181100000000000053e-02,-3.213000000000000144e-03
1.443181999999999965e+00,1.913138000000000005e+00,1.425310999999999995e+00,2.599800000000000028e-02,-1.196099999999999941e-02
1.443559999999999954e+00,1.915710000000000024e+00,1.424115000000000020e+00,3.253700000000000342e-02,-2.191799999999999998e-02
1.444039999999999990e+00,1.918927999999999967e+00,1.421923000000000048e+00,4.180899999999999894e-02,-3.329700000000000021e-02
1.444666999999999923e+00,1.923062000000000049e+00,1.418593999999999911e+00,5.420699999999999824e-02,-4.630999999999999700e-02
1.445500999999999925e+00,1.928417999999999966e+00,1.413963000000000081e+00,7.010199999999999765e-02,-6.116499999999999715e-02
1.446617000000000042e+00,1.935338999999999920e+00,1.407845999999999931e+00,8.979099999999999582e-02,-7.804899999999999338e-02
1.448107999999999951e+00,1.944193000000000060e+00,1.400041000000000091e+00,1.134109999999999979e-01,-9.712099999999999900e-02
1.450090000000000101e+00,1.955359999999999987e+00,1.390328999999999926e+00,1.408250000000000057e-01,-1.184909999999999991e-01
1.452698999999999963e+00,1.969198000000000004e+00,1.378479999999999928e+00,1.714549999999999963e-01,-1.422080000000000011e-01
1.456096000000000057e+00,1.986004000000000103e+00,1.364259000000000110e+00,2.040420000000000011e-01,-1.682379999999999987e-01
1.460447999999999968e+00,2.005937999999999999e+00,1.347434999999999938e+00,2.363280000000000103e-01,-1.964349999999999985e-01
1.465908999999999907e+00,2.028931000000000040e+00,1.327792000000000083e+00,2.646109999999999851e-01,-2.265179999999999971e-01
1.472566000000000042e+00,2.054539999999999811e+00,1.305139999999999967e+00,2.868780000000000219e-01,-2.580649999999999888e-01
1.480453999999999937e+00,2.082120999999999889e+00,1.279333999999999971e+00,3.023279999999999856e-01,-2.905329999999999857e-01
1.489560999999999913e+00,2.110949000000000186e+00,1.250280000000000058e+00,3.110229999999999939e-01,-3.232889999999999930e-01
1.499835999999999947e+00,2.140303999999999984e+00,1.217951000000000006e+00,3.136180000000000079e-01,-3.556369999999999809e-01
1.511193999999999926e+00,2.169534000000000074e+00,1.182387999999999995e+00,3.111630000000000229e-01,-3.868519999999999737e-01
1.523532000000000108e+00,2.198097999999999885e+00,1.143702999999999914e+00,3.049350000000000116e-01,-4.162190000000000056e-01
1.536737999999999937e+00,2.225581000000000031e+00,1.102081000000000088e+00,2.962879999999999958e-01,-4.430810000000000026e-01
1.550702999999999943e+00,2.251708999999999961e+00,1.057773000000000074e+00,2.865039999999999809e-01,-4.668939999999999757e-01
1.565342999999999929e+00,2.276333999999999858e+00,1.011082999999999954e+00,2.766120000000000245e-01,-4.873009999999999842e-01
1.580594000000000054e+00,2.299406999999999979e+00,9.623530000000000140e-01,2.673699999999999966e-01,-5.041259999999999630e-01
1.596422999999999925e+00,2.320952000000000126e+00,9.119410000000000016e-01,2.593440000000000190e-01,-5.172909999999999453e-01
1.612824000000000035e+00,2.341038000000000174e+00,8.602109999999999479e-01,2.529770000000000074e-01,-5.267560000000000020e-01
1.629822000000000104e+00,2.359770000000000145e+00,8.075360000000000316e-01,2.486359999999999959e-01,-5.324799999999999534e-01
1.647480000000000055e+00,2.377270000000000216e+00,7.542879999999999585e-01,2.466379999999999961e-01,-5.343919999999999781e-01
1.665896999999999961e+00,2.393670999999999882e+00,7.008490000000000553e-01,2.472689999999999888e-01,-5.323750000000000426e-01
1.685211000000000015e+00,2.409105999999999970e+00,6.476110000000000477e-01,2.507880000000000109e-01,-5.262700000000000156e-01
1.705600999999999923e+00,2.423702000000000023e+00,5.949839999999999574e-01,2.574089999999999989e-01,-5.158760000000000012e-01
1.727281000000000066e+00,2.437574000000000130e+00,5.433959999999999901e-01,2.672780000000000156e-01,-5.009759999999999769e-01
1.750494999999999912e+00,2.450814999999999966e+00,4.932989999999999875e-01,2.804260000000000086e-01,-4.813720000000000221e-01
1.775503999999999971e+00,2.463493999999999851e+00,4.451620000000000021e-01,2.966920000000000113e-01,-4.569460000000000188e-01
1.802564999999999973e+00,2.475654000000000021e+00,3.994670000000000165e-01,3.156280000000000197e-01,-4.277409999999999823e-01
1.831895999999999969e+00,2.487303999999999959e+00,3.566929999999999823e-01,3.365360000000000018e-01,-3.939929999999999821e-01
1.863655000000000062e+00,2.498431000000000068e+00,3.172940000000000205e-01,3.585929999999999951e-01,-3.560789999999999789e-01
1.897915999999999936e+00,2.509009999999999962e+00,2.816859999999999919e-01,3.809449999999999781e-01,-3.144790000000000085e-01
1.934669999999999890e+00,2.519022000000000094e+00,2.502380000000000160e-01,4.027850000000000041e-01,-2.697490000000000165e-01
1.973823000000000105e+00,2.528468999999999856e+00,2.232629999999999892e-01,4.233890000000000153e-01,-2.225060000000000093e-01
2.015212000000000003e+00,2.537383000000000166e+00,2.010119999999999962e-01,4.421499999999999875e-01,-1.734199999999999908e-01
2.058610999999999969e+00,2.545834999999999848e+00,1.836699999999999999e-01,4.585879999999999956e-01,-1.232010000000000050e-01
2.103749000000000091e+00,2.553932999999999787e+00,1.713500000000000023e-01,4.723609999999999753e-01,-7.259899999999999687e-02
2.150322000000000067e+00,2.561818000000000151e+00,1.640900000000000136e-01,4.832659999999999734e-01,-2.239899999999999877e-02
1.414706999999999937e+00,2.077193999999999985e+00,1.008610000000000007e+00,4.999979999999999980e-01,-2.833600000000000008e-01
1.441955000000000098e+00,2.119114999999999860e+00,9.802739999999999787e-01,4.999979999999999980e-01,-2.837990000000000235e-01
1.470380000000000020e+00,2.160247000000000028e+00,9.518940000000000179e-01,4.999979999999999980e-01,-2.731859999999999844e-01
1.499938999999999911e+00,2.200571000000000055e+00,9.245759999999999534e-01,4.999979999999999980e-01,-2.494629999999999903e-01
1.530542999999999987e+00,2.240110000000000046e+00,8.996290000000000120e-01,4.999979999999999980e-01,-2.107680000000000109e-01
1.562048000000000103e+00,2.278934000000000015e+00,8.785519999999999996e-01,4.999979999999999980e-01,-1.557030000000000081e-01
1.594259000000000093e+00,2.317174000000000067e+00,8.629820000000000269e-01,4.999979999999999980e-01,-8.371699999999999975e-02
1.626927000000000012e+00,2.355027000000000204e+00,8.546099999999999808e-01,4.999979999999999980e-01,4.346000000000000037e-03
1.659744000000000108e+00,2.392749999999999932e+00,8.550450000000000550e-01,4.999979999999999980e-01,1.062109999999999999e-01
1.692352000000000078e+00,2.430652999999999953e+00,8.656660000000000466e-01,4.999990000000000268e-01,2.186710000000000043e-01
1.724339999999999984e+00,2.469081000000000081e+00,8.875330000000000163e-01,4.999970000000000248e-01,3.379469999999999974e-01
1.755244999999999944e+00,2.508382000000000112e+00,9.213280000000000358e-01,4.909569999999999768e-01,4.599619999999999820e-01
1.784025999999999890e+00,2.548150999999999833e+00,9.673239999999999617e-01,4.644499999999999740e-01,5.805639999999999690e-01
1.923415000000000097e+00,2.582333000000000212e+00,2.417597000000000218e+00,-1.999990000000000101e-01,8.516979999999999551e-01
1.938944000000000001e+00,2.569739000000000217e+00,2.502765999999999824e+00,-1.999990000000000101e-01,7.810890000000000333e-01
1.955448999999999993e+00,2.558453000000000088e+00,2.580874999999999808e+00,-1.999990000000000101e-01,7.061960000000000459e-01
1.972747999999999946e+00,2.548423999999999801e+00,2.651495000000000157e+00,-1.999990000000000101e-01,6.281579999999999941e-01
1.990677999999999948e+00,2.539569999999999883e+00,2.714310999999999918e+00,-1.999990000000000101e-01,5.480380000000000251e-01
2.009097000000000133e+00,2.531785000000000174e+00,2.769115000000000215e+00,-1.999990000000000101e-01,4.667799999999999727e-01
2.027889000000000053e+00,2.524942999999999937e+00,2.815793000000000212e+00,-1.999990000000000101e-01,3.851870000000000016e-01
2.046955000000000080e+00,2.518908999999999843e+00,2.854311000000000043e+00,-1.999990000000000101e-01,3.039100000000000135e-01
2.066218999999999806e+00,2.513533999999999935e+00,2.884701999999999877e+00,-1.999990000000000101e-01,2.234410000000000007e-01
2.085618000000000194e+00,2.508668999999999816e+00,2.907045999999999797e+00,-1.999990000000000101e-01,1.441109999999999891e-01
2.105103000000000169e+00,2.504160999999999859e+00,2.921457000000000193e+00,-1.999990000000000101e-01,6.608500000000000485e-02
2.124633999999999912e+00,2.499858999999999831e+00,2.928065999999999836e+00,-1.999990000000000101e-01,-1.065999999999999934e-02
2.144178000000000139e+00,2.495610000000000106e+00,2.927000000000000046e+00,-1.999990000000000101e-01,-8.630500000000000671e-02
2.163699999999999957e+00,2.491267000000000120e+00,2.918369000000000213e+00,-1.999990000000000101e-01,-1.611170000000000102e-01
2.183168000000000220e+00,2.486683000000000199e+00,2.902257999999999782e+00,-1.999990000000000101e-01,-2.353840000000000099e-01
2.202539999999999942e+00,2.481713000000000058e+00,2.878718999999999806e+00,-1.999990000000000101e-01,-3.093699999999999783e-01
2.221769000000000105e+00,2.476217999999999808e+00,2.847782000000000036e+00,-1.999990000000000101e-01,-3.832670000000000243e-01
2.240796000000000010e+00,2.470060999999999840e+00,2.809455999999999953e+00,-1.999990000000000101e-01,-4.571569999999999800e-01
2.259548000000000112e+00,2.463109999999999911e+00,2.763739999999999863e+00,-1.999990000000000101e-01,-5.309779999999999500e-01
2.277931999999999846e+00,2.455241000000000007e+00,2.710641999999999996e+00,-1.999990000000000101e-01,-6.044950000000000045e-01
2.295840000000000103e+00,2.446343000000000156e+00,2.650192999999999799e+00,-1.999990000000000101e-01,-6.772719999999999851e-01
2.313140000000000196e+00,2.436316000000000148e+00,2.582466000000000150e+00,-1.999990000000000101e-01,-7.486519999999999841e-01
2.329682000000000031e+00,2.425082000000000182e+00,2.507600000000000051e+00,-1.999990000000000101e-01,-8.177429999999999977e-01
2.345292999999999850e+00,2.412589999999999790e+00,2.425825999999999816e+00,-1.999990000000000101e-01,-8.834159999999999791e-01
2.359786000000000161e+00,2.398817000000000199e+00,2.337483999999999895e+00,-1.999990000000000101e-01,-9.443129999999999580e-01
2.372961000000000098e+00,2.383779999999999788e+00,2.243053000000000186e+00,-1.999980000000000091e-01,-9.988810000000000189e-01
2.384614000000000011e+00,2.367535999999999863e+00,2.143165000000000209e+00,-1.915630000000000110e-01,-1.045428999999999942e+00
2.394130000000000091e+00,2.350919999999999899e+00,2.038622000000000156e+00,-1.670979999999999965e-01,-1.082227000000000050e+00
2.400844000000000200e+00,2.335627999999999815e+00,1.930398999999999976e+00,-1.253239999999999910e-01,-1.107636999999999983e+00
2.404596000000000178e+00,2.323676999999999992e+00,1.819636000000000031e+00,-6.846099999999999408e-02,-1.120279000000000025e+00
2.405907000000000018e+00,2.316961000000000048e+00,1.707608000000000015e+00,3.269999999999999795e-04,-1.119178000000000006e+00
2.405905000000000182e+00,2.316994000000000220e+00,1.595690000000000053e+00,7.940999999999999448e-02,-1.103882000000000030e+00
2.406144999999999978e+00,2.324927000000000188e+00,1.485301999999999900e+00,1.646009999999999973e-01,-1.074516000000000027e+00
2.408427999999999791e+00,2.341219999999999857e+00,1.377850000000000019e+00,2.502360000000000140e-01,-1.031781999999999977e+00
2.414483999999999853e+00,2.365488000000000035e+00,1.274672000000000027e+00,3.301310000000000078e-01,-9.769459999999999811e-01
2.425644000000000133e+00,2.396544000000000008e+00,1.176978000000000080e+00,3.984269999999999756e-01,-9.117690000000000516e-01
1.864176999999999973e+00,1.416169999999999929e+00,2.533650000000000069e-01,4.956300000000000289e-02,-4.421699999999999936e-02
1.868978000000000028e+00,1.417402000000000051e+00,2.489439999999999986e-01,5.757400000000000018e-02,-3.568899999999999850e-02
1.874560000000000004e+00,1.418809999999999905e+00,2.453750000000000098e-01,6.763299999999999867e-02,-2.612799999999999845e-02
1.881123000000000101e+00,1.420444999999999958e+00,2.427620000000000056e-01,7.995700000000000029e-02,-1.541700000000000015e-02
1.888886000000000065e+00,1.422360999999999986e+00,2.412199999999999900e-01,9.471599999999999464e-02,-3.445999999999999844e-03
1.898082999999999965e+00,1.424622000000000055e+00,2.408760000000000068e-01,1.119840000000000002e-01,9.882000000000000159e-03
1.908957000000000015e+00,1.427297999999999956e+00,2.418639999999999957e-01,1.316670000000000063e-01,2.463900000000000118e-02
1.921737000000000029e+00,1.430468000000000073e+00,2.443279999999999896e-01,1.534109999999999918e-01,4.086800000000000155e-02
1.936614999999999975e+00,1.434209000000000067e+00,2.484149999999999969e-01,1.764570000000000027e-01,5.856800000000000200e-02
1.953705999999999943e+00,1.438598000000000043e+00,2.542710000000000248e-01,1.994589999999999974e-01,7.768600000000000505e-02
1.972990999999999939e+00,1.443689999999999918e+00,2.620399999999999952e-01,2.202179999999999971e-01,9.809500000000000164e-02
1.994232000000000005e+00,1.449499000000000093e+00,2.718499999999999805e-01,2.374699999999999867e-01,1.195979999999999960e-01
2.017068999999999779e+00,1.456012000000000084e+00,2.838089999999999780e-01,2.506160000000000054e-01,1.419279999999999986e-01
2.041077000000000030e+00,1.463200000000000056e+00,2.980019999999999891e-01,2.595319999999999849e-01,1.647619999999999918e-01
2.065822999999999965e+00,1.471024000000000109e+00,3.144779999999999798e-01,2.644349999999999756e-01,1.877290000000000070e-01
2.090891000000000055e+00,1.479438999999999949e+00,3.332510000000000194e-01,2.657749999999999835e-01,2.104159999999999919e-01
2.115912999999999933e+00,1.488396999999999970e+00,3.542930000000000246e-01,2.641729999999999912e-01,2.323790000000000022e-01
2.140581000000000067e+00,1.497848999999999986e+00,3.775310000000000055e-01,2.603650000000000131e-01,2.531499999999999861e-01
2.164660000000000029e+00,1.507751999999999981e+00,4.028459999999999819e-01,2.551590000000000247e-01,2.722470000000000168e-01
2.187994000000000216e+00,1.518073000000000006e+00,4.300700000000000078e-01,2.494039999999999868e-01,2.891900000000000026e-01
2.210510000000000197e+00,1.528798000000000101e+00,4.589889999999999803e-01,2.439449999999999952e-01,3.035149999999999793e-01
2.232212000000000085e+00,1.539935999999999972e+00,4.893410000000000259e-01,2.395780000000000132e-01,3.148020000000000262e-01
2.253176999999999985e+00,1.551528000000000018e+00,5.208209999999999784e-01,2.369860000000000022e-01,3.227140000000000009e-01
2.273540000000000116e+00,1.563649999999999984e+00,5.530920000000000281e-01,2.366540000000000032e-01,3.270500000000000074e-01
2.293470000000000120e+00,1.576408999999999949e+00,5.857970000000000121e-01,2.388139999999999985e-01,3.277950000000000030e-01
2.313149999999999817e+00,1.589936000000000016e+00,6.185770000000000435e-01,2.434389999999999887e-01,3.250919999999999921e-01
2.332749999999999879e+00,1.604371999999999909e+00,6.510860000000000536e-01,2.503389999999999782e-01,3.191769999999999885e-01
2.352416999999999980e+00,1.619858999999999938e+00,6.830039999999999445e-01,2.592309999999999892e-01,3.103350000000000275e-01
2.372268000000000043e+00,1.636528999999999900e+00,7.140370000000000328e-01,2.697899999999999743e-01,2.988649999999999918e-01
2.392389999999999795e+00,1.654500000000000082e+00,7.439240000000000297e-01,2.816819999999999879e-01,2.850690000000000168e-01
2.412841999999999931e+00,1.673867999999999912e+00,7.724309999999999787e-01,2.945889999999999898e-01,2.692390000000000061e-01
2.433660999999999852e+00,1.694708000000000103e+00,7.993550000000000377e-01,3.082190000000000207e-01,2.516499999999999848e-01
2.454868999999999968e+00,1.717071999999999932e+00,8.245190000000000019e-01,3.223190000000000222e-01,2.325639999999999930e-01
2.476475000000000204e+00,1.740990000000000038e+00,8.477759999999999740e-01,3.366739999999999733e-01,2.122290000000000010e-01
2.498480999999999952e+00,1.766469000000000067e+00,8.689989999999999659e-01,3.511099999999999777e-01,1.908809999999999951e-01
2.520891000000000215e+00,1.793496999999999897e+00,8.880869999999999598e-01,3.654850000000000043e-01,1.687470000000000081e-01
2.543709000000000220e+00,1.822046999999999972e+00,9.049620000000000442e-01,3.796889999999999987e-01,1.460519999999999874e-01
2.566943999999999892e+00,1.852076000000000056e+00,9.195670000000000233e-01,3.936310000000000087e-01,1.230180000000000023e-01
1.809442999999999913e+00,1.432353999999999905e+00,1.652639999999999942e-01,6.848899999999999433e-02,-5.906600000000000045e-02
1.816202000000000094e+00,1.433461000000000096e+00,1.593569999999999987e-01,7.518500000000000183e-02,-4.868800000000000211e-02
1.823628000000000027e+00,1.434636000000000022e+00,1.544889999999999874e-01,8.330999999999999517e-02,-3.734300000000000119e-02
1.831862000000000101e+00,1.435902000000000012e+00,1.507539999999999991e-01,9.306399999999999395e-02,-2.493400000000000130e-02
1.841064000000000034e+00,1.437289000000000039e+00,1.482610000000000039e-01,1.046369999999999939e-01,-1.137200000000000016e-02
1.851413999999999893e+00,1.438827999999999996e+00,1.471240000000000048e-01,1.181770000000000043e-01,3.419000000000000164e-03
1.863104000000000093e+00,1.440563000000000038e+00,1.474660000000000137e-01,1.337500000000000078e-01,1.949899999999999897e-02
1.876332000000000111e+00,1.442541000000000073e+00,1.494149999999999923e-01,1.512719999999999898e-01,3.689900000000000124e-02
1.891286000000000023e+00,1.444819999999999993e+00,1.531049999999999911e-01,1.704239999999999922e-01,5.561800000000000077e-02
1.908122000000000096e+00,1.447465999999999919e+00,1.586670000000000025e-01,1.905209999999999959e-01,7.561400000000000066e-02
1.926922999999999941e+00,1.450547999999999949e+00,1.662289999999999879e-01,2.103359999999999952e-01,9.678699999999999803e-02
1.947650000000000103e+00,1.454128000000000087e+00,1.759070000000000078e-01,2.278620000000000090e-01,1.189729999999999954e-01
1.970059999999999922e+00,1.458248999999999906e+00,1.878049999999999997e-01,2.419759999999999966e-01,1.419370000000000076e-01
1.993799000000000099e+00,1.462935000000000096e+00,2.019980000000000109e-01,2.521939999999999737e-01,1.653840000000000032e-01
2.018463000000000118e+00,1.468199000000000032e+00,2.185370000000000090e-01,2.584890000000000243e-01,1.889649999999999941e-01
2.043642999999999876e+00,1.474040999999999935e+00,2.374330000000000052e-01,2.611620000000000053e-01,2.122850000000000015e-01
2.068958999999999993e+00,1.480453000000000019e+00,2.586620000000000030e-01,2.607450000000000045e-01,2.349150000000000127e-01
2.094085000000000196e+00,1.487417999999999907e+00,2.821529999999999871e-01,2.579310000000000214e-01,2.563960000000000128e-01
2.118764000000000092e+00,1.494915999999999912e+00,3.077929999999999833e-01,2.535200000000000231e-01,2.762580000000000036e-01
2.142815000000000136e+00,1.502930000000000099e+00,3.354190000000000227e-01,2.483690000000000064e-01,2.940280000000000116e-01
2.166145000000000209e+00,1.511449000000000042e+00,3.648210000000000064e-01,2.433460000000000067e-01,3.092509999999999981e-01
2.188740000000000130e+00,1.520480999999999971e+00,3.957470000000000154e-01,2.392720000000000125e-01,3.215189999999999992e-01
2.210665999999999798e+00,1.530057999999999918e+00,4.278980000000000006e-01,2.368510000000000060e-01,3.305100000000000260e-01
2.232048999999999950e+00,1.540240999999999971e+00,4.609489999999999976e-01,2.365740000000000065e-01,3.360429999999999806e-01
2.253055999999999948e+00,1.551117000000000079e+00,4.945539999999999936e-01,2.386770000000000003e-01,3.381230000000000069e-01
2.273868999999999918e+00,1.562799000000000049e+00,5.283660000000000023e-01,2.431500000000000050e-01,3.369030000000000080e-01
2.294656999999999947e+00,1.575407999999999920e+00,5.620560000000000000e-01,2.498269999999999935e-01,3.326210000000000000e-01
2.315571999999999964e+00,1.589070999999999900e+00,5.953180000000000138e-01,2.584520000000000151e-01,3.255589999999999873e-01
2.336730999999999892e+00,1.603909999999999947e+00,6.278740000000000432e-01,2.687280000000000224e-01,3.160120000000000151e-01
2.358225000000000016e+00,1.620036999999999949e+00,6.594750000000000334e-01,2.803439999999999821e-01,3.042739999999999889e-01
2.380116999999999816e+00,1.637548000000000004e+00,6.899030000000000440e-01,2.930050000000000154e-01,2.906259999999999954e-01
2.402442000000000188e+00,1.656522000000000050e+00,7.189649999999999652e-01,3.064350000000000129e-01,2.753320000000000212e-01
2.425219999999999931e+00,1.677019000000000037e+00,7.464990000000000236e-01,3.203940000000000121e-01,2.586399999999999810e-01
2.448456000000000188e+00,1.699078000000000088e+00,7.723630000000000217e-01,3.346750000000000003e-01,2.407799999999999940e-01
2.472144000000000119e+00,1.722718999999999889e+00,7.964409999999999545e-01,3.491040000000000254e-01,2.219669999999999976e-01
2.496275999999999939e+00,1.747943999999999942e+00,8.186369999999999481e-01,3.635390000000000010e-01,2.024040000000000006e-01
2.520843000000000167e+00,1.774739999999999984e+00,8.388780000000000125e-01,3.778599999999999737e-01,1.822850000000000026e-01
2.545837999999999823e+00,1.803077000000000041e+00,8.571060000000000345e-01,3.919670000000000099e-01,1.617999999999999994e-01
2.571255999999999986e+00,1.832913999999999932e+00,8.732860000000000067e-01,4.057669999999999888e-01,1.411320000000000074e-01
1.821387000000000089e+00,1.429448999999999970e+00,3.254049999999999998e-01,1.013109999999999983e-01,-1.477680000000000105e-01
1.831010000000000026e+00,1.432615999999999890e+00,3.106289999999999885e-01,8.672399999999999554e-02,-1.398600000000000121e-01
1.839285999999999976e+00,1.435208999999999957e+00,2.966420000000000168e-01,7.418500000000000094e-02,-1.323580000000000034e-01
1.846394000000000091e+00,1.437330999999999914e+00,2.834070000000000200e-01,6.349499999999999589e-02,-1.252659999999999885e-01
1.852502000000000093e+00,1.439068000000000014e+00,2.708800000000000097e-01,5.445799999999999946e-02,-1.185699999999999948e-01
1.857757000000000103e+00,1.440493999999999941e+00,2.590230000000000032e-01,4.689000000000000112e-02,-1.122370000000000034e-01
1.862297000000000091e+00,1.441670000000000007e+00,2.477989999999999915e-01,4.062400000000000039e-02,-1.062219999999999970e-01
1.866239999999999899e+00,1.442644999999999955e+00,2.371769999999999989e-01,3.551499999999999796e-02,-1.004649999999999987e-01
1.869696000000000025e+00,1.443462000000000023e+00,2.271309999999999996e-01,3.144199999999999773e-02,-9.489499999999999325e-02
1.872762999999999955e+00,1.444155999999999995e+00,2.176410000000000011e-01,2.831300000000000136e-02,-8.943099999999999661e-02
1.875529999999999919e+00,1.444755000000000011e+00,2.086979999999999946e-01,2.606299999999999936e-02,-8.398100000000000009e-02
1.878082000000000029e+00,1.445284000000000013e+00,2.003000000000000058e-01,2.466000000000000136e-02,-7.844399999999999984e-02
1.880500999999999978e+00,1.445764999999999967e+00,1.924549999999999872e-01,2.410400000000000043e-02,-7.270999999999999686e-02
1.882867999999999986e+00,1.446218000000000004e+00,1.851839999999999875e-01,2.442899999999999933e-02,-6.665999999999999703e-02
1.885270999999999919e+00,1.446658999999999917e+00,1.785180000000000100e-01,2.570700000000000068e-02,-6.016799999999999926e-02
1.887801999999999980e+00,1.447108000000000061e+00,1.725019999999999887e-01,2.804699999999999901e-02,-5.309699999999999837e-02
1.890565999999999969e+00,1.447581999999999924e+00,1.671920000000000073e-01,3.159700000000000009e-02,-4.530700000000000005e-02
1.893683000000000005e+00,1.448101000000000083e+00,1.626610000000000000e-01,3.654099999999999709e-02,-3.665100000000000302e-02
1.897289999999999921e+00,1.448685999999999918e+00,1.589959999999999984e-01,4.309700000000000336e-02,-2.698100000000000151e-02
1.901545999999999959e+00,1.449362999999999957e+00,1.562979999999999925e-01,5.150600000000000317e-02,-1.614900000000000016e-02
1.906635000000000080e+00,1.450161000000000033e+00,1.546829999999999872e-01,6.202200000000000074e-02,-4.014000000000000207e-03
1.912762999999999991e+00,1.451114999999999933e+00,1.542820000000000025e-01,7.488200000000000411e-02,9.554999999999999258e-03
1.920161999999999924e+00,1.452269000000000032e+00,1.552370000000000139e-01,9.027200000000000502e-02,2.467000000000000096e-02
1.929078999999999988e+00,1.453675999999999968e+00,1.577040000000000108e-01,1.082719999999999932e-01,4.141500000000000042e-02
1.939767999999999937e+00,1.455397999999999969e+00,1.618459999999999899e-01,1.287669999999999926e-01,5.983999999999999736e-02
1.952469999999999928e+00,1.457511000000000001e+00,1.678300000000000070e-01,1.513349999999999973e-01,7.994500000000000217e-02
1.967381000000000046e+00,1.460099000000000036e+00,1.758240000000000081e-01,1.750790000000000124e-01,1.016750000000000015e-01
1.984602999999999895e+00,1.463249000000000022e+00,1.859919999999999907e-01,1.983969999999999900e-01,1.249050000000000021e-01
2.004077000000000108e+00,1.467038999999999982e+00,1.984819999999999918e-01,2.186720000000000053e-01,1.494290000000000063e-01
2.025481999999999783e+00,1.471511000000000013e+00,2.134250000000000036e-01,2.344420000000000115e-01,1.749580000000000024e-01
2.048348999999999975e+00,1.476677000000000017e+00,2.309209999999999874e-01,2.450809999999999933e-01,2.011290000000000022e-01
2.072149000000000019e+00,1.482526000000000010e+00,2.510339999999999794e-01,2.505629999999999802e-01,2.275210000000000010e-01
2.096347000000000182e+00,1.489025999999999961e+00,2.737859999999999738e-01,2.512909999999999866e-01,2.536640000000000006e-01
2.120451000000000086e+00,1.496126000000000067e+00,2.991519999999999735e-01,2.479729999999999990e-01,2.790540000000000243e-01
2.144041999999999781e+00,1.503764000000000101e+00,3.270580000000000154e-01,2.415299999999999947e-01,3.031659999999999910e-01
2.166793999999999887e+00,1.511868999999999907e+00,3.573740000000000250e-01,2.330180000000000029e-01,3.254710000000000103e-01
2.188486999999999849e+00,1.520373999999999892e+00,3.899210000000000176e-01,2.235699999999999910e-01,3.454530000000000101e-01
2.209014999999999951e+00,1.529226999999999892e+00,4.244669999999999832e-01,2.143220000000000125e-01,3.626249999999999751e-01
2.228381000000000167e+00,1.538405999999999940e+00,4.607289999999999996e-01,2.063429999999999986e-01,3.765600000000000058e-01
2.246687000000000101e+00,1.547925999999999913e+00,4.983850000000000224e-01,2.005369999999999930e-01,3.869279999999999942e-01
2.264111000000000207e+00,1.557849999999999957e+00,5.370780000000000554e-01,1.975320000000000131e-01,3.935370000000000257e-01
2.280879999999999797e+00,1.568287999999999904e+00,5.764320000000000555e-01,1.976739999999999886e-01,3.963249999999999829e-01
2.297235999999999834e+00,1.579387000000000096e+00,6.160639999999999450e-01,2.010959999999999970e-01,3.953130000000000255e-01
2.313413999999999859e+00,1.591328000000000076e+00,6.555950000000000388e-01,2.077720000000000122e-01,3.905730000000000035e-01
2.329632999999999843e+00,1.604313000000000100e+00,6.946529999999999649e-01,2.175330000000000041e-01,3.822280000000000122e-01
2.346074999999999910e+00,1.618554000000000048e+00,7.328759999999999719e-01,2.300649999999999917e-01,3.704569999999999808e-01
2.362886000000000042e+00,1.634258999999999906e+00,7.699209999999999665e-01,2.449389999999999901e-01,3.554950000000000054e-01
2.380164999999999864e+00,1.651616999999999891e+00,8.054710000000000480e-01,2.616760000000000197e-01,3.376040000000000152e-01
2.397971000000000075e+00,1.670790999999999915e+00,8.392309999999999492e-01,2.797910000000000119e-01,3.170640000000000125e-01
2.416329000000000171e+00,1.691904000000000075e+00,8.709379999999999900e-01,2.988259999999999805e-01,2.941619999999999790e-01
2.435238000000000014e+00,1.715041999999999955e+00,9.003539999999999877e-01,3.183650000000000091e-01,2.691899999999999848e-01
2.454680000000000195e+00,1.740250000000000075e+00,9.272730000000000139e-01,3.380420000000000091e-01,2.424489999999999978e-01
2.474634000000000000e+00,1.767535999999999996e+00,9.515179999999999749e-01,3.575499999999999790e-01,2.142449999999999910e-01
2.495073999999999792e+00,1.796872000000000025e+00,9.729419999999999735e-01,3.766269999999999896e-01,1.848930000000000018e-01
2.515983999999999998e+00,1.828195999999999932e+00,9.914319999999999800e-01,3.950549999999999895e-01,1.547199999999999964e-01
2.537357000000000085e+00,1.861420000000000075e+00,1.006904000000000021e+00,4.126400000000000068e-01,1.240639999999999937e-01
2.559194999999999887e+00,1.896431999999999896e+00,1.019309999999999938e+00,4.292009999999999992e-01,9.327799999999999980e-02
2.581512000000000029e+00,1.933092999999999950e+00,1.028637999999999941e+00,4.445509999999999740e-01,6.272500000000000298e-02
1.766518999999999950e+00,1.449297999999999975e+00,2.690549999999999886e-01,6.872499999999999443e-02,-1.739439999999999875e-01
1.773160000000000069e+00,1.451067000000000107e+00,2.516610000000000236e-01,5.804600000000000037e-02,-1.660480000000000012e-01
1.778793000000000069e+00,1.452466000000000035e+00,2.350559999999999872e-01,4.923799999999999705e-02,-1.585969999999999880e-01
1.783590000000000009e+00,1.453573999999999922e+00,2.191960000000000020e-01,4.208900000000000141e-02,-1.515549999999999953e-01
1.787705000000000100e+00,1.454458000000000029e+00,2.040410000000000001e-01,3.640299999999999786e-02,-1.448689999999999978e-01
1.791276000000000090e+00,1.455170000000000075e+00,1.895540000000000003e-01,3.200299999999999673e-02,-1.384680000000000077e-01
1.794423000000000101e+00,1.455751000000000017e+00,1.757070000000000021e-01,2.873600000000000113e-02,-1.322709999999999997e-01
1.797255000000000047e+00,1.456234999999999946e+00,1.624800000000000133e-01,2.647400000000000100e-02,-1.261859999999999926e-01
1.799870000000000081e+00,1.456647000000000025e+00,1.498609999999999942e-01,2.511700000000000044e-02,-1.201099999999999945e-01
1.802356000000000069e+00,1.457006999999999941e+00,1.378500000000000003e-01,2.459199999999999928e-02,-1.139330000000000065e-01
1.804794000000000009e+00,1.457330999999999932e+00,1.264570000000000138e-01,2.485899999999999915e-02,-1.075369999999999937e-01
1.807261000000000006e+00,1.457630999999999899e+00,1.157040000000000013e-01,2.590599999999999847e-02,-1.007969999999999977e-01
1.809836000000000000e+00,1.457916999999999907e+00,1.056239999999999957e-01,2.775800000000000142e-02,-9.358199999999999852e-02
1.812597999999999931e+00,1.458196999999999965e+00,9.626600000000000434e-02,3.047300000000000009e-02,-8.575599999999999890e-02
1.815631999999999913e+00,1.458477000000000023e+00,8.769000000000000405e-02,3.414799999999999780e-02,-7.717699999999999561e-02
1.819034999999999958e+00,1.458763000000000032e+00,7.997200000000000142e-02,3.891599999999999920e-02,-6.769999999999999629e-02
1.822915000000000063e+00,1.459060000000000024e+00,7.320200000000000318e-02,4.495099999999999790e-02,-5.718100000000000266e-02
1.827398999999999996e+00,1.459376000000000007e+00,6.748400000000000232e-02,5.245799999999999769e-02,-4.547699999999999659e-02
1.832634000000000096e+00,1.459718000000000071e+00,6.293700000000000683e-02,6.167299999999999865e-02,-3.245200000000000168e-02
1.838789999999999925e+00,1.460096000000000060e+00,5.969100000000000100e-02,7.284400000000000597e-02,-1.798100000000000045e-02
1.846060999999999952e+00,1.460523999999999933e+00,5.789300000000000002e-02,8.620899999999999397e-02,-1.959999999999999937e-03
1.854667999999999983e+00,1.461022000000000043e+00,5.769699999999999829e-02,1.019609999999999961e-01,1.569399999999999962e-02
1.864846999999999921e+00,1.461618000000000084e+00,5.926700000000000024e-02,1.201880000000000032e-01,3.502700000000000258e-02
1.876843000000000039e+00,1.462350999999999956e+00,6.276900000000000535e-02,1.407950000000000035e-01,5.604200000000000154e-02
1.890892000000000017e+00,1.463273999999999964e+00,6.837400000000000422e-02,1.633769999999999945e-01,7.869400000000000006e-02
1.907186999999999966e+00,1.464453999999999922e+00,7.624300000000000521e-02,1.870570000000000010e-01,1.028769999999999962e-01
1.925831000000000071e+00,1.465975000000000028e+00,8.653099999999999681e-02,2.102459999999999885e-01,1.284210000000000074e-01
1.946765000000000079e+00,1.467926000000000064e+00,9.937300000000000300e-02,2.303240000000000010e-01,1.550880000000000036e-01
1.969664999999999999e+00,1.470388999999999946e+00,1.148809999999999970e-01,2.458339999999999970e-01,1.825739999999999863e-01
1.994059000000000026e+00,1.473429000000000100e+00,1.331390000000000073e-01,2.561599999999999988e-01,2.105130000000000057e-01
2.019410999999999845e+00,1.477097000000000104e+00,1.541899999999999937e-01,2.612940000000000262e-01,2.384840000000000015e-01
2.045180000000000220e+00,1.481416999999999984e+00,1.780390000000000028e-01,2.616600000000000037e-01,2.660199999999999787e-01
2.070866999999999791e+00,1.486393000000000075e+00,2.046399999999999886e-01,2.579960000000000031e-01,2.926210000000000200e-01
2.096048000000000133e+00,1.492005000000000026e+00,2.339029999999999998e-01,2.512539999999999774e-01,3.177670000000000217e-01
2.120392999999999972e+00,1.498215999999999992e+00,2.656789999999999985e-01,2.425309999999999966e-01,3.409289999999999821e-01
2.143682000000000087e+00,1.504980999999999902e+00,2.997719999999999829e-01,2.330010000000000137e-01,3.615880000000000205e-01
2.165814000000000128e+00,1.512262999999999913e+00,3.359309999999999796e-01,2.238459999999999894e-01,3.792530000000000068e-01
2.186802000000000135e+00,1.520040999999999976e+00,3.738560000000000216e-01,2.161839999999999873e-01,3.934889999999999777e-01
2.206767000000000145e+00,1.528329999999999966e+00,4.132049999999999890e-01,2.109650000000000136e-01,4.039579999999999838e-01
2.225910999999999973e+00,1.537188999999999917e+00,4.536009999999999764e-01,2.088389999999999969e-01,4.104689999999999728e-01
2.244489999999999874e+00,1.546723000000000070e+00,4.946479999999999766e-01,2.101329999999999865e-01,4.129880000000000217e-01
2.262773999999999841e+00,1.557077999999999962e+00,5.359469999999999512e-01,2.149189999999999989e-01,4.115840000000000054e-01
2.281020999999999965e+00,1.568429999999999991e+00,5.771049999999999791e-01,2.230689999999999895e-01,4.064070000000000182e-01
2.299462999999999813e+00,1.580977000000000077e+00,6.177460000000000173e-01,2.342829999999999913e-01,3.976729999999999987e-01
2.318287000000000209e+00,1.594921999999999951e+00,6.575130000000000141e-01,2.481319999999999915e-01,3.856510000000000216e-01
2.337629000000000179e+00,1.610462000000000060e+00,6.960779999999999745e-01,2.641290000000000027e-01,3.706360000000000210e-01
2.357578999999999869e+00,1.627769999999999939e+00,7.331419999999999604e-01,2.817689999999999917e-01,3.529309999999999947e-01
2.378179999999999961e+00,1.646992000000000012e+00,7.684349999999999792e-01,3.005650000000000266e-01,3.328439999999999732e-01
2.399439000000000100e+00,1.668236999999999970e+00,8.017189999999999594e-01,3.200689999999999924e-01,3.106789999999999830e-01
2.421337999999999990e+00,1.691578000000000026e+00,8.327870000000000550e-01,3.398729999999999807e-01,2.867399999999999949e-01
2.443840999999999930e+00,1.717046000000000072e+00,8.614610000000000323e-01,3.596219999999999972e-01,2.613289999999999780e-01
2.466905000000000125e+00,1.744636999999999993e+00,8.875939999999999941e-01,3.790049999999999808e-01,2.347499999999999865e-01
2.490483999999999920e+00,1.774308999999999914e+00,9.110690000000000177e-01,3.977499999999999925e-01,2.073069999999999913e-01
2.514534999999999965e+00,1.805987999999999927e+00,9.317999999999999616e-01,4.156099999999999794e-01,1.793109999999999982e-01
2.539020999999999972e+00,1.839569000000000010e+00,9.497309999999999919e-01,4.323549999999999893e-01,1.510720000000000118e-01
2.563912999999999887e+00,1.874919999999999920e+00,9.648379999999999734e-01,4.477559999999999873e-01,1.229060000000000014e-01
2.589188000000000045e+00,1.911879000000000106e+00,9.771290000000000253e-01,4.615739999999999843e-01,9.512600000000000222e-02
1.935975999999999919e+00,1.404665999999999970e+00,3.735890000000000044e-01,4.964899999999999869e-02,-4.112799999999999789e-02
1.940601999999999938e+00,1.406468999999999969e+00,3.694760000000000266e-01,4.724500000000000227e-02,-3.642499999999999905e-02
1.945011000000000045e+00,1.408166999999999947e+00,3.658339999999999925e-01,4.553600000000000009e-02,-3.163099999999999939e-02
1.949265999999999943e+00,1.409788999999999959e+00,3.626710000000000211e-01,4.460100000000000176e-02,-2.668299999999999839e-02
1.953438000000000008e+00,1.411365999999999898e+00,3.600030000000000174e-01,4.454600000000000226e-02,-2.151000000000000134e-02
1.957608999999999932e+00,1.412930999999999937e+00,3.578520000000000034e-01,4.550400000000000278e-02,-1.603900000000000117e-02
1.961872000000000060e+00,1.414520999999999917e+00,3.562480000000000091e-01,4.763400000000000273e-02,-1.018999999999999941e-02
1.966337000000000002e+00,1.416179999999999994e+00,3.552290000000000170e-01,5.112200000000000077e-02,-3.880000000000000202e-03
1.971130999999999966e+00,1.417956999999999912e+00,3.548410000000000175e-01,5.616800000000000265e-02,2.975999999999999913e-03
1.976396999999999959e+00,1.419909000000000088e+00,3.551380000000000092e-01,6.298099999999999532e-02,1.046399999999999934e-02
1.982301000000000091e+00,1.422102999999999895e+00,3.561849999999999739e-01,7.176299999999999346e-02,1.866599999999999857e-02
1.989025000000000043e+00,1.424611000000000072e+00,3.580510000000000081e-01,8.267499999999999849e-02,2.765799999999999856e-02
1.996763999999999983e+00,1.427518999999999982e+00,3.608169999999999988e-01,9.581000000000000627e-02,3.750699999999999867e-02
2.005722000000000005e+00,1.430917999999999912e+00,3.645680000000000032e-01,1.111229999999999996e-01,4.826300000000000034e-02
2.016093999999999831e+00,1.434906000000000015e+00,3.693940000000000001e-01,1.283620000000000039e-01,5.995299999999999935e-02
2.028051000000000048e+00,1.439575999999999967e+00,3.753889999999999727e-01,1.469479999999999953e-01,7.257800000000000362e-02
2.041701999999999906e+00,1.445013000000000103e+00,3.826470000000000149e-01,1.658229999999999982e-01,8.609799999999999398e-02
2.057059000000000193e+00,1.451270999999999978e+00,3.912570000000000214e-01,1.832399999999999862e-01,1.004280000000000034e-01
2.073961999999999861e+00,1.458344000000000085e+00,4.012999999999999901e-01,1.981970000000000121e-01,1.154329999999999939e-01
2.092163000000000217e+00,1.466191000000000022e+00,4.128430000000000155e-01,2.102279999999999982e-01,1.309309999999999918e-01
2.111362999999999879e+00,1.474750999999999923e+00,4.259359999999999813e-01,2.192389999999999894e-01,1.466979999999999951e-01
2.131260999999999850e+00,1.483956000000000053e+00,4.406059999999999977e-01,2.253989999999999883e-01,1.624730000000000063e-01
2.151568999999999843e+00,1.493733999999999895e+00,4.568530000000000091e-01,2.290530000000000066e-01,1.779590000000000061e-01
2.172035000000000160e+00,1.504019999999999913e+00,4.746489999999999876e-01,2.306680000000000119e-01,1.928360000000000074e-01
2.192448999999999870e+00,1.514760000000000106e+00,4.939330000000000109e-01,2.307849999999999902e-01,2.067579999999999973e-01
2.212654000000000121e+00,1.525910000000000100e+00,5.146089999999999831e-01,2.299869999999999970e-01,2.193690000000000084e-01
2.232547999999999977e+00,1.537449000000000066e+00,5.365450000000000497e-01,2.288640000000000119e-01,2.303099999999999870e-01
2.252082000000000139e+00,1.549372999999999889e+00,5.595759999999999623e-01,2.279869999999999952e-01,2.392380000000000062e-01
2.271256999999999859e+00,1.561704999999999899e+00,5.835000000000000187e-01,2.278590000000000060e-01,2.458519999999999872e-01
2.290116999999999958e+00,1.574491000000000085e+00,6.080849999999999866e-01,2.288729999999999931e-01,2.499290000000000123e-01
2.308736000000000121e+00,1.587800000000000100e+00,6.330780000000000296e-01,2.312369999999999981e-01,2.513790000000000191e-01
2.327205000000000190e+00,1.601714000000000082e+00,6.582160000000000233e-01,2.350099999999999967e-01,2.502539999999999765e-01
2.345613999999999866e+00,1.616320999999999897e+00,6.832420000000000160e-01,2.401439999999999964e-01,2.466990000000000016e-01
2.364049000000000067e+00,1.631709000000000076e+00,7.079119999999999857e-01,2.465239999999999931e-01,2.409129999999999883e-01
2.382582999999999895e+00,1.647963999999999984e+00,7.320029999999999593e-01,2.540040000000000076e-01,2.331189999999999929e-01
2.401276999999999884e+00,1.665159000000000056e+00,7.553149999999999586e-01,2.624279999999999946e-01,2.235449999999999937e-01
2.420180999999999916e+00,1.683361000000000107e+00,7.776690000000000547e-01,2.716489999999999738e-01,2.124149999999999927e-01
2.439332999999999974e+00,1.702623999999999915e+00,7.989110000000000378e-01,2.815329999999999777e-01,1.999400000000000066e-01
2.458766999999999925e+00,1.722993999999999915e+00,8.189049999999999940e-01,2.919729999999999825e-01,1.863200000000000134e-01
2.478509999999999991e+00,1.744504000000000055e+00,8.375369999999999759e-01,3.028830000000000133e-01,1.717400000000000038e-01
2.498587000000000113e+00,1.767180999999999891e+00,8.547109999999999985e-01,3.142039999999999833e-01,1.563740000000000130e-01
2.519026999999999905e+00,1.791044000000000080e+00,8.703480000000000105e-01,3.258980000000000210e-01,1.403840000000000088e-01
2.539857000000000031e+00,1.816108000000000056e+00,8.843870000000000342e-01,3.379429999999999934e-01,1.239269999999999955e-01
2.561112000000000055e+00,1.842381000000000046e+00,8.967789999999999928e-01,3.503319999999999768e-01,1.071539999999999992e-01
2.582829999999999959e+00,1.869869000000000003e+00,9.074950000000000516e-01,3.630590000000000206e-01,9.021200000000000052e-02
1.876681000000000044e+00,1.413732999999999906e+00,2.674799999999999955e-01,5.459399999999999670e-02,-4.005100000000000326e-02
1.881949000000000094e+00,1.415165999999999924e+00,2.634750000000000147e-01,5.529300000000000187e-02,-3.302000000000000074e-02
1.887289999999999912e+00,1.416597000000000106e+00,2.601729999999999876e-01,5.687400000000000094e-02,-2.564800000000000066e-02
1.892787999999999915e+00,1.418053000000000008e+00,2.576080000000000036e-01,5.949900000000000327e-02,-1.786000000000000087e-02
1.898543000000000092e+00,1.419564000000000048e+00,2.558219999999999938e-01,6.336100000000000065e-02,-9.580999999999999239e-03
1.904673000000000060e+00,1.421164000000000094e+00,2.548639999999999795e-01,6.866999999999999493e-02,-7.389999999999999651e-04
1.911318999999999990e+00,1.422895000000000021e+00,2.547900000000000165e-01,7.564800000000000690e-02,8.736999999999999975e-03
1.918638000000000066e+00,1.424805000000000099e+00,2.556640000000000024e-01,8.451100000000000279e-02,1.890899999999999873e-02
1.926813000000000109e+00,1.426949999999999941e+00,2.575549999999999784e-01,9.544300000000000006e-02,2.982800000000000035e-02
1.936039000000000065e+00,1.429394999999999971e+00,2.605379999999999918e-01,1.085549999999999987e-01,4.152999999999999747e-02
1.946522000000000086e+00,1.432212999999999958e+00,2.646910000000000096e-01,1.238309999999999966e-01,5.403100000000000264e-02
1.958464999999999900e+00,1.435484999999999900e+00,2.700940000000000007e-01,1.410399999999999987e-01,6.732299999999999396e-02
1.972045000000000048e+00,1.439294000000000073e+00,2.768260000000000165e-01,1.596259999999999901e-01,8.136699999999999489e-02
1.987381999999999982e+00,1.443718999999999975e+00,2.849630000000000218e-01,1.785420000000000063e-01,9.609499999999999986e-02
2.004491999999999940e+00,1.448819999999999997e+00,2.945720000000000005e-01,1.960349999999999870e-01,1.114010000000000000e-01
2.023219000000000101e+00,1.454615999999999909e+00,3.057119999999999838e-01,2.111049999999999871e-01,1.271450000000000080e-01
2.043308999999999820e+00,1.461098000000000008e+00,3.184270000000000156e-01,2.232840000000000102e-01,1.431510000000000005e-01
2.064465000000000217e+00,1.468239999999999990e+00,3.327419999999999822e-01,2.324799999999999922e-01,1.592040000000000122e-01
2.086376000000000008e+00,1.476007999999999987e+00,3.486620000000000275e-01,2.388619999999999910e-01,1.750559999999999894e-01
2.108751999999999960e+00,1.484364000000000017e+00,3.661679999999999935e-01,2.427739999999999898e-01,1.904289999999999872e-01
2.131336000000000119e+00,1.493271999999999933e+00,3.852110000000000256e-01,2.446780000000000066e-01,2.050160000000000038e-01
2.153915000000000024e+00,1.502698000000000089e+00,4.057120000000000171e-01,2.451079999999999925e-01,2.184949999999999948e-01
2.176328999999999958e+00,1.512617000000000100e+00,4.275619999999999976e-01,2.446339999999999903e-01,2.305319999999999869e-01
2.198471000000000064e+00,1.523015999999999925e+00,4.506149999999999878e-01,2.438279999999999892e-01,2.407999999999999863e-01
2.220289999999999875e+00,1.533898999999999901e+00,4.746949999999999781e-01,2.432350000000000068e-01,2.489989999999999981e-01
2.241783999999999999e+00,1.545284000000000102e+00,4.995950000000000113e-01,2.433250000000000135e-01,2.548869999999999747e-01
2.262990999999999975e+00,1.557212000000000041e+00,5.250839999999999952e-01,2.444459999999999966e-01,2.583250000000000268e-01
2.283981999999999957e+00,1.569738000000000078e+00,5.509159999999999613e-01,2.468100000000000016e-01,2.593139999999999890e-01
2.304841999999999835e+00,1.582929000000000030e+00,5.768469999999999986e-01,2.504799999999999804e-01,2.579679999999999751e-01
2.325657999999999781e+00,1.596859000000000028e+00,6.026439999999999575e-01,2.554190000000000071e-01,2.544669999999999987e-01
2.346513999999999989e+00,1.611601999999999979e+00,6.280909999999999549e-01,2.615359999999999907e-01,2.490259999999999974e-01
2.367481999999999864e+00,1.627232000000000012e+00,6.529930000000000456e-01,2.687109999999999776e-01,2.418710000000000027e-01
2.388625999999999916e+00,1.643815000000000026e+00,6.771810000000000329e-01,2.768189999999999817e-01,2.332269999999999899e-01
2.409994999999999887e+00,1.661410000000000053e+00,7.005029999999999868e-01,2.857370000000000188e-01,2.233070000000000055e-01
2.431633000000000155e+00,1.680071000000000092e+00,7.228339999999999765e-01,2.953580000000000094e-01,2.123120000000000007e-01
2.453574000000000144e+00,1.699842999999999993e+00,7.440649999999999764e-01,3.055919999999999748e-01,2.004269999999999941e-01
2.475848000000000049e+00,1.720763999999999960e+00,7.641080000000000094e-01,3.163650000000000073e-01,1.878219999999999890e-01
2.498482999999999787e+00,1.742866999999999944e+00,7.828899999999999748e-01,3.276220000000000243e-01,1.746530000000000027e-01
2.521504000000000190e+00,1.766175999999999968e+00,8.003550000000000386e-01,3.393189999999999817e-01,1.610630000000000117e-01
2.544938999999999840e+00,1.790715000000000057e+00,8.164620000000000211e-01,3.514229999999999854e-01,1.471850000000000103e-01
2.568814999999999849e+00,1.816500999999999921e+00,8.311800000000000299e-01,3.638979999999999992e-01,1.331450000000000133e-01
1.903491999999999962e+00,1.408320999999999934e+00,3.501770000000000160e-01,1.127620000000000011e-01,-8.444899999999999629e-02
1.914099999999999913e+00,1.412144999999999984e+00,3.417319999999999802e-01,9.686100000000000265e-02,-7.638000000000000345e-02
1.923238999999999921e+00,1.415356000000000058e+00,3.340940000000000021e-01,8.247999999999999776e-02,-6.888400000000000079e-02
1.931040000000000090e+00,1.418034000000000017e+00,3.272059999999999969e-01,6.946900000000000297e-02,-6.198200000000000237e-02
1.937624999999999931e+00,1.420245999999999897e+00,3.210069999999999868e-01,5.768000000000000210e-02,-5.568100000000000133e-02
1.943103999999999942e+00,1.422050999999999954e+00,3.154390000000000249e-01,4.698100000000000193e-02,-4.996899999999999953e-02
1.947572999999999999e+00,1.423497000000000012e+00,3.104419999999999957e-01,3.725900000000000045e-02,-4.482200000000000073e-02
1.951124000000000080e+00,1.424627000000000088e+00,3.059600000000000097e-01,2.842599999999999988e-02,-4.020200000000000162e-02
1.953835999999999906e+00,1.425478000000000023e+00,3.019399999999999862e-01,2.042000000000000065e-02,-3.605400000000000271e-02
1.955786999999999942e+00,1.426082000000000072e+00,2.983350000000000168e-01,1.321499999999999932e-02,-3.231400000000000244e-02
1.957051000000000096e+00,1.426468000000000069e+00,2.951030000000000042e-01,6.813999999999999745e-03,-2.889999999999999861e-02
1.957702999999999971e+00,1.426665000000000072e+00,2.922130000000000005e-01,1.263000000000000017e-03,-2.571999999999999981e-02
1.957824000000000009e+00,1.426701999999999915e+00,2.896409999999999818e-01,-3.354000000000000210e-03,-2.266599999999999865e-02
1.957502000000000075e+00,1.426606000000000041e+00,2.873749999999999916e-01,-6.906999999999999945e-03,-1.961699999999999902e-02
1.956839999999999913e+00,1.426411000000000096e+00,2.854129999999999723e-01,-9.223000000000000295e-03,-1.643899999999999875e-02
1.955953999999999970e+00,1.426152000000000086e+00,2.837689999999999935e-01,-1.007899999999999942e-02,-1.298599999999999928e-02
1.954987000000000030e+00,1.425871000000000111e+00,2.824699999999999989e-01,-9.206000000000000641e-03,-9.102000000000000715e-03
1.954102000000000006e+00,1.425613999999999937e+00,2.815599999999999770e-01,-6.292999999999999983e-03,-4.625999999999999904e-03
1.953497999999999957e+00,1.425440000000000040e+00,2.810980000000000145e-01,-9.929999999999999591e-04,6.080000000000000335e-04
1.953403000000000000e+00,1.425411999999999901e+00,2.811580000000000190e-01,7.059000000000000170e-03,6.762999999999999914e-03
1.954080999999999957e+00,1.425607999999999986e+00,2.818350000000000022e-01,1.821800000000000155e-02,1.399300000000000023e-02
1.955829999999999957e+00,1.426115999999999939e+00,2.832339999999999858e-01,3.279100000000000070e-02,2.243399999999999908e-02
1.958978000000000108e+00,1.427035999999999971e+00,2.854769999999999808e-01,5.097200000000000342e-02,3.219799999999999746e-02
1.963865999999999890e+00,1.428479000000000054e+00,2.886969999999999814e-01,7.275199999999999723e-02,4.336600000000000177e-02
1.970836000000000032e+00,1.430566000000000004e+00,2.930340000000000167e-01,9.778599999999999792e-02,5.597300000000000192e-02
1.980189999999999895e+00,1.433416999999999941e+00,2.986309999999999798e-01,1.252139999999999920e-01,7.001100000000000378e-02
1.992143999999999915e+00,1.437141999999999920e+00,3.056320000000000148e-01,1.534079999999999888e-01,8.542299999999999893e-02
2.006753999999999927e+00,1.441821000000000019e+00,3.141740000000000088e-01,1.796270000000000089e-01,1.021100000000000063e-01
2.023808999999999969e+00,1.447459000000000051e+00,3.243849999999999789e-01,2.022650000000000003e-01,1.199260000000000048e-01
2.042940999999999896e+00,1.454020000000000090e+00,3.363780000000000103e-01,2.205149999999999888e-01,1.386809999999999987e-01
2.063705999999999818e+00,1.461443000000000048e+00,3.502460000000000018e-01,2.341300000000000048e-01,1.581369999999999998e-01
2.085633000000000070e+00,1.469649999999999901e+00,3.660599999999999965e-01,2.432469999999999910e-01,1.780090000000000006e-01
2.108267000000000113e+00,1.478558999999999957e+00,3.838610000000000078e-01,2.482650000000000134e-01,1.979700000000000071e-01
2.131193000000000115e+00,1.488083999999999962e+00,4.036580000000000168e-01,2.497620000000000118e-01,2.176579999999999904e-01
2.154053999999999913e+00,1.498143000000000002e+00,4.254240000000000244e-01,2.484339999999999882e-01,2.366800000000000015e-01
2.176559000000000133e+00,1.508663000000000087e+00,4.490919999999999912e-01,2.450539999999999941e-01,2.546200000000000130e-01
2.198497000000000146e+00,1.519581999999999988e+00,4.745539999999999758e-01,2.404409999999999881e-01,2.710429999999999784e-01
2.219733000000000178e+00,1.530856999999999912e+00,5.016580000000000483e-01,2.354310000000000014e-01,2.855110000000000148e-01
2.240209999999999813e+00,1.542472000000000065e+00,5.302090000000000414e-01,2.308469999999999966e-01,2.975909999999999944e-01
2.259949000000000208e+00,1.554440000000000044e+00,5.599680000000000213e-01,2.274579999999999935e-01,3.068779999999999841e-01
2.279031999999999947e+00,1.566815999999999987e+00,5.906559999999999588e-01,2.259309999999999929e-01,3.130260000000000264e-01
2.297597999999999807e+00,1.579690000000000039e+00,6.219580000000000108e-01,2.267540000000000111e-01,3.157889999999999864e-01
2.315815000000000179e+00,1.593190000000000106e+00,6.535370000000000346e-01,2.301370000000000082e-01,3.150939999999999852e-01
2.333863000000000021e+00,1.607467999999999897e+00,6.850469999999999615e-01,2.360490000000000088e-01,3.110339999999999772e-01
2.351907000000000192e+00,1.622684000000000015e+00,7.161499999999999533e-01,2.443039999999999934e-01,3.038100000000000245e-01
2.370089999999999808e+00,1.639000000000000012e+00,7.465309999999999446e-01,2.546370000000000022e-01,2.936830000000000274e-01
2.388525000000000009e+00,1.656563999999999925e+00,7.758990000000000054e-01,2.667430000000000079e-01,2.809409999999999963e-01
2.407300000000000217e+00,1.675510999999999973e+00,8.039929999999999577e-01,2.803149999999999809e-01,2.658860000000000112e-01
2.426477999999999913e+00,1.695953999999999962e+00,8.305820000000000425e-01,2.950610000000000177e-01,2.488209999999999866e-01
2.446105999999999892e+00,1.717983999999999956e+00,8.554640000000000022e-01,3.107179999999999942e-01,2.300439999999999985e-01
2.466213000000000211e+00,1.741672000000000109e+00,8.784690000000000554e-01,3.270529999999999826e-01,2.098500000000000087e-01
2.486823999999999923e+00,1.767063999999999968e+00,8.994539999999999758e-01,3.438640000000000030e-01,1.885249999999999981e-01
2.507959000000000049e+00,1.794187999999999894e+00,9.183059999999999556e-01,3.609680000000000111e-01,1.663530000000000009e-01
2.529635999999999996e+00,1.823050999999999977e+00,9.349410000000000220e-01,3.781919999999999726e-01,1.436149999999999927e-01
2.551876000000000033e+00,1.853639000000000037e+00,9.493030000000000079e-01,3.953570000000000140e-01,1.205880000000000007e-01
2.574701999999999824e+00,1.885920000000000041e+00,9.613620000000000498e-01,4.122589999999999866e-01,9.754799999999999582e-02
2.009259000000000128e+00,1.401356000000000046e+00,4.716389999999999749e-01,6.088899999999999868e-02,-1.101000000000000069e-02
2.014683999999999919e+00,1.404118999999999895e+00,4.705380000000000118e-01,5.596000000000000280e-02,-7.013000000000000136e-03
2.019673000000000052e+00,1.406654999999999989e+00,4.698359999999999759e-01,5.167100000000000165e-02,-3.082000000000000104e-03
2.024281000000000219e+00,1.408992999999999940e+00,4.695280000000000009e-01,4.806799999999999962e-02,8.159999999999999936e-04
2.028566999999999787e+00,1.411168999999999896e+00,4.696100000000000274e-01,4.522199999999999831e-02,4.721999999999999635e-03
2.032599999999999962e+00,1.413216000000000028e+00,4.700819999999999999e-01,4.323099999999999860e-02,8.677000000000000685e-03
2.036452999999999847e+00,1.415175999999999989e+00,4.709499999999999797e-01,4.221799999999999858e-02,1.272900000000000073e-02
2.040214000000000194e+00,1.417094000000000076e+00,4.722230000000000039e-01,4.233200000000000157e-02,1.692600000000000007e-02
2.043982000000000188e+00,1.419022999999999923e+00,4.739149999999999752e-01,4.374600000000000016e-02,2.131800000000000014e-02
2.047871999999999915e+00,1.421022999999999925e+00,4.760469999999999979e-01,4.665300000000000002e-02,2.595700000000000091e-02
2.052016000000000062e+00,1.423165999999999931e+00,4.786429999999999851e-01,5.125199999999999895e-02,3.089400000000000132e-02
2.056562000000000001e+00,1.425534000000000079e+00,4.817319999999999935e-01,5.774200000000000166e-02,3.617399999999999782e-02
2.061674000000000007e+00,1.428218999999999905e+00,4.853489999999999749e-01,6.629200000000000370e-02,4.183900000000000119e-02
2.067530999999999786e+00,1.431322999999999901e+00,4.895329999999999959e-01,7.701399999999999912e-02,4.792199999999999932e-02
2.074319000000000024e+00,1.434960999999999931e+00,4.943259999999999876e-01,8.991000000000000381e-02,5.444399999999999934e-02
2.082221999999999795e+00,1.439248000000000083e+00,4.997699999999999920e-01,1.048059999999999964e-01,6.141300000000000231e-02
2.091406000000000098e+00,1.444298999999999999e+00,5.059109999999999996e-01,1.212560000000000027e-01,6.882000000000000617e-02
2.101992000000000083e+00,1.450212000000000057e+00,5.127930000000000543e-01,1.384110000000000062e-01,7.663899999999999879e-02
2.114027000000000100e+00,1.457047999999999899e+00,5.204569999999999474e-01,1.548360000000000014e-01,8.482199999999999462e-02
2.127426999999999957e+00,1.464804999999999913e+00,5.289390000000000480e-01,1.696950000000000125e-01,9.330499999999999905e-02
2.142037999999999887e+00,1.473435999999999968e+00,5.382700000000000262e-01,1.825720000000000121e-01,1.019990000000000063e-01
2.157665000000000166e+00,1.482876000000000083e+00,5.484700000000000131e-01,1.933370000000000088e-01,1.107910000000000006e-01
2.174106999999999790e+00,1.493047000000000013e+00,5.595489999999999631e-01,2.020589999999999886e-01,1.195470000000000005e-01
2.191167000000000087e+00,1.503873999999999933e+00,5.715029999999999832e-01,2.089320000000000066e-01,1.281100000000000017e-01
2.208667000000000158e+00,1.515287999999999968e+00,5.843140000000000001e-01,2.142320000000000058e-01,1.363020000000000065e-01
2.226455000000000073e+00,1.527226999999999890e+00,5.979449999999999488e-01,2.182779999999999998e-01,1.439290000000000014e-01
2.244406000000000123e+00,1.539644000000000013e+00,6.123370000000000202e-01,2.214119999999999977e-01,1.507830000000000004e-01
2.262427999999999884e+00,1.552507000000000081e+00,6.274159999999999737e-01,2.239760000000000084e-01,1.566510000000000125e-01
2.280456000000000039e+00,1.565797000000000105e+00,6.430810000000000137e-01,2.262919999999999932e-01,1.613259999999999972e-01
2.298455000000000137e+00,1.579512000000000027e+00,6.592130000000000489e-01,2.286489999999999911e-01,1.646229999999999916e-01
2.316412999999999833e+00,1.593665000000000109e+00,6.756760000000000543e-01,2.312730000000000063e-01,1.664039999999999964e-01
2.334337999999999802e+00,1.608279000000000014e+00,6.923160000000000425e-01,2.342990000000000073e-01,1.666130000000000111e-01
2.352247999999999895e+00,1.623383999999999938e+00,7.089779999999999971e-01,2.378109999999999946e-01,1.652839999999999865e-01
2.370169999999999888e+00,1.639015000000000111e+00,7.255059999999999842e-01,2.418510000000000104e-01,1.625119999999999898e-01
2.388132999999999839e+00,1.655208999999999930e+00,7.417569999999999997e-01,2.464330000000000132e-01,1.584240000000000093e-01
2.406168999999999780e+00,1.672001000000000071e+00,7.575990000000000224e-01,2.515629999999999811e-01,1.531649999999999956e-01
2.424312000000000022e+00,1.689427000000000012e+00,7.729160000000000474e-01,2.572420000000000262e-01,1.468839999999999868e-01
2.442594999999999850e+00,1.707522999999999902e+00,7.876039999999999708e-01,2.634799999999999920e-01,1.397239999999999871e-01
2.461053999999999853e+00,1.726323999999999970e+00,8.015769999999999840e-01,2.702919999999999767e-01,1.318249999999999977e-01
2.479725999999999875e+00,1.745867000000000058e+00,8.147590000000000110e-01,2.777049999999999796e-01,1.233139999999999931e-01
2.498653000000000013e+00,1.766188000000000091e+00,8.270910000000000206e-01,2.857560000000000100e-01,1.143099999999999949e-01
2.517878000000000061e+00,1.787328999999999946e+00,8.385219999999999896e-01,2.944930000000000048e-01,1.049210000000000004e-01
2.537452000000000041e+00,1.809331999999999940e+00,8.490140000000000464e-01,3.039689999999999892e-01,9.524900000000000033e-02
2.557427000000000117e+00,1.832243999999999984e+00,8.585390000000000521e-01,3.142369999999999886e-01,8.538700000000000456e-02
2.577862000000000098e+00,1.856116000000000099e+00,8.670780000000000154e-01,3.253499999999999726e-01,7.542200000000000293e-02
1.971605999999999970e+00,1.402220000000000022e+00,3.905959999999999988e-01,4.638699999999999768e-02,5.282000000000000237e-03
1.975894999999999957e+00,1.403988000000000014e+00,3.911240000000000272e-01,4.378499999999999753e-02,1.034200000000000050e-02
1.979942000000000091e+00,1.405658999999999992e+00,3.921580000000000066e-01,4.212699999999999778e-02,1.540799999999999982e-02
1.983832999999999958e+00,1.407272000000000078e+00,3.936990000000000212e-01,4.159299999999999803e-02,2.052700000000000011e-02
1.987673000000000023e+00,1.408870999999999984e+00,3.957519999999999927e-01,4.238600000000000007e-02,2.574500000000000052e-02
1.991581999999999963e+00,1.410509999999999931e+00,3.983260000000000134e-01,4.473699999999999899e-02,3.110699999999999923e-02
1.995702000000000087e+00,1.412252000000000063e+00,4.014369999999999883e-01,4.888699999999999990e-02,3.665299999999999808e-02
2.000198999999999838e+00,1.414171000000000067e+00,4.051020000000000176e-01,5.507900000000000296e-02,4.241600000000000231e-02
2.005256000000000149e+00,1.416352000000000055e+00,4.093439999999999857e-01,6.352700000000000014e-02,4.841700000000000170e-02
2.011077999999999921e+00,1.418895000000000017e+00,4.141859999999999986e-01,7.438699999999999479e-02,5.466800000000000131e-02
2.017879999999999896e+00,1.421907000000000032e+00,4.196529999999999982e-01,8.770100000000000118e-02,6.116300000000000209e-02
2.025878000000000068e+00,1.425505000000000022e+00,4.257690000000000086e-01,1.033209999999999962e-01,6.788099999999999690e-02
2.035273000000000110e+00,1.429804000000000075e+00,4.325570000000000248e-01,1.208079999999999987e-01,7.478700000000000625e-02
2.046222000000000207e+00,1.434908999999999990e+00,4.400359999999999827e-01,1.392839999999999911e-01,8.183699999999999308e-02
2.058799000000000046e+00,1.440893999999999897e+00,4.482189999999999785e-01,1.572330000000000116e-01,8.898599999999999566e-02
2.072938999999999865e+00,1.447770000000000001e+00,4.571180000000000243e-01,1.737599999999999978e-01,9.618799999999999573e-02
2.088493999999999851e+00,1.455513999999999974e+00,4.667370000000000130e-01,1.884059999999999901e-01,1.033929999999999988e-01
2.105274999999999785e+00,1.464078999999999908e+00,4.770760000000000001e-01,2.010069999999999912e-01,1.105359999999999954e-01
2.123079999999999856e+00,1.473408000000000051e+00,4.881300000000000083e-01,2.115980000000000083e-01,1.175380000000000036e-01
2.141709999999999781e+00,1.483441000000000010e+00,4.998830000000000218e-01,2.203410000000000091e-01,1.243029999999999968e-01
2.160981000000000041e+00,1.494121999999999950e+00,5.123140000000000471e-01,2.274770000000000125e-01,1.307180000000000009e-01
2.180734999999999868e+00,1.505401999999999907e+00,5.253849999999999909e-01,2.332869999999999944e-01,1.366570000000000007e-01
2.200836999999999932e+00,1.517239999999999922e+00,5.390509999999999469e-01,2.380720000000000058e-01,1.419789999999999941e-01
2.221181000000000072e+00,1.529605000000000103e+00,5.532489999999999908e-01,2.421290000000000109e-01,1.465390000000000026e-01
2.241687999999999903e+00,1.542478999999999933e+00,5.679030000000000467e-01,2.457390000000000130e-01,1.501959999999999962e-01
2.262303999999999871e+00,1.555851000000000095e+00,5.829229999999999690e-01,2.491500000000000103e-01,1.528259999999999896e-01
2.282998999999999779e+00,1.569723999999999897e+00,5.982049999999999867e-01,2.525600000000000067e-01,1.543380000000000030e-01
2.303758999999999890e+00,1.584108000000000072e+00,6.136390000000000455e-01,2.560939999999999883e-01,1.547109999999999874e-01
2.324580999999999786e+00,1.599016999999999911e+00,6.291099999999999470e-01,2.598469999999999946e-01,1.539870000000000128e-01
2.345473000000000141e+00,1.614468000000000014e+00,6.445089999999999986e-01,2.638880000000000114e-01,1.522550000000000014e-01
2.366445999999999827e+00,1.630481999999999987e+00,6.597340000000000426e-01,2.682749999999999857e-01,1.496220000000000050e-01
2.387519999999999865e+00,1.647083000000000075e+00,6.746959999999999624e-01,2.730609999999999982e-01,1.462110000000000076e-01
2.408717999999999915e+00,1.664295000000000080e+00,6.893169999999999575e-01,2.782959999999999878e-01,1.421419999999999906e-01
2.430067000000000199e+00,1.682147000000000059e+00,7.035320000000000462e-01,2.840329999999999799e-01,1.375369999999999926e-01
2.451598999999999862e+00,1.700669999999999904e+00,7.172849999999999504e-01,2.903270000000000017e-01,1.325060000000000127e-01
2.473351000000000077e+00,1.719899000000000067e+00,7.305359999999999632e-01,2.972380000000000022e-01,1.271549999999999903e-01
2.495363000000000220e+00,1.739873000000000003e+00,7.432509999999999950e-01,3.048259999999999859e-01,1.215780000000000055e-01
2.517681000000000058e+00,1.760636000000000090e+00,7.554089999999999971e-01,3.131499999999999839e-01,1.158610000000000056e-01
2.540353000000000083e+00,1.782237000000000071e+00,7.669949999999999823e-01,3.222650000000000237e-01,1.100809999999999983e-01
2.563432000000000155e+00,1.804728000000000110e+00,7.780030000000000001e-01,3.322149999999999825e-01,1.043020000000000058e-01
1.976861999999999897e+00,1.407554999999999890e+00,4.204200000000000159e-01,1.970649999999999902e-01,-5.327199999999999991e-02
1.994872999999999896e+00,1.415550000000000086e+00,4.150929999999999898e-01,1.809739999999999960e-01,-4.372199999999999698e-02
2.011449999999999960e+00,1.422811999999999966e+00,4.107199999999999740e-01,1.665290000000000104e-01,-3.426900000000000085e-02
2.026729000000000003e+00,1.429435000000000011e+00,4.072930000000000161e-01,1.535819999999999963e-01,-2.496500000000000108e-02
2.040837999999999930e+00,1.435500999999999916e+00,4.047970000000000179e-01,1.419739999999999891e-01,-1.585299999999999904e-02
2.053892999999999969e+00,1.441081999999999974e+00,4.032120000000000148e-01,1.315429999999999933e-01,-6.964999999999999837e-03
2.065993999999999886e+00,1.446239000000000052e+00,4.025150000000000117e-01,1.221320000000000044e-01,1.675000000000000057e-03
2.077230999999999828e+00,1.451025000000000009e+00,4.026830000000000132e-01,1.135980000000000045e-01,1.005400000000000044e-02
2.087680000000000202e+00,1.455481999999999942e+00,4.036879999999999913e-01,1.058150000000000063e-01,1.816299999999999859e-02
2.097407000000000021e+00,1.459646999999999917e+00,4.055039999999999756e-01,9.867700000000000082e-02,2.600299999999999834e-02
2.106469000000000147e+00,1.463551000000000046e+00,4.081049999999999955e-01,9.210400000000000531e-02,3.357899999999999774e-02
2.114917000000000158e+00,1.467221000000000108e+00,4.114619999999999944e-01,8.603800000000000336e-02,4.090499999999999692e-02
2.122796000000000127e+00,1.470677999999999930e+00,4.155530000000000057e-01,8.045399999999999774e-02,4.799500000000000294e-02
2.130148999999999848e+00,1.473943999999999921e+00,4.203520000000000034e-01,7.535100000000000131e-02,5.487299999999999817e-02
2.137019000000000002e+00,1.477038000000000073e+00,4.258399999999999963e-01,7.076100000000000445e-02,6.156400000000000067e-02
2.143454999999999888e+00,1.479980000000000073e+00,4.319959999999999911e-01,6.674700000000000077e-02,6.809700000000000475e-02
2.149506000000000139e+00,1.482796000000000003e+00,4.388059999999999738e-01,6.340099999999999902e-02,7.450600000000000278e-02
2.155235999999999930e+00,1.485511000000000026e+00,4.462570000000000148e-01,6.084599999999999731e-02,8.082599999999999507e-02
2.160714000000000024e+00,1.488159000000000010e+00,4.543389999999999929e-01,5.923199999999999993e-02,8.709100000000000175e-02
2.166024999999999867e+00,1.490782000000000052e+00,4.630480000000000151e-01,5.873500000000000248e-02,9.333900000000000530e-02
2.171266999999999836e+00,1.493430000000000035e+00,4.723820000000000241e-01,5.954199999999999771e-02,9.960399999999999809e-02
2.176556000000000157e+00,1.496164999999999967e+00,4.823430000000000217e-01,6.184699999999999920e-02,1.059149999999999953e-01
2.182020000000000071e+00,1.499063000000000034e+00,4.929339999999999833e-01,6.582499999999999463e-02,1.122979999999999950e-01
2.187800999999999885e+00,1.502210000000000045e+00,5.041639999999999455e-01,7.160400000000000098e-02,1.187679999999999986e-01
2.194049999999999834e+00,1.505705999999999989e+00,5.160409999999999719e-01,7.922500000000000375e-02,1.253309999999999980e-01
2.200915999999999872e+00,1.509659000000000084e+00,5.285739999999999883e-01,8.857700000000000295e-02,1.319790000000000130e-01
2.208534999999999915e+00,1.514175999999999966e+00,5.417720000000000313e-01,9.931600000000000150e-02,1.386910000000000087e-01
2.217009000000000007e+00,1.519355999999999929e+00,5.556410000000000515e-01,1.107429999999999942e-01,1.454340000000000077e-01
2.226373999999999853e+00,1.525266000000000011e+00,5.701840000000000241e-01,1.216450000000000031e-01,1.521609999999999907e-01
2.236563999999999997e+00,1.531910000000000105e+00,5.854000000000000314e-01,1.313269999999999993e-01,1.588130000000000097e-01
2.247452000000000005e+00,1.539252999999999982e+00,6.012819999999999832e-01,1.394579999999999986e-01,1.653189999999999937e-01
2.258885999999999949e+00,1.547236999999999973e+00,6.178139999999999743e-01,1.459620000000000084e-01,1.715859999999999885e-01
2.270710999999999924e+00,1.555792999999999981e+00,6.349719999999999809e-01,1.509350000000000136e-01,1.775039999999999951e-01
2.282782000000000089e+00,1.564853000000000049e+00,6.527230000000000532e-01,1.545890000000000042e-01,1.829459999999999975e-01
2.294976999999999823e+00,1.574354000000000031e+00,6.710169999999999746e-01,1.572099999999999886e-01,1.877679999999999905e-01
2.307196999999999942e+00,1.584243999999999986e+00,6.897940000000000182e-01,1.591239999999999877e-01,1.918100000000000083e-01
2.319373000000000129e+00,1.594487999999999905e+00,7.089750000000000218e-01,1.606779999999999875e-01,1.949049999999999949e-01
2.331466999999999956e+00,1.605067000000000021e+00,7.284650000000000292e-01,1.622149999999999981e-01,1.968820000000000014e-01
2.343463999999999992e+00,1.615984000000000087e+00,7.481539999999999857e-01,1.640550000000000064e-01,1.975790000000000046e-01
2.355376999999999832e+00,1.627262999999999904e+00,7.679120000000000390e-01,1.664770000000000139e-01,1.968620000000000092e-01
2.367237999999999953e+00,1.638943999999999956e+00,7.875980000000000203e-01,1.696819999999999995e-01,1.946450000000000125e-01
2.379093000000000124e+00,1.651083999999999996e+00,8.070619999999999461e-01,1.737910000000000010e-01,1.909119999999999984e-01
2.390991999999999784e+00,1.663750999999999980e+00,8.261530000000000262e-01,1.788389999999999980e-01,1.857109999999999872e-01
2.402988999999999820e+00,1.677013000000000087e+00,8.447249999999999481e-01,1.848069999999999991e-01,1.791270000000000084e-01
2.415134999999999810e+00,1.690941999999999945e+00,8.626369999999999871e-01,1.916569999999999940e-01,1.712670000000000026e-01
2.427475999999999967e+00,1.705605000000000038e+00,8.797639999999999905e-01,1.993439999999999934e-01,1.622450000000000003e-01
2.440055000000000085e+00,1.721068999999999960e+00,8.959880000000000067e-01,2.078290000000000137e-01,1.521820000000000117e-01
2.452914999999999957e+00,1.737395000000000023e+00,9.112069999999999892e-01,2.170940000000000092e-01,1.411949999999999872e-01
2.466096999999999984e+00,1.754644000000000092e+00,9.253259999999999819e-01,2.271380000000000066e-01,1.294039999999999913e-01
2.479642999999999819e+00,1.772875999999999896e+00,9.382669999999999622e-01,2.379850000000000021e-01,1.169240000000000002e-01
2.493599999999999817e+00,1.792151999999999967e+00,9.499589999999999979e-01,2.496770000000000100e-01,1.038720000000000060e-01
2.508018999999999998e+00,1.812535999999999925e+00,9.603460000000000329e-01,2.622709999999999764e-01,9.036399999999999988e-02
2.522956000000000198e+00,1.834093999999999891e+00,9.693829999999999947e-01,2.758320000000000216e-01,7.651800000000000268e-02
2.538475000000000037e+00,1.856897000000000020e+00,9.770349999999999868e-01,2.904220000000000135e-01,6.245499999999999663e-02
2.554648999999999948e+00,1.881018000000000079e+00,9.832800000000000429e-01,3.060829999999999940e-01,4.829900000000000165e-02
2.571553000000000200e+00,1.906535000000000091e+00,9.881100000000000438e-01,3.228239999999999998e-01,3.417800000000000005e-02
2.589271000000000100e+00,1.933521000000000045e+00,9.915279999999999649e-01,3.406009999999999871e-01,2.022099999999999939e-02
2.090701000000000143e+00,1.408042000000000016e+00,6.000490000000000546e-01,6.273199999999999610e-02,2.236099999999999893e-02
2.095873999999999793e+00,1.411589999999999900e+00,6.022849999999999593e-01,5.673399999999999971e-02,2.506800000000000000e-02
2.100544999999999884e+00,1.414809999999999901e+00,6.047909999999999675e-01,5.145700000000000274e-02,2.769200000000000134e-02
2.104773999999999923e+00,1.417742000000000058e+00,6.075610000000000177e-01,4.696499999999999980e-02,3.024299999999999905e-02
2.108626000000000111e+00,1.420428999999999942e+00,6.105850000000000444e-01,4.334299999999999958e-02,3.273000000000000215e-02
2.112172999999999856e+00,1.422919999999999963e+00,6.138580000000000148e-01,4.070399999999999713e-02,3.516600000000000281e-02
2.115496999999999961e+00,1.425270000000000037e+00,6.173750000000000071e-01,3.918399999999999661e-02,3.756099999999999717e-02
2.118686999999999987e+00,1.427545000000000064e+00,6.211309999999999887e-01,3.894199999999999745e-02,3.992400000000000115e-02
2.121849999999999792e+00,1.429816999999999894e+00,6.251229999999999842e-01,4.015500000000000319e-02,4.226300000000000195e-02
2.125100999999999907e+00,1.432174000000000058e+00,6.293490000000000473e-01,4.301200000000000162e-02,4.458100000000000257e-02
2.128572000000000131e+00,1.434712999999999905e+00,6.338070000000000093e-01,4.770200000000000135e-02,4.687500000000000000e-02
2.132408999999999999e+00,1.437546999999999908e+00,6.384950000000000347e-01,5.439200000000000285e-02,4.913700000000000012e-02
2.136769000000000140e+00,1.440800000000000081e+00,6.434090000000000087e-01,6.320299999999999530e-02,5.134899999999999881e-02
2.141815999999999942e+00,1.444603999999999999e+00,6.485440000000000094e-01,7.416399999999999382e-02,5.348900000000000182e-02
2.147714999999999819e+00,1.449100000000000055e+00,6.538920000000000288e-01,8.715799999999999936e-02,5.552499999999999797e-02
2.154618000000000144e+00,1.454420999999999964e+00,6.594449999999999479e-01,1.018359999999999960e-01,5.742200000000000082e-02
2.162647999999999904e+00,1.460682999999999954e+00,6.651869999999999727e-01,1.175090000000000023e-01,5.914799999999999919e-02
2.171872000000000025e+00,1.467962999999999907e+00,6.711019999999999763e-01,1.329909999999999981e-01,6.068300000000000083e-02
2.182262000000000146e+00,1.476264999999999938e+00,6.771700000000000497e-01,1.475670000000000037e-01,6.201999999999999874e-02
2.193734000000000073e+00,1.485546999999999951e+00,6.833719999999999795e-01,1.608499999999999930e-01,6.316199999999999593e-02
2.206174999999999997e+00,1.495741999999999905e+00,6.896879999999999677e-01,1.726749999999999952e-01,6.411100000000000132e-02
2.219460999999999906e+00,1.506772000000000000e+00,6.961000000000000520e-01,1.830229999999999912e-01,6.487199999999999911e-02
2.233467000000000091e+00,1.518553999999999959e+00,7.025869999999999616e-01,1.919679999999999997e-01,6.544700000000000517e-02
2.248076000000000185e+00,1.531006000000000089e+00,7.091309999999999558e-01,1.996340000000000059e-01,6.583200000000000163e-02
2.263183999999999862e+00,1.544056000000000095e+00,7.157149999999999901e-01,2.061769999999999992e-01,6.602199999999999736e-02
2.278697999999999890e+00,1.557635000000000103e+00,7.223169999999999868e-01,2.117620000000000058e-01,6.600699999999999623e-02
2.294540000000000024e+00,1.571687999999999974e+00,7.289170000000000371e-01,2.165539999999999965e-01,6.577299999999999813e-02
2.310645000000000060e+00,1.586165000000000047e+00,7.354950000000000099e-01,2.207119999999999915e-01,6.530900000000000594e-02
2.326961999999999975e+00,1.601026999999999978e+00,7.420259999999999634e-01,2.243850000000000011e-01,6.460200000000000664e-02
2.343452999999999786e+00,1.616244000000000014e+00,7.484859999999999847e-01,2.277089999999999947e-01,6.364699999999999525e-02
2.360088000000000186e+00,1.631793000000000049e+00,7.548510000000000497e-01,2.308080000000000132e-01,6.244999999999999857e-02
2.376850000000000129e+00,1.647659999999999902e+00,7.610959999999999948e-01,2.338000000000000078e-01,6.102799999999999891e-02
2.393730000000000135e+00,1.663837000000000010e+00,7.671989999999999643e-01,2.368000000000000105e-01,5.940999999999999753e-02
2.410727000000000064e+00,1.680323999999999929e+00,7.731400000000000494e-01,2.399219999999999964e-01,5.762899999999999967e-02
2.427849999999999842e+00,1.697130000000000027e+00,7.789019999999999833e-01,2.432769999999999933e-01,5.572099999999999970e-02
2.445116000000000067e+00,1.714267999999999903e+00,7.844750000000000334e-01,2.469790000000000041e-01,5.372199999999999892e-02
2.462549000000000099e+00,1.731762999999999941e+00,7.898469999999999658e-01,2.511439999999999784e-01,5.167100000000000165e-02
2.480182999999999804e+00,1.749646000000000035e+00,7.950139999999999985e-01,2.558869999999999756e-01,4.960500000000000326e-02
2.498056000000000054e+00,1.767957000000000001e+00,7.999739999999999629e-01,2.613269999999999760e-01,4.755700000000000205e-02
2.516218999999999983e+00,1.786745999999999945e+00,8.047299999999999454e-01,2.675830000000000153e-01,4.556199999999999833e-02
2.534727000000000174e+00,1.806071999999999900e+00,8.092859999999999498e-01,2.747709999999999875e-01,4.365000000000000130e-02
2.553643000000000107e+00,1.826000999999999985e+00,8.136510000000000131e-01,2.829999999999999738e-01,4.184800000000000325e-02
2.573037999999999936e+00,1.846610000000000085e+00,8.178360000000000074e-01,2.923709999999999920e-01,4.017899999999999944e-02
2.072140000000000093e+00,1.411751999999999896e+00,5.962910000000000155e-01,2.052910000000000013e-01,1.494900000000000048e-02
2.089118000000000031e+00,1.423292999999999919e+00,5.977860000000000396e-01,1.969829999999999914e-01,2.042700000000000071e-02
2.105389000000000177e+00,1.434396000000000004e+00,5.998289999999999456e-01,1.895670000000000133e-01,2.590200000000000141e-02
2.121021999999999963e+00,1.445117999999999903e+00,6.024190000000000378e-01,1.829330000000000123e-01,3.135700000000000293e-02
2.136079000000000061e+00,1.455507000000000106e+00,6.055549999999999544e-01,1.769789999999999974e-01,3.677500000000000213e-02
2.150612000000000190e+00,1.465608000000000022e+00,6.092319999999999958e-01,1.716080000000000105e-01,4.214099999999999790e-02
2.164664000000000144e+00,1.475457000000000019e+00,6.134460000000000468e-01,1.667339999999999933e-01,4.744000000000000300e-02
2.178275000000000183e+00,1.485087999999999964e+00,6.181900000000000173e-01,1.622780000000000056e-01,5.265700000000000242e-02
2.191473999999999922e+00,1.494528000000000079e+00,6.234560000000000102e-01,1.581700000000000050e-01,5.777600000000000097e-02
2.204289000000000165e+00,1.503800000000000026e+00,6.292339999999999600e-01,1.543489999999999862e-01,6.278200000000000447e-02
2.216739000000000015e+00,1.512923000000000018e+00,6.355119999999999658e-01,1.507650000000000101e-01,6.765599999999999392e-02
2.228842000000000212e+00,1.521913000000000071e+00,6.422780000000000156e-01,1.473760000000000070e-01,7.237899999999999889e-02
2.240610999999999908e+00,1.530783999999999923e+00,6.495159999999999823e-01,1.441479999999999984e-01,7.692899999999999738e-02
2.252057000000000198e+00,1.539546000000000081e+00,6.572080000000000144e-01,1.410579999999999889e-01,8.128000000000000502e-02
2.263189000000000117e+00,1.548208999999999946e+00,6.653369999999999562e-01,1.380909999999999915e-01,8.540399999999999381e-02
2.274016000000000037e+00,1.556780000000000053e+00,6.738769999999999483e-01,1.352399999999999991e-01,8.926800000000000013e-02
2.284546000000000188e+00,1.565266000000000046e+00,6.828039999999999665e-01,1.325060000000000127e-01,9.283500000000000085e-02
2.294786999999999910e+00,1.573674000000000017e+00,6.920870000000000077e-01,1.299019999999999897e-01,9.606399999999999662e-02
2.304748000000000019e+00,1.582011999999999974e+00,7.016940000000000399e-01,1.274440000000000017e-01,9.891099999999999892e-02
2.314440999999999971e+00,1.590286000000000088e+00,7.115850000000000231e-01,1.251599999999999935e-01,1.013270000000000004e-01
2.323878000000000110e+00,1.598508000000000040e+00,7.217170000000000529e-01,1.230809999999999960e-01,1.032629999999999937e-01
2.333075000000000010e+00,1.606686999999999976e+00,7.320440000000000280e-01,1.212469999999999937e-01,1.046730000000000022e-01
2.342051000000000105e+00,1.614837999999999996e+00,7.425110000000000321e-01,1.197000000000000008e-01,1.055169999999999997e-01
2.350827999999999918e+00,1.622978000000000032e+00,7.530630000000000379e-01,1.184849999999999931e-01,1.057680000000000009e-01
2.359428999999999998e+00,1.631126000000000076e+00,7.636399999999999855e-01,1.176439999999999986e-01,1.054240000000000038e-01
2.367884000000000100e+00,1.639307000000000070e+00,7.741820000000000368e-01,1.172360000000000069e-01,1.045100000000000057e-01
2.376222999999999974e+00,1.647547000000000095e+00,7.846330000000000249e-01,1.172699999999999992e-01,1.030680000000000068e-01
2.384478999999999793e+00,1.655874999999999986e+00,7.949399999999999800e-01,1.177300000000000013e-01,1.011439999999999978e-01
2.392681000000000058e+00,1.664320000000000022e+00,8.050540000000000473e-01,1.185839999999999950e-01,9.879200000000000481e-02
2.400857999999999937e+00,1.672908999999999979e+00,8.149330000000000185e-01,1.197899999999999937e-01,9.606000000000000649e-02
2.409031999999999840e+00,1.681664999999999965e+00,8.245390000000000219e-01,1.213079999999999992e-01,9.299399999999999333e-02
2.417225999999999875e+00,1.690609999999999946e+00,8.338389999999999969e-01,1.230969999999999981e-01,8.963699999999999446e-02
2.425457999999999892e+00,1.699762999999999913e+00,8.428020000000000511e-01,1.251240000000000130e-01,8.602500000000000424e-02
2.433743000000000212e+00,1.709138999999999964e+00,8.514049999999999674e-01,1.273640000000000050e-01,8.219200000000000117e-02
2.442095999999999822e+00,1.718753999999999893e+00,8.596240000000000547e-01,1.297969999999999957e-01,7.816399999999999737e-02
2.450530000000000097e+00,1.728620000000000045e+00,8.674399999999999888e-01,1.324150000000000049e-01,7.396500000000000297e-02
2.459055999999999909e+00,1.738750999999999935e+00,8.748369999999999758e-01,1.352190000000000059e-01,6.961599999999999733e-02
2.467689000000000021e+00,1.749157999999999991e+00,8.817989999999999995e-01,1.382190000000000085e-01,6.513299999999999645e-02
2.476442000000000032e+00,1.759856000000000087e+00,8.883119999999999905e-01,1.414350000000000052e-01,6.053100000000000147e-02
2.485329999999999817e+00,1.770858000000000043e+00,8.943649999999999656e-01,1.448979999999999990e-01,5.582199999999999662e-02
2.494368999999999836e+00,1.782183000000000073e+00,8.999470000000000525e-01,1.486480000000000024e-01,5.101800000000000085e-02
2.503579999999999917e+00,1.793849999999999945e+00,9.050489999999999924e-01,1.527360000000000106e-01,4.612900000000000333e-02
2.512986000000000164e+00,1.805884000000000045e+00,9.096619999999999706e-01,1.572250000000000036e-01,4.116500000000000020e-02
2.522613999999999912e+00,1.818313000000000068e+00,9.137779999999999792e-01,1.621859999999999968e-01,3.613299999999999845e-02
2.532496000000000080e+00,1.831172999999999940e+00,9.173919999999999852e-01,1.677029999999999910e-01,3.104499999999999968e-02
2.542670000000000208e+00,1.844505000000000061e+00,9.204959999999999809e-01,1.738689999999999958e-01,2.590999999999999900e-02
2.553179000000000087e+00,1.858357000000000037e+00,9.230869999999999909e-01,1.807890000000000053e-01,2.073900000000000049e-02
2.564071999999999907e+00,1.872784999999999922e+00,9.251610000000000111e-01,1.885749999999999926e-01,1.554499999999999979e-02
2.575406999999999780e+00,1.887855999999999979e+00,9.267159999999999842e-01,1.973479999999999956e-01,1.034200000000000050e-02
2.587248999999999910e+00,1.903642999999999974e+00,9.277499999999999636e-01,2.072380000000000055e-01,5.144000000000000135e-03
2.017164999999999875e+00,1.402749000000000024e+00,5.345950000000000424e-01,2.686499999999999999e-01,-6.257999999999999674e-03
2.040286000000000044e+00,1.416428999999999938e+00,5.339690000000000270e-01,2.512539999999999774e-01,6.980000000000000527e-04
2.061913000000000107e+00,1.429218000000000099e+00,5.340390000000000414e-01,2.355150000000000021e-01,7.861999999999999197e-03
2.082180000000000142e+00,1.441213999999999995e+00,5.348249999999999948e-01,2.213779999999999915e-01,1.517199999999999972e-02
2.101217999999999808e+00,1.452512000000000025e+00,5.363419999999999854e-01,2.087420000000000109e-01,2.256899999999999878e-02
2.119149000000000171e+00,1.463198999999999916e+00,5.385990000000000499e-01,1.974789999999999879e-01,3.000099999999999989e-02
2.136086000000000151e+00,1.473352999999999913e+00,5.415990000000000526e-01,1.874429999999999985e-01,3.741599999999999787e-02
2.152130000000000098e+00,1.483046000000000086e+00,5.453409999999999647e-01,1.784820000000000018e-01,4.477099999999999830e-02
2.167368000000000183e+00,1.492337999999999942e+00,5.498180000000000289e-01,1.704440000000000122e-01,5.202600000000000280e-02
2.181877000000000066e+00,1.501282000000000005e+00,5.550209999999999866e-01,1.631829999999999947e-01,5.914500000000000313e-02
2.195720999999999812e+00,1.509921999999999986e+00,5.609349999999999614e-01,1.565650000000000097e-01,6.610000000000000597e-02
2.208950000000000191e+00,1.518294999999999950e+00,5.675449999999999662e-01,1.504699999999999926e-01,7.286199999999999621e-02
2.221608999999999945e+00,1.526429999999999954e+00,5.748309999999999809e-01,1.447930000000000050e-01,7.940700000000000536e-02
2.233729999999999993e+00,1.534350000000000103e+00,5.827719999999999567e-01,1.394440000000000124e-01,8.571299999999999752e-02
2.245338999999999974e+00,1.542073999999999945e+00,5.913429999999999520e-01,1.343519999999999992e-01,9.175999999999999435e-02
2.256458999999999993e+00,1.549614999999999965e+00,6.005190000000000250e-01,1.294609999999999927e-01,9.752700000000000258e-02
2.267103999999999786e+00,1.556983000000000006e+00,6.102720000000000367e-01,1.247290000000000065e-01,1.029930000000000012e-01
2.277287999999999979e+00,1.564183000000000101e+00,6.205709999999999837e-01,1.201330000000000037e-01,1.081379999999999980e-01
2.287024000000000168e+00,1.571221999999999897e+00,6.313849999999999740e-01,1.156620000000000009e-01,1.129389999999999977e-01
2.296320999999999835e+00,1.578100999999999976e+00,6.426790000000000003e-01,1.113169999999999993e-01,1.173710000000000031e-01
2.305193000000000048e+00,1.584824999999999928e+00,6.544159999999999977e-01,1.071160000000000029e-01,1.214070000000000010e-01
2.313651999999999820e+00,1.591396999999999951e+00,6.665569999999999551e-01,1.030839999999999951e-01,1.250199999999999922e-01
2.321714000000000055e+00,1.597820999999999936e+00,6.790589999999999682e-01,9.926000000000000101e-02,1.281770000000000131e-01
2.329397000000000162e+00,1.604103999999999974e+00,6.918760000000000465e-01,9.568999999999999728e-02,1.308489999999999931e-01
2.336726000000000081e+00,1.610257000000000049e+00,7.049609999999999488e-01,9.243200000000000027e-02,1.330020000000000091e-01
2.343726000000000198e+00,1.616292999999999980e+00,7.182610000000000383e-01,8.954700000000000160e-02,1.346060000000000034e-01
2.350427999999999962e+00,1.622230999999999979e+00,7.317219999999999835e-01,8.711099999999999399e-02,1.356340000000000046e-01
2.356869999999999798e+00,1.628095999999999988e+00,7.452860000000000040e-01,8.520500000000000296e-02,1.360649999999999915e-01
2.363091999999999970e+00,1.633915999999999924e+00,7.588920000000000110e-01,8.391899999999999360e-02,1.358850000000000058e-01
2.369142000000000081e+00,1.639731999999999967e+00,7.724800000000000555e-01,8.335399999999999754e-02,1.351040000000000019e-01
2.375071999999999850e+00,1.645590000000000108e+00,7.859909999999999952e-01,8.353199999999999514e-02,1.337490000000000068e-01
2.380935000000000024e+00,1.651539000000000090e+00,7.993660000000000210e-01,8.442399999999999904e-02,1.318550000000000000e-01
2.386781000000000041e+00,1.657629999999999937e+00,8.125510000000000232e-01,8.597399999999999487e-02,1.294629999999999947e-01
2.392652000000000001e+00,1.663910000000000000e+00,8.254979999999999540e-01,8.811199999999999588e-02,1.266120000000000023e-01
2.398587000000000025e+00,1.670422999999999991e+00,8.381589999999999874e-01,9.076199999999999546e-02,1.233380000000000032e-01
2.404615999999999865e+00,1.677208000000000032e+00,8.504930000000000545e-01,9.385100000000000386e-02,1.196770000000000056e-01
2.410763999999999907e+00,1.684298999999999991e+00,8.624600000000000044e-01,9.731399999999999773e-02,1.156559999999999949e-01
2.417051999999999978e+00,1.691726000000000063e+00,8.740259999999999696e-01,1.010950000000000043e-01,1.113019999999999982e-01
2.423496000000000095e+00,1.699515000000000109e+00,8.851560000000000539e-01,1.051519999999999955e-01,1.066349999999999937e-01
2.430111000000000132e+00,1.707689000000000012e+00,8.958199999999999497e-01,1.094569999999999987e-01,1.016770000000000035e-01
2.436907000000000156e+00,1.716269000000000045e+00,9.059869999999999868e-01,1.139970000000000011e-01,9.644199999999999995e-02
2.443896000000000068e+00,1.725274999999999892e+00,9.156309999999999727e-01,1.187760000000000066e-01,9.094599999999999906e-02
2.451090000000000213e+00,1.734725999999999990e+00,9.247260000000000479e-01,1.238139999999999935e-01,8.520400000000000196e-02
2.458502000000000187e+00,1.744644000000000084e+00,9.332460000000000200e-01,1.291470000000000118e-01,7.922899999999999388e-02
2.466148000000000007e+00,1.755052000000000056e+00,9.411690000000000333e-01,1.348310000000000064e-01,7.303600000000000370e-02
2.474047999999999803e+00,1.765978000000000048e+00,9.484730000000000105e-01,1.409370000000000067e-01,6.664000000000000479e-02
2.482225000000000126e+00,1.777457000000000065e+00,9.551370000000000138e-01,1.475549999999999917e-01,6.006000000000000227e-02
2.490709999999999980e+00,1.789528999999999925e+00,9.611429999999999696e-01,1.547910000000000119e-01,5.331500000000000128e-02
2.499538999999999955e+00,1.802243000000000039e+00,9.664740000000000553e-01,1.627649999999999930e-01,4.642999999999999905e-02
2.508757000000000126e+00,1.815657999999999994e+00,9.711170000000000080e-01,1.716119999999999868e-01,3.943100000000000077e-02
2.518413999999999930e+00,1.829844000000000026e+00,9.750609999999999555e-01,1.814759999999999984e-01,3.235199999999999881e-02
2.528573000000000182e+00,1.844881999999999911e+00,9.782960000000000544e-01,1.925050000000000094e-01,2.522699999999999942e-02
2.539302999999999866e+00,1.860864999999999991e+00,9.808179999999999676e-01,2.048460000000000003e-01,1.810000000000000150e-02
2.550683999999999951e+00,1.877896999999999927e+00,9.826279999999999459e-01,2.186379999999999990e-01,1.101599999999999975e-02
2.562805000000000000e+00,1.896093000000000028e+00,9.837299999999999933e-01,2.339970000000000105e-01,4.024999999999999932e-03
2.575762000000000107e+00,1.915578000000000003e+00,9.841330000000000355e-01,2.510060000000000069e-01,-2.818999999999999891e-03
2.589660999999999991e+00,1.936479000000000061e+00,9.838510000000000311e-01,2.696999999999999953e-01,-9.461999999999999925e-03
2.125431999999999988e+00,1.421499999999999986e+00,6.866100000000000536e-01,2.479639999999999900e-01,3.447100000000000164e-02
2.144582000000000210e+00,1.437251999999999974e+00,6.900570000000000315e-01,2.400919999999999999e-01,3.710900000000000309e-02
2.163069999999999826e+00,1.452569999999999917e+00,6.937680000000000513e-01,2.331340000000000079e-01,3.988900000000000085e-02
2.180963999999999903e+00,1.467513999999999985e+00,6.977569999999999606e-01,2.269849999999999923e-01,4.278699999999999865e-02
2.198326999999999920e+00,1.482134999999999980e+00,7.020349999999999646e-01,2.215399999999999869e-01,4.578000000000000125e-02
2.215209000000000206e+00,1.496480000000000032e+00,7.066139999999999644e-01,2.166899999999999937e-01,4.884600000000000053e-02
2.231654999999999944e+00,1.510588999999999960e+00,7.114979999999999638e-01,2.123299999999999910e-01,5.195999999999999924e-02
2.247701000000000171e+00,1.524494999999999933e+00,7.166940000000000532e-01,2.083560000000000134e-01,5.510000000000000314e-02
2.263373000000000079e+00,1.538224999999999953e+00,7.222039999999999571e-01,2.046650000000000136e-01,5.824300000000000310e-02
2.278690000000000104e+00,1.551798999999999928e+00,7.280280000000000085e-01,2.011570000000000025e-01,6.136599999999999694e-02
2.293664999999999843e+00,1.565229999999999899e+00,7.341649999999999565e-01,1.977339999999999931e-01,6.444400000000000128e-02
2.308301999999999854e+00,1.578524000000000038e+00,7.406089999999999618e-01,1.943000000000000005e-01,6.745500000000000107e-02
2.322598000000000162e+00,1.591682999999999959e+00,7.473549999999999915e-01,1.907590000000000119e-01,7.037100000000000299e-02
2.336543999999999954e+00,1.604697999999999958e+00,7.543919999999999515e-01,1.870179999999999898e-01,7.316599999999999493e-02
2.350124999999999797e+00,1.617555999999999994e+00,7.617089999999999694e-01,1.829820000000000058e-01,7.581100000000000338e-02
2.363319000000000170e+00,1.630233999999999961e+00,7.692900000000000293e-01,1.785599999999999965e-01,7.827399999999999636e-02
2.376097999999999821e+00,1.642705000000000082e+00,7.771169999999999467e-01,1.736640000000000128e-01,8.051999999999999436e-02
2.388430000000000053e+00,1.654932999999999987e+00,7.851690000000000058e-01,1.682109999999999994e-01,8.251400000000000401e-02
2.400278000000000134e+00,1.666873000000000049e+00,7.934210000000000429e-01,1.621309999999999973e-01,8.421599999999999919e-02
2.411601000000000106e+00,1.678476999999999997e+00,8.018420000000000547e-01,1.553740000000000121e-01,8.558399999999999341e-02
2.422356999999999871e+00,1.689688999999999997e+00,8.104000000000000092e-01,1.479239999999999999e-01,8.657700000000000118e-02
2.432506000000000057e+00,1.700450999999999935e+00,8.190579999999999528e-01,1.398169999999999968e-01,8.715299999999999436e-02
2.442009999999999792e+00,1.710706000000000060e+00,8.277740000000000098e-01,1.311670000000000058e-01,8.727600000000000635e-02
2.450841000000000047e+00,1.720404000000000044e+00,8.365010000000000501e-01,1.222049999999999942e-01,8.691799999999999526e-02
2.458990000000000009e+00,1.729511000000000021e+00,8.451929999999999721e-01,1.133330000000000032e-01,8.606700000000000461e-02
2.466473999999999833e+00,1.738021999999999956e+00,8.538000000000000034e-01,1.051870000000000027e-01,8.473600000000000576e-02
2.473352000000000217e+00,1.745980000000000087e+00,8.622729999999999562e-01,9.812899999999999401e-02,8.296199999999999408e-02
2.479706999999999883e+00,1.753457000000000043e+00,8.705690000000000373e-01,9.232799999999999341e-02,8.079600000000000670e-02
2.485628000000000171e+00,1.760542000000000051e+00,8.786490000000000133e-01,8.782800000000000329e-02,7.828599999999999448e-02
2.491206000000000031e+00,1.767325000000000035e+00,8.864779999999999882e-01,8.459300000000000153e-02,7.548299999999999454e-02
2.496529000000000220e+00,1.773900000000000032e+00,8.940259999999999874e-01,8.254100000000000326e-02,7.242999999999999439e-02
2.501675000000000093e+00,1.780353999999999992e+00,9.012689999999999868e-01,8.156399999999999761e-02,6.916400000000000325e-02
2.506714999999999804e+00,1.786766000000000076e+00,9.081850000000000200e-01,8.154799999999999549e-02,6.571499999999999564e-02
2.511709999999999887e+00,1.793212000000000028e+00,9.147570000000000423e-01,8.238199999999999690e-02,6.210700000000000248e-02
2.516715000000000035e+00,1.799755999999999911e+00,9.209669999999999801e-01,8.396299999999999597e-02,5.835800000000000015e-02
2.521776000000000018e+00,1.806454999999999922e+00,9.268030000000000435e-01,8.620300000000000185e-02,5.448299999999999671e-02
2.526931999999999956e+00,1.813363000000000058e+00,9.322519999999999696e-01,8.902799999999999603e-02,5.049000000000000016e-02
2.532220999999999833e+00,1.820524999999999949e+00,9.373000000000000220e-01,9.238399999999999390e-02,4.638599999999999668e-02
2.537672000000000150e+00,1.827984000000000053e+00,9.419389999999999707e-01,9.623099999999999710e-02,4.217499999999999721e-02
2.543315999999999910e+00,1.835777999999999910e+00,9.461570000000000258e-01,1.005479999999999985e-01,3.786099999999999882e-02
2.549180999999999919e+00,1.843944999999999945e+00,9.499429999999999819e-01,1.053270000000000040e-01,3.344599999999999657e-02
2.555293999999999954e+00,1.852522000000000002e+00,9.532869999999999955e-01,1.105799999999999977e-01,2.893099999999999838e-02
2.561682999999999932e+00,1.861547999999999981e+00,9.561800000000000299e-01,1.163290000000000018e-01,2.431799999999999934e-02
2.568379999999999885e+00,1.871059999999999945e+00,9.586120000000000196e-01,1.226150000000000018e-01,1.960999999999999896e-02
2.575416000000000150e+00,1.881100999999999912e+00,9.605730000000000102e-01,1.294889999999999930e-01,1.481099999999999951e-02
2.582828999999999819e+00,1.891718999999999928e+00,9.620539999999999647e-01,1.370159999999999989e-01,9.924999999999999795e-03
2.590657999999999905e+00,1.902962999999999960e+00,9.630469999999999864e-01,1.452720000000000122e-01,4.961000000000000132e-03
2.140965000000000007e+00,1.419761000000000051e+00,7.185920000000000085e-01,2.943799999999999750e-01,7.200099999999999556e-02
2.163053999999999810e+00,1.439219999999999944e+00,7.257919999999999927e-01,2.858769999999999922e-01,7.582500000000000351e-02
2.184363999999999972e+00,1.458274999999999988e+00,7.333749999999999991e-01,2.782729999999999926e-01,7.971999999999999920e-02
2.204962999999999784e+00,1.476984999999999992e+00,7.413469999999999782e-01,2.714889999999999803e-01,8.363900000000000501e-02
2.224909999999999943e+00,1.495400999999999980e+00,7.497110000000000163e-01,2.654369999999999785e-01,8.752899999999999570e-02
2.244257999999999864e+00,1.513573999999999975e+00,7.584629999999999983e-01,2.600259999999999794e-01,9.133299999999999752e-02
2.263050999999999924e+00,1.531544000000000016e+00,7.675969999999999738e-01,2.551660000000000039e-01,9.499100000000000599e-02
2.281327999999999800e+00,1.549350000000000005e+00,7.770960000000000090e-01,2.507639999999999869e-01,9.843799999999999772e-02
2.299119000000000135e+00,1.567021999999999915e+00,7.869399999999999729e-01,2.467290000000000039e-01,1.016080000000000039e-01
2.316450000000000120e+00,1.584583000000000075e+00,7.971000000000000307e-01,2.429679999999999895e-01,1.044309999999999961e-01
2.333337000000000216e+00,1.602052000000000032e+00,8.075440000000000396e-01,2.393849999999999867e-01,1.068410000000000054e-01
2.349791999999999881e+00,1.619437999999999933e+00,8.182279999999999553e-01,2.358790000000000053e-01,1.087719999999999937e-01
2.365820999999999952e+00,1.636743000000000059e+00,8.291049999999999809e-01,2.323369999999999880e-01,1.101729999999999932e-01
2.381422000000000150e+00,1.653960000000000097e+00,8.401220000000000354e-01,2.286279999999999979e-01,1.110079999999999956e-01
2.396584999999999965e+00,1.671070999999999973e+00,8.512229999999999519e-01,2.245979999999999921e-01,1.112729999999999969e-01
2.411293000000000131e+00,1.688044000000000100e+00,8.623499999999999499e-01,2.200729999999999908e-01,1.109900000000000053e-01
2.425518999999999981e+00,1.704835000000000100e+00,8.734490000000000309e-01,2.148670000000000024e-01,1.102000000000000063e-01
2.439226999999999812e+00,1.721381999999999968e+00,8.844689999999999497e-01,2.087880000000000014e-01,1.089500000000000052e-01
2.452369000000000021e+00,1.737605000000000066e+00,8.953640000000000487e-01,2.016469999999999929e-01,1.072850000000000054e-01
2.464891999999999861e+00,1.753409999999999913e+00,9.060930000000000373e-01,1.932669999999999944e-01,1.052460000000000062e-01
2.476732999999999851e+00,1.768683999999999923e+00,9.166170000000000151e-01,1.835050000000000014e-01,1.028690000000000021e-01
2.487823999999999813e+00,1.783303000000000083e+00,9.269039999999999502e-01,1.722740000000000105e-01,1.001819999999999933e-01
2.498097000000000012e+00,1.797133000000000091e+00,9.369229999999999503e-01,1.595860000000000056e-01,9.720399999999999874e-02
2.507486000000000104e+00,1.810036999999999896e+00,9.466430000000000122e-01,1.455970000000000042e-01,9.395199999999999385e-02
2.515940000000000065e+00,1.821890999999999927e+00,9.560380000000000544e-01,1.306910000000000016e-01,9.044199999999999462e-02
2.523429000000000144e+00,1.832600999999999924e+00,9.650819999999999954e-01,1.155759999999999982e-01,8.669200000000000517e-02
2.529968000000000217e+00,1.842130999999999963e+00,9.737519999999999509e-01,1.014290000000000053e-01,8.273700000000000498e-02
2.535635999999999779e+00,1.850543000000000049e+00,9.820250000000000368e-01,8.892700000000000604e-02,7.862199999999999744e-02
2.540544999999999831e+00,1.857957999999999998e+00,9.898879999999999901e-01,7.839999999999999747e-02,7.439300000000000079e-02
2.544823000000000057e+00,1.864527999999999963e+00,9.973269999999999635e-01,6.994899999999999729e-02,7.008799999999999752e-02
2.548597000000000001e+00,1.870416999999999996e+00,1.004335999999999895e+00,6.352900000000000214e-02,6.573700000000000376e-02
2.551988999999999841e+00,1.875788999999999929e+00,1.010909000000000058e+00,5.900500000000000189e-02,6.135899999999999688e-02
2.555107000000000017e+00,1.880797999999999970e+00,1.017044999999999977e+00,5.619500000000000189e-02,5.696199999999999875e-02
2.558049000000000017e+00,1.885585999999999984e+00,1.022740999999999900e+00,5.489900000000000335e-02,5.254700000000000343e-02
2.560897000000000201e+00,1.890279000000000043e+00,1.027995999999999910e+00,5.491700000000000054e-02,4.810500000000000193e-02
2.563721999999999834e+00,1.894987999999999895e+00,1.032807000000000031e+00,5.606200000000000072e-02,4.362400000000000305e-02
2.566584000000000199e+00,1.899809000000000081e+00,1.037169000000000008e+00,5.816600000000000242e-02,3.908600000000000269e-02
2.569532999999999845e+00,1.904822000000000015e+00,1.041077999999999948e+00,6.108299999999999841e-02,3.447399999999999770e-02
2.572611000000000203e+00,1.910098999999999991e+00,1.044524999999999926e+00,6.469500000000000250e-02,2.976699999999999832e-02
2.575851999999999808e+00,1.915697999999999901e+00,1.047501999999999933e+00,6.890699999999999603e-02,2.494400000000000089e-02
2.579288000000000025e+00,1.921670999999999907e+00,1.049995999999999929e+00,7.364800000000000513e-02,1.998700000000000129e-02
2.582946000000000186e+00,1.928063000000000082e+00,1.051995000000000013e+00,7.886999999999999567e-02,1.487800000000000060e-02
2.586851999999999929e+00,1.934914999999999941e+00,1.053482999999999947e+00,8.454799999999999816e-02,9.599999999999999159e-03
2.591029999999999944e+00,1.942264999999999908e+00,1.054443000000000019e+00,9.067699999999999372e-02,4.140999999999999716e-03
2.595505000000000173e+00,1.950152000000000108e+00,1.054856999999999934e+00,9.726799999999999335e-02,-1.510000000000000057e-03
2.143588999999999967e+00,1.439132000000000078e+00,6.853550000000000475e-01,5.000000000000000000e-01,1.212469999999999937e-01
2.182106000000000101e+00,1.471014000000000044e+00,6.974789999999999601e-01,5.000000000000000000e-01,1.392780000000000129e-01
2.220204999999999984e+00,1.503393999999999897e+00,7.114070000000000116e-01,5.000000000000000000e-01,1.559500000000000053e-01
2.257820999999999856e+00,1.536332999999999949e+00,7.270020000000000371e-01,5.000000000000000000e-01,1.701040000000000052e-01
2.294894999999999907e+00,1.569879999999999942e+00,7.440120000000000067e-01,5.000000000000000000e-01,1.805160000000000098e-01
2.331374999999999975e+00,1.604073000000000082e+00,7.620639999999999636e-01,5.000000000000000000e-01,1.860650000000000082e-01
2.367221999999999937e+00,1.638927999999999940e+00,7.806710000000000038e-01,5.000000000000000000e-01,1.859929999999999917e-01
2.402414999999999967e+00,1.674444000000000043e+00,7.992700000000000360e-01,5.000000000000000000e-01,1.803059999999999941e-01
2.436951999999999785e+00,1.710598999999999981e+00,8.173000000000000265e-01,5.000000000000000000e-01,1.697750000000000092e-01
2.470849999999999991e+00,1.747352999999999934e+00,8.342779999999999641e-01,5.000000000000000000e-01,1.555390000000000106e-01
2.504145999999999983e+00,1.784653000000000045e+00,8.498320000000000318e-01,5.000000000000000000e-01,1.388389999999999902e-01
2.536890000000000089e+00,1.822438999999999920e+00,8.637160000000000393e-01,5.000000000000000000e-01,1.208560000000000051e-01
2.569139999999999979e+00,1.860648000000000080e+00,8.758010000000000517e-01,5.000000000000000000e-01,1.026119999999999949e-01
1.426687000000000038e+00,2.164365999999999790e+00,8.128170000000000117e-01,5.000000000000000000e-01,-1.255979999999999874e-01
1.461287000000000003e+00,2.200460000000000083e+00,8.002569999999999961e-01,5.000000000000000000e-01,-1.460539999999999894e-01
1.496374000000000093e+00,2.236082000000000125e+00,7.856520000000000170e-01,5.000000000000000000e-01,-1.665020000000000111e-01
1.532013000000000069e+00,2.271150000000000002e+00,7.690010000000000456e-01,5.000000000000000000e-01,-1.856730000000000047e-01
1.568264000000000102e+00,2.305585000000000218e+00,7.504340000000000455e-01,5.000000000000000000e-01,-2.021449999999999914e-01
1.605175999999999936e+00,2.339310999999999918e+00,7.302199999999999802e-01,5.000000000000000000e-01,-2.144500000000000017e-01
1.642781999999999965e+00,2.372260999999999953e+00,7.087750000000000439e-01,5.000000000000000000e-01,-2.212570000000000092e-01
1.681097000000000063e+00,2.404383000000000159e+00,6.866489999999999538e-01,5.000000000000000000e-01,-2.216609999999999969e-01
1.720113999999999921e+00,2.435649999999999871e+00,6.644830000000000458e-01,5.000000000000000000e-01,-2.156250000000000111e-01
1.759805000000000064e+00,2.466056000000000026e+00,6.429200000000000470e-01,5.000000000000000000e-01,-2.039759999999999907e-01
1.800124999999999975e+00,2.495622000000000007e+00,6.225230000000000485e-01,5.000000000000000000e-01,-1.879659999999999942e-01
1.841016999999999904e+00,2.524392999999999887e+00,6.037259999999999849e-01,5.000000000000000000e-01,-1.689779999999999893e-01
1.882416000000000089e+00,2.552429000000000059e+00,5.868280000000000163e-01,5.000000000000000000e-01,-1.483389999999999986e-01
1.924255000000000049e+00,2.579806000000000044e+00,5.719940000000000024e-01,5.000000000000000000e-01,-1.272139999999999938e-01
1.446968999999999950e+00,2.216670999999999836e+00,7.106719999999999704e-01,5.000000000000000000e-01,-9.904999999999999916e-02
1.485025999999999957e+00,2.249099999999999877e+00,7.007670000000000288e-01,5.000000000000000000e-01,-1.112920000000000020e-01
1.523422000000000054e+00,2.281127000000000127e+00,6.896379999999999733e-01,5.000000000000000000e-01,-1.229190000000000005e-01
1.562189999999999968e+00,2.312701999999999813e+00,6.773460000000000036e-01,5.000000000000000000e-01,-1.329990000000000061e-01
1.601358999999999977e+00,2.343777999999999917e+00,6.640460000000000251e-01,5.000000000000000000e-01,-1.405839999999999868e-01
1.640949999999999909e+00,2.374315999999999871e+00,6.499869999999999814e-01,5.000000000000000000e-01,-1.448240000000000083e-01
1.680971999999999911e+00,2.404284999999999783e+00,6.355049999999999866e-01,5.000000000000000000e-01,-1.451389999999999902e-01
1.721424999999999983e+00,2.433670999999999918e+00,6.209909999999999597e-01,5.000000000000000000e-01,-1.414779999999999927e-01
1.762294000000000027e+00,2.462474999999999969e+00,6.068430000000000213e-01,5.000000000000000000e-01,-1.343209999999999960e-01
1.803557000000000077e+00,2.490711999999999815e+00,5.934110000000000218e-01,5.000000000000000000e-01,-1.244109999999999938e-01
1.845182000000000100e+00,2.518412999999999791e+00,5.809699999999999864e-01,5.000000000000000000e-01,-1.125779999999999975e-01
1.887132000000000032e+00,2.545618999999999854e+00,5.697119999999999962e-01,5.000000000000000000e-01,-9.962799999999999434e-02
1.929367999999999972e+00,2.572378000000000053e+00,5.597490000000000521e-01,5.000000000000000000e-01,-8.627600000000000546e-02
1.971851999999999938e+00,2.598743999999999943e+00,5.511220000000000008e-01,5.000000000000000000e-01,-7.311399999999999844e-02
1.472561000000000009e+00,2.267132999999999843e+00,6.025930000000000453e-01,5.000000000000000000e-01,-4.164799999999999752e-02
1.513813000000000075e+00,2.295386000000000148e+00,5.984279999999999600e-01,5.000000000000000000e-01,-4.581899999999999862e-02
1.555188999999999933e+00,2.323459000000000163e+00,5.938459999999999850e-01,5.000000000000000000e-01,-5.004900000000000321e-02
1.596697999999999951e+00,2.351332999999999895e+00,5.888409999999999478e-01,5.000000000000000000e-01,-5.389399999999999746e-02
1.638352000000000031e+00,2.378989999999999938e+00,5.834519999999999706e-01,5.000000000000000000e-01,-5.691999999999999837e-02
1.680158999999999958e+00,2.406416999999999806e+00,5.777600000000000513e-01,5.000000000000000000e-01,-5.874399999999999761e-02
1.722123000000000070e+00,2.433600999999999903e+00,5.718849999999999767e-01,5.000000000000000000e-01,-5.909500000000000169e-02
1.764246999999999899e+00,2.460536999999999974e+00,5.659760000000000346e-01,5.000000000000000000e-01,-5.791899999999999826e-02
1.806527999999999912e+00,2.487226999999999855e+00,5.601840000000000153e-01,5.000000000000000000e-01,-5.536900000000000155e-02
1.848959000000000019e+00,2.513676999999999939e+00,5.546470000000000011e-01,5.000000000000000000e-01,-5.170700000000000296e-02
1.891531000000000073e+00,2.539899000000000129e+00,5.494759999999999645e-01,5.000000000000000000e-01,-4.724099999999999827e-02
1.934231999999999951e+00,2.565910000000000135e+00,5.447520000000000140e-01,5.000000000000000000e-01,-4.227199999999999708e-02
1.977049999999999974e+00,2.591730000000000089e+00,5.405250000000000332e-01,5.000000000000000000e-01,-3.707400000000000279e-02
1.643016000000000032e+00,2.471311000000000035e+00,4.952840000000000020e-01,5.000000000000000000e-01,4.656000000000000416e-03
1.687003000000000030e+00,2.495084999999999997e+00,4.957489999999999952e-01,5.000000000000000000e-01,4.495999999999999996e-03
1.730977999999999906e+00,2.518879999999999786e+00,4.961990000000000012e-01,5.000000000000000000e-01,4.185000000000000352e-03
1.774942999999999937e+00,2.542692999999999870e+00,4.966169999999999751e-01,5.000000000000000000e-01,3.781000000000000073e-03
1.818897999999999904e+00,2.566523999999999806e+00,4.969959999999999933e-01,5.000000000000000000e-01,3.331999999999999892e-03
2.155841999999999814e+00,1.425546999999999898e+00,7.623609999999999554e-01,5.000000000000000000e-01,7.758900000000000519e-02
2.191867999999999927e+00,1.460218999999999934e+00,7.701200000000000268e-01,5.000000000000000000e-01,8.841599999999999460e-02
2.227605000000000057e+00,1.495187999999999962e+00,7.789610000000000145e-01,5.000000000000000000e-01,9.843000000000000360e-02
2.263014000000000081e+00,1.530489999999999906e+00,7.888039999999999496e-01,5.000000000000000000e-01,1.069330000000000003e-01
2.298058000000000156e+00,1.566152999999999906e+00,7.994980000000000420e-01,5.000000000000000000e-01,1.132009999999999961e-01
2.332707999999999782e+00,1.602200000000000069e+00,8.108180000000000387e-01,5.000000000000000000e-01,1.165739999999999971e-01
2.366941000000000184e+00,1.638641999999999932e+00,8.224749999999999561e-01,5.000000000000000000e-01,1.166090000000000043e-01
2.400746999999999964e+00,1.675480999999999998e+00,8.341359999999999886e-01,5.000000000000000000e-01,1.133030000000000009e-01
2.434127000000000152e+00,1.712706000000000062e+00,8.454660000000000508e-01,5.000000000000000000e-01,1.070969999999999978e-01
2.467095000000000038e+00,1.750296999999999992e+00,8.561760000000000481e-01,5.000000000000000000e-01,9.864399999999999558e-02
2.499674999999999869e+00,1.788224999999999953e+00,8.660400000000000320e-01,5.000000000000000000e-01,8.866499999999999382e-02
2.531897999999999982e+00,1.826456999999999997e+00,8.749069999999999903e-01,5.000000000000000000e-01,7.784599999999999853e-02
2.563801999999999914e+00,1.864956000000000058e+00,8.826910000000000034e-01,5.000000000000000000e-01,6.679200000000000415e-02
2.205503999999999909e+00,1.447670999999999930e+00,8.555739999999999457e-01,5.000000000000000000e-01,2.503000000000000017e-02
2.238246000000000180e+00,1.485459000000000085e+00,8.580769999999999786e-01,5.000000000000000000e-01,2.825000000000000080e-02
2.270887000000000100e+00,1.523335000000000106e+00,8.609019999999999451e-01,5.000000000000000000e-01,3.132100000000000162e-02
2.303415000000000212e+00,1.561307000000000000e+00,8.640339999999999687e-01,5.000000000000000000e-01,3.399699999999999944e-02
2.335818999999999868e+00,1.599385999999999974e+00,8.674340000000000384e-01,5.000000000000000000e-01,3.603300000000000253e-02
2.368090000000000028e+00,1.637577000000000060e+00,8.710369999999999502e-01,5.000000000000000000e-01,3.721100000000000102e-02
2.400220000000000020e+00,1.675886999999999905e+00,8.747580000000000355e-01,5.000000000000000000e-01,3.737999999999999656e-02
2.432208000000000148e+00,1.714315999999999951e+00,8.784960000000000546e-01,5.000000000000000000e-01,3.652799999999999797e-02
2.464052999999999827e+00,1.752863000000000060e+00,8.821489999999999609e-01,5.000000000000000000e-01,3.477299999999999836e-02
2.495760000000000201e+00,1.791523999999999894e+00,8.856260000000000243e-01,5.000000000000000000e-01,3.230399999999999938e-02
2.527337999999999862e+00,1.830289999999999973e+00,8.888570000000000082e-01,5.000000000000000000e-01,2.933300000000000143e-02
2.558796000000000070e+00,1.869153999999999982e+00,8.917899999999999716e-01,5.000000000000000000e-01,2.606299999999999936e-02
2.590145999999999837e+00,1.908104999999999940e+00,8.943959999999999688e-01,5.000000000000000000e-01,2.267900000000000124e-02
2.099924000000000124e+00,1.416811000000000043e+00,6.366800000000000237e-01,5.000000000000000000e-01,1.379809999999999925e-01
2.139921000000000184e+00,1.446814000000000044e+00,6.504780000000000006e-01,5.000000000000000000e-01,1.544169999999999987e-01
2.179475000000000051e+00,1.477397999999999989e+00,6.659199999999999564e-01,5.000000000000000000e-01,1.691840000000000011e-01
2.218529999999999891e+00,1.508618000000000015e+00,6.828379999999999450e-01,5.000000000000000000e-01,1.814679999999999904e-01
2.257029999999999870e+00,1.540518000000000054e+00,7.009849999999999692e-01,5.000000000000000000e-01,1.904349999999999932e-01
2.294931000000000054e+00,1.573128000000000082e+00,7.200280000000000014e-01,5.000000000000000000e-01,1.953330000000000066e-01
2.332196000000000158e+00,1.606463999999999892e+00,7.395610000000000239e-01,5.000000000000000000e-01,1.956610000000000016e-01
2.368802000000000074e+00,1.640520999999999896e+00,7.591280000000000250e-01,5.000000000000000000e-01,1.914250000000000118e-01
2.404742999999999853e+00,1.675281000000000020e+00,7.782700000000000173e-01,5.000000000000000000e-01,1.831430000000000002e-01
2.440026000000000028e+00,1.710706999999999978e+00,7.965839999999999588e-01,5.000000000000000000e-01,1.716060000000000085e-01
2.474674999999999958e+00,1.746753999999999918e+00,8.137450000000000516e-01,5.000000000000000000e-01,1.577030000000000098e-01
2.508725999999999789e+00,1.783366000000000007e+00,8.295150000000000023e-01,5.000000000000000000e-01,1.423049999999999871e-01
2.542224000000000039e+00,1.820484999999999909e+00,8.437459999999999960e-01,5.000000000000000000e-01,1.261980000000000046e-01
2.575220999999999982e+00,1.858050999999999897e+00,8.563659999999999606e-01,5.000000000000000000e-01,1.100480000000000069e-01
1.434012999999999982e+00,2.164461999999999886e+00,8.353279999999999594e-01,4.999990000000000268e-01,-1.654940000000000022e-01
1.467864999999999975e+00,2.201258000000000159e+00,8.187790000000000346e-01,4.999990000000000268e-01,-1.799560000000000048e-01
1.502347000000000099e+00,2.237464999999999815e+00,8.007830000000000226e-01,4.999990000000000268e-01,-1.936690000000000078e-01
1.537500000000000089e+00,2.273019999999999818e+00,7.814159999999999995e-01,4.999990000000000268e-01,-2.057730000000000115e-01
1.573355999999999977e+00,2.307866999999999891e+00,7.608390000000000430e-01,4.999990000000000268e-01,-2.153609999999999969e-01
1.609936999999999951e+00,2.341950999999999894e+00,7.393030000000000435e-01,4.999990000000000268e-01,-2.215660000000000129e-01
1.647253999999999996e+00,2.375227000000000199e+00,7.171459999999999502e-01,4.999990000000000268e-01,-2.236849999999999949e-01
1.685302999999999995e+00,2.407665000000000166e+00,6.947780000000000067e-01,4.999990000000000268e-01,-2.213829999999999965e-01
1.724062999999999901e+00,2.439248000000000083e+00,6.726400000000000157e-01,4.999990000000000268e-01,-2.148259999999999892e-01
1.763503999999999960e+00,2.469977999999999785e+00,6.511569999999999858e-01,4.999990000000000268e-01,-2.045919999999999961e-01
1.803579999999999961e+00,2.499874000000000152e+00,6.306979999999999809e-01,4.999990000000000268e-01,-1.914559999999999873e-01
1.844241000000000019e+00,2.528970999999999858e+00,6.115519999999999845e-01,4.999990000000000268e-01,-1.762479999999999880e-01
1.885429999999999939e+00,2.557316000000000145e+00,5.939269999999999827e-01,4.999990000000000268e-01,-1.597699999999999954e-01
1.927089000000000052e+00,2.584964999999999957e+00,5.779499999999999638e-01,4.999990000000000268e-01,-1.427339999999999998e-01
1.447805999999999926e+00,2.229331000000000174e+00,6.779290000000000038e-01,4.999990000000000268e-01,-1.080809999999999965e-01
1.486917999999999962e+00,2.260479000000000127e+00,6.671209999999999640e-01,4.999990000000000268e-01,-1.112810000000000049e-01
1.526370000000000005e+00,2.291195999999999788e+00,6.559930000000000483e-01,4.999990000000000268e-01,-1.143760000000000054e-01
1.566165000000000029e+00,2.321466000000000030e+00,6.445549999999999891e-01,4.999990000000000268e-01,-1.169570000000000054e-01
1.606308000000000069e+00,2.351274000000000086e+00,6.328589999999999494e-01,4.999990000000000268e-01,-1.186090000000000061e-01
1.646800000000000042e+00,2.380606999999999918e+00,6.209980000000000500e-01,4.999990000000000268e-01,-1.189599999999999963e-01
1.687637000000000054e+00,2.409456000000000042e+00,6.091020000000000323e-01,4.999990000000000268e-01,-1.177340000000000053e-01
1.728812000000000015e+00,2.437821000000000016e+00,5.973289999999999988e-01,4.999990000000000268e-01,-1.148430000000000006e-01
1.770315000000000083e+00,2.465704999999999814e+00,5.858449999999999491e-01,4.999990000000000268e-01,-1.104050000000000031e-01
1.812127999999999961e+00,2.493119000000000085e+00,5.748039999999999816e-01,4.999990000000000268e-01,-1.046620000000000050e-01
1.854235000000000078e+00,2.520081999999999933e+00,5.643380000000000063e-01,4.999990000000000268e-01,-9.791400000000000103e-02
1.896611999999999965e+00,2.546618000000000048e+00,5.545470000000000121e-01,4.999990000000000268e-01,-9.047199999999999687e-02
1.939238000000000017e+00,2.572753000000000068e+00,5.454989999999999561e-01,4.999990000000000268e-01,-8.262999999999999512e-02
1.982088000000000072e+00,2.598519000000000023e+00,5.372360000000000468e-01,4.999990000000000268e-01,-7.465199999999999614e-02
1.582208000000000059e+00,2.409937999999999914e+00,4.760460000000000247e-01,4.999979999999999980e-01,-3.015400000000000025e-02
1.626683000000000101e+00,2.432783999999999835e+00,4.730300000000000060e-01,4.999979999999999980e-01,-2.560399999999999829e-02
1.671221999999999985e+00,2.455506000000000189e+00,4.704699999999999993e-01,4.999979999999999980e-01,-2.165999999999999870e-02
1.715813999999999950e+00,2.478123000000000076e+00,4.683039999999999980e-01,4.999979999999999980e-01,-1.825299999999999839e-02
1.760450999999999988e+00,2.500650999999999957e+00,4.664789999999999770e-01,4.999979999999999980e-01,-1.532400000000000082e-02
1.805126000000000008e+00,2.523104000000000013e+00,4.649460000000000259e-01,4.999979999999999980e-01,-1.281200000000000047e-02
1.849831999999999921e+00,2.545494000000000145e+00,4.636649999999999938e-01,4.999979999999999980e-01,-1.066600000000000013e-02
1.894565000000000055e+00,2.567832000000000114e+00,4.625980000000000092e-01,4.999979999999999980e-01,-8.836000000000000104e-03
1.939319999999999933e+00,2.590125000000000011e+00,4.617149999999999865e-01,4.999979999999999980e-01,-7.278999999999999880e-03
2.053393999999999942e+00,1.405831999999999971e+00,5.705599999999999561e-01,4.999990000000000268e-01,1.284530000000000116e-01
2.095298999999999801e+00,1.433106999999999909e+00,5.834049999999999514e-01,4.999990000000000268e-01,1.454350000000000087e-01
2.136826999999999810e+00,1.460952999999999946e+00,5.979489999999999528e-01,4.999990000000000268e-01,1.611110000000000042e-01
2.177922999999999831e+00,1.489432000000000089e+00,6.140600000000000502e-01,4.999990000000000268e-01,1.749549999999999994e-01
2.218535000000000146e+00,1.518596999999999975e+00,6.315549999999999775e-01,4.999990000000000268e-01,1.863960000000000061e-01
2.258612999999999982e+00,1.548491999999999980e+00,6.501949999999999674e-01,4.999990000000000268e-01,1.948620000000000074e-01
2.298113999999999990e+00,1.579145000000000021e+00,6.696809999999999707e-01,4.999990000000000268e-01,1.998550000000000049e-01
2.337002000000000024e+00,1.610570999999999975e+00,6.896670000000000300e-01,4.999990000000000268e-01,2.010599999999999887e-01
2.375252000000000141e+00,1.642770000000000064e+00,7.097729999999999873e-01,4.999990000000000268e-01,1.985099999999999920e-01
2.412851999999999997e+00,1.675728000000000106e+00,7.296230000000000215e-01,4.999990000000000268e-01,1.925870000000000082e-01
2.449800000000000200e+00,1.709413999999999989e+00,7.488820000000000476e-01,4.999990000000000268e-01,1.838569999999999927e-01
2.486107000000000067e+00,1.743789999999999951e+00,7.672679999999999501e-01,4.999990000000000268e-01,1.729559999999999986e-01
2.521796000000000149e+00,1.778807999999999945e+00,7.845630000000000104e-01,4.999990000000000268e-01,1.605189999999999950e-01
2.556894999999999918e+00,1.814416000000000029e+00,8.006149999999999656e-01,4.999990000000000268e-01,1.471300000000000108e-01
1.415524999999999922e+00,2.131613999999999898e+00,8.826359999999999761e-01,4.999979999999999980e-01,-1.966219999999999912e-01
1.447657999999999889e+00,2.169919999999999849e+00,8.629740000000000189e-01,4.999979999999999980e-01,-2.072690000000000088e-01
1.480558000000000041e+00,2.207568999999999892e+00,8.422469999999999679e-01,4.999979999999999980e-01,-2.171430000000000027e-01
1.514250000000000096e+00,2.244511999999999841e+00,8.205320000000000391e-01,4.999979999999999980e-01,-2.257709999999999995e-01
1.548750999999999989e+00,2.280698999999999810e+00,7.979549999999999699e-01,4.999979999999999980e-01,-2.326459999999999917e-01
1.584073000000000064e+00,2.316085999999999867e+00,7.746910000000000185e-01,4.999979999999999980e-01,-2.372700000000000087e-01
1.620216000000000101e+00,2.350633999999999890e+00,7.509639999999999649e-01,4.999979999999999980e-01,-2.392040000000000000e-01
1.657172000000000089e+00,2.384310000000000151e+00,7.270429999999999948e-01,4.999979999999999980e-01,-2.381600000000000106e-01
1.694922000000000040e+00,2.417095999999999911e+00,7.032270000000000465e-01,4.999979999999999980e-01,-2.341270000000000018e-01
1.733433999999999919e+00,2.448980000000000157e+00,6.798140000000000294e-01,4.999979999999999980e-01,-2.273660000000000125e-01
1.772672999999999943e+00,2.479967999999999950e+00,6.570780000000000509e-01,4.999979999999999980e-01,-2.182890000000000108e-01
1.812591999999999981e+00,2.510073000000000221e+00,6.352489999999999526e-01,4.999979999999999980e-01,-2.073709999999999998e-01
1.853142999999999985e+00,2.539322999999999997e+00,6.145119999999999472e-01,4.999979999999999980e-01,-1.950959999999999916e-01
1.894274000000000013e+00,2.567750000000000199e+00,5.950020000000000309e-01,4.999979999999999980e-01,-1.819189999999999974e-01
1.935934000000000044e+00,2.595397999999999872e+00,5.768100000000000449e-01,4.999979999999999980e-01,-1.682470000000000077e-01
1.479805000000000037e+00,2.277953000000000117e+00,6.180400000000000338e-01,4.999649999999999928e-01,-1.643070000000000086e-01
1.520788999999999946e+00,2.306586999999999943e+00,6.016089999999999494e-01,4.999649999999999928e-01,-1.607629999999999892e-01
1.562232999999999983e+00,2.334550999999999821e+00,5.855329999999999702e-01,4.999649999999999928e-01,-1.570300000000000029e-01
1.604116000000000097e+00,2.361852999999999980e+00,5.698299999999999477e-01,4.999649999999999928e-01,-1.530219999999999914e-01
1.646417999999999937e+00,2.388501999999999903e+00,5.545280000000000209e-01,4.999640000000000195e-01,-1.486550000000000094e-01
1.689116000000000062e+00,2.414511000000000074e+00,5.396619999999999751e-01,4.999640000000000195e-01,-1.438520000000000076e-01
1.732191000000000036e+00,2.439891999999999950e+00,5.252769999999999939e-01,4.999669999999999948e-01,-1.385589999999999877e-01
1.775619000000000058e+00,2.464662000000000130e+00,5.114210000000000145e-01,4.999680000000000235e-01,-1.327649999999999941e-01
1.819379999999999997e+00,2.488841999999999999e+00,4.981450000000000045e-01,4.999689999999999968e-01,-1.265030000000000043e-01
1.863450999999999969e+00,2.512450999999999990e+00,4.854950000000000099e-01,4.999689999999999968e-01,-1.198290000000000050e-01
1.907809000000000088e+00,2.535517000000000021e+00,4.735119999999999885e-01,4.999689999999999968e-01,-1.128099999999999936e-01
1.952433000000000085e+00,2.558065000000000033e+00,4.622310000000000030e-01,4.999700000000000255e-01,-1.055149999999999977e-01
1.997300000000000075e+00,2.580124000000000084e+00,4.516789999999999972e-01,4.999700000000000255e-01,-9.800999999999999990e-02
2.311898999999999926e+00,1.497268999999999961e+00,8.933680000000000510e-01,4.999990000000000268e-01,5.930999999999999640e-03
2.343227000000000171e+00,1.536237000000000075e+00,8.939610000000000056e-01,4.999990000000000268e-01,4.666000000000000009e-03
2.374534000000000145e+00,1.575221999999999900e+00,8.944280000000000008e-01,4.999990000000000268e-01,3.616999999999999989e-03
2.405825000000000102e+00,1.614220999999999906e+00,8.947889999999999455e-01,4.999990000000000268e-01,2.753999999999999938e-03
2.437104000000000159e+00,1.653229000000000060e+00,8.950649999999999995e-01,4.999990000000000268e-01,2.049000000000000040e-03
2.468373999999999846e+00,1.692244000000000081e+00,8.952700000000000102e-01,4.999990000000000268e-01,1.479000000000000063e-03
2.499636000000000191e+00,1.731265000000000054e+00,8.954180000000000472e-01,4.999990000000000268e-01,1.021999999999999905e-03
2.530893999999999977e+00,1.770289999999999919e+00,8.955199999999999827e-01,4.999990000000000268e-01,6.570000000000000319e-04
2.562148000000000092e+00,1.809317999999999982e+00,8.955849999999999644e-01,4.999990000000000268e-01,3.699999999999999947e-04
2.157944999999999780e+00,1.443395999999999901e+00,7.347449999999999815e-01,4.999970000000000248e-01,5.903900000000000120e-02
2.194945999999999842e+00,1.477025000000000032e+00,7.406490000000000018e-01,4.999970000000000248e-01,6.254600000000000437e-02
2.231740999999999975e+00,1.510877999999999943e+00,7.469029999999999836e-01,4.999970000000000248e-01,6.546899999999999942e-02
2.268320000000000114e+00,1.544966000000000061e+00,7.534499999999999531e-01,4.999970000000000248e-01,6.767800000000000205e-02
2.304670000000000218e+00,1.579296999999999951e+00,7.602179999999999493e-01,4.999970000000000248e-01,6.906400000000000039e-02
2.340784999999999894e+00,1.613876000000000088e+00,7.671240000000000281e-01,4.999970000000000248e-01,6.955600000000000671e-02
2.376659000000000077e+00,1.648703999999999947e+00,7.740799999999999903e-01,4.999970000000000248e-01,6.915300000000000613e-02
2.412291000000000185e+00,1.683780000000000054e+00,7.809949999999999948e-01,4.999970000000000248e-01,6.792900000000000327e-02
2.447681999999999913e+00,1.719100000000000072e+00,7.877880000000000438e-01,4.999970000000000248e-01,6.599800000000000111e-02
2.482835000000000125e+00,1.754655000000000076e+00,7.943879999999999830e-01,4.999970000000000248e-01,6.349200000000000677e-02
2.517758000000000163e+00,1.790437999999999974e+00,8.007370000000000321e-01,4.999970000000000248e-01,6.054899999999999866e-02
2.552456999999999976e+00,1.826435999999999948e+00,8.067919999999999536e-01,4.999970000000000248e-01,5.729800000000000171e-02
1.989983999999999975e+00,1.421416000000000013e+00,4.291099999999999914e-01,4.999790000000000068e-01,7.824299999999999311e-02
2.035366999999999926e+00,1.442396000000000011e+00,4.369350000000000178e-01,4.999790000000000068e-01,9.679300000000000403e-02
2.080563999999999858e+00,1.463772000000000073e+00,4.466140000000000110e-01,4.999779999999999780e-01,1.138890000000000041e-01
2.125534000000000034e+00,1.485622999999999916e+00,4.580029999999999935e-01,4.999779999999999780e-01,1.292270000000000085e-01
2.170234999999999914e+00,1.508018999999999998e+00,4.709260000000000113e-01,4.999770000000000048e-01,1.425220000000000098e-01
2.214627000000000123e+00,1.531020000000000048e+00,4.851779999999999982e-01,4.999759999999999760e-01,1.535390000000000088e-01
2.258674000000000071e+00,1.554675999999999947e+00,5.005319999999999769e-01,4.999700000000000255e-01,1.621279999999999943e-01
2.302341000000000193e+00,1.579023999999999983e+00,5.167439999999999811e-01,4.999720000000000275e-01,1.682909999999999962e-01
2.345600999999999825e+00,1.604089000000000098e+00,5.335739999999999927e-01,4.999739999999999740e-01,1.721779999999999977e-01
2.388427000000000078e+00,1.629888000000000003e+00,5.507910000000000306e-01,4.999750000000000028e-01,1.740240000000000120e-01
2.430801000000000212e+00,1.656423999999999896e+00,5.681939999999999769e-01,4.999750000000000028e-01,1.741040000000000088e-01
2.472706000000000071e+00,1.683694000000000024e+00,5.856040000000000134e-01,4.999750000000000028e-01,1.727039999999999964e-01
2.514132000000000033e+00,1.711686000000000041e+00,6.028750000000000497e-01,4.999759999999999760e-01,1.701010000000000022e-01
1.410336999999999952e+00,2.042832999999999899e+00,1.061066999999999982e+00,4.730260000000000020e-01,-1.993260000000000032e-01
1.433828000000000102e+00,2.083889999999999798e+00,1.041134000000000004e+00,4.710130000000000150e-01,-2.165990000000000137e-01
1.458064000000000027e+00,2.124276000000000053e+00,1.019473999999999991e+00,4.679749999999999743e-01,-2.330710000000000004e-01
1.483039999999999914e+00,2.163851000000000191e+00,9.961670000000000247e-01,4.642299999999999760e-01,-2.483819999999999917e-01
1.508753000000000011e+00,2.202500999999999820e+00,9.713289999999999980e-01,4.601160000000000250e-01,-2.621669999999999834e-01
1.535207999999999906e+00,2.240145000000000053e+00,9.451119999999999521e-01,4.559750000000000192e-01,-2.740630000000000011e-01
1.562415000000000109e+00,2.276733999999999813e+00,9.177060000000000217e-01,4.521499999999999964e-01,-2.837279999999999802e-01
1.590395000000000003e+00,2.312250000000000139e+00,8.893330000000000402e-01,4.489639999999999742e-01,-2.908769999999999967e-01
1.619180000000000064e+00,2.346702000000000066e+00,8.602459999999999551e-01,4.467010000000000147e-01,-2.953230000000000022e-01
1.648811999999999944e+00,2.380126999999999882e+00,8.307130000000000347e-01,4.455749999999999988e-01,-2.970459999999999767e-01
1.679343000000000030e+00,2.412577999999999889e+00,8.010089999999999710e-01,4.456319999999999726e-01,-2.961889999999999801e-01
1.710828000000000015e+00,2.444113000000000202e+00,7.713900000000000201e-01,4.468079999999999830e-01,-2.929910000000000014e-01
1.743312999999999890e+00,2.474788000000000210e+00,7.420909999999999451e-01,4.489730000000000110e-01,-2.877359999999999918e-01
1.776837000000000000e+00,2.504649999999999821e+00,7.133169999999999789e-01,4.519619999999999749e-01,-2.807189999999999963e-01
1.811425000000000063e+00,2.533741000000000021e+00,6.852449999999999930e-01,4.555950000000000277e-01,-2.722319999999999740e-01
1.847088000000000063e+00,2.562089999999999979e+00,6.580219999999999958e-01,4.596939999999999915e-01,-2.625449999999999728e-01
1.446247000000000060e+00,2.218834999999999891e+00,7.540510000000000268e-01,3.896419999999999884e-01,-2.263749999999999929e-01
1.474949000000000066e+00,2.245185999999999904e+00,7.314140000000000086e-01,3.941029999999999811e-01,-2.222590000000000121e-01
1.504569000000000045e+00,2.271180999999999894e+00,7.091880000000000406e-01,3.986339999999999884e-01,-2.172520000000000007e-01
1.535101000000000049e+00,2.296809999999999796e+00,6.874620000000000175e-01,4.031620000000000203e-01,-2.114959999999999896e-01
1.566527999999999921e+00,2.322062999999999988e+00,6.663130000000000441e-01,4.076330000000000231e-01,-2.051199999999999968e-01
1.598827999999999916e+00,2.346928000000000125e+00,6.458009999999999584e-01,4.120019999999999794e-01,-1.982399999999999995e-01
1.631974999999999953e+00,2.371395999999999837e+00,6.259770000000000056e-01,4.162379999999999969e-01,-1.909589999999999899e-01
1.665937000000000001e+00,2.395458999999999783e+00,6.068810000000000038e-01,4.203169999999999962e-01,-1.833639999999999992e-01
1.700681000000000109e+00,2.419112000000000151e+00,5.885439999999999561e-01,4.242210000000000147e-01,-1.755309999999999926e-01
1.736170999999999909e+00,2.442352000000000078e+00,5.709910000000000263e-01,4.279359999999999831e-01,-1.675260000000000082e-01
1.772367999999999943e+00,2.465177999999999869e+00,5.542390000000000372e-01,4.314540000000000042e-01,-1.594069999999999931e-01
1.809234000000000009e+00,2.487591999999999803e+00,5.382980000000000542e-01,4.347670000000000146e-01,-1.512239999999999973e-01
1.846729000000000065e+00,2.509597999999999995e+00,5.231759999999999744e-01,4.378750000000000142e-01,-1.430210000000000092e-01
1.884814999999999907e+00,2.531203999999999787e+00,5.088740000000000485e-01,4.407760000000000011e-01,-1.348320000000000074e-01
1.923451000000000022e+00,2.552417999999999854e+00,4.953899999999999970e-01,4.434719999999999773e-01,-1.266849999999999921e-01
1.962598999999999982e+00,2.573252000000000095e+00,4.827219999999999844e-01,4.459670000000000023e-01,-1.186040000000000011e-01
2.002222000000000168e+00,2.593719000000000108e+00,4.708609999999999740e-01,4.482670000000000265e-01,-1.106039999999999940e-01
2.101202999999999932e+00,1.418330000000000091e+00,6.804200000000000248e-01,4.443989999999999885e-01,5.100999999999999632e-03
2.135739000000000054e+00,1.446296999999999944e+00,6.809300000000000352e-01,4.478429999999999911e-01,1.047299999999999967e-02
2.170520999999999923e+00,1.474507999999999930e+00,6.819779999999999731e-01,4.507109999999999728e-01,1.570500000000000021e-02
2.205489000000000033e+00,1.502944999999999975e+00,6.835480000000000445e-01,4.530950000000000255e-01,2.069199999999999859e-02
2.240588999999999942e+00,1.531597000000000097e+00,6.856170000000000320e-01,4.550750000000000073e-01,2.533900000000000041e-02
2.275777000000000161e+00,1.560454000000000008e+00,6.881509999999999572e-01,4.567200000000000149e-01,2.956200000000000147e-02
2.311011999999999844e+00,1.589512999999999954e+00,6.911070000000000269e-01,4.580810000000000159e-01,3.330000000000000321e-02
2.346260000000000012e+00,1.618770000000000042e+00,6.944369999999999710e-01,4.591950000000000198e-01,3.652400000000000091e-02
2.381492000000000164e+00,1.648220000000000018e+00,6.980899999999999883e-01,4.601000000000000090e-01,3.924500000000000210e-02
2.416679999999999939e+00,1.677861999999999965e+00,7.020140000000000269e-01,4.608329999999999926e-01,4.149800000000000016e-02
2.451804999999999790e+00,1.707694000000000045e+00,7.061640000000000139e-01,4.614219999999999988e-01,4.333499999999999852e-02
2.486848000000000170e+00,1.737713000000000063e+00,7.104979999999999629e-01,4.618940000000000268e-01,4.481299999999999867e-02
2.521793000000000173e+00,1.767916000000000043e+00,7.149790000000000312e-01,4.622689999999999855e-01,4.599000000000000310e-02
2.556630000000000180e+00,1.798302999999999985e+00,7.195780000000000509e-01,4.625650000000000039e-01,4.692500000000000143e-02
