x,y,theta,v,omega
4.311197,3.194374,2.390192,0.5,-0.153694
4.274924,3.228787,2.374822,0.5,-0.0295
4.238967,3.263531,2.371872,0.5,-0.117555
4.203267,3.298538,2.360117,0.488208,-0.160767
4.168889,3.333201,2.34404,0.496304,-0.144461
4.467067,1.774235,-2.902704,0.412119,1.175669
3.829977,1.19675,-2.365115,0.487418,-0.018557
3.795174,1.162625,-2.366971,0.481228,-0.040172
2.931599,0.614404,-2.715774,0.488075,0.195914
2.88735,0.593809,-2.696183,0.5,0.183639
2.842429,0.571855,-2.677819,0.481214,0.117622
2.799518,0.550076,-2.666057,0.5,-0.326824
2.754699,0.527916,-2.698739,0.498225,0.169379
2.709866,0.506186,-2.681801,0.5,-0.261223
5.402244,5.269589,2.363237,0.5,-0.15128
5.854141,5.191279,-2.01424,0.5,1.091557
5.835193,5.145035,-1.905084,0.453869,1.249285
5.823015,5.101343,-1.780155,0.46886,0.68525
5.814849,5.055183,-1.71163,0.48238,0.571923
5.807714,4.913792,-1.536492,0.474158,0.280081
5.810003,4.866433,-1.508484,0.473705,0.112276
5.813219,4.819172,-1.497256,0.5,0.218015
5.817436,4.769351,-1.475454,0.5,0.044905
5.822307,4.719589,-1.470964,0.493053,-0.01462
5.827186,4.670525,-1.472426,0.491273,-0.005327
5.831997,4.621634,-1.472959,0.497704,-0.083798
5.836651,4.572082,-1.481338,0.5,-0.129127
5.840797,4.522255,-1.494251,0.477495,0.021219
5.844499,4.474649,-1.492129,0.478076,-0.284719
5.847577,4.426942,-1.520601,0.5,-0.096943
5.849843,4.376994,-1.530295,0.479028,-0.131466
5.851468,4.329119,-1.543442,0.5,-0.217116
5.852293,4.279126,-1.565154,0.5,0.160965
5.852978,4.229132,-1.549057,0.496769,-0.300391
5.853311,4.179458,-1.579096,0.492265,-0.093061
5.852144,4.081282,-1.574838,0.5,-0.068013
5.851772,4.031283,-1.58164,0.5,-0.039567
5.851131,3.981287,-1.585596,0.461399,0.0245
5.850504,3.935152,-1.583146,0.5,-0.007251
5.849869,3.885156,-1.583871,0.5,0.069172
5.849388,3.835158,-1.576954,0.5,-0.23111
5.848502,3.785167,-1.600065,0.484861,-0.127221
3.925661,3.866576,2.532885,0.398463,1.703504
4.09524,3.428404,1.668113,0.5,-0.279758
4.091079,3.478229,1.640137,0.475243,0.12598
4.087487,3.525617,1.652735,0.498887,-0.040159
4.075529,3.672429,1.644135,0.497384,0.227979
1.408777,5.229753,-1.534997,0.494035,-0.407587
1.408877,5.13253,-1.593492,0.5,-0.161216
1.395886,4.888209,-1.644569,0.5,-0.08531
0.15594,3.074891,-1.612297,0.47948,1.001432
0.156351,3.026964,-1.512154,0.447741,0.90299
0.170056,2.935447,-1.338547,0.481746,0.594513
0.182531,2.888923,-1.279095,0.5,0.663349
0.198487,2.841547,-1.21276,0.5,0.277648
0.303992,2.616543,-1.017872,0.477107,0.556542
0.330165,2.57666,-0.962218,0.485236,0.922661
0.390491,2.504702,-0.784577,0.426523,0.945651
0.422054,2.476039,-0.690012,0.449816,1.133112
0.458292,2.44943,-0.576701,0.419634,1.047885
0.494602,2.428432,-0.471912,0.448393,0.679133
0.535201,2.40942,-0.403999,0.481311,1.047201
0.580367,2.39285,-0.299279,0.465763,0.793432
5.8022,0.140618,2.189316,0.377068,2.0
5.745874,0.193663,2.565021,0.43258,1.400935
4.933973,0.292575,3.004228,0.5,0.051022
4.835967,0.306514,2.97807,0.472084,-0.547684
4.789622,0.315471,2.923301,0.447405,-0.695495
4.746316,0.32667,2.853752,0.461269,-0.837189
4.702686,0.3416,2.770033,0.47405,-0.783659
4.659235,0.360524,2.691667,0.425215,-0.505867
4.621429,0.379977,2.64108,0.472685,-0.840997
4.539874,0.432862,2.513745,0.485551,-0.594875
4.50145,0.462535,2.454258,0.466184,-0.442264
5.649407,3.338287,1.276613,0.475843,0.732741
5.661524,3.384292,1.349887,0.493188,0.458876
5.671223,3.432643,1.395774,0.489416,0.581997
5.678339,3.481058,1.453974,0.483097,0.71667
5.682195,3.578334,1.618052,0.49088,0.502483
5.678645,3.627288,1.6683,0.464307,0.808037
5.672264,3.673266,1.749104,0.480854,0.854859
5.661724,3.720167,1.834589,0.446568,0.686487
5.64861,3.762846,1.903238,0.489672,0.590877
5.458667,4.103151,2.160506,0.479577,-0.036507
5.126265,0.411505,1.47447,0.401171,-1.166872
5.132442,0.451121,1.357783,0.480046,-0.899707
5.144686,0.497521,1.267812,0.460032,-0.729693
5.160001,0.540889,1.194843,0.490797,-0.593107
5.179364,0.58598,1.135532,0.495028,-0.207058
5.2007,0.630648,1.114827,0.499482,-0.202161
5.857294,2.960054,-2.479528,0.342149,2.0
5.811012,2.905896,-2.090924,0.391828,1.59093
5.773997,2.785077,-1.702022,0.5,0.80714
5.768624,2.685313,-1.553777,0.493412,0.533457
5.786859,2.488344,-1.455278,0.5,0.018964
5.807842,2.241997,-1.526351,0.5,-0.517174
5.808771,2.192012,-1.578068,0.5,-0.13755
5.808063,2.142017,-1.591823,0.5,-0.100532
5.806761,2.092034,-1.601876,0.5,0.016285
5.805248,2.042057,-1.600248,0.5,-0.053287
5.803642,1.992083,-1.605576,0.5,-0.02096
5.801851,1.942115,-1.607672,0.487077,-0.078863
5.799864,1.893448,-1.615559,0.5,-0.270115
5.789709,1.743797,-1.643821,0.471339,-0.13436
5.785954,1.696813,-1.657257,0.486954,-0.076747
5.781563,1.648317,-1.664932,0.5,-0.053672
5.77673,1.598551,-1.670299,0.462361,0.214694
5.772631,1.552498,-1.64883,0.494959,-0.01506
1.011511,5.427067,-1.274633,0.5,-0.50245
1.024896,5.378898,-1.324878,0.5,-0.247149
1.036468,5.330257,-1.349593,0.5,-0.381701
1.046505,5.281277,-1.387763,0.5,-0.381846
1.054665,5.231951,-1.425947,0.490341,-0.170199
2.888461,0.57063,0.793329,0.460983,1.415217
2.944286,0.644653,1.033556,0.437618,1.272308
2.964233,0.683572,1.160787,0.456204,1.249411
2.979761,0.726437,1.285728,0.441781,1.214528
2.989583,0.769481,1.407181,0.499434,0.786319
2.995773,0.819027,1.485813,0.486328,0.636702
2.998356,0.867582,1.549483,0.473621,0.439637
2.998325,0.914941,1.593447,0.488581,0.30041
2.996485,0.963762,1.623488,0.5,0.229558
2.993278,1.013658,1.646444,0.5,0.285105
2.988789,1.063455,1.674954,0.5,0.207351
2.983076,1.113126,1.695689,0.497232,0.018117
2.976837,1.162457,1.697501,0.487113,-0.187953
2.971136,1.210832,1.678706,0.5,-0.060328
2.965901,1.260558,1.672673,0.494928,-0.054286
2.961001,1.309807,1.667244,0.486963,-0.281823
2.956996,1.358337,1.639062,0.475583,-0.112091
2.954017,1.405801,1.627853,0.5,0.010337
2.95114,1.455719,1.628887,0.5,-0.189512
2.948711,1.505659,1.609935,0.483903,-0.298077
2.947538,1.554033,1.580128,0.496019,0.109754
2.946803,1.603629,1.591103,0.496574,-0.011575
2.945823,1.653277,1.589946,0.5,-0.011076
2.944894,1.703268,1.588838,0.5,0.052244
2.943861,1.753258,1.594062,0.498693,0.017505
2.942657,1.803112,1.595813,0.5,0.393439
2.940424,1.853059,1.635157,0.499258,0.438609
2.936121,1.902795,1.679018,0.485272,0.281985
2.9302,1.950958,1.707216,0.482315,0.588779
2.922239,1.998521,1.766094,0.495603,0.420713
4.040847,5.754811,-0.973686,0.5,0.201655
4.259248,2.42561,1.700239,0.447156,-0.105068
4.182514,3.203026,1.687905,0.49872,-0.075193
4.176873,3.252577,1.680385,0.5,0.174124
4.170973,3.302227,1.697798,0.5,-0.045334
4.15897,3.401503,1.680129,0.5,-0.195003
4.153999,3.451255,1.660629,0.5,-0.051371
4.149641,3.501064,1.655492,0.5,0.074531
4.145226,3.550869,1.662945,0.5,-0.06001
4.140775,3.60067,1.656944,0.494639,0.170074
4.1361,3.649912,1.673951,0.5,-0.040392
4.131052,3.699657,1.669912,0.5,0.220053
4.655153,0.209775,-4.001429,0.328125,2.0
4.279483,0.267608,-2.972029,0.499492,-0.004474
4.084508,0.235455,-2.979939,0.49504,-0.046675
4.035631,0.227601,-2.984606,0.5,-0.258307
3.98615,0.220423,-3.010437,0.5,-0.143853
3.936534,0.214241,-3.024822,0.48443,-0.400068
3.888321,0.209561,-3.064829,0.5,0.058909
3.83848,0.205579,-3.058938,0.489019,-0.065919
3.789732,0.201703,-3.06553,0.450533,-0.115034
3.74479,0.198538,-3.077033,0.5,-0.356723
3.694848,0.196202,-3.112706,0.476198,-0.168907
3.647238,0.195229,-3.129596,0.5,-0.029099
3.597241,0.194702,-3.132506,0.5,-0.002108
3.547243,0.194253,-3.132717,0.493137,-0.180783
3.49793,0.194261,-3.150795,0.5,0.03803
3.447932,0.194626,-3.146993,0.497067,-0.088518
3.398227,0.195114,-3.155844,0.493645,-0.020064
3.348869,0.195867,-3.157851,0.464728,0.146982
3.302398,0.196281,-3.143153,0.5,-0.012158
3.252398,0.19639,-3.144368,0.5,0.062938
3.202398,0.196371,-3.138075,0.5,-0.079226
3.152398,0.196393,-3.145997,0.499376,-0.005469
3.102461,0.196627,-3.146544,0.469945,-0.139913
3.05547,0.197188,-3.160535,0.494245,-0.103108
2.95609,0.200098,-3.181095,0.5,-0.001257
2.906129,0.202076,-3.18122,0.490482,0.220461
2.857102,0.203478,-3.159174,0.493952,0.154379
2.80771,0.203966,-3.143736,0.4901,0.05486
2.7587,0.203936,-3.13825,0.483387,-0.176181
2.710363,0.2042,-3.155868,0.482481,0.005925
2.662119,0.204875,-3.155276,0.5,0.078017
2.612122,0.205364,-3.147474,0.5,-0.017044
2.562123,0.205701,-3.149179,0.499345,0.014053
2.51219,0.206044,-3.147773,0.5,0.092826
2.46219,0.206121,-3.138491,0.5,-0.089815
2.41219,0.206191,-3.147472,0.5,0.033074
2.362191,0.206402,-3.144165,0.5,-0.020021
2.312191,0.206581,-3.146167,0.5,0.045467
2.213686,0.206843,-3.147649,0.5,0.003231
2.113711,0.208539,-3.191902,0.481715,-0.226651
2.065632,0.211506,-3.214567,0.480362,-0.465471
2.017822,0.216122,-3.261114,0.494778,-0.514032
1.968871,0.223281,-3.312517,0.477819,-0.521496
1.922018,0.232633,-3.364667,0.498461,-0.480383
1.873691,0.244823,-3.412705,0.5,-0.527153
1.211921,0.554886,-3.621215,0.479487,0.049813
1.125982,0.599385,-3.623798,0.5,-0.005544
1.037417,0.64582,-3.625491,0.5,0.127326
5.829715,3.163416,-3.580343,0.312725,2.0
5.800268,3.173791,-3.380343,0.358003,2.0
4.619143,2.470047,-2.414277,0.5,0.26105
2.141984,3.214687,-0.238557,0.441269,-1.286011
2.442206,2.961944,-1.16912,0.5,-0.796622
2.459901,2.915194,-1.248782,0.479778,-0.834704
2.473169,2.869102,-1.332253,0.5,-0.767757
2.483108,2.820112,-1.409029,0.452196,-0.642289
2.488953,2.775279,-1.473258,0.447072,-0.875935
2.48963,2.683791,-1.654276,0.440569,-1.243054
2.483241,2.640228,-1.778581,0.458095,-0.952846
2.471671,2.595922,-1.873866,0.402539,-1.295695
2.457205,2.558387,-2.003435,0.46691,-1.036915
2.435469,2.517088,-2.107126,0.446533,-1.21134
2.410385,2.480179,-2.22826,0.447852,-1.290069
2.380809,2.446591,-2.357267,0.455009,-1.250992
2.346677,2.416547,-2.482367,0.457452,-1.215651
0.931487,2.105767,-2.923633,0.468707,-0.070018
0.88569,2.095792,-2.930635,0.435575,0.257947
0.843221,2.086123,-2.90484,0.5,0.170621
0.794718,2.073982,-2.887778,0.469405,0.263063
0.749441,2.061599,-2.861472,0.483105,0.227989
0.70317,2.047714,-2.838673,0.449291,0.471963
0.660619,2.033305,-2.791477,0.493236,0.345177
0.614589,2.01559,-2.756959,0.493832,0.310829
0.569109,1.996352,-2.725876,0.5,0.378741
3.677308,1.154366,-1.444226,0.423316,1.594164
0.314791,2.241147,1.133613,0.212586,-2.0
0.399328,2.311285,0.356684,0.396972,-1.555347
3.472651,5.318688,-0.355938,0.475168,0.977048
5.01028,5.793091,2.979012,0.447206,1.265527
4.965809,5.797522,3.105564,0.5,1.086713
4.915842,5.796607,3.214236,0.489065,0.681143
4.867223,5.791399,3.28235,0.5,0.424636
4.817881,5.783336,3.324813,0.5,0.373612
3.936304,5.549488,0.335049,0.417279,-1.334207
2.551833,5.146354,-0.422478,0.422009,1.557619
3.425809,5.077081,-0.174284,0.499612,-0.106851
3.855498,4.989149,-0.186168,0.5,0.078985
5.305324,5.29975,1.707948,0.196904,2.0
5.775564,4.534105,-1.361604,0.5,0.082609
5.805445,4.390831,-1.385448,0.493013,-0.14675
5.814174,4.342309,-1.400123,0.5,-0.317744
5.821883,4.292909,-1.431898,0.498431,-0.290286
5.838028,3.75492,-1.60099,0.443761,0.087949
5.836883,3.710559,-1.592195,0.5,-0.146865
5.835447,3.66058,-1.606882,0.5,0.115273
5.833931,3.610603,-1.595355,0.5,-0.06521
5.83254,3.560623,-1.601876,0.482407,0.120963
5.831333,3.512397,-1.58978,0.47263,0.1398
5.830766,3.465138,-1.5758,0.5,0.096558
5.830757,3.415138,-1.566144,0.479314,0.122271
5.831273,3.36721,-1.553917,0.5,0.101772
5.832371,3.317222,-1.543739,0.5,0.186662
3.871277,5.788299,-1.237096,0.45074,0.890705
3.887917,5.746424,-1.148026,0.429879,0.764994
4.663293,4.856491,-0.896519,0.5,-0.360699
4.693799,4.816879,-0.932589,0.488145,-0.351771
4.722185,4.777169,-0.967766,0.493435,-0.211206
4.749739,4.736236,-0.988887,0.5,-0.162272
4.776879,4.694245,-1.005114,0.5,-0.104907
3.012708,1.693111,-2.035578,0.256599,2.0
3.00357,1.669179,-1.835578,0.34287,2.0
2.99867,1.598978,-1.466728,0.414896,1.416121
3.005883,1.558155,-1.325115,0.440628,1.167414
3.019067,1.516137,-1.208374,0.486349,0.955601
3.240798,1.218515,-0.746485,0.481668,0.088558
3.276301,1.185964,-0.737629,0.5,0.047906
3.313384,1.152426,-0.732838,0.5,0.061373
3.350651,1.119091,-0.726701,0.5,0.136794
2.697168,3.584982,-1.529366,0.5,-0.167521
2.698821,3.53501,-1.546118,0.499351,0.039862
2.700152,3.485093,-1.542132,0.5,-0.092401
2.701354,3.435108,-1.551372,0.5,-0.130085
2.702,3.385112,-1.56438,0.498057,0.106246
2.702584,3.33531,-1.553755,0.468238,-0.05655
2.70325,3.288491,-1.559411,0.49351,-0.034774
1.624978,0.911845,-0.443604,0.470168,0.076845
2.344398,0.602233,-0.359256,0.46008,0.422774
2.387797,0.586973,-0.316979,0.481284,0.493715
2.43388,0.573106,-0.267607,0.5,0.637959
2.482489,0.561432,-0.203811,0.5,0.300625
2.531599,0.552049,-0.173749,0.488518,0.699782
2.579971,0.545294,-0.103771,0.487485,0.630282
2.628584,0.541775,-0.040743,0.493074,0.666175
2.677881,0.541408,0.025875,0.464847,0.453244
2.768144,0.548207,0.135346,0.5,0.77294
5.638758,3.516837,1.526771,0.47005,0.093456
5.640607,3.563805,1.536117,0.5,0.055827
5.642201,3.61378,1.541699,0.5,0.39257
5.758528,4.17526,-1.73872,0.5,-0.020912
5.688488,3.738331,-1.658542,0.489131,0.06837
5.684368,3.689592,-1.651705,0.5,-0.040783
5.680226,3.639764,-1.655783,0.5,-0.003249
5.438663,2.591459,1.002574,0.460367,0.724926
2.141752,3.41242,-2.476308,0.477226,-0.453987
2.103551,3.383824,-2.521706,0.473173,-0.353137
2.06456,3.357021,-2.55702,0.5,-0.317806
2.022432,3.330096,-2.588801,0.5,-0.426258
1.979332,3.304757,-2.631427,0.487037,-0.779494
1.319568,3.131037,-2.964783,0.477236,0.087871
2.720138,4.703345,1.297178,0.357433,-1.676033
2.732628,4.73679,1.129574,0.398892,-1.73158
2.776459,4.799692,0.794468,0.395829,-1.524435
2.841309,4.848199,0.498074,0.445289,-1.195275
2.881605,4.867086,0.378547,0.463202,-0.985856
2.925419,4.882057,0.279961,0.5,-1.01118
2.974089,4.893422,0.178843,0.5,-0.900205
3.023625,4.900092,0.088823,0.458362,-0.679581
3.069383,4.902604,0.020865,0.5,-0.58596
3.119374,4.902182,-0.037732,0.473289,-0.31631
3.166634,4.899649,-0.069363,0.5,-0.388613
3.216433,4.895216,-0.108224,0.5,-0.077735
3.266119,4.889622,-0.115997,0.5,-0.031867
3.315774,4.883756,-0.119184,0.5,0.027962
3.365428,4.87788,-0.116388,0.5,0.105735
3.415119,4.872337,-0.105814,0.5,0.010115
3.464842,4.867081,-0.104803,0.493571,-0.017713
3.513924,4.861874,-0.106574,0.488008,0.114209
3.562476,4.85696,-0.095153,0.47744,0.225157
3.610051,4.85296,-0.072637,0.488444,0.317106
3.658815,4.850188,-0.040927,0.5,0.085623
3.708781,4.848356,-0.032365,0.5,0.038096
3.758758,4.846833,-0.028555,0.5,0.243289
3.80875,4.846014,-0.004226,0.5,0.093267
3.85875,4.846035,0.005101,0.490247,-0.11665
3.907774,4.846,-0.006564,0.490534,0.258144
3.956825,4.846311,0.01925,0.484134,-0.048606
4.005232,4.847125,0.014389,0.5,0.11518
4.055221,4.848132,0.025907,0.5,-0.051638
4.105208,4.849298,0.020744,0.5,-0.013422
4.155198,4.850302,0.019401,0.484265,-0.197107
4.203621,4.850764,-0.000309,0.480263,0.054654
4.251647,4.850881,0.005156,0.5,0.087504
4.301645,4.851357,0.013907,0.493339,-0.01681
4.350975,4.852002,0.012226,0.44741,-0.16391
4.395715,4.852182,-0.004165,0.5,0.132817
4.445714,4.852306,0.009116,0.486173,-0.011381
4.49433,4.852721,0.007978,0.5,-0.023934
4.544328,4.853061,0.005585,0.5,0.04395
4.594327,4.85345,0.00998,0.483155,-0.266794
4.688915,4.852554,-0.01501,0.476213,-0.099719
4.317628,0.541577,2.144105,0.253186,2.0
3.058709,0.554349,3.100476,0.485363,-0.117428
2.960655,0.558468,3.120291,0.487849,-0.053067
2.688637,2.323018,0.494118,0.231805,2.0
2.707813,2.335973,0.694118,0.300892,2.0
2.743995,4.368594,1.526723,0.5,0.069426
2.746025,4.418552,1.533665,0.470374,0.17466
2.747361,4.46557,1.551131,0.5,0.130989
2.748016,4.515566,1.56423,0.5,-0.209668
2.748869,4.565557,1.543263,0.5,-0.402796
2.751251,4.615497,1.502984,0.463417,-0.618433
2.755819,4.661606,1.44114,0.480053,-0.649755
2.763567,4.708973,1.376165,0.476578,-0.588694
2.804058,4.847926,1.212347,0.464777,-0.494845
4.522305,5.40513,3.358703,0.427771,-1.522764
3.586319,5.540022,3.111273,0.5,0.122755
5.6134,3.308634,-2.072415,0.472795,-1.037644
4.703109,2.492031,-2.379383,0.494949,0.013586
4.667332,2.457829,-2.378024,0.465745,0.28014
4.634143,2.425155,-2.35001,0.492532,0.530184
4.600477,2.389213,-2.296992,0.455296,0.817187
4.571668,2.353973,-2.215273,0.47907,0.558461
4.54397,2.314892,-2.159427,0.451495,0.720187
4.520275,2.276471,-2.087408,0.440976,0.830307
4.351306,0.746467,-1.704227,0.5,0.141069
2.808616,4.939664,-2.278237,0.472523,1.209678
2.755716,4.860507,-2.049101,0.43485,1.032691
2.737728,4.820938,-1.945832,0.427736,1.065828
2.714197,4.735409,-1.740442,0.484658,0.830355
2.705272,4.637438,-1.593637,0.5,0.433224
2.705213,4.587442,-1.550315,0.487331,0.25035
2.706821,4.538737,-1.52528,0.5,0.372182
2.710025,4.488842,-1.488062,0.489368,0.294241
2.754557,3.601769,-1.593663,0.5,-0.109957
2.753138,3.551789,-1.604659,0.5,0.02974
2.75152,3.501816,-1.601685,0.5,0.189108
2.750448,3.451828,-1.582774,0.5,-0.056157
2.749709,3.401833,-1.58839,0.5,0.131188
2.749157,3.351837,-1.575271,0.5,-0.128276
2.748613,3.30184,-1.588099,0.484649,0.055191
2.747908,3.25338,-1.58258,0.485799,-0.011911
2.747307,3.204804,-1.583771,0.5,0.098614
2.746905,3.154806,-1.573909,0.489099,0.593331
2.748203,3.10592,-1.514576,0.469266,0.703022
2.752484,3.059199,-1.444274,0.450542,0.93721
5.176809,0.687235,0.500672,0.421871,1.713859
0.302624,3.782931,-2.225017,0.375212,1.550683
0.282187,3.751509,-2.069949,0.431333,1.380874
0.242318,3.624781,-1.712887,0.496421,0.767027
0.237178,3.575418,-1.636184,0.465425,0.642559
0.235631,3.528909,-1.571928,0.468206,0.783201
0.242283,3.434245,-1.445192,0.5,0.340043
0.249389,3.384755,-1.411187,0.5,0.030494
0.300679,2.989921,-1.509926,0.479305,-0.10089
0.303353,2.942065,-1.520015,0.477026,-0.407039
0.304804,2.894388,-1.560719,0.5,-0.189907
0.304834,2.844389,-1.57971,0.493023,0.197934
0.304882,2.795087,-1.559916,0.490246,0.135732
0.307216,2.696092,-1.536525,0.497125,0.211986
0.317709,2.546785,-1.460965,0.5,0.336147
0.33114,2.449321,-1.419066,0.489822,0.371131
0.485968,1.624138,-1.395355,0.5,0.116491
0.504014,1.52578,-1.394633,0.5,0.037143
3.740165,3.680469,-0.707452,0.46319,-0.051808
3.775291,3.650275,-0.712633,0.477798,-0.131187
3.811237,3.618799,-0.725751,0.499154,0.031004
4.989244,2.533319,3.106864,0.5,0.880842
4.889439,2.528732,3.253292,0.484441,0.697932
4.516089,2.294275,4.246626,0.476578,0.836131
4.332168,1.329664,4.499669,0.462199,-0.078003
4.322234,1.284525,4.491869,0.5,-0.125508
4.310991,1.235806,4.479318,0.5,0.098869
3.915405,2.047703,-2.016183,0.469935,0.977161
3.897262,2.004374,-1.918467,0.474006,0.951035
3.883254,1.959109,-1.823363,0.431416,0.838339
3.874236,1.916933,-1.739529,0.453364,0.591765
3.867949,1.872041,-1.680353,0.5,0.579993
3.863926,1.82221,-1.622353,0.5,0.273
3.862031,1.772248,-1.595054,0.469296,0.240676
3.861458,1.725323,-1.570986,0.489598,0.223219
3.861995,1.676367,-1.548664,0.5,0.052246
3.863232,1.626382,-1.543439,0.482432,0.153634
3.864922,1.578169,-1.528076,0.5,-0.067012
3.86689,1.528208,-1.534777,0.431555,-0.179818
3.867986,1.436473,-1.591712,0.486818,-1.000122
3.864538,1.387934,-1.691724,0.436055,-1.042027
3.857034,1.344999,-1.795926,0.473129,-0.844699
3.844538,1.299381,-1.880396,0.473033,-0.844827
3.808341,1.212359,-2.050191,0.467583,-0.756694
2.879814,0.525781,-2.929136,0.483139,-0.674462
2.832279,0.517193,-2.996582,0.479061,-0.387176
1.752592,0.443692,-3.031612,0.493898,-0.166746
1.359124,0.408135,-3.034683,0.5,-0.145049
1.24731,0.755557,-1.189824,0.499087,-0.100035
3.285217,1.117881,1.956075,0.5,-0.469287
3.26752,1.164639,1.909146,0.5,-0.484513
3.239075,1.257284,1.842085,0.469264,-0.178695
3.226905,1.302604,1.824215,0.471502,-0.301667
3.215774,1.34842,1.794048,0.470614,-0.111081
3.205609,1.39437,1.78294,0.5,-0.035762
3.195169,1.443268,1.779364,0.5,-0.011592
3.184845,1.492191,1.778205,0.494682,-0.085855
3.174866,1.540642,1.769619,0.491869,-0.020769
2.811471,3.019552,1.84966,0.5,0.035301
4.377958,2.759708,2.255858,0.492181,-0.813282
3.873218,3.541642,2.260638,0.5,0.0837
3.777573,3.655839,2.272634,0.470097,0.066424
4.990558,0.22688,1.584569,0.054732,2.0
4.989937,0.232309,1.784569,0.139197,2.0
4.687758,0.318655,3.328459,0.486126,0.508229
4.640242,0.308414,3.379282,0.452139,0.131765
4.067709,0.242559,3.120748,0.473097,-0.202611
4.020423,0.244025,3.100487,0.5,0.009374
3.970464,0.246056,3.101424,0.466908,-0.063961
3.873845,0.249707,3.123061,0.495004,-0.156778
4.31128,3.177138,2.428053,0.5,-0.028386
3.689633,3.646773,2.826198,0.454405,0.891762
3.645863,3.658925,2.915374,0.471967,0.587596
3.599585,3.668154,2.974134,0.488966,0.575133
3.551164,3.674913,3.031647,0.486348,0.449996
3.502719,3.679161,3.076647,0.48161,0.452005
3.454606,3.681199,3.121847,0.497483,0.300006
3.40486,3.681435,3.151848,0.5,0.218794
3.354872,3.680376,3.173727,0.489196,0.194899
3.305996,3.678327,3.193217,0.5,0.288141
3.256107,3.675028,3.222031,0.493903,-0.106636
3.206856,3.671322,3.211368,0.480104,0.106108
3.158981,3.667721,3.221978,0.472826,0.119383
3.111875,3.663643,3.233917,0.493192,0.045456
3.062776,3.658985,3.238462,0.494784,0.302305
3.01361,3.653456,3.268693,0.5,0.17989
2.964073,3.646672,3.286682,0.5,0.169711
2.914662,3.639023,3.303653,0.5,0.36364
2.865474,3.630061,3.340017,0.5,0.325545
2.816625,3.619408,3.372571,0.492178,0.250233
2.116594,3.376241,3.496755,0.47051,-0.118858
1.890424,3.310318,3.326837,0.493885,-0.327437
1.84174,3.302018,3.294094,0.498469,-0.33648
1.792354,3.295276,3.260446,0.5,-0.403356
2.219498,4.265761,1.971821,0.28735,-2.0
2.210993,4.293158,1.771821,0.291429,-2.0
2.211739,4.360893,1.38057,0.378145,-1.669805
2.221949,4.397257,1.21359,0.420492,-1.131653
5.224714,0.53565,-2.102148,0.5,-0.561315
5.198183,0.493278,-2.15828,0.449077,-1.131613
5.107715,0.397188,-2.510391,0.434247,-1.059137
5.071367,0.373466,-2.616304,0.48659,-1.189394
4.984376,0.335205,-2.826775,0.450811,-0.929602
4.539218,0.495822,-4.306348,0.445562,-1.163578
4.524038,0.537686,-4.422705,0.46465,-0.948727
4.512896,0.582777,-4.517578,0.4832,-0.805655
4.505461,0.630509,-4.598144,0.482873,-0.721584
4.501392,0.728626,-4.742516,0.5,-0.278896
4.503595,0.778576,-4.770406,0.5,0.005593
4.50648,0.828493,-4.769846,0.5,-0.266614
4.510017,0.878366,-4.796508,0.5,-0.168837
4.514638,0.928152,-4.813391,0.5,0.125234
4.519368,0.977927,-4.800868,0.5,-0.005254
4.523799,1.02773,-4.801393,0.5,0.074218
4.528059,1.077548,-4.793972,0.481354,0.096373
4.53175,1.125542,-4.784334,0.494132,0.208837
4.534787,1.174861,-4.763451,0.497808,0.32062
4.536531,1.224609,-4.731389,0.5,0.156875
4.537088,1.274605,-4.715701,0.477703,-0.024044
4.537304,1.322375,-4.718105,0.5,0.225733
4.537026,1.372373,-4.695532,0.494106,0.076418
4.536004,1.421773,-4.68789,0.477952,0.108195
4.534575,1.469547,-4.677071,0.449495,0.356697
4.532187,1.51443,-4.641401,0.5,-0.001397
2.393241,0.236864,-0.443799,0.26112,2.0
2.524403,0.234145,0.314582,0.414344,1.286858
2.562871,0.249462,0.443267,0.46957,0.866677
2.604365,0.271414,0.529935,0.5,0.700296
4.260817,1.322427,0.540113,0.497732,-0.063655
4.428839,5.74622,3.140146,0.5,-0.127763
4.378841,5.746612,3.127369,0.5,-0.085519
4.328849,5.747536,3.118818,0.5,0.070049
4.278859,5.7485,3.125822,0.486204,0.047217
4.230243,5.749152,3.130544,0.5,-0.019602
2.948686,5.790546,3.10583,0.5,0.010018
2.898718,5.792309,3.106832,0.5,0.066427
2.848742,5.793881,3.113475,0.493207,0.29498
2.799428,5.79454,3.142973,0.5,-0.110095
1.430148,4.997485,-1.62893,0.5,-0.199423
1.466899,3.682433,-1.338405,0.5,0.523116
1.495165,3.586917,-1.221313,0.484571,0.812109
1.513587,3.542113,-1.140102,0.48518,0.843069
1.535677,3.498931,-1.055795,0.499417,1.189513
1.562799,3.457031,-0.936844,0.438624,1.386381
1.591142,3.423603,-0.798206,0.446552,1.459597
1.658123,3.371205,-0.540521,0.422932,1.458753
1.695843,3.352159,-0.394646,0.468861,1.189498
1.740094,3.336746,-0.275696,0.399941,0.859688
3.365806,1.139204,2.481746,0.471804,-0.423531
2.984072,1.745906,1.866835,0.5,-0.275693
2.474149,4.279123,-1.702214,0.5,0.536768
2.46893,4.229402,-1.648537,0.5,0.273388
2.465729,4.179507,-1.621198,0.483148,0.337662
3.365743,4.925431,-2.999986,0.455412,0.028094
2.987122,4.871051,-2.950811,0.5,0.590785
2.938337,4.860126,-2.891733,0.424085,0.909156
2.217424,3.508035,-2.247333,0.5,-0.430474
2.151876,3.432539,-2.315034,0.5,-0.339076
1.96378,3.273826,-2.581485,0.5,-0.458755
3.873281,3.506731,-1.343225,0.5,-0.663246
3.882939,3.457682,-1.409549,0.476371,-0.749936
3.888818,3.41042,-1.484543,0.489642,-0.524111
3.891756,3.36155,-1.536954,0.5,-0.351002
3.89257,3.311559,-1.572054,0.5,-0.412166
3.891477,3.261574,-1.613271,0.48356,-0.140434
3.889085,3.213278,-1.627314,0.49715,-0.219221
3.885733,3.163677,-1.649236,0.498419,-0.002426
3.881821,3.113989,-1.649479,0.5,0.129937
3.878215,3.06412,-1.636485,0.497708,0.09761
3.87519,3.014441,-1.626724,0.5,0.029557
3.872469,2.964515,-1.623769,0.487634,0.084223
3.870092,2.91581,-1.615346,0.481112,-0.093611
3.867725,2.867757,-1.624707,0.5,0.172593
3.865461,2.817809,-1.607448,0.468724,0.278142
3.864395,2.77095,-1.579634,0.5,0.215679
3.864493,2.720951,-1.558066,0.5,0.033235
3.865212,2.670956,-1.554742,0.499812,0.050785
3.866142,2.620984,-1.549664,0.496702,0.150812
3.867566,2.571334,-1.534583,0.466805,0.030263
3.869326,2.524687,-1.531556,0.495204,0.034297
3.871354,2.475208,-1.528127,0.48256,0.029135
3.873482,2.426999,-1.525213,0.470201,-0.120462
3.8772,2.330051,-1.530012,0.487084,-0.06161
3.879036,2.281377,-1.536173,0.5,0.000895
3.880769,2.231407,-1.536084,0.489221,-0.05461
3.882333,2.18251,-1.541545,0.5,-0.013994
3.88376,2.132531,-1.542944,0.494594,0.035595
3.885226,2.083093,-1.539385,0.472412,-0.022741
2.782612,3.071532,-1.056586,0.5,-0.20622
2.52591,2.696915,-2.009434,0.5,-0.435626
2.479547,2.608348,-2.096786,0.499682,-0.534532
2.36482,2.444784,-2.248371,0.48435,-0.36375
1.682261,2.117932,-3.005292,0.5,-0.016738
1.632719,2.11118,-3.006966,0.5,0.046381
1.583187,2.104354,-3.002328,0.5,0.045993
2.968591,0.966634,-0.834904,0.385557,-1.718539
0.569157,0.467325,-3.089312,0.5,0.124688
5.542398,3.901327,-0.976676,0.495621,-0.343051
5.569432,3.85979,-1.010981,0.476939,-0.518874
5.593699,3.818738,-1.062869,0.476332,-0.508351
5.615799,3.776547,-1.113704,0.475341,-0.865715
5.683391,3.447534,-1.58545,0.473122,-0.633823
5.681199,3.40028,-1.648832,0.5,-0.290103
5.676579,3.350496,-1.677842,0.483047,-0.279572
5.581091,2.726129,-1.716839,0.5,-0.020689
5.573764,2.676669,-1.718908,0.497023,0.010648
5.548548,2.479402,-1.683003,0.5,0.051032
1.444371,5.477459,-1.745732,0.482157,0.397017
1.427572,5.281756,-1.573343,0.5,0.456782
1.45557,4.888157,-1.492028,0.5,-0.098209
1.459259,4.838293,-1.501849,0.5,-0.040256
1.462603,4.788405,-1.505874,0.478043,-0.017364
1.465663,4.740699,-1.507611,0.5,-0.126128
1.468506,4.69078,-1.520224,0.467388,-0.1342
1.484663,4.200536,-1.542238,0.483457,-0.063672
1.48589,4.152206,-1.548605,0.5,-0.0219
1.486945,4.102217,-1.550795,0.5,-0.005633
1.487931,4.052227,-1.551358,0.5,-0.123743
1.488593,4.002231,-1.563732,0.5,0.023336
1.489005,3.952233,-1.561399,0.488302,0.104447
1.489719,3.903408,-1.550954,0.5,0.005892
1.490726,3.853418,-1.550365,0.485379,0.033514
1.491798,3.804892,-1.547013,0.5,0.057125
1.49313,3.75491,-1.541301,0.5,0.143726
1.494964,3.704944,-1.526928,0.5,0.461776
2.3866,3.951859,1.246415,0.497839,-0.199565
2.402937,3.998885,1.226459,0.5,-0.253692
2.420411,4.045731,1.20109,0.492198,0.094399
2.143523,4.721741,-1.133291,0.404982,1.291012
2.189108,4.650978,-0.863354,0.430774,1.083264
2.21882,4.619817,-0.755027,0.462236,0.758944
2.802487,4.278547,-0.524663,0.491877,-0.340093
2.844631,4.253188,-0.558672,0.483631,-0.152406
2.885444,4.227241,-0.573913,0.492602,0.261319
2.927157,4.201041,-0.547781,0.5,-0.273477
2.488335,2.926915,-1.669193,0.5,0.016612
2.483465,2.877152,-1.667532,0.495403,0.134827
2.474986,2.777976,-1.648778,0.5,0.00628
2.471107,2.728126,-1.648149,0.5,-0.135901
2.466904,2.678304,-1.66174,0.490333,0.020489
0.323821,4.379101,-3.094904,0.034806,2.0
0.225644,4.161321,-1.535416,0.472234,0.606968
0.300618,3.729059,-1.41304,0.5,-0.249808
0.307855,3.679587,-1.438021,0.5,-0.401871
0.316922,3.580031,-1.525464,0.5,-0.11504
0.318901,3.53007,-1.536968,0.5,-0.149665
0.320218,3.480088,-1.551935,0.492402,-0.049612
0.321024,3.430855,-1.556896,0.5,-0.055355
0.321581,3.380858,-1.562431,0.476837,-0.234548
0.321421,3.333175,-1.585886,0.5,-0.080001
0.320466,3.283185,-1.593886,0.479585,-0.085811
0.319153,3.235244,-1.602467,0.5,-0.007793
0.319796,2.451513,-1.448554,0.45057,-0.004168
3.768273,3.628986,2.404506,0.481535,0.317875
2.879773,4.243254,2.500945,0.5,-0.412111
2.802456,4.306059,2.416844,0.471194,-0.47298
2.392843,0.547764,-0.118926,0.488618,-0.002105
4.677789,2.461239,-2.602351,0.484178,0.81147
4.446499,2.22169,-2.159382,0.496438,0.118975
4.272588,1.924897,-2.084519,0.48555,-0.159277
3.927592,1.389078,-2.143101,0.497347,-0.055034
3.900542,1.347342,-2.148604,0.5,0.021334
5.59297,2.626825,3.414868,0.349186,-2.0
0.23231,2.224546,1.648616,0.5,-0.349277
0.229294,2.274452,1.613688,0.464495,-0.255314
0.227895,2.320879,1.588157,0.5,-0.198155
0.237596,3.75259,1.574441,0.5,-0.10946
0.226846,5.423283,1.567739,0.5,0.107078
0.226731,5.473283,1.578447,0.5,0.134883
0.226011,5.523277,1.591935,0.490216,0.076469
0.224788,5.572283,1.599582,0.481047,-0.18779
3.02834,4.877138,-0.047313,0.46061,0.120472
3.124335,4.873624,-0.029246,0.5,-0.105053
3.174306,4.8719,-0.039751,0.5,-0.069845
3.224259,4.869738,-0.046735,0.490055,-0.078215
3.273201,4.867257,-0.054557,0.5,0.147193
3.323145,4.864898,-0.039838,0.5,0.128965
5.302015,0.358722,-2.840773,0.45692,-0.743398
4.870124,0.330405,-3.212308,0.5,-0.177555
4.820283,0.33438,-3.230063,0.5,-0.344912
4.770565,0.339656,-3.264554,0.5,0.036143
4.621675,0.357244,-3.271078,0.5,-0.035728
4.572105,0.363789,-3.274651,0.5,0.067419
3.915566,1.327604,-2.309991,0.5,-0.21811
3.662421,1.098858,-2.527663,0.492537,-0.005136
3.622154,1.070494,-2.528177,0.48896,-0.001458
2.345034,0.662866,-4.066574,0.444495,-1.275898
2.320616,0.699972,-4.194163,0.464971,-0.747942
2.299116,0.741187,-4.268958,0.475177,-0.89085
2.280666,0.78496,-4.358043,0.456963,-0.742941
2.266416,0.828366,-4.432337,0.480616,-0.589204
3.390189,1.077721,-0.828115,0.497303,0.364596
4.230154,0.327304,-0.425541,0.494605,0.783426
4.950738,0.276622,0.004964,0.5,-0.013866
3.786537,1.114003,-2.073642,0.5,0.227394
4.096079,5.262369,-2.889036,0.5,0.110794
0.351625,2.502131,1.510126,0.485998,0.661371
0.351607,2.598611,1.622027,0.5,0.311464
0.34827,2.648497,1.653174,0.483919,0.421992
0.343271,2.696627,1.695373,0.5,0.114021
0.336776,2.746203,1.706775,0.5,0.039591
0.3299,2.795728,1.710734,0.472869,-0.264367
0.325946,3.566729,1.490533,0.5,-0.192035
0.330434,3.616527,1.471329,0.5,-0.026449
5.17826,2.595602,-0.790495,0.45829,-0.712751
5.804021,3.344362,-2.315285,0.45809,-1.214862
5.669111,0.199056,3.60902,0.405622,-1.315058
5.588277,0.171002,3.352523,0.462222,-1.071989
5.542648,0.163763,3.245324,0.457696,-0.962675
5.496967,0.161221,3.149057,0.5,-0.704273
5.446996,0.162608,3.07863,0.482083,-0.614597
5.399007,0.167117,3.01717,0.487416,-0.320493
5.350748,0.17394,2.985121,0.5,-0.345567
5.301503,0.182584,2.950564,0.5,-0.146798
5.252484,0.192437,2.935884,0.5,0.123972
5.203476,0.202346,2.948281,0.5,0.140479
5.154341,0.211607,2.962329,0.5,0.150533
5.105077,0.220152,2.977382,0.484118,0.111222
2.856224,0.149783,0.565501,0.486075,0.492867
2.896606,0.17683,0.614788,0.487344,0.596275
3.465685,0.786117,0.829722,0.492596,0.02108
4.481285,1.851807,1.037074,0.455535,0.754931
4.502958,1.891862,1.112567,0.478677,0.852957
4.522278,1.935642,1.197863,0.48797,0.751183
4.538334,1.98171,1.272981,0.475021,0.603146
4.561081,2.074855,1.384447,0.5,0.613684
4.568832,2.124243,1.445815,0.483218,0.455284
4.979176,4.398393,-1.678865,0.312001,2.0
5.472561,3.912272,-0.637369,0.483415,-0.670288
5.510419,3.882224,-0.704397,0.464705,-0.822462
5.489156,2.568444,-1.773229,0.486104,0.177283
5.479806,2.520742,-1.7555,0.5,-0.155618
5.470241,2.471666,-1.771062,0.471792,-0.041386
5.46076,2.42545,-1.775201,0.492525,0.076181
5.289059,1.602368,-1.787767,0.482978,0.130243
5.211227,1.213044,-1.77248,0.5,0.120577
1.093393,0.657965,2.186277,0.485453,0.237778
0.619366,1.404165,2.09999,0.5,0.034101
0.59405,1.447283,2.1034,0.488442,-0.184334
0.569637,1.489587,2.084966,0.5,-0.130269
0.545331,1.533281,2.07194,0.5,0.21011
3.765671,5.612139,-3.36526,0.475825,0.139639
3.623465,5.642233,-3.338286,0.476768,0.20129
3.527227,5.658841,-3.276786,0.5,0.414318
2.781803,3.112348,-1.215354,0.5,0.209873
2.051823,0.231152,-0.430881,0.444494,1.173017
1.108707,5.302879,-1.920349,0.424866,1.495165
1.573818,3.421452,-0.75068,0.442185,1.344232
2.194,3.543925,1.239142,0.494407,0.725636
1.052214,1.336389,0.601925,0.154259,-2.0
1.090388,1.351482,0.201925,0.327864,-2.0
4.960957,2.523179,-2.859123,0.489306,0.067998
4.771425,2.468638,-2.869955,0.489192,0.145483
0.952023,2.07601,1.119359,0.27754,-2.0
5.507079,3.8758,2.585966,0.414934,1.121257
5.38029,3.928464,2.883456,0.467624,0.695185
5.334698,3.938821,2.952974,0.493323,0.306001
5.143415,3.962708,3.077298,0.5,-0.01129
5.09352,3.965949,3.076169,0.5,0.055248
5.043618,3.96908,3.081694,0.5,0.002135
4.993707,3.972068,3.081907,0.5,0.035294
4.943791,3.974962,3.085437,0.5,0.093296
3.907995,2.847578,1.764277,0.5,-0.008318
1.613235,0.250973,-0.391823,0.412944,1.445153
1.699012,0.229202,-0.126315,0.450893,1.170943
1.743972,0.22615,-0.009221,0.495033,0.781883
2.155844,3.115067,-0.33353,0.5,-0.367276
2.202777,3.097834,-0.370258,0.5,-0.408163
2.249007,3.078795,-0.411074,0.5,-0.355463
2.294477,3.058005,-0.446621,0.485131,-0.353288
2.646765,2.801853,-0.736562,0.5,0.079204
5.531917,2.260872,1.434187,0.476028,0.083627
3.03281,1.752414,1.659989,0.5,0.144474
3.022851,1.85122,1.676255,0.471518,-0.161125
2.258278,2.395571,-3.059801,0.5,0.084401
2.208463,2.391276,-3.051361,0.484665,-0.120243
2.160168,2.387199,-3.063385,0.5,0.108585
0.54882,2.157404,-3.02519,0.497005,0.016029
5.775832,1.234683,-1.512196,0.49454,-0.062186
5.778574,1.185305,-1.518414,0.5,0.087659
5.781411,1.135386,-1.509648,0.49598,-0.033417
5.784359,1.085876,-1.51299,0.494623,-0.014622
5.787181,1.036494,-1.514452,0.5,0.025993
5.790062,0.986577,-1.511853,0.481488,-0.082304
5.7927,0.938501,-1.520083,0.5,0.065667
5.801595,0.788925,-1.513864,0.5,0.097876
5.804684,0.739021,-1.504076,0.489777,-0.007442
5.807932,0.690151,-1.504821,0.5,0.197849
5.811721,0.640296,-1.485036,0.5,-0.001804
5.816,0.590479,-1.485216,0.495988,-0.186904
4.736011,4.793659,2.607742,0.49536,0.43452
4.557111,4.881143,2.753048,0.486083,0.289029
3.378413,5.239438,2.86684,0.5,-0.194747
3.214225,0.249601,-3.108863,0.482712,-0.050275
3.439526,5.796429,0.174886,0.490505,-0.337744
3.487963,5.804146,0.141112,0.494921,-0.343003
3.537073,5.810265,0.106811,0.5,-0.222268
3.586843,5.815043,0.084584,0.5,-0.035379
3.636672,5.819179,0.081047,0.5,-0.338652
3.686567,5.822382,0.047181,0.5,-0.205163
3.736532,5.824228,0.026665,0.5,-0.155311
3.786522,5.825173,0.011134,0.498856,-0.257713
3.88607,5.824347,-0.015097,0.5,-0.081376
3.93606,5.823389,-0.023235,0.5,-0.184428
3.986033,5.821766,-0.041678,0.496368,0.18512
4.035643,5.820157,-0.023166,0.5,0.39364
4.08564,5.819983,0.016198,0.476531,0.039704
4.133285,5.82085,0.020169,0.5,-0.127882
4.18328,5.821538,0.007381,0.464421,-0.03588
4.229721,5.821798,0.003793,0.5,-0.134807
4.279721,5.82165,-0.009688,0.5,0.195101
4.32972,5.821654,0.009822,0.497946,-0.176425
4.379514,5.821704,-0.007821,0.483081,-0.140348
1.285383,3.117366,0.455728,0.488791,-0.393475
2.035017,3.32723,0.440231,0.5,0.346122
4.782909,5.274096,-0.26083,0.485173,0.114808
3.631778,1.074074,0.616644,0.5,0.093349
4.063334,1.781436,1.367533,0.5,-0.200524
1.489263,5.290214,-1.09947,0.424613,-1.507931
1.505623,5.251075,-1.250264,0.440693,-1.345552
1.516657,5.208443,-1.384819,0.438949,-1.011425
1.52258,5.164969,-1.485961,0.491571,-0.885863
1.524571,5.115868,-1.574548,0.462256,-0.744744
1.522678,5.069692,-1.649022,0.458619,-0.482333
1.517993,5.024074,-1.697255,0.497284,-0.330114
1.510908,4.974855,-1.730267,0.479041,-0.106641
1.503049,4.927601,-1.740931,0.5,-0.074592
1.494399,4.878355,-1.74839,0.494769,0.022542
1.485714,4.829646,-1.746136,0.5,0.069187
1.619281,3.363431,-0.564003,0.438843,1.273856
0.737037,2.091326,2.417053,0.487456,-0.26943
0.700976,2.124122,2.39011,0.5,-0.222222
0.326528,3.01301,1.536801,0.5,-0.06454
0.328389,3.062975,1.530347,0.498782,-0.102593
0.330661,3.112801,1.520088,0.469312,-0.094058
0.33326,3.15966,1.510682,0.494958,-0.117523
0.336524,3.209048,1.49893,0.5,0.117939
0.33982,3.258939,1.510724,0.469545,0.055323
0.34251,3.305817,1.516256,0.470295,0.086963
0.344869,3.352787,1.524952,0.482638,0.122257
0.346786,3.401012,1.537178,0.470683,0.104814
0.348122,3.448061,1.547659,0.5,0.069098
0.349106,3.498051,1.554569,0.492848,0.27643
5.814789,3.459587,1.916658,0.5,-0.565569
5.799177,3.50708,1.860101,0.448078,-0.36542
5.787182,3.55025,1.823559,0.49221,-0.192799
5.775333,3.598023,1.80428,0.5,-0.340257
5.708248,4.127483,1.658959,0.5,0.096326
2.989744,4.944233,0.471835,0.48363,0.156252
3.418353,5.178566,0.521234,0.48586,-0.112518
5.32052,3.047119,-2.704998,0.486078,-0.247227
5.090502,2.954071,-2.795805,0.492782,0.127032
3.236031,1.33603,1.676553,0.459048,0.264905
3.230581,1.381609,1.703044,0.493938,0.13264
3.203162,1.575725,1.717555,0.489188,0.05341
3.19588,1.624098,1.722896,0.5,0.077475
3.188113,1.673491,1.730643,0.491948,0.046932
3.180168,1.72204,1.735337,0.5,-0.013826
3.06705,2.455119,1.725812,0.479757,-0.028041
2.849581,3.777679,0.77556,0.494336,0.010126
0.299786,4.122076,-2.915941,0.072569,2.0
0.211695,3.999724,-1.766116,0.459314,1.219778
0.205548,3.954235,-1.644138,0.41983,1.186827
0.20496,3.91228,-1.525455,0.453031,0.881201
0.209004,3.867173,-1.437335,0.488187,0.692876
0.21717,3.819052,-1.368048,0.44189,0.313108
2.153951,4.381991,-0.190865,0.490637,-0.487269
2.383531,4.307597,-0.436442,0.5,-0.109349
2.780964,4.102554,-0.481612,0.488761,0.044882
3.402827,3.809171,-0.421066,0.475294,-0.200809
0.165321,0.37496,0.224914,0.459249,0.337715
0.209908,0.385957,0.258685,0.474415,0.363169
2.910312,2.986748,2.654423,0.410375,1.394365
2.288771,3.09615,2.931965,0.5,-0.336857
2.24005,3.107377,2.898279,0.5,-0.38672
2.143759,3.134329,2.85719,0.5,-0.183078
1.492979,3.35972,2.818672,0.494616,-0.113965
1.304272,3.42433,2.814864,0.489431,-0.077283
3.460618,5.152044,0.1735,0.474191,-0.759404
2.322949,2.442802,-2.659009,0.491577,-0.955156
2.088259,2.379579,-3.047773,0.484867,-0.375669
1.649369,2.381238,-3.141997,0.478302,-0.043272
1.551595,2.381287,-3.133892,0.485915,-0.060653
1.453005,2.380811,-3.133269,0.481957,0.241281
1.40482,2.379829,-3.109141,0.488793,0.016346
1.310009,2.376516,-3.102297,0.5,0.044945
5.169134,0.76102,1.571929,0.476055,0.044504
5.168974,0.808625,1.57638,0.5,-0.094537
5.168932,0.858625,1.566926,0.5,-0.143966
5.169485,0.908622,1.552529,0.5,-0.126944
5.170716,0.958606,1.539835,0.5,-0.139909
5.172613,1.00857,1.525844,0.490716,-0.254704
5.175442,1.057558,1.500374,0.5,-0.192575
5.17944,1.107397,1.481116,0.47815,-0.061604
5.183869,1.155007,1.474956,0.5,-0.2863
5.204378,1.301182,1.391256,0.5,-0.119037
5.213599,1.350324,1.379352,0.5,-0.105263
5.223371,1.39936,1.368826,0.5,-0.10644
5.529662,4.065683,2.008508,0.5,0.210253
3.503957,1.08663,-0.75659,0.242566,2.0
3.904703,1.424605,1.478971,0.5,0.474512
3.908105,1.474485,1.526422,0.486556,0.167549
3.909856,1.523108,1.543177,0.5,0.158044
3.909927,1.673089,1.59408,0.5,0.170126
3.908338,1.723063,1.611092,0.479722,-0.014044
3.906439,1.770997,1.609688,0.484519,0.067228
3.901203,1.919099,1.578683,0.5,-0.125549
3.92691,2.412343,1.496814,0.473278,-0.087877
4.128099,1.976629,1.259074,0.490867,0.065008
2.837571,3.681403,0.039057,0.477162,0.076732
2.885243,3.683449,0.04673,0.493732,0.160319
2.934542,3.68615,0.062762,0.498753,0.274697
2.98427,3.689962,0.090231,0.5,0.242069
3.034007,3.69507,0.114438,0.496907,0.057508
3.083356,3.700886,0.120189,0.5,0.073621
3.132973,3.707063,0.127551,0.5,0.182957
3.182506,3.713877,0.145847,0.5,0.205089
3.231897,3.72165,0.166356,0.5,0.203384
4.303774,3.232238,-0.46186,0.486099,0.05904
4.347355,3.210705,-0.455956,0.469559,0.265375
4.389783,3.190592,-0.429418,0.5,0.282281
2.443987,0.236574,-3.058578,0.4642,-0.533279
1.063707,0.228786,-3.089181,0.5,0.096569
1.013789,0.225926,-3.079524,0.5,0.101923
0.963902,0.22257,-3.069332,0.5,0.027769
0.914037,0.218891,-3.066555,0.497841,-0.032036
0.864387,0.215238,-3.069759,0.433071,-0.067428
0.821182,0.212276,-3.076501,0.5,0.004566
0.771288,0.209012,-3.076045,0.484087,-0.310326
0.722942,0.206591,-3.107077,0.5,0.125102
0.672984,0.204553,-3.094567,0.485026,-0.042778
0.62453,0.202377,-3.098845,0.5,-0.142603
0.574562,0.200596,-3.113105,0.467294,0.066395
1.869988,0.168333,0.776557,0.376146,-1.886345
1.899139,0.192015,0.587922,0.396568,-1.808448
2.547943,0.17437,-0.145874,0.5,0.204681
2.597483,0.167609,-0.125406,0.480214,0.081604
2.645151,0.161797,-0.117246,0.5,0.377987
2.694906,0.156888,-0.079447,0.5,0.315686
2.744803,0.153707,-0.047878,0.484403,0.074931
2.793196,0.15157,-0.040385,0.5,0.080311
2.941463,0.148586,0.025219,0.5,0.029883
2.991445,0.149921,0.028207,0.489727,0.17632
3.040383,0.151734,0.045839,0.5,0.033945
3.090327,0.15411,0.049234,0.498836,-0.003663
3.14015,0.156556,0.048867,0.493569,-0.047074
3.189454,0.158851,0.04416,0.5,-0.243479
3.239427,0.16045,0.019812,0.487478,-0.047874
3.288167,0.161299,0.015025,0.5,-0.290224
3.338166,0.161324,-0.013998,0.496221,-0.058589
3.387781,0.160484,-0.019857,0.472289,-0.045956
3.434998,0.159438,-0.024452,0.478846,0.136851
3.482875,0.158595,-0.010767,0.5,0.059048
3.532873,0.158204,-0.004862,0.486019,-0.003881
3.581474,0.157959,-0.005251,0.5,0.038954
3.631474,0.157793,-0.001355,0.482777,0.075633
3.679752,0.157911,0.006208,0.5,-0.040722
3.729751,0.158119,0.002136,0.473728,-0.00516
3.777124,0.158208,0.00162,0.5,-0.073836
3.827124,0.158105,-0.005764,0.5,0.027422
3.877123,0.157885,-0.003021,0.462886,-0.066012
3.973406,0.156925,-0.017084,0.5,-0.133762
4.023392,0.155736,-0.03046,0.499711,0.153071
4.073349,0.154597,-0.015153,0.5,0.01231
4.123344,0.15387,-0.013922,0.488561,0.142502
4.172198,0.153538,0.000328,0.5,-0.021749
4.222198,0.1535,-0.001847,0.490176,-0.145106
4.271214,0.153053,-0.016358,0.485998,-0.015628
4.319806,0.152221,-0.01792,0.5,0.085266
4.369801,0.151538,-0.009394,0.5,0.131311
4.419801,0.151396,0.003737,0.487549,0.03022
4.468555,0.151652,0.006759,0.5,-0.137453
4.518555,0.151647,-0.006986,0.5,0.111633
4.568554,0.151576,0.004177,0.473144,0.000442
4.615868,0.151775,0.004221,0.5,-0.074143
4.665868,0.151801,-0.003193,0.5,0.065563
4.715868,0.151805,0.003363,0.473334,-0.01963
4.763201,0.151918,0.0014,0.494869,-0.013569
4.812688,0.151953,4.4e-05,0.468566,0.011401
4.859545,0.151982,0.001184,0.481886,0.118533
4.907732,0.152325,0.013037,0.5,-0.006661
4.957728,0.15296,0.012371,0.5,0.139633
5.007718,0.153928,0.026334,0.5,-0.104426
5.057707,0.154983,0.015892,0.473346,0.023649
5.105035,0.155791,0.018256,0.5,-0.130254
5.155031,0.156378,0.005231,0.484532,0.04055
5.203483,0.15673,0.009286,0.5,-0.047466
5.253481,0.157076,0.00454,0.5,-0.201801
5.582035,1.590335,1.804158,0.493679,-0.19309
5.478785,2.318924,1.690691,0.466413,0.014199
2.442521,3.314276,1.482023,0.454734,0.268595
4.402532,5.829891,0.248544,0.365741,-1.938119
4.43863,5.835407,0.054732,0.396976,-1.734875
4.478258,5.834138,-0.118755,0.451023,-1.349836
4.522546,5.825793,-0.253739,0.458478,-0.866726
4.566372,5.812377,-0.340412,0.491385,-0.497384
4.612264,5.794825,-0.39015,0.5,-0.525235
5.470741,5.42947,-0.321342,0.5,0.204575
2.045734,0.364084,-0.327167,0.5,-0.187092
2.156546,4.965644,-1.475544,0.432966,1.39951
2.163661,4.922972,-1.335593,0.393559,1.23812
2.193061,4.845569,-1.085035,0.44975,1.064714
2.216135,4.806989,-0.978563,0.486899,0.706425
1.595069,3.074418,-0.558004,0.236844,2.0
1.645974,3.056127,-0.158004,0.340417,2.0
1.679902,3.054156,0.041996,0.38449,1.786903
1.757302,3.07096,0.36106,0.42474,1.291354
1.79596,3.088485,0.490195,0.463018,0.923336
1.835745,3.112137,0.582529,0.482888,0.544517
1.797532,3.332365,-0.167731,0.475053,0.706262
1.972653,3.330993,0.218651,0.440823,1.463889
2.166221,3.489668,1.112522,0.399046,1.076256
2.206655,3.617151,1.381393,0.43917,0.623273
2.213574,3.660513,1.44372,0.5,0.446009
2.218803,3.710234,1.488321,0.487483,0.442042
2.223014,3.808872,1.558243,0.488056,0.237181
2.223048,3.857677,1.581961,0.5,0.360636
2.221588,3.907653,1.618025,0.5,0.034571
2.219142,3.957593,1.621482,0.5,0.121671
2.208738,4.154224,1.590407,0.5,-0.241602
2.208362,4.204222,1.566247,0.482447,-0.180519
2.219652,4.449388,1.489146,0.5,-0.085573
3.341025,4.010995,-0.330954,0.5,-0.031638
1.790383,0.888799,2.67503,0.5,0.183592
0.77394,1.385496,2.627278,0.5,-0.186461
0.688056,1.436695,2.5715,0.472854,-0.483639
0.648881,1.463168,2.523136,0.5,-0.371332
0.60869,1.492906,2.486003,0.483015,-0.350951
0.36402,2.856118,1.602652,0.5,0.0131
0.362395,2.906091,1.603962,0.5,0.05922
0.360589,2.956058,1.609884,0.5,-0.150046
0.64816,1.397447,-0.947549,0.5,0.363346
3.550471,0.594285,2.735816,0.387213,-1.656134
3.516319,0.612439,2.570202,0.399588,-1.734452
3.020984,1.803621,1.972328,0.483033,-0.089027
2.953287,1.982953,1.85677,0.5,-0.273601
2.889212,2.367898,1.674003,0.5,0.000398
3.292864,3.711812,-2.99473,0.5,-0.345558
1.923807,3.341917,-3.046897,0.474025,-0.34497
1.827024,3.336203,-3.119173,0.453025,-0.854391
1.501952,3.466774,-4.004862,0.403954,-1.459464
0.514053,1.994642,0.177637,0.474715,0.59262
0.655867,2.029454,0.275531,0.48333,0.055801
4.984855,5.533081,-2.963179,0.5,-0.082871
2.226389,5.410014,-2.524466,0.198731,2.0
2.211435,5.396975,-2.324466,0.263535,2.0
2.195436,5.376089,-2.124466,0.325501,2.0
2.172538,5.313491,-1.724466,0.435215,1.570302
2.169274,5.270137,-1.567436,0.438414,1.367133
2.172413,5.226442,-1.430723,0.469315,1.013269
2.181306,5.180381,-1.329396,0.46991,0.998467
2.194797,5.135389,-1.229549,0.5,0.688894
2.21314,5.088886,-1.16066,0.492109,0.376435
4.823524,4.544465,2.515161,0.261505,-2.0
4.784374,4.587937,2.115161,0.419601,-1.683119
4.76576,4.625487,1.946849,0.412226,-1.387552
4.753325,4.664755,1.808094,0.394234,-1.371292
4.74671,4.703588,1.670964,0.457389,-1.156395
4.117395,4.908246,-0.165697,0.5,-0.061893
4.166684,4.899847,-0.171887,0.5,0.352581
4.216088,4.892165,-0.136629,0.494946,0.008879
4.265124,4.885445,-0.135741,0.5,0.140623
3.225353,1.213892,2.132286,0.490571,-0.314416
5.050215,3.072136,-0.390328,0.371846,2.0
5.553121,3.247994,0.741367,0.483991,1.150061
5.756003,4.518377,1.47899,0.5,0.065093
5.810897,5.160682,1.474696,0.5,-0.183383
4.077487,0.206075,0.239537,0.5,-0.199743
4.126174,0.217451,0.219563,0.5,-0.341151
4.952612,0.331457,0.301875,0.5,0.983261
0.326742,1.067802,-0.58155,0.435923,1.06461
0.405383,1.027008,-0.385801,0.482634,0.77509
5.291602,3.25226,-1.155993,0.166325,2.0
5.316109,3.21899,-0.755993,0.282603,2.0
5.338467,3.201781,-0.555993,0.332758,2.0
0.224095,3.575838,-1.634481,0.451851,0.742695
0.320496,1.660252,-1.542662,0.485669,0.044837
5.172104,4.762944,-1.498988,0.439273,1.395725
4.110031,3.679059,1.600001,0.480384,0.013529
4.108596,3.727076,1.601354,0.5,-0.152286
4.107449,3.777063,1.586126,0.473039,0.219715
4.106204,3.824349,1.608097,0.5,-0.168368
4.10476,3.874328,1.59126,0.5,0.305174
2.991585,1.475262,-1.475244,0.49304,-0.085187
3.004253,1.327022,-1.499924,0.5,-0.061333
3.01123,1.227267,-1.491823,0.459098,0.02013
4.894926,0.198758,3.766194,0.15416,-2.0
4.856265,0.182523,3.366194,0.274864,-2.0
4.797501,0.181495,2.966194,0.388154,-1.744166
4.760064,0.191558,2.791778,0.397626,-1.449018
4.723826,0.20784,2.646876,0.428297,-1.200994
4.517043,0.489352,1.820884,0.413427,-0.773608
4.505577,1.073317,1.551288,0.5,0.037622
4.506458,1.123309,1.555051,0.5,0.095323
4.507007,1.173306,1.564583,0.472648,0.109983
4.507041,1.22057,1.575581,0.5,0.114972
4.506514,1.270567,1.587078,0.467842,0.200428
4.505284,1.317334,1.607121,0.480677,0.158239
4.503158,1.365355,1.622945,0.468865,-0.003468
4.486139,1.611061,1.663531,0.5,-0.243378
4.482115,1.660898,1.639193,0.49638,0.021943
0.870455,0.143236,0.788444,0.49906,-0.93513
0.907239,0.176936,0.694931,0.484609,-0.575724
0.984267,0.234245,0.587973,0.485876,-0.589247
0.690158,1.425984,2.50402,0.473571,-0.812577
4.45585,0.426997,-0.360175,0.5,0.07181
4.875871,0.334067,0.018212,0.455141,0.975776
5.193618,0.469714,0.721114,0.470986,0.572439
5.228084,0.501804,0.778358,0.5,0.60678
5.463327,0.813883,0.997037,0.5,-0.062346
5.781571,3.942218,-1.067021,0.338765,-1.688834
5.795348,3.911313,-1.235904,0.443515,-1.436375
5.806871,3.868524,-1.379542,0.466062,-1.219668
5.812922,3.822342,-1.501509,0.490438,-0.703109
5.814595,3.773337,-1.57182,0.450702,-0.639929
5.813108,3.728299,-1.635813,0.5,-0.542972
5.808506,3.678517,-1.69011,0.490862,-0.215665
5.794734,3.582361,-1.739287,0.477862,-0.00015
5.771227,3.440146,-1.726915,0.5,0.029777
2.711942,5.165581,1.229834,0.499225,0.060401
3.001071,3.735816,0.334912,0.458122,-0.881549
4.975265,5.354277,-1.11991,0.5,0.503495
4.998177,5.309841,-1.06956,0.5,0.385171
1.031448,4.115877,-4.326661,0.480915,-0.756044
1.015056,4.161076,-4.402266,0.5,-0.768762
1.001641,4.20923,-4.479142,0.48023,-0.348428
0.991357,4.256136,-4.513985,0.466091,-0.497629
0.983311,4.302041,-4.563748,0.499663,-0.490183
0.977125,4.351618,-4.612766,0.492385,-0.500868
0.973457,4.400714,-4.662853,0.5,-0.482317
0.972186,4.450693,-4.711085,0.5,-0.086127
0.972336,4.500693,-4.719697,0.469987,-0.185081
0.973114,4.547684,-4.738205,0.5,-0.035266
0.974493,4.597665,-4.741732,0.5,-0.09155
0.976189,4.647636,-4.750887,0.493623,-0.076472
0.978277,4.696954,-4.758534,0.497857,0.111707
0.980296,4.746699,-4.747363,0.5,-0.092812
0.982276,4.79666,-4.756645,0.489605,0.031613
0.984365,4.845575,-4.753483,0.487003,0.008392
0.986345,4.894236,-4.752644,0.5,-0.141135
0.98871,4.944179,-4.766758,0.5,0.119413
0.991129,4.99412,-4.754816,0.5,-0.030684
0.993326,5.044072,-4.757885,0.467845,-0.029532
0.995523,5.090805,-4.760838,0.5,0.028237
0.997874,5.14075,-4.758014,0.489878,0.243437
0.999513,5.189709,-4.733671,0.491504,0.101215
4.897099,3.893386,1.034202,0.488551,0.16145
4.921734,3.935574,1.050347,0.469658,0.099531
4.967787,4.017916,1.072335,0.5,0.159569
4.99134,4.06202,1.088292,0.455617,0.005141
4.489462,2.172368,-1.867454,0.5,0.537227
4.476136,2.124183,-1.813732,0.493542,0.2191
4.613102,0.207866,-3.113186,0.485579,-0.105743
4.564557,0.206743,-3.12376,0.474878,0.041472
4.517079,0.205798,-3.119613,0.5,-0.168451
4.467084,0.20512,-3.136458,0.472067,0.012085
4.419878,0.204849,-3.135249,0.483466,-0.256371
4.371534,0.205162,-3.160886,0.498699,-0.07283
4.321677,0.206306,-3.168169,0.486825,0.079802
4.273007,0.207406,-3.160189,0.483492,0.001939
4.224666,0.2083,-3.159995,0.491969,0.198868
0.527082,1.901451,1.209934,0.406473,-1.562335
0.54434,1.938207,1.0537,0.409999,-1.631306
0.796206,2.106798,0.251735,0.5,-0.618808
2.791279,4.77504,1.023377,0.45819,-0.840148
5.736218,0.256088,1.420411,0.469663,1.203723
5.655044,0.670498,1.950489,0.5,0.085968
5.244118,2.132546,1.856503,0.5,0.523129
5.228778,2.180129,1.908816,0.498182,0.678735
5.210676,2.226532,1.976689,0.480647,0.533651
5.190529,2.270164,2.030054,0.499211,0.469779
5.167357,2.314376,2.077032,0.485796,0.637053
5.142464,2.356084,2.140737,0.5,0.384856
5.114682,2.397651,2.179223,0.492921,0.326899
5.085852,2.43763,2.211913,0.48803,0.454174
5.055785,2.476066,2.25733,0.496151,0.688507
5.02304,2.513328,2.326181,0.48278,0.325969
3.152918,2.154456,2.065557,0.5,-0.265168
2.779548,3.578536,1.152401,0.464454,-0.886899
2.78628,0.35573,0.00979,0.5,-0.19249
3.478665,0.778664,0.63561,0.478336,0.929904
2.297596,0.673414,2.40102,0.5,-0.378641
1.937612,1.190262,0.357292,0.485765,0.130455
2.119091,1.259591,0.368785,0.479734,-0.059871
2.16389,1.276751,0.362798,0.484857,0.124103
3.178314,3.933121,2.886829,0.40155,-1.637863
2.853848,4.202815,2.25215,0.5,-0.153272
2.708529,5.428943,1.572448,0.489933,0.061315
2.248306,3.877803,1.621409,0.482319,0.306353
2.2399,5.152578,1.532649,0.488068,-0.13591
2.244395,5.248271,1.524531,0.485451,0.128541
0.296227,5.573719,-2.760232,0.184082,2.0
0.262659,5.551198,-2.360232,0.355691,2.0
0.224019,5.493671,-1.960474,0.392339,1.714473
0.212291,5.456282,-1.789026,0.425725,1.025973
0.20522,5.414319,-1.686429,0.441326,1.316221
0.203024,5.370273,-1.554807,0.468879,0.947657
0.280141,4.936471,-1.431165,0.490486,-0.355025
0.286104,4.887789,-1.466667,0.485641,-0.178732
0.29072,4.839445,-1.48454,0.5,-0.01461
0.294991,4.789628,-1.486001,0.5,-0.174491
0.298791,4.739773,-1.503451,0.5,-0.281377
0.301454,4.689846,-1.531588,0.5,-0.187526
0.302945,4.639869,-1.550341,0.489229,-0.241013
0.303356,4.590949,-1.574442,0.495873,-0.027902
0.295256,4.201135,-1.609475,0.486266,0.09662
0.293611,4.152536,-1.599813,0.5,-0.082727
0.28765,3.952851,-1.596888,0.495477,-0.21702
3.399388,4.8907,0.027862,0.5,-0.275766
3.449381,4.891404,0.000285,0.5,0.017549
3.499381,4.891462,0.00204,0.470109,-0.189826
3.54639,4.891112,-0.016942,0.480643,-0.102205
3.594442,4.890052,-0.027163,0.5,-0.018836
3.644423,4.888647,-0.029046,0.485862,0.052683
3.692992,4.887364,-0.023778,0.477837,-0.091458
3.740756,4.886009,-0.032924,0.492934,-0.046477
3.790019,4.884272,-0.037572,0.5,-0.151703
3.839967,4.882015,-0.052742,0.5,0.149622
4.313287,0.338641,-3.150808,0.5,-0.09061
5.385999,3.196495,0.247488,0.483464,-0.086801
5.432923,3.208134,0.238807,0.464795,-0.026927
4.132608,1.4374,0.60604,0.371724,1.644031
4.380949,0.684528,-3.990277,0.259658,2.0
1.1915,0.645123,-3.211883,0.5,0.021978
1.14162,0.648579,-3.209685,0.452831,-0.110526
1.116172,3.428889,-0.943267,0.305087,2.0
1.200821,3.366075,-0.407393,0.443364,1.232215
1.242507,3.351057,-0.284172,0.478195,0.948226
5.165383,1.370343,2.0941,0.376232,-1.844916
5.149685,1.404476,1.909609,0.386832,-1.375799
5.139375,1.441728,1.772029,0.470571,-1.522702
5.133509,1.488372,1.619758,0.486023,-0.908356
5.133337,1.536957,1.528923,0.5,-0.487549
5.136647,1.586843,1.480168,0.5,-0.48642
5.142381,1.636508,1.431526,0.5,-0.081599
5.149524,1.685995,1.423366,0.5,-0.092164
5.157096,1.735418,1.41415,0.498922,0.069652
5.164708,1.784726,1.421115,0.5,0.240149
5.17157,1.834252,1.44513,0.499563,0.390058
5.176863,1.883924,1.484136,0.498111,0.371307
5.180252,1.933616,1.521266,0.5,0.280421
5.182027,1.983583,1.549308,0.476566,0.247321
5.182462,2.031237,1.57404,0.478038,0.089827
5.181259,2.129032,1.59192,0.480939,0.599903
5.178802,2.177056,1.65191,0.458021,0.555995
5.173824,2.22258,1.707509,0.483581,0.926013
5.165026,2.270114,1.800111,0.493364,0.877532
4.878651,3.23807,-1.996045,0.5,-0.03133
4.857952,3.192556,-1.999178,0.484782,-0.055502
0.553336,1.5975,1.750751,0.5,-0.371326
0.545302,1.646848,1.713619,0.5,-0.421425
0.53923,1.696474,1.671476,0.5,-0.378394
0.535146,1.746304,1.633637,0.494203,-0.708943
0.533793,1.795695,1.562743,0.473383,-0.809084
0.536088,1.842965,1.481834,0.394601,-1.548197
5.218298,0.314698,1.280378,0.474097,0.296082
5.79088,3.25572,1.332821,0.477161,-0.008104
5.802147,3.302087,1.332011,0.5,0.248492
5.823633,3.399745,1.371193,0.495525,-0.031402
4.25298,1.429768,-1.41106,0.5,-0.479418
4.265276,1.331173,-1.458132,0.494817,-0.168197
5.473351,4.745802,1.726334,0.5,0.00961
2.847968,4.829055,-2.466376,0.474945,0.089258
3.565649,1.108722,0.070378,0.462222,0.696198
3.611606,1.113574,0.139998,0.476938,0.62308
1.553682,0.577071,2.499553,0.491475,-0.310412
5.782353,0.403291,1.195963,0.420058,1.557442
5.794632,0.443417,1.351707,0.459965,1.385573
5.801492,0.488862,1.490265,0.496377,0.865764
5.803339,0.53845,1.576841,0.470285,0.519827
5.736907,3.498289,1.553925,0.5,-0.238666
5.498936,4.749872,-1.260529,0.5,-0.276937
5.538806,4.608083,-1.325439,0.467585,-0.233994
5.776889,3.110918,-1.400183,0.495797,0.120749
5.785601,3.06211,-1.388108,0.483377,-0.002367
5.794378,3.014576,-1.388345,0.5,0.185072
5.803904,2.965492,-1.369838,0.5,-0.047351
5.390553,2.499052,-1.851988,0.469024,-0.005568
5.238899,1.983446,-1.86384,0.486474,0.049747
5.581514,5.822432,-4.039737,0.052404,2.0
5.564067,5.835578,-3.639737,0.282524,2.0
5.509527,5.852244,-3.239737,0.319235,1.82048
5.440288,5.846354,-2.900931,0.428163,1.439823
5.399582,5.833196,-2.756949,0.485924,1.167257
5.355706,5.812378,-2.640223,0.471019,0.999683
5.3156,5.787715,-2.540255,0.5,0.560944
3.859542,3.094447,-1.31561,0.5,0.044143
3.87227,3.046094,-1.311195,0.5,-0.178521
3.884673,2.997657,-1.329047,0.487034,-0.007613
3.896314,2.950366,-1.329809,0.5,0.071551
2.592397,5.357552,-0.79716,0.335224,-1.892123
3.614072,5.211481,0.355874,0.5,0.04985
0.468713,0.326794,0.178455,0.487303,-0.427309
5.575232,3.28383,0.841531,0.498383,0.904428
1.216076,0.185546,0.44469,0.463732,-0.925284
1.258802,0.203531,0.352161,0.485415,-0.711526
1.304921,0.21864,0.281009,0.465399,-0.542594
2.994553,4.250396,-1.38871,0.329983,-1.960506
2.997319,4.217567,-1.584761,0.404341,-1.529372
4.015914,3.258463,1.501601,0.497084,-0.054126
0.970244,4.782318,0.157385,0.115183,-2.0
3.209665,1.175845,1.456745,0.49574,0.008025
3.236506,1.471477,1.529352,0.5,0.294288
3.237842,1.521457,1.55878,0.483718,0.218236
3.237895,1.569828,1.580604,0.466233,0.124483
3.237148,1.616445,1.593052,0.5,0.155376
3.235647,1.666422,1.60859,0.5,0.041662
3.233654,1.716382,1.612756,0.423306,-0.000637
3.231879,1.758676,1.612692,0.5,0.050611
3.229659,1.808626,1.617754,0.5,0.020851
3.22726,1.858569,1.619839,0.472968,0.102324
3.224699,1.905796,1.630071,0.5,0.315915
3.22095,1.955653,1.661663,0.491133,-0.009629
3.216517,2.004566,1.6607,0.49179,0.072476
3.211924,2.05353,1.667947,0.490713,0.04975
3.207042,2.102357,1.672922,0.473025,-0.078102
3.202404,2.149432,1.665112,0.5,-0.190201
3.198169,2.199251,1.646092,0.474901,-0.034114
3.194677,2.246613,1.64268,0.5,-0.038041
3.191181,2.296491,1.638876,0.5,-0.183433
3.188237,2.346403,1.620533,0.475478,-0.032774
1.185034,0.580485,-0.106277,0.455852,0.085887
1.166928,1.433347,-0.703376,0.498045,0.249081
1.205309,1.40161,-0.678468,0.464954,0.214378
1.241817,1.372819,-0.65703,0.479828,0.471795
4.331377,4.885184,2.993751,0.487573,0.148181
4.2831,4.892009,3.008569,0.492113,0.071288
5.802966,4.111382,3.098651,0.445474,-1.449408
1.348325,0.915265,2.510232,0.48927,-0.296151
2.775551,5.384141,-1.756645,0.459933,-0.033436
1.190588,5.325879,-1.350384,0.496929,-0.342661
1.236131,4.986422,-1.492384,0.488724,0.134306
2.118187,3.117266,-0.329999,0.5,-0.22721
2.347318,3.028045,-0.375692,0.481177,-0.141602
5.512421,4.848068,-0.026194,0.499803,0.04291
2.563953,4.585329,-2.304084,0.5,0.281684
2.474686,2.81991,-1.527363,0.461586,-0.501228
1.935507,2.381121,-3.160676,0.5,-0.178982
1.885528,2.382523,-3.178574,0.499909,-0.023703
1.835573,2.38443,-3.180945,0.5,0.254459
4.643082,3.188124,-0.526556,0.205452,-2.0
4.659697,3.176097,-0.726556,0.266017,-2.0
4.548253,2.257123,-1.690345,0.5,0.107342
4.542556,2.207449,-1.679611,0.5,0.070026
4.5373,2.157726,-1.672608,0.5,0.119224
4.524426,2.008285,-1.659474,0.5,0.154558
4.5096,1.810835,-1.636749,0.493641,0.076392
4.506535,1.761566,-1.62911,0.493337,-0.004866
4.475384,1.316681,-1.677802,0.499432,0.005805
4.464998,1.218344,-1.671805,0.5,-0.048877
4.459834,1.168611,-1.676693,0.462103,0.259228
4.455546,1.122602,-1.65077,0.5,-0.136013
5.625238,3.337678,-2.012249,0.467636,-1.182197
2.961622,1.179776,-1.579734,0.5,-0.025737
2.961111,1.129778,-1.582308,0.494853,0.033769
2.95992,1.030301,-1.590881,0.5,0.130528
2.959242,0.980306,-1.577828,0.5,0.044045
2.959063,0.880307,-1.565652,0.47427,-0.121773
2.959018,0.83288,-1.57783,0.488206,0.01089
2.958702,0.78406,-1.576741,0.5,0.038726
2.958501,0.734061,-1.572868,0.493528,0.027121
2.217282,5.329461,-1.240793,0.470706,0.602683
4.492321,2.078506,1.519941,0.5,-0.207502
3.339207,5.201912,-2.651838,0.493737,0.230754
2.398602,5.12808,1.401273,0.5,0.053449
1.507135,4.521271,-0.883824,0.297796,-2.0
1.536039,4.465995,-1.283824,0.369053,-1.585795
1.546812,4.387402,-1.550316,0.451804,-1.049108
1.545368,4.342265,-1.655226,0.474077,-0.959278
1.539112,4.29529,-1.751154,0.5,-0.628497
1.528604,4.246416,-1.814004,0.456969,-0.440741
4.633041,4.825692,2.933879,0.490482,0.349754
2.837376,4.006543,-1.09415,0.491328,0.165127
3.875036,1.988851,1.593991,0.492961,-0.342767
3.874737,2.038144,1.559715,0.5,-0.202796
3.890257,2.429294,1.527302,0.5,-0.00941
3.892454,2.479245,1.526361,0.5,0.157539
3.894282,2.529212,1.542115,0.473779,0.062365
3.895493,2.576574,1.548351,0.477206,-0.221803
3.897093,2.624267,1.526171,0.5,0.004791
3.899312,2.674217,1.52665,0.5,-0.057459
3.901662,2.724162,1.520904,0.48419,0.198129
3.926639,3.307444,1.545969,0.480962,-0.086692
3.455436,5.617744,-1.194282,0.1853,-2.0
3.817671,3.575444,2.410277,0.5,0.215195
2.576999,5.300967,-0.202502,0.478196,-0.021376
5.580119,0.219766,3.002447,0.487887,0.097846
5.104861,0.364521,-2.558529,0.415066,-1.212478
3.135057,2.234276,-1.706118,0.478337,-0.174324
0.28224,5.011255,1.556731,0.490719,0.090861
0.282707,5.060324,1.565817,0.5,-0.013443
0.283296,5.159822,1.564745,0.485804,-0.022481
0.283645,5.208401,1.562497,0.490575,0.087796
5.806333,1.285972,1.527222,0.468901,0.367479
5.807514,1.332844,1.56397,0.49002,0.183337
5.8074,1.381845,1.582304,0.5,0.217251
5.806281,1.431832,1.604029,0.5,0.089658
5.804396,1.481796,1.612995,0.5,0.069923
5.802112,1.531744,1.619987,0.485427,-0.035601
5.803217,2.609624,1.56736,0.5,0.12961
5.803065,2.659623,1.580321,0.5,0.044309
4.399493,4.886762,3.026255,0.5,0.122543
3.956514,4.905407,3.127115,0.5,-0.257266
3.906534,4.906773,3.101388,0.5,0.04977
5.830843,5.531094,3.170721,0.480774,-0.38132
5.782771,5.53061,3.132589,0.487648,-0.390388
5.536853,4.809944,-1.293886,0.497747,-0.377582
5.581059,4.619827,-1.3742,0.446926,-0.326189
0.186484,0.888985,1.057739,0.467676,1.075565
0.207206,0.930886,1.165295,0.482476,0.748136
0.23801,1.020863,1.320406,0.481025,0.677287
2.644513,2.854751,-1.152361,0.488626,-0.244172
4.612599,3.188309,-0.673222,0.173563,-2.0
4.625,3.176207,-0.873222,0.215462,-2.0
3.521186,4.247932,-1.118928,0.5,-0.382247
3.542154,4.202544,-1.157153,0.471582,-0.21797
3.560637,4.15916,-1.17895,0.489883,-0.058913
3.250583,2.284618,0.841462,0.111873,2.0
3.271496,2.337975,1.441462,0.334005,2.0
3.266463,2.407489,1.829411,0.43707,1.670563
3.251816,2.448614,1.996467,0.431549,1.333837
3.231431,2.486615,2.129851,0.48787,0.840192
3.203849,2.52684,2.21387,0.482796,0.69461
4.57611,2.376906,-2.421531,0.486471,0.848361
5.718309,5.785812,4.115124,0.256556,-2.0
4.738768,5.820153,3.13463,0.47159,0.128537
4.691609,5.820178,3.147484,0.5,-0.02442
4.64161,5.819944,3.145042,0.5,-0.000462
4.443687,5.819626,3.138887,0.5,-0.182723
3.809091,5.830517,3.12649,0.496628,-0.063825
3.759436,5.831426,3.120107,0.5,-0.105808
3.709455,5.832764,3.109527,0.5,-0.082991
3.659487,5.834575,3.101228,0.495588,0.059947
3.609963,5.836426,3.107222,0.495233,-0.067696
3.560475,5.838295,3.100453,0.494215,0.056659
3.51109,5.840188,3.106119,0.449377,-0.073587
3.466187,5.841947,3.09876,0.494024,-0.03422
3.416834,5.844147,3.095338,0.474363,-0.228722
2.539459,5.181672,-2.783216,0.481963,-0.15004
5.802216,5.300973,2.861018,0.5,0.417335
3.857611,1.930469,1.634937,0.451986,-0.245229
3.848968,2.122659,1.59804,0.5,-0.279689
3.848305,2.172653,1.570071,0.48548,0.03534
3.848255,2.221201,1.573605,0.469375,-0.07129
3.84829,2.268138,1.566476,0.433066,-0.016467
3.848513,2.311444,1.564829,0.5,0.034006
3.848726,2.361443,1.56823,0.497064,-0.132671
3.861193,3.144017,1.574751,0.5,0.024732
3.860933,3.194017,1.577225,0.5,0.093465
3.860378,3.244013,1.586571,0.478961,0.047114
3.85951,3.291902,1.591282,0.5,-0.077654
3.85868,3.341895,1.583517,0.5,-0.105727
3.858308,3.391893,1.572944,0.492668,-0.08774
3.858418,3.44116,1.56417,0.5,0.038634
3.858744,3.638892,1.582278,0.487295,-0.031221
0.20512,2.091109,1.768989,0.465618,-0.582275
0.197286,2.137,1.710762,0.487702,-0.489518
0.191666,2.185441,1.66181,0.457924,-0.493739
0.188632,2.231128,1.612436,0.484976,-0.443459
0.189139,2.329586,1.515448,0.485531,-0.285293
0.192516,2.378019,1.486919,0.45954,0.014336
0.196333,2.423815,1.488353,0.496031,0.086866
0.200203,2.473266,1.497039,0.495917,0.198656
0.206229,2.571374,1.50704,0.5,0.017025
0.209372,2.621275,1.508743,0.5,0.072007
4.474238,0.541697,2.193076,0.466624,-0.448953
4.447899,0.580211,2.148181,0.497909,-0.190039
5.235477,0.909538,1.686098,0.5,0.031505
5.223789,1.008761,1.687618,0.479348,-0.069508
5.218367,1.056388,1.680667,0.460988,0.168598
3.390967,4.152742,-1.409966,0.156976,-2.0
5.834997,1.45656,1.612702,0.470094,1.070386
5.83052,1.503334,1.719741,0.445705,1.030994
5.125045,2.362287,-0.922853,0.480932,-0.285184
4.138565,3.910604,-2.374021,0.369721,-1.937529
4.109647,3.887661,-2.567774,0.435616,-1.485634
4.805938,4.528393,-1.3438,0.499774,-0.22412
4.816639,4.479576,-1.366212,0.5,-0.2126
4.826276,4.430515,-1.387472,0.5,0.011096
4.835418,4.381358,-1.386362,0.472544,-0.120531
4.843804,4.334853,-1.398415,0.5,0.020859
4.852432,4.285603,-1.396329,0.5,-0.160996
4.860714,4.236295,-1.412429,0.5,-0.096674
4.868361,4.186883,-1.422096,0.5,-0.107119
2.222441,4.774997,1.913653,0.5,-0.478407
2.183281,4.911375,1.789292,0.5,-0.248018
2.209509,5.061778,-1.162653,0.5,0.280701
3.353111,3.651969,0.041494,0.5,-0.08514
3.403077,3.653831,0.03298,0.5,-0.037529
3.453052,3.655385,0.029227,0.477108,-0.230405
0.173057,0.275221,0.478192,0.229976,2.0
0.192284,0.287768,0.678192,0.31514,2.0
0.209961,0.832114,1.737438,0.49341,-0.17509
0.185277,1.027315,1.650558,0.489785,-0.124422
0.181678,1.076161,1.638116,0.5,-0.291615
0.179043,1.126089,1.608954,0.5,0.030548
0.177059,1.17605,1.612009,0.5,-0.100986
0.175251,1.226017,1.60191,0.5,-0.244116
0.174306,1.276007,1.577499,0.5,-0.13118
0.174299,1.326007,1.564381,0.5,-0.214777
0.175156,1.375998,1.542903,0.5,0.071216
0.176373,1.425983,1.550025,0.491191,0.136701
0.177057,1.475097,1.563695,0.489891,-0.128968
0.177721,1.524081,1.550798,0.5,0.077468
0.178527,1.574075,1.558545,0.499897,-0.00852
0.179161,1.624061,1.557693,0.496075,0.038492
0.179716,1.673665,1.561542,0.5,-0.16151
0.180582,1.723657,1.545391,0.5,0.170877
0.181425,1.773649,1.562479,0.484012,-0.100163
0.18207,1.822046,1.552462,0.5,0.124575
0.182675,1.872042,1.56492,0.5,0.105574
0.182705,1.922042,1.575477,0.5,-0.00608
0.182486,1.972041,1.574869,0.5,0.042265
0.182177,2.02204,1.579096,0.480621,-0.139104
2.186144,5.251206,-0.445796,0.299401,-2.0
3.493292,0.69305,0.422584,0.5,0.386257
5.070527,3.990404,0.790142,0.243275,-2.0
2.521469,0.174911,-3.12754,0.485323,-0.105036
5.48034,5.829791,-0.601242,0.261809,-2.0
1.175,5.525621,1.695604,0.5,0.07991
1.168577,5.575207,1.703595,0.499206,-0.126023
1.162279,5.624728,1.690992,0.499964,0.008504
3.752583,4.207436,-2.616234,0.419533,-1.305885
3.715019,4.188822,-2.746823,0.435979,-1.278515
3.673813,4.174669,-2.874674,0.467361,-1.050177
2.809279,4.162813,-1.871647,0.111773,2.0
4.491061,3.189794,2.91462,0.5,-0.108791
4.442406,3.20131,2.903741,0.5,-0.372745
3.480381,5.102079,-3.042639,0.5,0.045334
1.648646,1.062436,2.956104,0.483642,-0.085516
0.622843,2.045575,0.731735,0.457252,-1.203427
3.21517,2.540115,-3.476547,0.435013,1.26526
5.062416,2.425983,2.63582,0.458042,1.007368
5.021298,2.44612,2.736557,0.451262,0.830347
4.933269,2.475242,2.907913,0.486337,0.819336
2.504199,2.16066,-0.11846,0.5,-0.442954
2.602826,2.144362,-0.211119,0.481218,-0.8196
2.736591,2.099944,-0.416765,0.491115,-0.792464
2.780665,2.078306,-0.496011,0.493465,-0.63057
2.863021,2.026391,-0.637493,0.460224,-1.154591
2.210371,4.960344,1.75073,0.454193,-0.107968
2.202484,5.005073,1.739933,0.495751,-0.035131
2.724676,2.386356,2.053839,0.488226,-0.143547
2.261696,5.791972,0.4814,0.412878,-1.771288
2.299789,5.807756,0.304271,0.453356,-1.634685
2.343958,5.817751,0.140803,0.453504,-1.244186
2.389139,5.821309,0.016384,0.470879,-1.001173
2.436181,5.819724,-0.083733,0.444148,-0.709266
2.480271,5.814444,-0.15466,0.499472,-0.560663
2.529381,5.805371,-0.210726,0.497507,-0.36896
2.577828,5.79407,-0.247622,0.5,-0.302124
1.113365,3.239714,-0.998811,0.253751,2.0
5.202117,1.824241,-1.62776,0.5,0.082909
5.199478,1.774311,-1.61947,0.472214,0.034148
5.197261,1.727141,-1.616055,0.5,0.189964
5.195473,1.677174,-1.597058,0.5,0.064743
5.194322,1.627187,-1.590584,0.5,0.002034
5.193338,1.577197,-1.590381,0.5,0.240406
5.192959,1.5272,-1.56634,0.5,0.07167
5.193361,1.477202,-1.559173,0.475817,0.082572
5.834634,1.661528,1.411101,0.434589,1.10059
5.839172,1.704727,1.52116,0.473138,0.714414
5.83983,1.752026,1.592601,0.5,0.44788
5.837621,1.801973,1.637389,0.489653,0.500107
5.833143,1.850728,1.6874,0.48019,0.234137
5.826998,1.898351,1.710814,0.482808,0.272429
2.215767,5.771909,-0.307132,0.268481,-2.0
3.67841,5.681818,0.177465,0.5,-0.258479
0.189157,1.320539,0.450845,0.152435,-2.0
2.617822,5.850368,-0.320804,0.154594,-2.0
2.631909,5.844063,-0.520804,0.206407,-2.0
2.682675,5.786331,-1.120804,0.385591,-1.674294
1.832632,2.441996,-3.382253,0.451463,0.992463
1.788325,2.450565,-3.283006,0.494546,0.758838
1.739147,2.455672,-3.207123,0.477605,0.520199
1.691429,2.457559,-3.155103,0.5,0.68307
1.64145,2.456527,-3.086796,0.458525,0.288222
1.595708,2.453356,-3.057973,0.5,0.22783
1.545935,2.448613,-3.03519,0.5,0.31428
1.496309,2.442522,-3.003762,0.483421,0.077476
1.448452,2.435695,-2.996015,0.48815,0.139572
1.350774,2.420755,-2.999105,0.461298,-0.183762
1.305054,2.414624,-3.017481,0.5,0.053036
1.255455,2.408303,-3.012177,0.5,-0.192681
1.205814,2.402328,-3.031445,0.5,-0.122982
1.156085,2.397138,-3.043744,0.5,-0.16694
1.106286,2.392669,-3.060438,0.5,-0.028529
1.056444,2.388687,-3.063291,0.5,-0.144135
1.006571,2.385135,-3.077704,0.479253,0.054928
0.850366,2.077658,0.391608,0.490061,0.456245
2.23187,2.431124,0.15749,0.492218,0.089038
2.02743,3.116805,3.116625,0.5,0.322983
1.977434,3.117246,3.148924,0.5,0.030902
1.927436,3.116802,3.152014,0.490359,0.138932
1.681641,3.107303,3.166448,0.477848,-0.272057
1.633861,3.106765,3.139243,0.472941,-0.021512
1.586567,3.106927,3.137091,0.476073,-0.089401
1.538962,3.107354,3.128151,0.5,-0.245819
1.48898,3.108641,3.103569,0.5,-0.182982
1.439036,3.110999,3.085271,0.5,-0.029106
1.389119,3.113886,3.082361,0.484895,-0.287771
1.340763,3.117452,3.053583,0.5,0.000859
1.243106,3.126615,3.030805,0.495435,0.19154
1.164974,2.076337,-0.078399,0.5,0.045113
1.214829,2.072534,-0.073888,0.473014,-0.003281
1.262001,2.069034,-0.074216,0.5,-0.005592
1.311862,2.065313,-0.074775,0.484153,0.125489
1.360164,2.061999,-0.062226,0.456458,0.185522
1.405745,2.059583,-0.043674,0.5,0.31089
1.455723,2.058177,-0.012585,0.488784,-0.077211
1.504595,2.057373,-0.020306,0.5,0.10448
1.554589,2.056619,-0.009858,0.493473,-0.016763
1.603933,2.056092,-0.011534,0.482105,0.250743
1.652143,2.05614,0.01354,0.5,-0.136482
1.702141,2.056476,-0.000108,0.5,-0.167698
1.752139,2.056051,-0.016878,0.465797,0.095682
1.798715,2.055488,-0.00731,0.5,0.12081
1.848714,2.055424,0.004771,0.476598,-0.07052
1.896374,2.055484,-0.002281,0.494015,0.119913
1.945775,2.055667,0.009711,0.5,0.041611
1.995771,2.056257,0.013872,0.5,0.02934
2.045766,2.057024,0.016806,0.5,0.000967
2.095758,2.057866,0.016902,0.495997,0.023701
2.14535,2.058763,0.019273,0.5,0.008455
2.19534,2.059748,0.020118,0.5,0.129149
2.245322,2.061077,0.033033,0.473899,-0.137116
2.292696,2.062317,0.019321,0.495509,0.011955
2.342237,2.063304,0.020517,0.46588,-0.206552
2.388821,2.063779,-0.000138,0.5,0.139317
2.43882,2.06412,0.013793,0.487198,-0.14263
2.487538,2.064445,-0.00047,0.490235,0.112758
2.536561,2.064698,0.010806,0.483123,-0.034078
2.584871,2.065138,0.007398,0.492941,-0.031709
2.634164,2.065424,0.004227,0.497359,-0.064357
2.6839,2.065474,-0.002208,0.5,0.139572
2.824767,4.004511,2.111058,0.5,-0.779042
1.359767,0.229201,-0.066356,0.49519,0.046498
1.409185,0.226032,-0.061706,0.480882,0.17015
1.457204,0.223475,-0.044691,0.5,0.072055
1.507162,0.221421,-0.037486,0.5,0.117966
1.853408,0.221678,0.022888,0.5,0.052758
2.15243,5.626967,-1.448053,0.054961,2.0
2.192826,5.572554,-0.648053,0.339852,2.0
3.270599,5.234206,0.231941,0.5,-0.213269
5.310152,2.068081,-1.424214,0.5,-0.096822
5.38962,5.522247,-1.76137,0.494367,0.943301
4.21717,5.033283,-0.012432,0.499745,-0.170438
3.747571,4.242579,-2.082108,0.364051,1.885111
3.723214,4.171,-1.740208,0.456805,1.455742
3.204202,2.882803,3.357514,0.365572,-1.74789
3.167993,2.878123,3.182725,0.463999,-1.325343
3.121642,2.879288,3.050191,0.433151,-1.336508
3.078899,2.886108,2.91654,0.462179,-0.960884
3.034411,2.898569,2.820452,0.420229,-1.026454
1.531011,4.224328,-1.316187,0.480708,-0.84539
1.541139,4.177351,-1.400726,0.471975,-0.744919
1.550907,4.081569,-1.523014,0.494962,-0.525201
1.551973,4.03209,-1.575534,0.5,-0.201105
1.551233,3.982096,-1.595645,0.487167,-0.033145
1.549942,3.933396,-1.598959,0.5,-0.09655
1.548293,3.883424,-1.608614,0.5,-0.118125
1.546107,3.833472,-1.620427,0.492725,-0.011522
1.543634,3.784262,-1.621579,0.5,-0.039368
1.540998,3.734331,-1.625516,0.477298,0.298893
1.5391,3.686641,-1.595626,0.5,0.49803
1.539104,3.636646,-1.545823,0.487671,0.837624
1.542361,3.588002,-1.462061,0.482357,0.714324
1.549303,3.540279,-1.390629,0.468007,0.864588
2.199673,4.709711,-0.23048,0.360257,1.543549
0.892903,2.401789,3.024577,0.5,0.169225
0.843198,2.407206,3.041499,0.476766,-0.214837
0.795815,2.412479,3.020015,0.5,0.053091
0.746168,2.418412,3.025324,0.5,0.069042
0.696486,2.42404,3.032229,0.5,-0.049802
0.646798,2.429621,3.027248,0.5,-0.596901
0.597324,2.436805,2.967558,0.474619,-0.407596
0.55076,2.445973,2.926799,0.483968,-0.845268
0.503967,2.458274,2.842272,0.459526,-0.671431
2.166911,3.532231,-1.403567,0.281835,-2.0
1.489416,3.077682,-3.061013,0.5,-0.355334
1.439517,3.074544,-3.096546,0.5,-0.223528
1.389547,3.07285,-3.118899,0.498059,0.126733
1.339762,3.071405,-3.106226,0.5,-0.089317
3.289192,4.056302,-0.305508,0.478562,0.164152
1.048006,3.163517,0.986463,0.369575,-2.0
1.07133,3.192105,0.786463,0.352249,-1.658673
1.098161,3.214867,0.620596,0.453437,-1.573895
1.136968,3.238229,0.463206,0.457201,-1.113878
1.265073,3.27857,0.172293,0.4723,-0.721609
2.205146,1.272745,-2.672522,0.478751,-0.408229
2.389512,4.126149,0.898125,0.461943,0.573705
5.012921,5.409044,0.250309,0.5,-0.135651
3.935336,2.13766,1.569065,0.5,0.051545
3.935044,2.23766,1.577359,0.5,-0.097094
1.21364,3.548846,2.519934,0.481059,-0.436589
1.175158,3.577707,2.476275,0.483071,-0.429408
5.339602,0.417017,-2.723929,0.467686,-0.617499
4.951502,4.457432,-1.11714,0.5,-0.113801
0.190209,0.594749,-0.176436,0.5,0.588378
3.379909,1.130959,2.420093,0.5,-0.218996
4.818293,3.235754,-1.546501,0.5,-0.892994
4.817276,3.185781,-1.635801,0.469184,-0.638225
5.165632,0.610879,1.431099,0.482094,0.607499
5.170891,0.658793,1.491849,0.5,0.62514
5.173274,0.708728,1.554363,0.5,0.141704
5.15993,1.101561,1.630752,0.467142,-0.032464
5.157206,1.148196,1.627505,0.5,-0.065717
5.154537,1.198124,1.620934,0.478225,-0.071235
5.15231,1.245895,1.61381,0.479786,-0.009575
5.15027,1.29383,1.612853,0.490789,-0.030968
5.14385,1.886092,1.566455,0.5,-0.089571
5.144291,1.93609,1.557498,0.5,-0.033281
5.145039,1.986085,1.55417,0.48472,0.046334
5.145733,2.034552,1.558803,0.499356,-0.102682
5.146588,2.08448,1.548535,0.494469,0.318988
5.1469,2.133923,1.580434,0.470002,0.080949
0.379532,2.417353,-1.393301,0.498551,-0.118995
1.949563,2.113864,-2.758279,0.436735,-0.857358
1.908409,2.099286,-2.844015,0.484088,-0.573439
1.861746,2.086426,-2.901359,0.484017,-0.641564
1.132428,2.080982,-3.173165,0.495374,-0.111363
0.160642,1.524292,-1.24096,0.346511,2.0
2.336246,5.198198,-0.456884,0.347649,-2.0
5.506016,0.206994,-2.441591,0.306535,-2.0
5.321114,0.159705,-3.17488,0.450504,-0.785708
1.881792,0.153383,1.159895,0.070139,2.0
5.20457,0.734283,-1.740772,0.5,0.023535
0.197942,0.258158,0.543405,0.457029,-1.108872
0.23829,0.279574,0.432518,0.450863,-0.91492
4.777911,2.479522,0.226451,0.483819,-0.840882
5.840907,1.972237,1.833002,0.445599,1.080547
5.827056,2.014566,1.941056,0.468471,0.623403
1.476379,4.629973,-4.636098,0.489732,0.063107
1.413419,5.470839,-4.669479,0.5,-0.000308
1.411275,5.520793,-4.66951,0.5,0.066789
1.408965,5.570739,-4.662831,0.466856,-0.132331
1.406961,5.617381,-4.676064,0.5,0.239933
5.777335,4.220813,-1.690845,0.478225,-0.756471
5.219893,0.880728,-1.766417,0.466565,0.193356
0.212481,3.441647,-0.150453,0.10559,-2.0
5.183835,0.970741,-1.535367,0.486769,-0.114948
5.373463,0.322709,-2.993209,0.5,0.174652
5.873942,3.241521,-1.534429,0.4721,-0.841368
5.873673,3.194326,-1.618566,0.470416,-0.789076
5.861798,3.098091,-1.756541,0.5,-0.263798
5.851917,3.049079,-1.782921,0.477871,-0.398539
5.840928,3.002576,-1.822775,0.5,-0.339504
3.195439,1.772426,1.547173,0.5,-0.058222
3.196765,1.822408,1.54135,0.5,-0.093066
3.19847,1.872379,1.532044,0.5,0.117374
3.216494,2.416815,1.503781,0.492986,-0.115199
3.220078,2.465982,1.492261,0.5,-0.079022
3.227896,2.565674,1.509168,0.498773,0.122142
3.230664,2.615474,1.521382,0.4889,0.219269
3.232543,2.664327,1.543309,0.494475,0.041261
3.2338,2.713759,1.547435,0.5,-0.191101
3.235446,2.763731,1.528325,0.5,-0.054716
3.237705,2.81368,1.522853,0.49737,-0.081286
3.240291,2.863349,1.514725,0.5,-0.108769
0.277198,0.223876,-0.641116,0.375598,1.796291
0.345058,0.189834,-0.300996,0.418584,1.181386
0.385674,0.179812,-0.182857,0.421184,1.085966
0.427424,0.174415,-0.074261,0.456972,0.846902
0.521118,0.175269,0.085747,0.490757,0.443379
0.855201,0.232252,0.164916,0.5,-0.015359
5.798546,4.176426,3.455427,0.166578,-2.0
3.775477,1.194756,-2.520902,0.443783,-1.311635
3.655106,1.139846,-2.889413,0.480643,-0.754372
2.734462,5.786583,-0.090531,0.409528,-1.147054
3.886865,4.072522,-0.761671,0.437998,-1.175731
1.205161,2.126253,-0.019538,0.489545,-0.078582
5.826316,0.571846,-1.526515,0.482993,-0.010431
5.828429,0.523593,-1.527558,0.465473,-0.085215
5.830243,0.477081,-1.53608,0.487194,-0.105763
5.831676,0.428383,-1.546656,0.5,0.013508
5.779133,4.001801,1.390003,0.495005,-0.054413
5.788167,4.05047,1.384562,0.489117,0.111634
1.234263,5.338272,-0.136513,0.097022,-2.0
1.339829,5.14185,-1.540499,0.45025,-0.982184
1.338983,5.096851,-1.638718,0.5,-0.593567
5.829142,5.004847,-2.120055,0.481963,-0.273954
5.075247,0.394459,-2.421038,0.428074,-1.396943
0.319669,5.244262,-2.545759,0.304195,2.0
0.330632,4.513763,-1.445472,0.5,-0.307812
0.336117,4.464067,-1.476253,0.481129,-0.396128
0.33971,4.416091,-1.515866,0.5,-0.102254
0.3422,4.366153,-1.526091,0.5,-0.202416
0.343928,4.316184,-1.546333,0.5,-0.039669
0.345052,4.266197,-1.5503,0.5,-0.154015
0.345692,4.216201,-1.565701,0.5,-0.123588
0.345638,4.166202,-1.57806,0.488565,-0.144447
0.34493,4.117351,-1.592505,0.495853,0.093443
0.344085,4.067773,-1.58316,0.47521,-0.082767
0.343301,4.020259,-1.591437,0.492587,0.012229
0.342315,3.97101,-1.590214,0.495641,0.146167
0.341715,3.92145,-1.575597,0.479486,0.177886
0.341911,3.873502,-1.557809,0.5,-0.344738
0.341698,3.823505,-1.592282,0.458047,-0.031827
0.340641,3.777713,-1.595465,0.49144,0.066857
0.339593,3.72858,-1.588779,0.5,-0.019074
0.338647,3.678589,-1.590687,0.5,-0.073358
4.909793,2.454185,3.079728,0.5,0.419109
4.859839,2.45623,3.121638,0.463022,0.605453
5.834648,0.855472,1.12998,0.280688,2.0
5.844015,0.881882,1.32998,0.346604,2.0
5.847421,0.956311,1.683795,0.466482,1.265651
5.839246,1.002206,1.81036,0.428712,1.152193
5.826699,1.043175,1.925579,0.471778,0.796408
4.116713,5.834097,-0.724153,0.215346,-2.0
4.062317,4.202168,-0.796681,0.370145,-1.83319
4.085629,4.173484,-0.98,0.384918,-1.520858
4.12001,4.100611,-1.262173,0.484547,-1.106451
4.132147,4.053726,-1.372819,0.484134,-0.875025
4.139581,4.005903,-1.460321,0.475727,-0.76692
4.143009,3.958466,-1.537013,0.5,-0.816807
4.139601,3.858576,-1.64519,0.5,-0.121668
4.135581,3.808738,-1.657356,0.49262,-0.24283
4.130727,3.759717,-1.681639,0.5,-0.120364
5.181324,3.247604,-0.798781,0.071377,-2.0
5.198224,3.207304,-1.398781,0.322886,-2.0
4.45014,0.72521,-2.083793,0.286161,-2.0
4.966229,4.303627,-1.18963,0.5,0.136723
2.864417,4.089172,-1.562349,0.448089,-1.126494
5.828835,2.202262,-1.338389,0.441942,-1.325017
5.836139,2.158709,-1.47089,0.457666,-1.207775
5.837946,2.113006,-1.591668,0.474371,-0.875017
5.834883,2.065683,-1.67917,0.469653,-0.897778
5.54245,1.235729,-1.870481,0.5,0.032655
0.410546,0.745536,1.483968,0.5,0.422087
2.174968,4.544604,2.001705,0.45209,-1.195296
2.158582,4.58671,1.882176,0.443778,-1.274552
2.14242,4.672391,1.633489,0.473566,-0.912205
2.144434,4.769638,1.486366,0.467164,-0.693988
2.149985,4.816014,1.416967,0.495813,-0.471057
2.158733,4.864813,1.369862,0.483964,-0.576913
3.040065,4.240709,-1.478882,0.400181,-1.290236
5.226628,3.18177,-1.400896,0.287141,-2.0
3.933087,4.078249,-2.157094,0.349183,-2.0
5.137235,3.197983,2.574464,0.377697,1.7714
5.103753,3.215353,2.751604,0.427796,1.127504
5.063353,3.229354,2.864354,0.450067,1.090614
5.01948,3.23929,2.973416,0.473686,1.094579
4.972439,3.24465,3.082874,0.470209,0.662729
4.875464,3.244472,3.18927,0.487304,0.169264
4.72707,3.234563,3.212768,0.5,0.017654
4.677199,3.230963,3.214533,0.476827,-0.114773
4.530925,3.222941,3.181006,0.47455,-0.400502
4.339181,3.235349,2.919006,0.428566,-1.143066
3.246773,3.736166,-3.067398,0.5,0.180761
2.827882,3.627331,-2.533978,0.446187,1.250978
1.381142,2.458101,-3.140009,0.5,-0.045057
1.331142,2.458134,-3.144515,0.5,0.098865
1.281142,2.458033,-3.134628,0.5,-0.00519
1.231143,2.457698,-3.135147,0.487635,-0.082095
1.18238,2.457584,-3.143356,0.5,-0.016198
1.13238,2.457713,-3.144976,0.481216,0.012075
1.084259,2.457846,-3.143769,0.472782,0.140107
1.036982,2.457618,-3.129758,0.48333,-0.108935
0.98865,2.457309,-3.140652,0.491478,0.060503
0.939503,2.457114,-3.134601,0.5,-0.007265
0.889504,2.456783,-3.135328,0.5,0.055603
0.839506,2.456331,-3.129767,0.490597,0.038459
0.790451,2.455656,-3.125922,0.5,-0.157908
0.740453,2.455267,-3.141712,0.5,-0.010463
0.690453,2.4553,-3.142759,0.493773,-0.031413
0.641076,2.455435,-3.1459,0.5,0.013804
3.147748,2.110713,1.542612,0.5,0.1236
4.257354,5.839531,-3.655482,0.338867,2.0
4.188852,5.861626,-3.27263,0.418326,1.511831
4.147123,5.863942,-3.121447,0.452574,1.284867
4.05854,5.851113,-2.88163,0.445711,0.726282
4.01592,5.838103,-2.809002,0.479485,0.518676
1.537339,3.065929,-3.030612,0.5,-0.098302
2.483488,2.5788,-2.148192,0.460636,-1.15882
4.457241,0.675536,1.743555,0.4592,-0.365156
5.847523,4.680059,1.821182,0.403302,1.657651
0.649433,2.275589,0.189474,0.453944,0.262928
0.337266,0.23911,1.664779,0.229373,-2.0
3.537754,4.046592,-0.848923,0.483993,-0.663331
2.060332,3.073577,-0.211664,0.487262,0.647826
2.108269,3.06489,-0.146882,0.466621,0.588881
2.154603,3.059423,-0.087994,0.49271,0.477401
2.203768,3.056266,-0.040254,0.471569,0.226443
0.147478,2.830578,-0.681137,0.359456,-2.0
0.172961,2.805311,-0.881137,0.40177,-1.835043
0.228918,1.873214,-1.507074,0.463716,0.215011
0.237149,1.777202,-1.464505,0.492147,0.065316
5.351465,0.198818,-0.024014,0.5,0.020992
5.401452,0.19767,-0.021914,0.5,0.206807
5.451447,0.197091,-0.001234,0.5,-0.024514
1.149865,5.157094,-1.862537,0.46504,1.251626
2.330057,2.097052,1.262342,0.5,0.311286
2.416075,3.261995,1.652606,0.494994,0.263881
2.149811,5.486508,0.354705,0.486484,-0.980997
2.196186,5.501141,0.256606,0.452282,-1.02993
1.014474,3.420358,-2.270163,0.044773,2.0
1.012801,3.358053,-1.270163,0.321397,2.0
1.025314,3.328507,-1.070163,0.329689,1.88353
1.043761,3.301241,-0.88181,0.407062,1.874605
1.072426,3.272422,-0.69435,0.405635,1.557708
5.837267,5.777904,-1.496639,0.483591,-0.306516
5.840111,5.72963,-1.527291,0.5,-0.390094
5.841311,5.679648,-1.5663,0.474575,-0.299796
5.838741,5.584025,-1.63126,0.5,-0.198281
5.83034,5.484617,-1.68713,0.5,-0.211692
5.824011,5.43502,-1.708299,0.484693,-0.157237
5.81699,5.387062,-1.724023,0.5,0.096589
5.809598,5.337612,-1.714364,0.5,-0.072222
5.164284,5.802082,0.182613,0.485869,-0.154521
0.441285,0.187833,0.914597,0.295086,-2.0
0.489278,0.22887,0.514597,0.398821,-1.652734
0.525456,0.245547,0.349324,0.413738,-1.374143
1.084472,0.223956,-0.098968,0.5,0.298172
1.134293,0.219758,-0.069151,0.5,0.218372
1.532104,4.485964,-4.67058,0.5,0.073388
1.529831,4.535912,-4.663242,0.492271,-0.106309
1.527674,4.585092,-4.673873,0.5,-0.198557
1.526245,4.63507,-4.693728,0.5,0.066929
1.525144,4.685058,-4.687035,0.490586,-0.035857
1.523989,4.734103,-4.690621,0.481364,0.055941
1.509734,5.374117,-4.689123,0.492269,0.045666
1.508477,5.423328,-4.684556,0.481916,-0.109102
1.507398,5.471507,-4.695466,0.479527,0.147392
1.370624,5.454317,1.573129,0.5,0.226756
1.369941,5.504312,1.595804,0.49444,0.118424
1.368412,5.553732,1.607647,0.494597,-0.129009
1.366908,5.603168,1.594746,0.492075,-0.069019
5.828631,1.384382,1.201865,0.377715,1.674995
5.840023,1.552377,1.739193,0.475733,0.844777
5.830079,1.598885,1.82367,0.457426,0.4327
0.590806,1.975834,-2.16763,0.422262,1.197187
0.202181,3.159746,-2.153923,0.359412,2.0
0.185513,3.127971,-1.953923,0.425202,1.608742
0.172852,3.087428,-1.793049,0.438669,1.515677
3.502462,3.685266,-0.082999,0.472243,-0.345071
1.445209,0.171177,1.148076,0.398638,1.332589
0.161776,1.943832,2.153471,0.338575,-2.0
0.13387,2.012367,1.801243,0.418855,-1.779612
0.127972,2.053779,1.623282,0.490786,-1.105103
0.128108,2.102833,1.512772,0.463098,-1.004279
0.133109,2.148852,1.412344,0.483831,-0.584778
0.142135,2.196379,1.353866,0.498613,-0.479445
0.15403,2.244795,1.305921,0.497381,-0.110624
0.167316,2.292726,1.294859,0.5,-0.114607
0.32887,4.539289,1.535534,0.5,0.195494
0.330145,4.589272,1.555084,0.5,-0.153876
0.331315,4.639258,1.539696,0.5,-0.161491
0.333273,4.689219,1.523547,0.5,-0.087856
0.335854,4.739152,1.514761,0.5,-0.002978
0.338662,4.789074,1.514464,0.5,0.121161
0.341174,4.83901,1.52658,0.5,-0.019913
0.343434,4.888959,1.524588,0.475055,-0.052607
0.345753,4.936408,1.519328,0.492365,0.014719
0.34825,4.985581,1.5208,0.489217,0.132273
0.350372,5.034456,1.534027,0.5,-0.104394
0.352471,5.084412,1.523588,0.477565,0.045743
0.354615,5.13212,1.528162,0.489478,-0.130432
0.774859,0.173983,-3.023004,0.479044,-0.037055
0.677637,0.162445,-3.017572,0.5,0.035954
5.455317,5.454304,0.169173,0.49599,0.015698
4.525718,0.617929,-1.476538,0.492745,0.213341
4.530879,0.568927,-1.455204,0.5,0.164652
2.309374,1.399455,-2.265247,0.399633,1.809794
2.286709,1.366606,-2.084268,0.415759,1.41197
2.268907,1.329072,-1.943071,0.436154,1.236289
2.24653,1.243542,-1.728086,0.448905,0.774172
2.327146,0.688624,-1.108613,0.412077,1.312385
2.924958,1.975111,1.699678,0.5,0.266946
2.425374,2.563202,-1.914309,0.465471,-1.098407
0.224983,3.708345,1.576685,0.469606,-0.101922
0.224946,3.755305,1.566492,0.474929,0.08687
1.406873,3.37125,-3.369566,0.469822,-0.032163
3.060331,5.831472,-0.87899,0.413222,1.442847
5.822409,0.23728,4.128556,0.280815,-2.0
5.804698,0.215549,3.928556,0.308232,-2.0
5.748483,0.178866,3.528556,0.402862,-1.886698
5.709966,0.167262,3.339886,0.443805,-1.374891
5.665992,0.161533,3.202397,0.427451,-1.066845
5.651006,5.823894,-0.947511,0.411402,-1.489104
5.832696,1.349646,1.338101,0.325692,1.923817
3.304982,5.780563,3.052193,0.476573,0.032461
3.257509,5.784741,3.055439,0.5,0.081014
1.217603,3.100206,-3.202495,0.5,-0.073456
1.167708,3.103433,-3.20984,0.5,0.076792
2.169945,3.594048,-1.75432,0.5,-0.568042
2.506972,2.129682,-0.074679,0.478255,0.023754
2.554669,2.126171,-0.072304,0.5,0.043047
2.604546,2.122666,-0.067999,0.488506,0.126895
3.38494,4.241056,4.585,0.01365,-2.0
3.378672,4.226641,4.185,0.210607,-2.0
3.366329,4.209619,3.985,0.298398,-2.0
5.662037,0.557302,-2.504063,0.462194,-1.422074
1.358433,2.116589,-0.286218,0.5,0.135278
1.406493,2.102798,-0.27269,0.490488,0.066324
2.167786,5.339017,1.593003,0.471161,-0.080273
2.166929,5.386125,1.584976,0.5,0.093954
2.165985,5.436116,1.594371,0.5,0.028344
2.140827,4.484174,0.575676,0.213339,-2.0
0.168596,0.292764,-1.089877,0.290273,2.0
0.236719,0.226033,-0.489877,0.397945,1.814823
2.938254,5.835717,-3.12005,0.119156,2.0
3.139303,2.954902,-2.216472,0.389525,1.648275
3.081137,2.793196,-1.708177,0.435519,0.766468
3.076831,2.749868,-1.63153,0.5,0.621033
3.045519,2.739566,2.151879,0.453215,1.270565
0.80337,1.413979,-0.105977,0.5,0.531664
0.853206,1.410014,-0.05281,0.488999,0.300727
0.902069,1.408168,-0.022738,0.453389,0.373473
0.947405,1.407983,0.01461,0.499398,0.45154
0.997306,1.40984,0.059764,0.497546,-0.051195
1.04698,1.412685,0.054644,0.459278,0.348257
1.092786,1.415991,0.08947,0.43404,0.125916
1.135991,1.420141,0.102061,0.5,0.179678
1.235036,1.431732,0.123922,0.481835,0.074625
1.282828,1.437866,0.131384,0.5,-0.279064
1.332482,1.443724,0.103478,0.5,-0.137156
1.382248,1.448547,0.089762,0.483874,-0.075928
1.430457,1.452702,0.082169,0.5,-0.280267
1.480339,1.456107,0.054143,0.497951,-0.108209
1.530075,1.458533,0.043322,0.5,-0.282482
1.580052,1.459992,0.015073,0.484052,-0.241828
1.628456,1.460137,-0.009109,0.49283,0.036855
1.677737,1.459778,-0.005424,0.476926,-0.09272
1.775418,1.458319,-0.024496,0.5,0.06938
1.825406,1.457268,-0.017558,0.491757,-0.130466
2.150014,5.54915,-1.732651,0.470118,0.996179
1.051096,2.071765,-0.754645,0.234724,2.0
1.095098,2.045075,-0.354645,0.347009,1.94783
2.273551,5.838159,-0.665199,0.418824,1.497281
2.53054,5.75905,-0.040041,0.441885,0.510502
0.331098,0.956265,0.76376,0.355654,1.635623
2.207599,0.179481,-2.984953,0.476692,-0.265644
2.16042,0.172671,-3.011518,0.498963,-0.617812
2.110777,0.167731,-3.073299,0.488494,-0.347973
2.061993,0.165246,-3.108096,0.5,-0.23792
2.012006,0.164166,-3.131888,0.489931,-0.178587
1.963014,0.164128,-3.149747,0.464617,-0.284965
4.000696,4.190133,-1.548804,0.11789,-2.0
3.999779,4.178399,-1.748804,0.191285,-2.0
5.846839,2.295563,1.431318,0.052045,2.0
5.837121,2.33568,2.031318,0.243373,2.0
4.558671,1.964155,-1.575509,0.5,0.107286
4.558703,1.914155,-1.564781,0.5,-0.025547
4.55894,1.864155,-1.567335,0.5,-0.082793
4.558906,1.814156,-1.575615,0.472778,-0.287686
4.557999,1.766888,-1.604383,0.5,0.006598
5.825966,2.385528,-1.590167,0.468989,-1.106654
1.443299,1.371986,2.826191,0.479836,1.097273
1.396958,1.384341,2.935919,0.446878,1.017658
1.352824,1.391227,3.037685,0.456433,0.679168
1.307301,1.394417,3.105601,0.49266,0.461987
1.258043,1.395052,3.1518,0.5,0.29245
0.223113,3.047218,1.625548,0.497683,-0.017788
0.210896,3.388164,1.587593,0.5,0.002621
0.207343,3.587335,1.583028,0.487302,0.074728
0.198755,4.082689,1.587762,0.488,0.109636
4.975326,4.05617,-1.872479,0.5,0.083263
2.352095,5.837198,0.344484,0.388017,-1.362199
2.389395,5.847777,0.208264,0.453555,-1.160012
2.434215,5.854563,0.092263,0.440849,-1.047032
2.478244,5.856321,-0.012441,0.468139,-0.750349
2.57458,5.847701,-0.164588,0.5,-0.595451
1.498258,0.145106,2.998882,0.330426,-2.0
3.900414,5.8483,-1.796907,0.428712,-1.295431
5.838724,0.678065,-2.31439,0.473791,-1.207628
0.278587,5.284846,-1.571378,0.466332,-0.980953
0.21898,4.954613,-1.804936,0.5,0.421134
0.208407,4.905748,-1.762823,0.5,0.394026
0.199834,4.856491,-1.72342,0.476137,0.150631
0.189624,2.986659,-1.569141,0.492355,-0.06721
0.18954,2.937424,-1.575862,0.493713,-0.032103
0.223422,1.36978,-1.329025,0.455097,0.626694
5.75933,0.561579,-1.374812,0.5,0.050191
0.18333,0.472686,1.575428,0.488939,-0.86343
0.185214,0.521528,1.489085,0.5,-0.583481
0.190746,0.571214,1.430737,0.5,-0.427682
0.165421,2.50123,-1.785784,0.390645,1.53104
0.160036,2.462577,-1.63268,0.422521,1.308959
0.160186,2.420356,-1.501784,0.464915,0.901103
0.165476,2.374182,-1.411674,0.459183,0.727869
0.157883,1.908481,-1.430687,0.442173,1.078821
0.166406,1.865114,-1.322805,0.445031,0.821816
5.382362,3.254363,-1.870055,0.48703,0.523394
5.125035,0.439164,-2.091442,0.432607,-1.211316
5.178775,5.793807,-1.186416,0.40543,-1.527106
5.811364,2.721784,1.625877,0.484092,0.586278
5.807284,2.770013,1.684505,0.457459,0.274086
2.436614,2.1055,3.201283,0.499721,0.284845
2.38678,2.101809,3.229767,0.5,0.112307
2.287218,2.092473,3.228613,0.5,-0.001898
2.237407,2.088132,3.228423,0.5,-0.153059
2.187564,2.084177,3.213117,0.5,-0.294107
2.137646,2.081338,3.183706,0.5,-0.260496
2.087669,2.079884,3.157657,0.5,-0.000208
1.791518,2.084336,3.085687,0.5,0.023667
1.298306,2.108495,3.10135,0.5,-0.046821
1.248351,2.110624,3.096668,0.5,-0.116806
4.663731,5.858368,-0.108379,0.293614,-2.0
4.692409,5.852304,-0.308379,0.301349,-2.0
5.781212,0.335788,1.411248,0.428144,1.342776
5.771735,0.516394,1.762652,0.5,0.283031
5.218793,3.846236,1.341015,0.5,-0.073157
5.230359,3.89488,1.3337,0.47331,0.090471
1.778135,3.052938,0.046697,0.481383,0.074166
1.826212,3.055364,0.054114,0.5,0.06356
1.87613,3.058227,0.06047,0.5,-0.02464
1.926042,3.061187,0.058006,0.5,-0.314112
1.975995,3.063301,0.026595,0.461432,-0.231057
0.215338,0.748387,1.570755,0.487155,-0.363185
0.15416,2.553794,1.622395,0.479176,0.021851
0.151636,2.601645,1.62458,0.5,-0.003506
0.148957,2.651573,1.62423,0.5,-0.075818
2.987589,2.937798,2.784767,0.5,0.343677
4.750135,5.866578,0.017054,0.461797,-1.161903
4.79625,5.864684,-0.099137,0.494771,-0.925789
4.845187,5.857517,-0.191716,0.5,-0.593702
4.89396,5.846539,-0.251086,0.484238,-0.638911
4.940449,5.833018,-0.314977,0.492118,-0.183608
5.190503,3.888345,1.388346,0.398245,1.457655
1.514281,5.645982,-1.65999,0.493378,-0.177845
1.509449,5.596882,-1.677774,0.5,-0.065324
1.503948,5.547186,-1.684307,0.471742,-0.385816
1.497702,5.50043,-1.722888,0.5,-0.178569
1.142169,3.51641,-1.746693,0.488764,0.049373
0.347637,0.90102,0.462257,0.360088,-2.0
0.283497,5.431206,-1.348394,0.413499,-1.271698
0.291897,5.344094,-1.585532,0.494734,-0.763325
5.437485,3.86095,2.733804,0.291895,-2.0
5.412021,3.875119,2.533804,0.333698,-2.0
5.364773,3.923951,2.166128,0.383898,-1.417651
0.158697,4.658054,-1.020461,0.424099,-1.504067
0.17315,4.048076,-1.680487,0.5,0.173114
0.168107,3.998332,-1.663175,0.483047,0.096644
0.163883,3.950212,-1.653511,0.5,0.147315
0.160119,3.900355,-1.638779,0.5,0.128891
0.157044,3.85045,-1.62589,0.5,0.333261
0.155123,3.800489,-1.592564,0.493235,-0.076547
0.153861,3.751182,-1.600219,0.484012,0.158651
0.152821,3.702792,-1.584354,0.483893,-0.264964
0.151524,3.654422,-1.61085,0.497454,0.044409
0.149643,3.604712,-1.606409,0.5,0.159518
0.148261,3.554731,-1.590457,0.5,0.17814
0.147723,3.504735,-1.572643,0.5,-0.134909
0.147294,3.454737,-1.586134,0.5,0.118402
0.146823,3.40474,-1.574294,0.484912,0.265827
0.147298,3.356252,-1.547711,0.479075,0.006017
0.148418,3.308358,-1.54711,0.475649,0.005268
0.149557,3.260807,-1.546583,0.496317,-0.054483
0.150624,3.211186,-1.552031,0.497192,-0.040513
0.151456,3.161474,-1.556082,0.490913,-0.003211
0.154335,2.912614,-1.558303,0.46359,0.086079
0.160323,2.766421,-1.475654,0.491397,0.82291
0.166998,2.717751,-1.393363,0.462204,0.880806
0.153949,0.152771,1.67832,0.026596,-2.0
0.163267,0.18509,1.07832,0.245571,-2.0
0.176957,0.205428,0.87832,0.273816,-2.0
5.238831,5.806405,-0.652828,0.315326,-2.0
2.737249,5.846925,-2.499764,0.373719,1.521865
3.327673,5.782424,-0.441694,0.476094,-0.736156
1.054821,5.785105,-0.98592,0.411175,-1.431244
1.074995,5.749317,-1.129044,0.418414,-1.330692
1.090318,5.710416,-1.262113,0.428111,-1.023299
1.101216,5.669034,-1.364443,0.448384,-1.068036
1.108044,5.624741,-1.471247,0.482851,-0.915068
1.109657,5.526558,-1.618152,0.497903,-0.267559
1.10215,5.427863,-1.679265,0.46454,-0.085197
1.968319,2.432958,0.077907,0.474588,-0.07516
2.015647,2.436474,0.070391,0.465427,0.033054
2.062069,2.439824,0.073697,0.5,0.115996
2.111911,2.443795,0.085296,0.5,-0.084612
2.161747,2.447844,0.076835,0.5,0.120166
2.211575,2.451981,0.088852,0.48993,-0.039243
3.504173,4.219932,0.558363,0.053104,-2.0
3.600427,4.211726,-0.441637,0.39495,-1.824761
3.634399,4.19169,-0.624113,0.389579,-1.598352
3.920735,4.184813,2.136424,0.240135,2.0
3.849371,4.242115,2.714507,0.40292,1.548566
3.811555,4.255904,2.869364,0.430652,1.344914
3.720906,4.269105,3.096755,0.449739,0.972779
3.626106,4.265052,3.244617,0.5,0.323767
3.576463,4.259106,3.276994,0.5,-0.074767
3.526896,4.252542,3.269517,0.475048,0.000536
3.430197,4.240037,3.272059,0.5,-0.000824
3.284882,4.223221,3.231054,0.499772,-0.51648
3.235012,4.220043,3.179406,0.489469,-0.264182
2.94134,4.240433,2.879217,0.474038,-0.859338
2.403011,2.979465,-0.884425,0.404759,-1.478883
1.68738,0.15762,1.674758,0.310256,2.0
0.153699,5.321332,-0.25806,0.142801,-2.0
0.174802,4.519715,-1.635675,0.490482,0.309378
0.17238,4.470728,-1.604738,0.486809,0.136385
0.17106,4.422065,-1.591099,0.49746,0.256054
0.170686,4.372322,-1.565494,0.5,0.023869
0.171011,4.322323,-1.563107,0.5,0.221215
0.171949,4.272333,-1.540985,0.491084,0.214715
0.173939,4.223266,-1.519514,0.492542,0.097818
5.316986,5.463746,-1.611926,0.435175,1.381735
1.005436,4.619003,-1.495011,0.5,0.392038
1.024965,4.475616,-1.404321,0.5,0.138218
1.042632,4.377191,-1.387455,0.491133,-0.142271
1.051243,4.328838,-1.401682,0.5,-0.213691
1.059131,4.279465,-1.423051,0.490007,-0.068038
1.072491,4.183295,-1.448511,0.5,-0.22157
1.07804,4.133605,-1.470668,0.495152,-0.0222
0.16598,1.72453,0.210028,0.224593,-2.0
1.247818,5.234176,1.303232,0.5,-0.130071
0.138545,4.144375,-1.538911,0.479558,0.757349
0.141886,4.096547,-1.463176,0.483773,0.727402
5.650786,5.831275,-1.441125,0.5,-0.066645
3.188202,2.67272,-2.048418,0.450072,1.166594
3.169889,2.631635,-1.931759,0.457084,0.937275
3.867878,4.215512,-3.111314,0.472986,1.069852
3.820767,4.211557,-3.004329,0.480459,0.878177
5.837883,2.264671,1.503692,0.490959,0.066012
5.846029,2.457665,1.549263,0.475044,0.114623
5.84678,2.505163,1.560725,0.473746,-0.036526
5.847344,2.552534,1.557073,0.5,0.259628
5.847381,2.602533,1.583035,0.5,0.124264
5.846458,2.652524,1.595462,0.5,0.14676
5.844858,2.702498,1.610138,0.5,-0.10439
5.843152,2.752469,1.599699,0.482827,-0.114913
5.842034,2.800738,1.588208,0.491522,0.054237
5.841045,2.84988,1.593631,0.476726,-0.041462
5.840056,2.897543,1.589485,0.5,-0.001074
3.439312,1.134,-0.210183,0.484845,0.762801
5.31114,5.832234,-3.287294,0.456056,1.053385
5.265752,5.836469,-3.181955,0.48004,0.876375
5.217764,5.836303,-3.094318,0.471193,0.897196
5.17086,5.831969,-3.004598,0.5,0.373563
1.031673,4.147888,-0.172797,0.34083,-1.95618
5.742397,5.796772,-1.628622,0.496698,0.163636
5.739932,5.747164,-1.612259,0.472746,0.174555
5.738385,5.699915,-1.594803,0.5,0.162702
0.212469,1.208619,1.339103,0.477502,-0.53216
0.224664,1.254779,1.285887,0.448389,-0.448884
1.02937,3.913095,-1.713916,0.450628,0.173229
1.023329,3.868439,-1.696593,0.496681,0.084114
1.017305,3.819138,-1.688182,0.469791,0.19498
1.012258,3.772432,-1.668684,0.5,0.21744
1.007912,3.722622,-1.64694,0.496456,-0.230289
1.003566,3.673168,-1.669969,0.494414,0.006242
0.998686,3.623968,-1.669344,0.5,0.125611
0.99408,3.574181,-1.656783,0.5,-0.001362
5.843933,1.082191,1.660507,0.456981,0.2095
5.833572,1.177323,1.692258,0.5,0.025502
5.827451,1.226947,1.694808,0.5,0.071291
5.850055,4.81958,3.335437,0.49525,-0.625108
5.344297,3.247573,-0.549571,0.228396,-2.0
0.961615,1.339361,3.076796,0.5,-0.300933
1.061046,3.406935,-1.906943,0.480469,0.118279
1.045466,3.361484,-1.895115,0.5,-0.011412
5.603426,5.776836,-2.197527,0.5,0.58996
4.886655,4.412645,-1.41733,0.497116,0.133144
4.894581,4.36357,-1.404016,0.5,-0.211285
4.916637,4.218109,-1.416476,0.463467,0.176771
4.924165,4.172378,-1.398798,0.5,0.176382
4.933156,4.123194,-1.38116,0.45566,-0.075082
5.472086,3.23186,-2.821225,0.480859,-0.888686
4.987935,3.223348,-3.265998,0.5,-0.100548
4.647984,3.258351,-3.17003,0.5,0.108594
4.597997,3.259502,-3.159171,0.487331,0.240208
4.549266,3.259773,-3.13515,0.490859,-0.009384
4.500181,3.25948,-3.136088,0.491611,0.022494
4.451021,3.259154,-3.133839,0.485949,0.137601
4.402432,3.258443,-3.120079,0.5,0.044867
5.007579,3.892462,1.164351,0.149223,-2.0
5.029174,3.922326,0.764351,0.265335,-2.0
4.138869,4.112376,-3.950575,0.194204,2.0
4.069024,4.148683,-3.350575,0.359935,2.0
2.882202,3.033013,3.853592,0.023934,-2.0
2.831967,3.031734,2.853592,0.265334,-2.0
3.624397,1.140916,-3.011516,0.483596,-0.334425
3.526455,1.132368,-3.114988,0.493689,-0.799876
3.477103,1.133029,-3.194975,0.45651,-0.980137
5.01677,5.830401,0.06436,0.5,0.033269
5.066661,5.8337,0.067687,0.487014,-0.015007
5.115254,5.836958,0.066187,0.5,-0.085795
0.172107,0.97456,0.932484,0.122841,-2.0
4.547869,1.532303,1.54415,0.5,0.049825
4.549077,1.582289,1.549132,0.482037,-0.113204
4.550394,1.630474,1.537812,0.5,-0.044476
4.552154,1.680443,1.533364,0.491091,0.174181
2.302736,5.76756,-1.859006,0.365939,1.756678
5.781915,4.677481,-1.575183,0.5,-0.144507
5.781335,4.627485,-1.589634,0.492084,-0.032621
5.837251,0.826957,-1.572319,0.5,0.006771
5.837192,0.776957,-1.571641,0.491251,0.038662
5.837245,0.727832,-1.567775,0.5,-0.002113
1.529262,0.163479,-0.070743,0.44144,1.104909
1.621275,0.167187,0.143126,0.452371,0.804118
1.665742,0.175432,0.223538,0.464507,0.654756
3.825411,1.262046,-1.998429,0.482363,-1.256689
4.035348,4.12559,-2.410981,0.334007,2.0
2.302942,0.953821,-2.128754,0.355052,1.693349
2.286777,0.922256,-1.959419,0.439555,1.445419
1.014067,4.399929,-1.502462,0.485281,0.033217
1.040106,3.770044,-1.614722,0.5,-0.221286
1.029279,3.620449,-1.655476,0.5,-0.055949
1.020174,3.520866,-1.670296,0.5,-0.128049
1.014888,3.471146,-1.683101,0.5,0.00085
0.993011,3.272349,-1.66371,0.5,0.069207
2.764881,2.067146,-0.332589,0.468991,-0.57868
4.120652,4.027949,2.412416,0.436574,1.577188
4.085941,4.054354,2.570135,0.444051,1.368943
3.671472,4.126406,3.100024,0.489131,-0.150128
2.713691,5.829908,-0.505099,0.475655,-0.650798
0.990845,5.431952,1.822196,0.496409,-0.161573
2.522133,2.369798,-2.936252,0.5,-0.265709
1.005802,5.642148,-0.3598,0.20472,-2.0
1.047022,5.615309,-0.7598,0.358178,-2.0
0.147408,1.17467,-1.435192,0.192013,2.0
3.161694,2.712717,-2.672128,0.208464,2.0
2.180791,5.478342,0.487368,0.36953,-1.751946
0.26285,0.940082,1.705257,0.5,-0.276818
4.526234,0.968448,-1.498011,0.5,0.041341
4.529973,0.918588,-1.493877,0.489748,-0.01589
4.533698,0.869755,-1.495466,0.495249,-0.020601
4.537374,0.820366,-1.497526,0.489631,0.149149
4.541323,0.771563,-1.482611,0.498535,0.154736
4.546097,0.721939,-1.467137,0.5,0.150249
4.551644,0.672249,-1.452113,0.5,-0.213749
0.188882,5.006719,1.607137,0.491598,-0.077142
0.187285,5.055852,1.599423,0.49156,-0.108768
0.186145,5.104995,1.588546,0.5,0.220681
0.184706,5.154973,1.610614,0.5,-0.00647
4.957846,4.21232,2.09641,0.484804,-0.614383
2.200598,1.396824,-1.161299,0.372164,-2.0
2.211915,1.361435,-1.361299,0.391675,-1.474509
2.217212,1.322663,-1.50875,0.401854,-1.512023
2.158679,1.107741,-2.06206,0.498985,-0.426936
1.354068,0.17211,1.566257,0.092416,-2.0
0.169632,5.469569,-2.04227,0.409243,1.521798
0.142367,5.388369,-1.769502,0.471103,1.167467
0.135782,5.341748,-1.652755,0.5,0.852688
0.135512,5.246375,-1.499482,0.476147,0.536189
0.140176,5.198995,-1.445863,0.470336,0.359364
0.146874,5.152444,-1.409927,0.481515,-0.036064
0.154501,5.1049,-1.413533,0.427856,-0.034332
0.16113,5.062631,-1.416966,0.479843,-0.103478
0.168237,5.015176,-1.427314,0.482529,-0.148784
0.174781,4.96737,-1.442193,0.5,-0.072922
0.155076,1.827544,-1.586335,0.482918,-0.013216
0.154294,1.779258,-1.587656,0.489182,-0.015181
0.152188,1.630356,-1.585655,0.46502,-0.070535
0.151333,1.583862,-1.592708,0.5,0.086111
0.150452,1.53387,-1.584097,0.5,0.013008
0.148928,1.433882,-1.594461,0.495259,0.244542
0.148362,1.384361,-1.570007,0.493209,-0.222116
2.009435,2.100884,-0.027695,0.470109,0.031341
2.05643,2.099656,-0.024561,0.5,-0.006049
1.081831,5.741579,-1.647506,0.472648,0.578891
5.83388,4.943548,-1.632244,0.5,-0.203487
5.830302,4.893677,-1.652593,0.5,-0.184825
5.825756,4.843885,-1.671075,0.485695,-0.003748
2.7951,5.838037,-0.107104,0.487464,-0.390138
2.843453,5.831882,-0.146118,0.466172,-0.50817
1.147344,5.714752,-0.95973,0.381248,-1.561445
1.182301,5.644268,-1.24049,0.499553,-0.74289
1.196733,5.596455,-1.314779,0.474923,-0.564442
1.207457,5.550195,-1.371223,0.477444,-0.369636
1.039327,1.43354,-1.642813,0.377928,-1.68065
1.186903,1.432338,-0.061994,0.43086,-1.704752
3.235139,1.942503,-1.104358,0.353823,-1.739858
3.248228,1.909679,-1.278344,0.387496,-1.598086
1.066443,3.474135,-1.817466,0.5,-0.022558
1.006657,5.308486,-1.313669,0.497056,-0.055546
1.019164,5.26038,-1.319224,0.49476,-0.160961
1.460008,5.808042,-3.124934,0.072949,2.0
1.413569,5.788777,-2.524934,0.250725,2.0
1.394695,5.772335,-2.324934,0.371501,1.947967
1.37205,5.742959,-2.130137,0.456527,1.485484
1.350783,5.70261,-1.981589,0.407066,1.435553
1.337257,5.664253,-1.838033,0.439451,0.937132
1.321647,5.578126,-1.673221,0.442733,0.800089
1.047248,5.415116,1.684485,0.5,0.106584
1.041311,5.464762,1.695143,0.478572,-0.065945
1.035532,5.512269,1.688549,0.5,-0.094073
4.773396,3.221904,-1.617808,0.478891,1.080745
1.526534,5.362988,-1.288851,0.376636,-1.835472
1.533643,5.326056,-1.472398,0.403633,-1.586767
1.52867,5.244468,-1.786938,0.46343,-1.072593
0.729624,1.432448,-0.282709,0.480079,0.455899
3.143409,2.826025,-2.369665,0.483704,-0.543053
0.989369,2.077217,-3.054178,0.5,-0.005912
0.891588,2.068888,-3.062945,0.5,0.08543
3.1018,2.994861,-1.165969,0.46094,-0.946255
3.117925,2.951698,-1.260594,0.46863,-0.666853
3.130732,2.906628,-1.327279,0.5,-0.657729
2.197793,5.683224,0.392858,0.385248,-1.763576
4.693772,3.214212,0.094318,0.490792,-0.224648
4.889135,3.227315,0.045005,0.5,-0.018842
4.939087,3.229517,0.043121,0.483192,0.090763
5.036033,3.234161,0.043938,0.5,-0.084138
5.085993,3.236147,0.035525,0.5,-0.162438
5.135974,3.237517,0.019281,0.5,-0.148653
5.235965,3.238742,0.0209,0.495012,-0.075388
1.796035,0.142022,-3.027392,0.485823,-0.344693
1.747683,0.137319,-3.061862,0.5,-0.458318
1.408545,0.143083,-3.196356,0.5,0.012112
1.308704,0.148707,-3.204792,0.467819,0.075669
1.262005,0.151484,-3.197225,0.466396,0.059832
1.21543,0.153938,-3.191242,0.449011,0.002922
1.170583,0.15616,-3.19095,0.5,0.013746
1.120643,0.158593,-3.189575,0.491577,0.310089
1.071513,0.160189,-3.158566,0.463268,0.024342
1.025192,0.160919,-3.156132,0.5,0.12972
0.975194,0.161322,-3.14316,0.497059,-0.066844
5.801651,5.841667,-1.333582,0.073502,-2.0
5.801723,5.819576,-1.733582,0.177658,-2.0
5.785496,5.77916,-2.133582,0.345141,-2.0
4.071435,4.016755,-0.500831,0.222542,-2.0
1.874318,1.447545,0.108488,0.219242,-2.0
1.896205,1.447731,-0.091512,0.232641,-2.0
1.946759,1.431853,-0.491512,0.364421,-1.960191
1.977001,1.411625,-0.687531,0.410792,-1.575675
2.035126,1.345862,-0.989711,0.470582,-0.922469
2.059108,1.305393,-1.081958,0.476328,-0.601677
5.625469,3.729327,1.856424,0.485563,0.820276
1.906706,2.448366,-0.004795,0.5,0.017806
3.353388,4.248924,-2.016576,0.235488,2.0
2.075531,3.379817,-2.531912,0.486891,-1.305662
2.156952,4.061766,-1.169985,0.272697,2.0
3.753341,4.140345,-2.513611,0.467112,-0.460465
1.533097,5.001878,-1.85313,0.5,0.387824
2.471853,0.161294,-3.063618,0.460726,-0.60182
2.377703,0.159559,-3.178882,0.49319,-0.275292
2.32845,0.162075,-3.206411,0.5,-0.135637
2.278578,0.165652,-3.219975,0.5,-0.137063
2.22876,0.169909,-3.233681,0.5,-0.012778
5.80698,5.489793,-2.671841,0.221058,2.0
0.300275,5.499142,-1.672628,0.5,-0.000225
2.174391,3.896233,-1.622235,0.5,0.091505
2.172048,3.846289,-1.613084,0.5,0.206868
2.170451,3.796315,-1.592397,0.459837,-0.170069
2.169067,3.750353,-1.609404,0.5,0.013607
2.167171,3.700389,-1.608044,0.5,-0.03847
2.165213,3.650427,-1.611891,0.48451,-0.213415
0.796886,0.160046,-0.50567,0.360245,2.0
4.580361,4.829447,-0.024772,0.499377,0.056986
5.569428,5.781151,-2.929506,0.46307,-0.476502
2.211888,5.585316,0.749963,0.355492,-2.0
0.251522,5.665042,-0.292099,0.190244,-2.0
0.286091,5.646338,-0.692099,0.269241,-2.0
0.30497,5.627204,-0.892099,0.317985,-2.0
0.336142,5.566753,-1.275323,0.417347,-1.578964
0.345099,5.526035,-1.43322,0.462771,-1.261718
0.346666,5.434015,-1.663811,0.489759,-0.65328
0.340528,5.385434,-1.729139,0.5,-0.253686
0.332019,5.336165,-1.754508,0.5,-0.137704
3.96005,4.222247,-3.228957,0.49305,0.340003
3.46951,4.195129,-2.998711,0.478117,0.012219
5.810787,5.627252,-1.952313,0.475034,1.012423
4.531144,5.855015,-0.151099,0.42342,-1.297019
4.615451,5.83113,-0.383271,0.470048,-0.702714
4.086835,4.210776,-1.992509,0.214363,-2.0
1.593528,1.38677,-0.146808,0.172846,-2.0
5.827635,0.176576,1.9666,0.236025,2.0
5.690429,5.848678,-2.873519,0.468938,0.529122
0.142797,0.47261,1.44198,0.412296,-1.735045
0.151605,0.512835,1.268475,0.440606,-1.260897
0.167337,0.55396,1.142386,0.484196,-0.886131
2.967396,3.008641,-1.454357,0.5,-0.101243
1.10701,1.430328,-1.571485,0.32676,2.0
0.287398,5.742953,-2.982977,0.061248,2.0
0.266822,5.734149,-2.582977,0.244821,2.0
0.247492,5.71919,-2.382977,0.292447,2.0
0.21294,5.669569,-1.982977,0.385185,1.703986
0.194106,5.595462,-1.669539,0.440036,1.192173
5.830005,0.259036,2.835899,0.191712,-2.0
5.793295,0.279833,2.435899,0.304903,-2.0
4.088027,3.934949,-1.063573,0.375565,-1.536667
2.16801,5.031475,-0.240307,0.467258,0.760622
0.174405,0.413204,1.756663,0.414152,-1.220524
4.071356,3.907498,1.496459,0.491614,-0.099867
1.473487,1.406467,0.060965,0.5,-0.244407
1.523426,1.408903,0.036524,0.477276,-0.162275
1.571134,1.410259,0.020297,0.494726,-0.135525
1.669295,1.410514,-0.023748,0.480889,-0.0474
1.717367,1.409258,-0.028488,0.481098,0.070153
1.765462,1.408056,-0.021472,0.469608,-0.099643
1.812406,1.406814,-0.031437,0.5,-0.053201
1.862377,1.40511,-0.036757,0.480907,-0.232566
1.91041,1.402784,-0.060013,0.485376,0.093514
1.958873,1.400099,-0.050662,0.487982,-0.173097
2.057466,1.393754,-0.07025,0.497235,-0.102252
2.107048,1.39001,-0.080475,0.478332,-0.060075
1.258748,5.790893,-1.666291,0.5,0.040481
1.254082,5.741111,-1.662243,0.476678,-0.153578
1.249364,5.693678,-1.677601,0.5,-0.02041
1.243983,5.643968,-1.679642,0.5,-0.020659
1.238501,5.594269,-1.681708,0.5,-0.165835
1.025572,4.083724,-1.737601,0.487815,-0.001865
1.017468,4.03562,-1.737788,0.5,0.13369
1.009487,3.986262,-1.724419,0.482062,0.109576
1.002372,3.938584,-1.713461,0.487378,0.083797
2.141479,5.112064,-0.408535,0.444374,1.659963
3.178285,2.60339,1.598795,0.466399,0.090545
2.14746,5.785082,-1.895228,0.429346,1.263116
2.136377,5.743632,-1.768917,0.450488,1.18521
2.130145,5.699043,-1.650396,0.5,1.008364
2.128687,5.649085,-1.549559,0.455305,0.906791
0.642066,0.176607,-3.069426,0.5,-0.112959
0.592176,0.173283,-3.080722,0.487501,-0.171366
0.543494,0.170735,-3.097859,0.5,0.037978
0.393679,0.163298,-3.087136,0.496219,-0.021736
0.168266,4.538364,1.680021,0.5,-0.046022
5.091048,3.92048,0.058396,0.5,-0.460675
5.141012,3.922247,0.012329,0.479903,-0.489222
5.286325,3.913898,-0.119291,0.48339,-0.225925
5.794977,5.638479,-2.891935,0.474249,-0.412119
2.156835,5.163038,-1.671467,0.457845,0.710796
2.15565,5.017463,-1.518102,0.460344,0.227843
3.279921,4.238077,3.208362,0.488434,-0.330298
3.231142,4.235624,3.175333,0.5,-0.112679
3.181162,4.234218,3.164065,0.473139,-0.12374
3.133855,4.233448,3.151691,0.5,-0.15083
3.083855,4.23332,3.136608,0.483155,-0.403892
0.146414,4.605895,1.571539,0.5,-0.014062
0.146228,4.70537,1.57888,0.5,-0.087412
0.146043,4.755369,1.570139,0.5,-0.028845
0.146148,4.805369,1.567254,0.5,0.039197
0.146227,4.855369,1.571174,0.5,0.145308
0.145845,4.905367,1.585705,0.447084,0.026813
0.973835,3.696294,-1.564119,0.295265,2.0
1.031456,3.566831,-0.866604,0.437061,1.261689
4.748601,4.575524,0.300417,0.071805,2.0
2.186537,5.797396,0.626679,0.232067,-2.0
0.310625,5.786409,-1.355089,0.460586,-0.545281
0.325559,5.694314,-1.464386,0.47607,-0.207128
0.330124,5.646927,-1.485099,0.469031,-0.357823
0.333302,5.600135,-1.520881,0.5,-0.180365
0.333973,5.302724,-1.592124,0.491036,-0.13117
0.332604,5.25364,-1.605241,0.5,0.027469
0.330951,5.203668,-1.602495,0.491624,0.128871
5.357082,5.84909,-3.229343,0.422062,1.757122
4.555868,1.010296,-4.01931,0.186905,2.0
1.040893,5.565342,-0.697046,0.392385,-1.567758
4.998029,3.988903,1.965699,0.485478,-0.456896
5.373603,3.878958,2.909603,0.372038,-2.0
5.832523,5.282842,3.489114,0.426979,-1.049449
2.354234,0.970464,-1.797878,0.487885,0.572977
2.344618,0.922639,-1.74058,0.450329,0.51408
2.338153,0.878078,-1.689172,0.5,0.804543
2.33425,0.828244,-1.608717,0.463005,1.04921
2.340471,0.739172,-1.379982,0.466949,1.323318
5.415472,5.811538,-3.304907,0.483391,0.429077
2.347231,1.076332,-2.878481,0.146392,2.0
2.320367,1.062806,-2.478481,0.277958,2.0
2.282363,1.017818,-2.078481,0.347507,1.831266
5.836977,1.30583,-1.547801,0.5,-0.72982
5.836302,1.255846,-1.620783,0.5,-0.659206
4.821798,4.409912,-1.414461,0.5,-0.193405
1.538028,2.028908,-3.129451,0.488858,-0.175688
1.489143,2.028744,-3.14702,0.5,-0.23988
1.439152,2.029615,-3.171008,0.493086,-0.386042
1.049076,3.049579,0.42394,0.446151,-1.156605
1.090712,3.065542,0.30828,0.413914,-0.933844
1.13068,3.076243,0.214896,0.5,-0.80424
1.261907,3.07348,-0.652503,0.276718,2.0
1.285422,3.058981,-0.452503,0.350044,1.949963
5.804684,5.684189,1.504947,0.471121,0.228167
5.270168,3.850389,1.008097,0.394611,1.495412
3.1775,2.800367,-1.196523,0.042198,-2.0
3.179901,2.779367,-1.596523,0.183868,-2.0
0.782131,1.437469,2.938922,0.5,0.040902
5.831044,0.622943,-1.961695,0.304113,-2.0
2.155188,3.997806,-2.189712,0.230764,2.0
2.143762,3.977801,-1.989712,0.34061,2.0
2.301179,1.086804,-1.515521,0.5,-0.229131
2.310922,0.840648,-1.479101,0.495785,0.637179
2.303337,1.327614,-0.945862,0.402321,-1.833675
2.340046,1.251401,-1.266266,0.433684,-1.353217
2.350216,1.209276,-1.401587,0.485056,-0.921519
2.356171,1.161155,-1.493739,0.478705,-0.614793
2.358387,1.113343,-1.555219,0.455445,-0.69229
2.353973,1.018123,-1.659657,0.5,-0.102768
3.913849,4.230599,2.889839,0.417768,1.332351
3.185283,5.848226,-2.216471,0.444465,-1.428681
0.158061,0.62028,1.7373,0.446068,-1.121299
0.153147,0.664592,1.62517,0.48597,-1.019229
0.152982,0.713167,1.523247,0.481394,-0.808209
0.157209,0.761108,1.442426,0.479415,-0.682832
0.164965,0.808408,1.374143,0.491399,-0.308135
0.175307,0.856446,1.34333,0.5,-0.361581
2.745056,2.028863,3.130431,0.441483,-0.976422
2.076772,1.289327,2.763153,0.437504,1.18345
0.259326,5.585201,-2.783679,0.200645,2.0
0.973931,3.731017,1.601627,0.477199,-0.423111
0.975025,3.828704,1.520035,0.494666,-0.296297
0.982215,3.927906,1.493077,0.482871,-0.28696
5.832336,4.739427,-1.604741,0.456106,-0.992665
0.974604,3.468936,1.83687,0.386038,-1.910902
0.968063,3.506922,1.64578,0.377209,-1.504254
0.968071,3.544608,1.495355,0.433363,-1.29142
0.974115,3.58749,1.366213,0.481235,-0.988954
2.998986,5.843221,0.321311,0.428119,-1.140844
3.086685,5.86174,0.106702,0.46404,-0.965075
3.132992,5.86445,0.010195,0.5,-0.340083
3.231629,5.861767,-0.072432,0.476923,-0.393867
3.279116,5.85738,-0.111819,0.443378,-0.369965
3.370956,5.843975,-0.167779,0.487241,-0.053285
3.057761,2.996602,-3.50966,0.239422,2.0
3.008904,3.004692,-3.10966,0.333356,2.0
2.147001,1.291463,-1.622354,0.443414,0.881264
1.082954,3.161863,0.107509,0.499167,-0.030227
1.13259,3.167144,0.104486,0.5,0.055752
1.026732,3.114873,0.080438,0.084293,2.0
0.317926,0.16794,2.714517,0.201452,-2.0
5.856915,5.261659,3.349906,0.471021,-0.797349
4.796082,4.357656,1.31774,0.478405,0.797026
5.3023,3.863104,1.119836,0.144858,-2.0
1.239288,5.839733,-1.576802,0.5,-0.544062
0.961084,5.145044,-2.102494,0.33667,2.0
0.94702,5.114516,-1.902494,0.373272,1.651355
0.937827,5.078383,-1.737358,0.408034,1.68551
0.937859,4.993093,-1.421669,0.48405,1.062845
0.947579,4.945697,-1.315384,0.489651,0.955208
0.962192,4.898983,-1.219864,0.477195,0.803959
0.162473,1.087512,0.998137,0.124531,-2.0
0.93456,4.632749,-4.667754,0.498187,-0.387039
0.933301,4.682549,-4.706458,0.46688,-0.088332
0.933956,4.776007,-4.740536,0.491948,-0.106356
0.937788,4.875126,-4.761048,0.5,-0.10811
2.144481,4.158513,-2.023411,0.351204,1.97684
2.132334,4.125621,-1.825727,0.406195,1.729796
2.125532,4.085627,-1.652747,0.381753,1.389378
2.125056,4.047485,-1.513809,0.43677,1.247844
2.161361,1.405341,-3.395986,0.256151,2.0
1.999701,1.365621,-2.528417,0.433482,1.192233
2.911579,5.840284,-0.034367,0.423091,-1.012794
4.920063,4.055972,2.956419,0.5,-0.109415
3.855862,5.833225,-3.105549,0.487862,0.636623
0.165513,1.038156,-0.203152,0.5,-0.06109
2.263366,1.41851,-3.37928,0.377113,1.897331
2.147539,4.195475,-1.056009,0.332456,1.813469
2.356248,1.339529,2.423269,0.386167,1.67
5.82577,5.044962,1.494511,0.479105,0.255404
5.828811,5.092774,1.520052,0.5,-0.030246
5.841142,5.34049,1.53293,0.5,0.110565
5.842759,5.390463,1.543986,0.5,-0.03952
5.844198,5.440443,1.540034,0.5,-0.058098
2.324538,1.17046,1.996812,0.231857,2.0
2.312916,1.190478,2.196812,0.281823,2.0
0.958337,4.035262,0.549415,0.153904,-2.0
2.148006,4.43879,-1.590972,0.5,0.059571
2.146651,4.339539,-1.576676,0.484574,-0.157887
2.145984,4.291087,-1.592465,0.5,0.026779
2.144967,4.241097,-1.589787,0.470227,0.257291
