x,y,theta
4.879621435201635,5.47653346366633,-0.4268788268404964
3.261749948792537,5.610434542726609,0.7015894857215477
5.144425659525416,0.20151345183278613,2.097835738615622
4.377932678579665,1.053933723615354,-1.7589322957132234
5.179073534099319,3.24876732149455,3.067393714332246
0.1699180268727778,0.7456996589973837,-0.033540671436019576
4.023746488161782,3.8831370694455005,1.5770324220107037
4.113251906884168,3.902755657606898,1.2476048274436717
4.1306803834256405,2.333528543874623,1.5174195513257436
3.1521259348543555,1.861451253353734,1.4605456613059333
2.9150121529907347,5.336927006094001,-0.04900515856130516
5.604261095737498,2.1467711802544214,-0.3643807850231715
2.3497140031689674,5.341646112028754,-2.140686317549255
1.3629455612002783,3.7391228681162545,-0.19006106003578083
5.258905384864223,0.3514082088311661,0.19478470495086064
2.0167023632739625,0.9016768013690344,1.8677911023816023
2.702036199895722,4.777945621723766,-0.6403315683596413
1.3838532539624846,0.31212780638645765,-0.46397097480253313
1.1970926638092798,5.652678663038987,0.33063673316480147
2.1906610094689714,0.6329716774213772,2.179608957670254
3.7746489092382554,5.562927318407205,2.046422179716079
2.642262928294704,5.727542962144423,-1.0458056836734966
2.999374882125882,2.551371749094453,0.40318016444830107
5.693662049626592,2.7602708358545764,-0.03527804150052871
4.546373071849748,2.984536172925714,2.0604315300842053
2.4879350961340245,4.406901430732376,0.7820916787461485
4.266857267938499,5.592358119680269,0.939944555127882
5.564543571747359,5.807557139547878,0.2291076145526434
5.339613334323124,4.934242965258423,0.623267055517883
4.811283472309848,5.541180958700817,1.4768837216501645
1.5967816337537555,3.2336064457331215,-3.100589379972599
2.656516973847189,5.5861038958869305,-1.252445720620418
0.2430642671306078,4.392037173939364,2.7822230941974766
3.68623948169398,0.17019219068112634,-0.5468978990972739
4.547706014138568,3.0765523395724683,0.4081922609558637
5.574625324782037,0.3964949803444484,1.2115030970241758
5.796372484704421,3.3733910533707423,2.5392134518574316
5.3287099239550795,1.3552165705039463,1.914865421527213
5.754465856184654,2.216426466550085,-3.0820356559072186
2.43906202048876,5.459753769973782,-1.920902148538051
0.25840133140922505,4.936237681089011,0.5528675365632991
2.4923042242273477,4.978823911668616,1.7938421092924886
5.662808561652545,0.7609026135674866,-2.9987222963150315
5.188669772404644,0.3567849096020308,2.7448497217087606
5.287843036426139,3.0642390332618716,0.23435784776282453
1.8956612722062012,1.0962742735593747,-0.02524214365845623
5.280588727824418,4.8740123886675235,-1.6888759034396073
4.007336433428107,5.7504817906677115,1.9330364470641115
5.554287463286513,4.489491019810524,-2.1903460874060485
5.164208457286066,1.482880441932645,-2.0965935293566877
4.287711219928516,1.002317572693633,0.9503763931073683
2.373343638629256,5.461534597296328,2.965774989351451
1.1647786373447615,3.156133491707251,0.8137113263593019
3.1406083643695197,0.5336138414776319,3.0364739945785058
1.91808981769599,1.1250462943667094,-1.4972914195618692
4.035159803501216,1.1706443907408302,-2.8876348574625847
5.774538558746286,0.43359159317926066,0.9442781045361492
1.0633604428479528,2.3284003907071154,-0.32810615342467875
0.5266073205569206,2.3705502501478053,-0.5351024785397214
5.241135786724393,2.8338020205000687,-1.5634973265601781
5.475731601845314,4.595502706433234,1.2274193395643058
5.491943760670595,0.764418054293438,-3.1132500066366195
0.4413774319837922,0.4219575214153084,-2.675267837442767
2.9794301627931183,0.9812604971788816,-0.45661298671885175
4.0424006263636425,1.9081043270747882,2.773567099005878
4.2652791795956695,2.7621319732039487,2.8556853117586227
1.1834096837752113,4.848820510881409,-2.0948743155718543
1.0976599480543123,5.778114840745603,1.5983856961201743
4.805502219651654,2.8875629794516113,1.6406235179513118
3.9307263839482816,5.482144576244334,-2.4439660299509205
2.9132108326775263,2.5357703785486874,-0.023504256982513017
5.265173435230777,0.5208892332893649,-0.37694849013610066
3.248459901780987,0.6756819932433431,-0.04000133491497637
4.466284358084394,5.111255473405542,-2.26023556787712
5.06274337421236,2.544638912664077,-2.9570880854033925
5.483026006038977,2.8568824318125183,2.8278640996532562
5.18271744658251,4.2094113963712365,0.32480728603626474
3.4241087151569944,0.5630709205998374,0.496365592473893
2.348282557827985,0.4424460803868355,0.8934147339833407
2.8570017793019735,2.571237648857543,3.1333892668900862
2.542424657822684,3.5178021215447064,2.7756501963544036
4.104302688450198,4.94268815035663,1.3657330713259128
0.2413093254276042,4.268920944706548,2.2459249459277686
3.414155125580149,4.9557433330223954,-0.30008028984592094
3.192962840846065,4.879464572185155,1.3389689815782777
1.0261286401240446,2.350048796723417,2.0848067038828386
4.518299939194058,2.635373591149839,1.2283795501932202
3.5302806565752887,0.7641508315300263,-1.9033842973081818
4.356741065603882,1.6804944111989968,-1.56505200243903
1.1437053624241094,5.177699991499168,0.54170163248653
5.3929425914909075,0.5160746163660157,0.8462561845362173
4.176926702045357,1.9678937385876152,-2.5901722164970598
1.0524584999104865,4.048791899803673,2.1640101844198893
5.662066591375127,1.195790044076917,2.8154439444766233
0.980208546821737,5.300512401801372,2.1092649507013794
1.3347203759481616,3.3464854957278387,2.1437018568266355
3.668032105651207,0.4422985957472252,1.682131183840875
1.4784358143058534,3.4462682885875915,1.0349480985792194
5.542472144251088,0.9120474151352223,1.4812956134267177
3.539763555897184,4.177290636620739,-1.6880817020174803
4.295507081552966,5.40664856053702,1.1737095903403434
2.0504559012368118,1.4336622701476835,1.6782336588507532
3.479821083384569,1.1466616407604489,-2.906650956931902
2.7125327299626507,2.36795878242576,-2.15239896853817
1.3938688517131859,4.49253435002361,1.6544590070717353
0.49685145537896824,2.1164604941784306,-1.8391248408528078
3.1189984460053903,2.560326862381446,2.794698278199074
0.2437053712364714,1.1641647294047592,0.8709824557028654
5.670147889827759,0.9754183485199093,-0.08387363145724702
5.112313994776652,4.932822954386641,-0.8478117138384
4.944010845899515,4.084117953421275,-0.5444094590537483
5.021662418574426,4.545579514992743,-2.636404171290074
4.147628876643628,5.477844636041269,0.26283698198539174
4.489345650487469,0.5200879386872568,0.4516596373247288
2.5551374417641295,2.3805113229205515,-3.0591494834434583
1.2130085638529078,5.627430651815936,-3.043314813903893
1.0386818221227927,3.5182701287902667,-2.3594423554839965
5.750456011076352,4.299079407394842,1.6879367881020428
4.669489356611569,5.3309393214690015,0.03523632929126963
3.169694640341958,1.3590023740941815,1.8375684235364496
2.4837352947911566,3.6852086140077223,-2.880267277041576
4.3973164611522915,3.120151543227888,1.2666667288910096
1.3749100199802393,4.171812636550911,-2.989011975248726
4.174268116874746,1.1728950778595781,2.012242538805726
5.831024499666673,4.026904681736376,1.3759954446986251
3.1872967392589575,5.0470521092698055,1.9880322233580952
2.9191225998189294,2.855669220601961,0.04172549191923114
1.5496464004652213,0.936812888344154,1.5014258130380878
4.269723473285505,5.064665809434255,-0.023294167480070627
4.066792668575754,2.2129291001757014,1.8344488843651625
5.619396500845763,2.3260452717341358,-0.663659299894158
0.9886959123960211,5.261597359974065,0.36531809823454475
5.368370981321211,0.28959357001137187,-0.23735971635120157
1.1893441850368942,3.817701921596759,-0.5371739231558652
1.1495351767593494,0.7058494515731946,-1.182956293193379
3.0358358043911013,4.893062439954068,1.7367842999775691
1.3024030864327572,0.45079616923670174,-1.7706164176011658
3.306269974759828,1.1509028888115278,-2.786630623983488
2.165828554970105,3.4614458586975725,-1.2789738475963435
3.166920468674864,2.132095087036178,-2.6777769020534192
3.8245258754290887,4.05460465168476,2.568639117200843
3.2744932741157196,3.6740504340111046,1.6353703287526447
2.5681471142637102,5.0580882875399436,1.018034993191173
5.650236933179318,1.5711840951236236,0.7154454489889037
1.0962735459736677,5.829787525711607,2.669782508935077
5.38619061070529,5.76398931558163,1.6228761841599164
4.996307096281385,3.9140937941341267,-1.2239347090122192
1.4913460582034708,5.605716229547173,-0.16292139650302762
2.638196699793188,4.641337369855794,-2.9820406918932445
3.0056277419309207,1.1001374586307653,2.4262304556579197
2.6033473460995884,4.573183031155318,2.1818325171794823
4.30344563577296,2.90708779865924,0.9586815785654768
0.9137697770928837,1.1958234546420001,-1.2596961093388452
2.5935897860775965,3.0728947177254025,1.5607003162190445
1.167656086393407,4.679668625931489,-1.9946661961597019
5.210586926503378,1.896029914561445,-2.9396706189109003
4.334269043586742,0.8848347267921384,-0.9715909103989815
3.4091538857557597,5.39967476063369,-0.5209327590264063
2.68715017193246,2.439677070203088,-0.46684610899549206
1.8390433051842132,1.3882354359284732,-2.506047077452447
3.9045980085803897,1.5881160109361732,1.9555248652133752
5.173653123858284,1.6238903739126498,-1.9517119132106668
4.0401577873508865,3.4091048514103917,0.16168702127867318
3.77075278727345,5.372500653791029,1.084557292027589
1.0199307088164766,0.8988932752527725,3.04975622277328
0.7314133280118376,0.4586341255093018,1.2565545734645402
3.205386141622444,0.994386911713633,0.1978056558032768
1.299169804060947,2.135437317103743,2.7006294393001493
5.561226364371549,2.5030521978589566,0.8121217273855663
2.31518964756432,3.6670467146050454,-0.6476556020570139
3.9848511404910334,3.961659269566108,-2.5208080637743038
3.5312055116361156,0.7834383494073474,0.010007728645994085
0.5024419433806739,1.9383221586349073,2.4362528073820364
5.565352856795776,2.8357051730008944,1.3368925730041346
5.372843442885888,2.758049719662149,1.1758383676816528
4.530708639360762,2.910763054137842,1.9215003737761558
4.2522135685943026,1.9030756600030776,-2.621607508329066
5.339191581820223,1.5942484124194989,-0.5649941854644993
4.059626779467477,3.9414086995540627,2.3400605018817116
4.124490013879959,3.517585266110899,-3.0806302130687984
2.5252704311720895,2.270216282451928,-0.018067877152291523
4.2509968997202545,1.385532572269662,-3.0793910504789195
4.012368778572329,2.576224159768575,0.9245670374219959
4.499734499557285,0.9836559192469558,2.5424413755439135
4.135810421581105,2.1338225182907156,2.0011583604398933
5.490711689338099,4.509238125650348,-0.6329272778042294
0.15139653662780694,1.1089440868703895,1.4049717356347031
1.45141782688281,4.392480500219306,-2.7471926334876544
3.1570081830097294,2.7862524473643977,-2.6413786831936217
1.335200032633101,4.538802662157668,-0.5002819117834485
4.838161917449857,2.706284786796552,-0.3215883456365174
1.8973312060588006,2.2602363108040957,-2.7119147123385723
2.9651952352922084,2.8348021468651825,-2.4393213467573562
5.108915487777912,5.334277764860458,0.9969821227458917
1.756517836917211,2.404468606569386,-0.385639298954779
5.822696440491042,0.42845158232089675,1.0979309629763918
4.687831591369808,2.8525497215263727,-3.001044344445905
0.7792411486388078,2.1964818520239513,1.2546856581842976
5.773568369488526,2.753163413889498,-0.25637875083298844
5.700810072673905,0.1831924295013332,-2.397553178977885
0.39666155143931703,0.16689543718361555,-2.622507504257921
3.995667829574126,1.321396146682771,-1.24191910579629
4.352451522843449,2.8553867597974225,-0.928901031283206
0.8952608762958036,0.5246707048181318,-3.0731010150849
4.423005006836524,5.162474009273549,0.6734172001886196
5.342172469701078,3.0605340449082217,-0.9071986616659382
0.920727398187883,1.3539444736708681,0.7602472073712674
2.7211433341256104,5.111144241633681,0.9880196722874528
3.9011845130116125,1.6452417417199452,-2.2992612053687234
4.535631849343076,2.612641051923661,3.048242348750822
4.309327590559009,2.390870656709472,-3.07549895813179
2.9940558479390087,1.192954802193473,-0.6356912681221485
5.577069082361934,1.1978700802871247,-0.025249283557386093
5.15066056379707,2.799999238113659,1.3496220928002813
4.979347686965693,3.143379385361428,-3.0703429453369733
5.738007956535713,4.299647002393612,1.8523737388101438
5.472631565904091,5.654163193851927,0.07633604209548883
1.6272400965717955,2.3109139453576346,2.1416559897511087
1.0429690597417642,4.573029978362326,1.3299327634075455
3.1010096205842084,2.370077579985522,0.9001536819890088
4.7400919078848,2.7899538010528633,1.451950341654265
1.0960119083448527,4.69248636262446,0.9053540192057712
3.87609047934796,1.198063548918059,1.4982679576272666
1.4837084423299562,4.635698102298974,-2.023583665675559
4.5441720741427325,5.075744063592245,1.8813429792384841
4.405817265293445,5.070858485749209,1.4258254002578807
1.9347645453790356,0.9288693399627719,0.8698239986302267
0.6704868918182654,0.96724690263991,0.1100972932324682
5.57944514198207,1.4370537328335682,2.796773029429306
1.6238313026703408,2.253853954231525,-3.0504682140880393
5.6444322943706515,2.1109159748882282,0.821560309271276
4.2996295242928575,2.2334461451701135,2.288310198256112
1.163507687209528,4.127487128334204,-0.30186951727765
4.553994013692381,0.4523324321660862,-2.318619825265179
3.4225879356688003,3.918319310209728,2.764193924014341
2.4334981201352965,5.215162293148089,2.204212941539584
2.629830229796843,5.298468008975986,-0.2688840617052932
1.5138185259464747,4.941683131929783,2.7524839566312593
3.8652031080196494,1.2733564192929558,0.9874721901001458
0.7804229607305009,0.7525879719189179,0.1972989304157462
5.454431777095831,2.4203492255763495,1.1489654149330564
4.921846766165735,5.372172556558661,-2.1661485652311034
1.3579982867657052,0.19543409888766594,2.4428833676717083
1.0820165192740967,4.637872233966637,-2.2338788972904724
1.1476005935282807,4.599964094281406,2.18928599318218
0.2742756176747896,4.857117882419521,-2.9346786804826435
5.444993540256804,4.515885118310198,2.4382194415511984
2.9737336346871093,5.062706096664161,-2.9751477323842637
1.2586792205216926,3.75696232083321,-0.8595593894149789
2.9816089236970793,1.1236841298541913,0.2674982651249018
5.317049579473807,5.294319971924159,-1.5952598493403143
3.2974104301769054,4.236576165222354,2.2420332664069784
2.7083204103212166,4.808660186225207,-1.2981349724394013
5.003137477686146,4.584958195703204,0.7961218389979781
3.9495184697478645,2.4675461669005685,-0.7033167371546152
5.365565070683428,5.159085165280253,-3.0073958290242366
3.2025125639714282,2.264664903933075,-0.7775040742965187
4.093697358828086,5.054544326042014,2.448547209587862
3.10144880164441,5.333883948116078,-0.39501669626195257
2.2005068005657686,5.051495158862429,0.21362720747679376
3.029337382549076,0.5120337046159604,-2.3233940208427115
3.1673102679830416,5.119859132012367,2.8140721432744167
5.645861775008248,3.3036472874104605,2.3090682012945516
5.529708113174274,2.019353774073243,-0.09707936170444897
3.3076738846276648,1.0427323123649461,-0.14021394130813514
5.801271715590508,3.8677347658527648,0.7023083286867062
5.45422702057195,1.7769586178063237,-0.4037606027118952
2.5736403515147304,3.404233954191377,-1.8854970214688676
3.595842343206786,0.16971584610346402,2.030581008772666
0.5579427603940055,1.4525664128687803,1.2779260403111543
4.823950926354082,5.041689359097586,-3.117480479289634
2.326399525622188,4.885342383247361,3.044743564871
4.083375658617589,4.237411880168246,-2.0889276441476765
0.4773093660824077,0.6353334504921282,0.6422534214100075
3.7599754280257476,0.4616802673677136,0.5221653718917354
4.088246771004211,2.4128525949042645,-2.540445322526012
2.95356981637283,4.030162406164467,-2.524761798565209
2.226016504173821,0.2762248281088331,3.041977610857728
5.7852693103296335,3.136061396447496,-1.63837016662783
4.452867846365165,3.187769002345035,0.34245860192235966
1.0364440166219058,4.941924810099765,0.9083695977437944
4.086369602836893,5.638851828858646,0.013638934212288678
4.271329785150458,2.053780236008911,-1.8318991196637453
3.9321069036228256,5.611614367806446,2.7016674802805207
4.108860258597213,2.2038084135148126,0.5776051773768107
5.4645499823005705,4.965745156369036,0.6530681279829538
1.6488449753081054,0.44223561334713657,2.4827064864675172
3.8506068488421876,2.069060018550027,2.5602146454140238
3.375969934518349,5.140807048290469,-0.9582120633356728
0.4683194100874204,2.2999163792869917,2.029385806930252
0.9891823051589199,2.280047379799539,1.1443743363490233
2.977459862047607,2.6155083933736725,1.9543619828524825
3.6107682938187073,5.100169225529402,0.7588103907311763
0.2969652462729704,1.598394562399745,-1.5186083269361204
0.39727108922857735,0.24935092304332396,2.6931614235926222
3.3163833732622026,1.1030093244213275,1.067546077877033
0.8924033548237398,0.568984744343807,0.012580208402034554
5.824068349963216,4.0018017834098165,-2.889973541157213
2.508174025231547,2.3548069462570425,-1.6627556256465434
0.8118554640263356,0.679319314987683,1.4398958933317862
3.1121132564764755,3.678748067725286,0.10532331047111798
5.26586077852464,3.025229069667323,-2.77880509544001
4.772234046998184,2.6467261795922377,-1.5043088120351842
0.2445739638516864,1.1289270224566212,-0.9037820509052192
0.5439134005497526,2.00006048417867,2.6331718479623936
4.106259948425656,3.5442883914292187,-2.6384820924283527
3.972765539749444,2.7275707855227544,0.701370212764389
3.0657628735287012,2.982989790435922,0.2739698704207125
1.461968327297636,4.951809349001151,-0.08733756712839957
2.59988001592224,5.072736750964081,1.88650196354698
5.22331982586116,2.1006299988677233,-2.782367151825597
5.5948769583527165,5.57650200373714,1.4135475309468957
5.149611020615865,2.7426260215729164,-0.3185866723658699
5.199159101870747,3.1137783186225074,-0.4244982604639742
4.4615445510730565,1.6090561247979565,1.1630302213049744
1.2927689029298979,5.089876889446068,3.0214731268404016
3.6012827883515834,0.886232793651909,1.178831905596633
2.19522051751024,5.154214909328772,2.1763093864562544
2.7257941652387396,5.690121016408357,0.8929175952522783
0.5759672036603005,0.8496140269387409,2.959733881740272
0.8790009361240794,0.3169003424627972,-0.2205873274681771
5.192850456430426,4.464188808317336,2.448920673340859
1.2057841799396933,0.5088677753159574,-1.3980744409499348
2.3247134667444107,4.529402030189969,-2.5978889317331046
4.133638747717044,4.11463400445134,0.21751147088349754
3.6223048191205205,0.5839361531291047,-0.5919338856899845
5.2350277849466424,5.761486518187712,-2.8057716268196002
0.2049214652140976,0.7995681022134484,-1.0487864818437873
4.996566210896374,4.1213185619377,0.785946313579776
2.3040107184461256,0.639919197090616,3.0759538558321493
0.9898566694507216,3.2389855789114126,2.500951672612694
3.6594444973438516,0.4932849556369516,1.8760160236095151
3.81826725266965,5.047326890202662,3.0759512535053215
1.7207017554715878,3.127984671841265,-1.3832057112855636
5.436715649538887,4.217758111474601,1.0447426932534807
1.2403339677508007,5.798956049991022,0.7632760159583771
2.715104854340959,4.738605373220968,1.6797699417935492
5.525536044784494,5.41634000346967,-3.073401718945519
5.475777986782798,0.9200386445524826,-0.08388753166717411
4.489086721451695,0.30201769917324905,2.792122006981188
1.6131850321331402,2.2141992819586416,2.9564124741736055
5.3399734808522945,2.0083833508097664,-0.14806704854337926
3.6994413224570564,5.614564723370089,1.8860571977531757
1.3333049522983718,4.213484916078417,-0.007137025573185074
5.159367427616667,1.0644808231887084,1.5965137240086555
1.8451002433023795,2.244761327626949,2.5845555988832185
4.1716014902435266,1.90110071520703,0.12792699704705113
3.1779319508902937,3.907921278764515,-0.9466177612560678
0.3380966343626639,1.422312461245245,0.9993808587263562
3.2756818628300612,5.266063546585659,-1.7456471965459741
3.945269213504835,3.6436728628117256,2.355715743348238
0.19063455041035038,2.9882209151760897,-0.5103503439199826
1.9854107883810956,2.084498559898454,-2.8339643335485603
5.756328273010877,0.9808044298192826,-0.0830887845862045
0.5302063065510396,1.8305349640579565,-2.1370703073986874
3.8561900537240628,1.6176515086991137,1.8406758864173112
2.629164456373829,5.00819575684169,-2.5075398675306277
3.240137834467938,0.4301647360272287,-2.185968319680408
1.6197748206535896,0.2545441315123764,0.45736766679003704
3.9512564837047197,3.1887751987026554,-1.517509516868903
2.500704829131446,2.1121558497428983,2.5096079387322954
0.4511837309181912,0.15279653896324663,3.1258712500171715
1.2918175080363363,0.817117480004661,0.7801005906772986
5.589414526238286,1.9262423673870377,-2.6828512778906317
5.057270476223692,5.7716090480765505,2.303860929349139
4.364712124907886,1.5644511255222533,2.316108958817991
4.191876942305458,4.965430189384814,0.7589942922444326
3.2674454563308033,3.945015630898522,0.9203042767746439
2.179177344315254,1.148437723482589,-2.1561592686720727
4.547082379640087,3.2159517493001406,0.6413913486330696
1.2354592943128335,5.559699038479863,-0.42161234063903086
3.9248466512542883,2.770713800809105,2.17125516226326
3.3967184777468784,0.16312993375605322,0.28929888356231936
1.4404778763815194,5.848134339502751,0.1350083152594359
0.48618912017472304,0.8502053642741632,0.4783808510031369
5.117238961705329,5.16736969705331,-0.435728539431389
3.489486923429844,4.878738710643915,1.8800437485809631
0.8330750490868253,0.48852343892799666,1.5669017188230345
2.2378666585325178,5.29880726605192,-1.3588528332082268
2.805672338555998,2.2059597647129654,-0.32387399331901223
1.4255162998474753,0.5287352274558095,-0.6232291149494507
0.31272795487709537,1.336218733872811,-0.47730333543102743
0.49991571068897867,0.903787471293219,-1.714971106066462
0.7495193129490287,2.2397932814086126,-2.2588788196640626
1.4708669012707372,0.24496560835717807,-1.455196675413006
2.3331091153008963,4.3999910020531985,-1.6513321592528865
5.621897409331168,2.378131514368998,-2.6495602499047592
2.251954961492406,3.0851000873434673,-0.35548988205856125
1.406856598347842,1.043843465042722,-0.591876980389531
2.3320860966922425,4.062114164531801,2.662759403815155
3.3549354853551963,0.3329621128311284,-2.385458617395622
3.304641060201112,0.16642856015322272,-0.49082759531196496
3.142873809014976,0.7518503369783247,2.1632250057647298
4.234724493193782,2.214477865158684,1.1100303523881934
1.5790563754587053,0.841322870304337,-0.9429683761917622
5.814043334105595,5.238044090464284,2.308337276119813
5.245127084774343,2.8630335689489796,1.950763314110234
0.2121125291307635,4.4577810496388315,-3.007328608595267
4.740947150897328,5.790784731671698,0.33616305454941786
0.2146833561729471,4.87686994978208,-2.5702803349316725
5.40336177633702,1.5097086280799907,1.0100645954643364
4.313704899259003,5.558963593807711,-0.5878887844929923
5.083628685300466,5.823080049545788,-1.7607849402315978
2.6481518365481227,2.43789235207413,1.5046135111222805
3.536700553766737,4.151693862068434,2.494142693583716
5.435807697492514,2.494070195083272,-1.5724546723736073
5.418959153295391,5.366945426080845,1.3632076768057955
5.2365515430384715,1.6724829400897658,0.46628014178604893
2.4378054289836895,3.048580177052542,1.734875113527445
5.818036875491763,1.5933754242010831,-0.7022056709155029
3.0313741369761473,5.737775258932603,-0.06570884356560835
5.338146943778372,5.684633831189252,-2.355045832479255
1.0969076703777514,5.007894401835383,-1.1686730209626934
5.17691608869699,5.683669880082251,1.6265575667620276
3.89728224797307,2.2111923769453967,-0.7415143465566723
3.5213525198801734,0.9472925743494445,-1.888272212430312
4.274345248638334,1.9987472637595731,0.5057488552057343
5.576307032749861,1.9460512407042325,-2.018862411613365
1.919766140701718,0.17834817533527003,-1.62797301416776
4.205448557199782,0.6480094617011012,-3.093967155887075
0.29203347983255745,3.9364065376946806,-3.139911067747207
5.81013124134398,0.3850577429234683,-0.8672397981264357
3.4523428490021377,0.7903147112939126,0.14232403678588534
2.6065586486639347,3.1968203786854907,1.863279789956363
4.084787474220065,0.9238508290078769,-0.40341544752565417
1.9101762790240533,0.3179143291158082,-1.1295560035416923
4.07091066632431,1.711579284302967,1.8208216418859076
0.853307261940367,1.161207324403541,2.994171222695555
0.9914399428451928,4.810180955286056,0.9843349057000061
3.8183337794253376,5.686798867212588,-0.6274322918729078
1.1250978892333912,2.2788053216611495,0.06592950597481062
3.9563882247740656,5.480304828540813,1.1246498645683305
5.184476966884169,4.74795399423857,-2.239668883908045
2.659279425976048,0.3327739698943317,-1.6330499327136867
3.5918297283728315,0.5890913530582598,0.6147339582956284
3.3086454374356338,3.710586827969843,-1.427274780063841
1.2080627787095564,5.8195706307669255,-1.6653560349738754
4.1263526810781475,5.5396604894998935,-1.9988418003288213
0.2881045405074223,3.938026841019574,-1.4679404261310576
1.9157789475607383,2.2750770297598386,-1.7921026416855705
5.396588295241999,3.8780164747510684,0.5761004363317705
2.428505988370272,5.532052552543397,-0.9234529313502757
4.122787248494066,4.033478813173164,-0.7842686628675191
4.2725596618237125,3.250967326733499,0.4828321888829734
2.8049911942257886,5.834949739648014,1.5308154669115108
0.5614561831963214,1.1535560808037824,-2.825251547107718
4.073342787810455,1.3080996976980037,-1.7274938147623469
3.9819181115338917,1.258931988334821,-1.4551937432369997
1.4789018945250612,4.650686540510957,-1.9551450842047642
1.1323248516028135,5.369616653016173,1.2973775589323973
3.114574480743279,5.7491998795427275,-1.4440890252360912
0.7135793740839842,2.261421070800158,-2.389892799434522
3.0490797862782695,3.9133950817747998,2.396095126470592
1.386181001005365,4.3897874112279744,0.2719832564192859
4.518367171169117,3.0781146617204582,-1.9997263631738966
1.247918072287533,5.3539037438371935,2.5294597178789333
5.437413766803377,2.3589061623739216,-1.342362520764783
5.543306484795577,4.08248658751466,-2.6422858340156368
5.041846887672386,2.9222861109760414,-1.8488484874721818
0.8735840404060886,1.4115693702158354,-1.194659585689029
5.161364733406291,4.587720783438103,-2.069361307572976
5.162125238506302,2.3284831755333064,-2.1917259740332913
4.237792997251237,1.186443425657627,-0.14176257052065777
3.5917810170884175,5.347506454273695,-1.6446884448692343
3.193964093848238,2.8042529874556594,-1.7629237083569815
4.4723639432813105,2.724265367695174,-1.3458929588985735
4.576865887701006,5.766175863250196,-2.73247167938845
5.071330978172296,4.9002683377938325,-2.05537531901731
0.20121173369500012,2.0891758614973943,2.0099966212209424
5.019782746368058,2.820990031579898,-2.1303756822934927
0.666142113769415,0.2013317964977006,1.9777431158202559
3.167150669742387,1.4904548814063752,2.8911709447631697
2.434929265077546,3.4117723648905294,-2.083437370206844
3.1828275771697294,0.6130381561014135,0.9323573278360051
5.160243165332573,4.283271620686732,2.790754045597188
0.8929878569328478,0.6615159068180438,-1.7535838976319813
1.4689897091248187,1.3719064095636626,-3.1029327213164666
3.765888914612587,0.7164547833728598,-1.8679027896168605
1.2780609268142589,5.4866963814228695,-3.018297014473589
0.706188214600364,1.3366403757085266,2.499187289686007
5.450971659594971,4.686380159670897,2.89851446974708
2.6896114263360875,5.817284213380882,-1.2085831404461789
1.471821704569351,4.32457097428782,1.6158661879932508
1.1052139866481092,5.316005350134122,-2.836357273962627
5.381637851939563,4.611362376637047,-3.0301486393525745
5.315588867348742,1.8143023699327707,3.031586253999026
0.31073930723923593,5.449885155316409,-0.1519902154732491
3.4612232821516438,0.2636725817411849,1.811098757217846
3.6158457986081567,5.4470285670415715,-2.2294108176646303
2.80613746625405,2.1717099568475744,2.1772211386746125
3.1448606629433087,0.17685263213497415,0.7449345636460185
5.693490792100211,1.2666607123229028,0.1129544589658642
4.026282444854543,1.9252695066540209,0.6563630261818978
5.492732760580042,0.9271679836407061,0.36645931007415955
1.032019219369179,5.0618036942510845,-2.6522320397979096
2.694801959836992,3.3586977558396285,2.5005793251498414
4.606737181711486,2.8531062687838604,2.72874775729907
5.3427440341824,1.3434125036819704,-0.19373815030732677
1.427574000953465,3.680332454520818,-2.5603829901976147
3.4707629009866587,5.3140740735900724,-1.496042390204229
4.147513918225457,0.5485471929969665,-1.296011118484846
2.9441744059640778,5.69823889417777,0.5415359647390323
3.1881848167525177,0.8483126656896802,0.39518505715382357
5.105322497625579,2.5819125007216526,-2.637197154342269
2.237341531014157,3.892919590782073,-2.74813173049288
2.115754857895299,0.6579726165525266,-2.802333058993773
1.9016575105060591,2.071847853953305,-2.9154294080370344
5.331385399235715,5.494535882061747,-0.9442161923092964
3.444233783405086,0.6624001054770194,-1.1248144489211644
2.275379580259435,5.569267055563981,-1.6603878668822307
3.9333583001502586,1.6725289604477416,-2.7447778119528223
2.4984907772073277,2.1772088824747144,1.273502793871062
5.636847280388883,3.8829956185610457,0.8963577891611889
3.539106227289276,5.680466320410938,-0.030766354476185587
2.4117687607714955,4.1171953009815585,2.0205506390665233
1.0113002866797771,5.003263195483003,-0.8031416538730642
0.16474249938040408,0.8812592617512791,-1.7945833959352142
4.886211010262755,4.054676745747672,-1.0546245462009
3.760870692108224,5.687918707858958,1.515822524785027
5.582674718483669,2.5307032701023853,2.9770029848729553
1.4294749126048751,0.7236206207152442,0.6011287978947313
1.0473904086437427,3.425731162605318,-1.7481423833767404
2.4917340161647585,0.5126419616391855,-2.224446924284954
3.4311553949839038,0.4640180756968282,2.2457286566668007
2.9524705918986944,0.18305758494096547,-0.14180576296906722
5.137844690016338,4.065273948849958,0.9997324751460921
2.1136653404536454,1.1058066173308307,1.4163123181786306
0.27131355652549494,1.971075042755557,2.2157147599320473
0.37695713428131783,1.0554346992263,0.7672807820629024
3.9044841240615944,1.2093031120034017,-0.5396063620018685
5.4760538444599955,5.045142719716144,1.2333282246565913
2.9507200836393643,4.931351176943646,2.620041853746068
1.072455434405274,1.080625812337433,-2.0430475142921587
5.724016246883945,1.2495809529045687,-3.059736428165389
5.740660962772643,4.846987965932231,-0.7683312431588667
4.4606913686499965,1.7802888544408408,-2.1999634341979735
1.7601974629952857,1.114703635848205,-1.0698397335369028
1.180082525967904,2.274587089135653,-2.868385517954094
3.6301578526729843,5.218943288884011,-3.000587124801377
0.5917131037324312,0.2347922053776752,2.783988059299576
5.002385760384465,2.6239521313090375,-0.5043476764275203
2.5804776547053967,3.811183707371764,3.1322663269624664
0.9435087914210811,2.373531132482667,-2.965819014541032
2.9879217630640555,2.9835155795410593,-0.9605983997761793
4.918536566938598,2.974736636353195,-0.7235760548402981
1.585768591031392,0.185678938743566,0.6611078103132084
1.195416829975999,3.4689345235836755,-0.34784538622592276
1.5514665177386662,0.580640343671349,-1.3175311882119418
4.9703869132798895,4.459797649257965,1.4321222204180515
5.845767111708036,4.521540865369113,-2.0179634405202496
5.05256772609936,2.6617716100134112,2.2416762907317196
2.601533659400096,0.18572570101156116,-2.0222255720368065
1.3058492292007187,4.289316692314067,1.1796370403730396
1.3229854217444235,0.30341517136133644,0.041833567071017264
4.940598026588427,5.833856226265575,-1.7752625406293128
2.326832762413521,0.3454494601071545,-2.7176103565023757
4.142538741646979,5.77275857158911,2.2218698565585555
3.952549480136639,1.4043138814868719,1.3647417590112276
3.220411584595902,0.730050858306184,1.3168437943833284
1.366147336725736,3.9787895230617787,-1.8329105393228173
1.314996249694714,4.347496219968372,-3.0134888324406917
1.0859517300768398,0.9441279484036906,0.921341316954285
3.7965847143943816,3.9637471852227035,0.8946205604010835
5.441024144335793,4.244258257899679,1.2531741631746298
2.161042527676214,1.1199221726171409,-1.0970738251182617
4.230072802678855,3.2514952379258393,0.30597990955153787
4.32173981788858,0.2691317164963949,2.811157038072217
1.6728770928062437,3.1087772452877314,0.6405680240805767
5.717614342926064,0.32457892470025684,1.9414801701067397
2.0184681296062204,0.20122905349289066,0.7236478382893914
5.814514781514774,3.3725736323556963,-2.778760629739161
0.4894885934650628,1.9293338073039943,-2.9478493796339476
5.5074366328137945,1.6770626939982654,-0.6837826527797315
5.37741882155161,2.198494225849653,0.12316519665062575
1.8674831309830642,0.4051904088990559,-0.06733237638312017
3.0316264697447286,2.0494084840647204,0.4182246466026114
0.9968537925301217,4.334221373615752,0.32658450867662436
5.359422831684738,4.842926427184064,-0.5670623723641768
2.4528483737071656,5.487522683821419,3.1379542128743063
1.4679843267680572,4.48757791031511,-0.4545589951357236
3.077407158455763,0.2822966469898587,2.6256380303399665
5.084693680051088,2.553496595449503,3.063486822218599
1.64426346807947,3.209409117159102,-1.4937961434053137
1.18921226644911,2.107780016624276,-2.5874376148313996
0.9941612407469413,3.444625224736889,-3.112870914932677
2.261029683805943,0.23654856042451744,3.0108213994134596
0.3494292887247896,3.8875595789408943,-0.7353273810854666
5.165912951149336,5.52485493329364,2.7814529076087613
2.905226004715354,2.418620615445424,-1.9950440998436054
0.2139070759701669,2.7878764554778535,-2.5608280688527927
3.899419347710171,2.0293317688847465,1.403893968472154
0.9739118618888665,3.347606175185316,0.5151091494877091
0.977373014541332,3.8112754778501845,0.20853530658641706
4.484626829718639,2.9829605155313126,-0.9348517793670723
2.1641951817849105,5.334799515939643,1.6997788243039214
5.232777536635164,2.295174297938565,1.6053976394611018
0.5679779765864938,2.0571982405924025,-2.669645930348865
1.1197063294573708,4.4692334977379335,-3.1303110477270994
5.3399825490987665,2.058363002711443,-1.561783555135947
3.3906452013380095,0.7833756064901922,-1.8359517686986893
0.31463378953609444,5.041352467643918,-1.854916031724839
0.7732152393060072,0.8115212280881845,0.05570974505790405
3.9410364362305774,1.2894101399563331,-2.7337757253737127
0.18709196174307197,2.275676105937287,3.098420789159551
5.201762159105674,0.8067835002444039,2.1270337676274798
2.6933207717633767,2.6278008597513614,-2.9055148565984235
1.379105326948579,4.261690360225282,-2.843678766929953
5.109954608347831,2.7234525503303697,-2.0707916658606353
5.555451111328525,4.300138277440503,0.29869945694647493
2.357339125511017,3.7695934429961473,0.21996519087029975
1.0528482426122836,3.1274277728138102,-2.869377182696683
1.3228566969947313,3.928815856325123,0.6213096713063684
5.1621674349147835,3.00765549059553,-1.6162419442353535
2.66459338490668,0.4961139013320741,-2.309340457820596
2.9073420929431544,2.6731672773938255,-2.6524596843577943
3.605410095563588,4.223038707777498,-2.6750654546293218
2.6437044349860193,4.2722786723876265,2.654494336612909
3.2760513338770254,0.31065995640810407,2.2532326410682133
3.9622378172974377,0.5791660389159698,0.334364609728254
0.6368628151040154,2.416398921222802,3.128365033362626
3.982215332334409,4.920723183565229,2.340151069473948
4.024281931831798,1.3897737181467231,0.7517048714367847
4.2493944908906,2.8160398542876224,-1.3975034487096345
0.18175894491967126,0.26794755152284044,-1.2541109549011857
1.7754164518246909,0.5844975093049687,-0.9263703631008657
4.128453810877141,2.76451958328921,-1.0918691291000897
3.864095726301425,3.9996070484130968,3.0631733047325804
0.2849811371844251,2.4875093758064253,-0.5314715962645331
4.0972990577932045,5.418693502950788,-0.23582654314120033
5.6759921238090065,2.296241540206571,-0.2961009004163375
3.4580815976636208,5.60411311708792,1.912661655413733
2.7287356830213776,5.096089774595918,-1.0939929828300308
1.0069865130043254,5.61506043779106,-1.0432020613777553
1.867844584007117,1.029425249818508,1.8506254643874147
5.807888386558226,2.6517694238689726,-1.7378111685716513
2.2383217885873363,3.3025312530545197,-2.7321216088457283
0.19917693709955464,5.637986478185267,0.012616017144318814
2.7511193186587226,4.225325798419652,-0.043957725916244694
3.59197129456735,0.985375487848718,-0.009174025302930211
4.036346761288211,1.6181763725963594,-1.5784490831754165
1.1488292778199725,0.5378440592066038,1.6337035856135058
2.5254829741088094,4.5662905966585825,0.012395419987925038
1.1838244582188244,3.2715965956793545,2.6982188012336845
2.5344211018864664,2.1528148447172812,-0.3311596866969011
2.318219677068972,2.447952839015529,2.3506554944733367
4.558111032297434,3.1750324344370187,-1.378343184935065
1.35000596031934,3.572673492760984,2.4715879989131544
5.036276371812004,4.460201270981071,2.9931395809073083
2.793087620645456,2.637521480689551,1.8145226525374474
2.214354625242691,4.120178095074383,-1.3093505325382677
0.7301282520451602,0.29933901591380474,-2.4317857902800992
3.8608497433448346,1.2032146319502228,-1.024065291734146
2.1518474712342477,5.53235737076933,1.3210685839530498
1.3334234119758863,4.580491963717107,1.4516374724954693
2.2232015046056657,3.193550089896446,-0.13939245641061282
2.139388980698114,0.9810775088129378,2.7733349104738627
4.9676865016786,4.239908282686787,0.9967237967705049
1.5635740471531094,3.166125466507964,1.7112245982343062
5.343874452523371,1.1792430322195497,0.24805941412665966
4.058349751331209,0.3312052084608468,0.21709217424982707
4.321491086814162,2.447763203009614,0.07091284643091011
5.703100184009188,4.1269071799019486,-0.3798210376429578
2.9614722766534056,2.7576260821521115,-0.07541550275182729
2.820959645509242,2.1644218744242103,0.8188864064780428
4.277119818954707,4.889697232769805,-0.9298078739915798
0.8134160891387889,0.24483202467439535,1.5997964096054211
4.001826167335574,3.65817749171297,0.2090504772802455
2.6816487507918385,4.783336077994003,1.4746560699963798
2.73715070159213,3.947873609222044,-0.5595006595528838
3.1326205691670843,1.1942412408466407,1.8663727350754726
1.200336355416764,5.205848696846948,-0.04275394014362899
3.151789975923902,1.8969839630340124,-1.097100293712372
1.1079079178835793,5.393541271410269,0.14671731914107067
5.427652723508399,3.15150559263055,-1.7805169478041905
2.345579944101618,2.1413940657470443,-1.0686730885465288
5.643443884770177,5.154855417491035,0.9203595274486673
5.236358166483425,4.054020357292051,-1.0509148132472208
5.529400085708527,0.5456421785029248,0.3675001308414618
2.1776494639588106,5.446284156157976,-2.8714961553619207
1.0760633888365938,5.288372249323302,-1.9119730380477469
5.601492779970609,3.8505796087229434,0.8775628042230537
5.329649266489973,2.2175435788407203,3.0083136080467456
4.349524745725603,0.41037088558982604,-0.06619985054607502
5.406474597992881,5.001778195435271,2.6877304485086606
0.45776904543031405,1.794091009071017,2.4568845460479167
2.3756675951206674,2.271409184328288,-0.2248693388819487
4.627408907311317,5.368024834709588,1.5755356251430435
5.435535341064194,0.8616053490954116,2.7799891009108366
3.670047418341553,5.54801274341628,-0.9402742704690641
1.4492176400862933,5.683043587728817,1.854246330394754
3.102738032864391,0.9835472444714812,1.262739928716023
0.4903285977084253,0.2049109888698768,2.6949692075056193
0.27688023902267367,2.6902644059791,2.650166098009816
4.103384982077402,3.8589532884683546,0.4471992411316754
3.561322831980587,5.843545642768657,-1.496711446970253
4.978711771227122,5.519310758839387,-0.1878241533315541
3.1415714368383925,0.45593088696042905,-0.4652280296254663
3.975424311377034,4.969021399012266,1.3773245488698844
1.7007329915441185,1.080244644296811,3.0246426994581723
5.116547502502042,4.071164515253457,-0.741197147578228
3.2234003367666073,4.971257435715991,-2.1191563003064076
1.4758047206548497,4.044955934166251,-2.3651828791689313
5.698293186039993,4.846409272735936,-1.9653530362514853
4.208509035899835,5.14680343085268,2.0709094574197877
2.0225828450742465,2.1562801587660196,-0.9751061333976438
5.173244831470335,2.52090598695978,-0.19778650563144584
5.305012843186294,4.948871327596815,-1.5830751580549536
5.718466942919866,0.8599021301779219,-0.686784170398171
4.77419069339196,2.633799178209749,-0.6890002923159724
1.521282019476419,0.18782487226416422,-0.9202341428208145
5.573491430358942,0.25225644209951636,-2.9837894637556355
5.177912171698464,2.2890670041933916,-0.8632523094983817
5.371486107766444,1.882117365192358,1.7282582872764625
3.98813025725804,2.1900615687611786,0.27091004701717436
0.5066416904831312,1.4253908706236087,-3.127326922880371
5.5403354776858915,5.438593237638533,1.528041358444602
3.707525009008437,5.438530509857946,1.111982466978163
1.7559255926243689,0.5650452750902506,-1.4629873473520907
2.1943588235282316,5.277622402286201,-0.18480289256197002
0.169319105896379,5.249857460706364,1.4028710053994295
2.7462422982797987,4.466675287625629,1.4488255752438581
3.1628318827166915,0.5416269087305821,0.999597149677216
4.402614472310409,0.7655713056005218,1.0412523782201921
5.6701631434973505,3.0700629918884723,-2.2830955573173775
0.34891547388760347,0.25187021115983366,-1.6550579312841391
0.5196202883364276,1.0460005284389986,0.5287057757193265
0.38858205110756616,1.4833989661498976,-0.4876789912384014
5.572240505626751,3.212682027298674,0.31607404143134676
5.561424241758843,5.56103086295678,-0.038493161802013454
2.462215907113827,3.2143147474107083,-1.0186792784620664
0.40311570604345404,0.2863432512084598,2.8492623166196687
3.2070363672546702,1.380237408940442,0.44696825280393426
2.8011458638406452,5.563883260557348,-2.4627856926497573
1.3818888389040869,0.48929171173965336,0.7987854637431115
5.719568491495016,3.822751640240263,-0.6399690572726122
0.23177958655910813,0.9004970875953946,0.8621104523259735
2.8460011978403656,0.4950165945459102,-1.1642826348675783
5.173028792661455,1.3711945741019467,-2.9273882707994954
2.5985077694718104,4.856551780101392,-2.7516928130512954
2.8054542072084434,3.7339742035314645,-0.4742889456512147
4.036422491180559,2.3540786735509966,-0.11638146828279883
1.1897183419485995,5.668436147345011,0.09231889886756539
2.2225811247344174,0.7496908725156464,-1.264924595642302
3.250281121448158,1.24138415576301,-0.1219619706789401
4.804525887283892,4.144299510023754,2.7475972918924736
2.535317036564293,3.3129747235344533,1.8350615248550133
5.613777810875143,2.678671080265312,-2.43005772773007
0.44060326971685604,2.033339304641751,-1.7892772510789376
2.6362864616999016,2.887856941502589,-2.7987086282279323
3.290570308636058,4.110273466425355,2.0072166946759022
2.3458807807618802,0.20691376215951984,-1.9202881786988504
3.0053692677753148,5.2148060168412025,-2.455387545571286
0.5052175590415637,2.440514707513847,0.8053281729610884
5.478386119412812,4.98182220743182,0.09042593569131263
5.336849014274257,4.333280444693196,2.881052336871921
2.11163736673409,3.363577020686633,-2.3555962585352286
3.7150717617065196,5.181891124213587,-2.0473811638869
3.2918901995001297,5.126156841106894,0.7999597595190431
2.0472343784283,3.094120375974742,2.005741214483029
3.234968105753313,2.8203814649792363,-2.6497970357293315
5.4381365935195145,2.7901741701139366,-2.13342260585123
4.27244895887634,1.076958100943387,-2.94999056154798
3.917291076485257,0.7920079194785137,-2.95605459303207
4.775876603928585,4.87185380433895,2.225699255049302
2.934823081951813,5.479391836144229,-1.8895076707379717
5.190296393488426,2.1204219058300575,-1.693569876165776
4.373904434415311,5.289161877007019,2.9173152822705193
0.40828328577088024,1.6847739357888476,1.732309699211644
0.9553102131422053,4.332961861500886,-3.1383092959386434
3.2718091714468356,0.9119171092271745,-1.6911478632510595
3.6280198234499417,0.9649860413099998,-3.1045761929325164
4.551306163308672,2.961459956745995,2.8528316596798495
4.162160002218299,5.5664731736542805,2.4002833291802235
3.203944786111128,5.052866456587959,1.2831782465577843
2.8608062600771027,3.7848369601835405,-2.499072795193725
4.030063099712228,0.7036972681623064,-0.26761576117033714
4.684766896892949,3.1309409562740163,2.5785747726326766
3.6144163296242637,4.11156077747377,-0.004542700653353382
1.7747256684866926,0.723409003507623,-2.2992905140408784
0.9537144001090074,0.8552215670640217,1.5126913869576732
2.865164676351002,2.0614959747412467,1.289253368882151
2.0284179546775194,3.3378955878596015,0.09691208454286526
0.40429198446020087,0.40961116840613676,-2.849841997663119
3.1621327295915114,1.8247323964971425,-2.2622664420789125
0.1729415735737585,5.313155814846806,-1.2001425758163113
0.5796821494191233,0.8569320189196492,2.0955775143655355
4.044866485617894,1.4302177069715207,-2.8962737493256343
3.190179126766063,5.399588943338996,1.1414138912972627
2.8376807538225277,5.482645527874743,-0.8545221126649354
2.825951921210037,3.8059009703785662,-0.5777646830772301
4.186178077820966,1.163732247899729,-2.0108392544969904
2.445507313453358,4.902213722535375,2.7415295539408726
1.779932287647347,0.9430905512479353,0.8432856407728915
2.564793472631619,4.951046840783917,0.4726496445533672
0.26422928633618503,3.2016464352417504,2.6408568266203343
4.224242270935981,2.799070151530695,0.34798332694165435
5.23520381587715,2.2874397915836058,3.141500496850245
4.241790136351964,1.0126199929136983,-0.27304542404638354
2.580342384400714,3.239668602025687,-0.5320031536999528
2.9322327484074595,5.046127745860641,-1.2995637647131395
4.29276315760363,1.2110309346586892,1.3438148775392715
2.580442285400424,2.9667797834146414,-1.8073990524243324
1.1877288001079263,4.674528685813314,-2.7802426390288706
3.1581218706255845,1.8914174376389996,-0.5918976224345798
5.271827438756619,0.37225468080898105,-2.2018092222014305
4.385983423260919,2.1548623955771067,1.9178783583203822
4.895894344429411,3.9986191150757984,1.4227576402704942
0.29757533139581116,2.1771097813215468,1.181346981000206
1.6543027920975222,1.2486548593906879,0.11278370328283494
3.899443663444214,4.97043918603812,2.5514251411328166
2.4521652536942224,5.495003401540377,1.6077887973019047
4.50050570058875,5.467663810494464,-1.513995285784355
1.1660276699132641,4.772756291966078,-2.1086693484725574
5.3523273632161175,0.6201167463468555,2.2087927523780158
5.097455157688827,2.9707843334889015,-0.1537529938730997
4.284082769610075,1.9255390076860177,2.061945538692168
2.069938625298676,2.2954868989703794,1.1465631908610918
5.581023174338772,4.192878459543156,3.035975213711108
3.2284453727409774,4.893830384907787,1.0426344732478467
5.130432628014714,0.3476940863561817,-1.5362732694041012
5.026062214749796,4.687624048246859,0.8859613474394772
5.826129942921146,1.734908642415093,1.6741088676234082
3.5513758063660683,5.360727109369741,1.989540738577559
4.894164339781683,3.903894956846881,-0.34961254919981277
3.469384450847582,5.741616893639495,-0.9786542765298849
2.3718955159171307,2.346384008456299,3.1275460882538244
4.2285548558508985,2.6361873749345923,-2.5508002238152048
2.998887443056651,5.241159750700371,-1.766937230822336
4.250535555696194,2.792042432185508,2.8925285311103037
5.177683772748036,1.4905292451095817,0.5104476996802982
1.0901519472585746,3.911538559667526,-1.6358096776933175
2.292450558733515,3.209083851162597,0.4948356364492601
4.507541972491915,2.8324724950843807,1.6441793830334301
5.638642286061694,0.8823841429679393,-1.1334410669971202
5.034056809396848,4.733756025177703,-1.0393813806195293
4.703694884205839,2.4888009520679386,-3.08498257695944
5.169337463416931,2.3616240701404143,-2.1571019267755136
5.02269907590328,4.874003355549686,-1.1905972438488515
4.942650023989625,5.022264731987696,2.7028588103142415
1.024750454207102,5.115493887153922,0.8760978436566376
2.5181659286540645,4.840507187766258,-2.645824916042762
5.220729618475115,2.1165942181025983,-2.2814824471762165
4.682836971968129,0.3435118324347741,0.9945834902138255
3.172595247886822,0.8304491181715772,-2.428838126740297
5.774744042399058,4.190222141938261,1.8921923260918323
1.3370078396549272,4.1728262318478,-0.7782413355686
2.8238585862321663,5.117620865176419,-1.144334464387475
1.888291720669558,0.9378953396554703,-1.3734247887235405
2.3178981756319414,0.2246575993237252,-1.2511388943974249
1.460873604613703,3.6857324466779344,-0.6112502736418248
1.2108939498309275,0.23197639344513488,-2.897502560057504
1.134879812236219,5.538815593826303,-1.0854449989957948
2.050380811671292,3.182176980383992,-1.9510585511889278
3.4953873805610547,0.6207537140556749,-1.1929388673750867
5.09722670268847,4.925402794491749,1.9665915847867383
0.9541177401734777,2.4194639805209857,1.0170507548727716
2.2058382835060186,0.8603268853073702,-1.469473047005356
0.41254102506572976,0.7432765377553563,0.9621947993218027
5.800688791824022,5.701960235253278,-2.004526630114497
2.012456826001821,0.616736389185355,0.1968384178900564
5.712342200908784,0.7700122335501087,1.6384890066432076
0.9865637620285037,4.769822331894078,0.2537257550051981
4.027627546023142,0.29401428498372284,2.6044994215930233
1.077892666137029,3.7484283024050287,-0.27258455864340814
3.777929496844701,5.305671916391943,-2.9087493357364482
1.2574559461118133,4.392881567115622,-2.477099717415308
3.253951097733668,3.940453421961896,-2.163330561619558
2.71841247198816,2.6321234856484685,2.978060421962386
1.2608132032946047,5.349725016350756,-1.1443600431981447
2.181271518505418,5.83831769546734,0.9414026927393424
3.3112919593206,0.8769988598947052,-1.3860005425527464
5.7699903097920675,5.368909603055279,-0.16593043907673177
0.22624234556987566,2.7713481219920157,1.264372206461526
1.1237468880942034,4.7042525978790515,0.03733634361185656
5.173666229174589,0.7640173329462108,-2.693294554130219
2.72395249988581,3.72091859230345,1.3675940962949937
5.180217312823762,4.2506083568921875,-0.505986735296776
2.683588398290527,5.539215570130104,1.9021166010872097
1.3574868706415613,0.9871430487427937,1.347527031517557
5.216730131151323,1.0614265205428721,-1.0292167179231102
2.9034564526302544,5.504324541518733,-2.8256498990052448
0.5553965819700224,0.6421611043997872,3.0808380273981957
4.625110409577934,2.8713367529985545,-1.2981540482970915
1.0486557672274557,2.3199246084572724,0.5021132941181179
2.134929870751386,1.4441811433289675,2.2893457288340837
2.5997432800940405,3.445131199175396,3.064871785299599
1.328072444949389,4.196518886572015,-0.9891793833883051
4.535182221962405,1.088110764868049,-2.387043298398722
1.4575123161696135,1.250553417252227,1.9535706196838687
4.705110221451569,5.586509646251569,-2.0798651626406475
2.4582719125322745,2.738334060266606,2.6244679513988594
3.8694853013208634,0.6313282982964006,3.0825300525201653
0.5710067466946693,0.8793540276338152,-2.2677738779081853
5.136867800662236,5.7792535122862505,0.29883180562530987
2.400657845123612,2.195112893607985,2.1361083671807686
1.434953539241259,4.243386603152906,0.8474617951950165
1.0736803200660079,4.226316035746931,-1.697933567771646
2.332879101586861,3.179140519776286,2.092658461909023
3.9386122640061645,3.8899478187278325,1.1722005212225595
1.4387971343310293,3.853243895513761,-1.1549603568065083
5.706489525672136,0.7250896227933374,2.005693541170965
5.605164341347078,1.1375600001767563,-0.658361728409504
5.311470016512381,4.371851720077359,-0.015409657537645227
3.7091619127879953,5.1589328081953205,0.13214989209692174
0.7307691804588736,2.429451805103077,1.5603338092929766
1.350314798788206,2.142157265658935,-1.572535224020548
1.5815115183583874,0.7192896170848091,-2.9619876509021132
4.800953281535947,3.8636795021714176,0.3021906811623212
2.7844171566018083,3.0980990586111337,0.6202222294071897
0.2905409359607931,4.461765025491298,0.6086839268955506
2.476285874081746,4.090132696267303,-1.2724566900896304
3.1152565149199756,5.789087054080618,-0.8176527889592622
1.4757154813426412,1.14723681814293,2.3933470816894165
2.4471447249566642,3.0380975410580673,2.102164535024695
4.03816394167726,2.002357335854734,1.2963946133579443
1.064600214215556,3.174564700557811,1.7105411061381979
1.048504602360715,2.1934671219170334,-2.376197557243472
0.3222409524721439,4.857878211085957,-0.37341696569949123
3.5133624695183197,5.555988523487677,-0.37913409496061234
3.945920825819685,2.856620981394089,1.677059798770287
3.179021562885967,2.7082373018338206,1.7005604559875156
2.5017159560569593,4.923153160966586,0.790232058150111
5.209422881323084,2.0274419348767845,-0.4178469497831472
4.150200172349407,2.5846506215589784,-2.0367518244588467
1.4286940181305814,3.9617699680360383,0.37801306299597526
0.5302251199364931,1.7163707381195454,-1.904290532023523
4.100191496861031,1.5311243202239713,0.25311332495865013
5.809767185881121,2.652607049520367,-2.7745780901136317
2.5888526672447956,2.7927606543121968,2.4675944665496887
5.8186532405240525,0.6876457137039897,2.521871531951822
2.583078105407658,4.15557126598726,-2.531193514697609
4.801614609908501,3.947907852878682,-3.046619494586755
2.941152200504955,5.342073489690361,0.15109769195880007
3.33304434024011,5.826468852203352,-1.0595775703733676
1.2220798959062882,0.2068778610216946,-1.940159004608175
0.33054522091502014,2.563074355579807,-0.5463680892804987
3.4611475844443826,5.2482620961709845,-1.948833600206161
5.083083221393146,4.783293007867961,1.1251351051918368
5.531961449457951,2.5085007536185704,1.400833536904683
2.7440240336898105,3.0545683160711636,3.017542831251709
3.3310896645661465,5.722306867595116,1.5554136857060614
0.4935197295113982,1.8635705116216081,-0.8495314997151251
2.5558288693742783,4.962248729661097,1.4702613203879773
4.3144867286159805,2.1611107455768748,-0.1620219062895032
4.70106317821385,5.508760822567057,1.3526505751589522
1.543290583074651,4.210321714554998,-2.434037798931456
3.0745649868133906,4.000631462965487,1.2972853472133128
3.5448734918820293,0.6418619155884062,2.4321140015573173
0.5303166179398078,1.8795673861489504,0.39253498338908877
0.5333015453566579,2.2704762835253955,1.214442327967837
0.48947802968177667,0.9968255204344072,0.6270834704665291
0.6948035906896051,2.3984397450103447,1.600014598996772
3.5322590691611317,4.899846671885145,0.24295751767576323
4.004503671252152,3.8405562204389145,2.336281999220417
0.29936002086204483,2.610184390551531,-1.558050709439823
4.780008260063513,2.70323429608786,-0.11172374579055289
0.19644131406740617,2.1879422129883794,3.0608246638163292
0.1788717616883253,1.598430589782431,2.235159781552821
5.176257556109084,4.236964029271213,-0.9029949993793309
1.59784823175882,3.3005038905165973,1.8578076275061246
2.4087518862407906,4.21368549193868,-2.8073491712356775
2.6634716585710394,5.2364572051586995,-1.0538645184399495
5.5634816209930245,5.139548147444364,-1.1987487071778733
5.4277525344183655,5.630686135036507,2.179590384410682
2.408647770579699,0.17176126767880273,1.340043635815328
1.469854844138047,5.670047845460987,2.684914294276491
5.4542181335731925,0.7800689044457938,2.30758745125582
0.29847074577228483,4.270106697404308,3.1146674782076706
0.9310386756856761,2.229999858224053,-0.4264700883288417
2.443429185711663,0.35503912591290043,1.6087092751116643
4.902522172933953,5.32352351287745,-2.6732026280950802
3.126589511048649,2.5303044464386995,-2.15656984894692
5.546482075064215,5.601566410253218,-1.271554015470237
3.2456900386935432,1.5598928837334893,-2.9496196434785698
1.4923379528777627,1.1708233367056848,-0.1965456988051031
2.674045355719941,4.337368334776545,-2.793054212001352
0.204134036699138,4.280517184721147,3.1192945118555775
1.8977638299727762,2.168409817979918,2.3387781800369183
4.513707755313774,2.3467363681428712,-0.4927603735108166
5.2088028308713445,4.808881321333722,-2.792029845155404
2.632834627842242,4.398836591138738,-0.9114315134080053
5.730340996421341,4.826642335870371,-0.2017921966602816
2.6855455272954716,5.1933422464085925,0.4018374176668864
1.9374229523974311,0.37061914241983307,-0.7055873004933799
1.5118449911418215,2.436960761472355,-2.3930256399781653
3.088111964783854,0.7273148564394551,1.301083464752777
4.383834601617199,2.1694059056966792,2.488800768166344
2.4581346619683933,2.9647172669606014,0.5679411833543107
5.602756640144863,3.8238714863772496,0.8515997308308378
0.5736285564244006,0.737924467953849,0.2148274469464737
0.18810258037551453,3.6336553819239423,1.5489895506130438
4.634660508790964,2.938984800636767,1.221046924531537
2.457421825230564,5.341342144698803,-0.7008640541220443
0.17670245253065975,5.805338033349791,-0.791162902679893
3.8501734073320812,4.954387506418258,-1.7244038039900418
4.6173405291564045,5.309847588969028,-0.9352527235111867
3.554361117739198,5.406348331351742,-1.606033711904729
4.03917183483725,0.37003387658293074,2.2171435945204276
5.7086230282756985,5.058571904315055,-1.5837632365583407
4.427404961010766,5.709579557004572,-0.9319850465512989
5.047506586926275,3.912223977049223,1.1469552138109167
3.200092843381425,0.6470325898748381,1.0247488066982857
2.602918991053359,5.771683146155714,0.2997666169905293
0.2785153004080818,5.785777194812406,1.4485553084693583
1.8376691278261041,2.130589659246776,-2.684167061506644
5.152388831782344,1.0852885994201742,-1.5159488438755437
5.2280867474219335,2.2501251996936382,-1.6939423611921403
4.602819736810211,2.6828807511104262,-0.8974541234874511
3.9235465925465545,4.063500114481865,-1.7409465577985883
2.399295654499083,3.28977904025746,-3.0529851694091024
4.2199883826686175,2.490314545987762,2.2856887580024106
2.424403907751305,4.63089980001425,-2.499949089743758
1.753502876150394,2.075054066921406,1.6609360009583254
5.225931753501447,2.401109674248726,1.0558849351581578
1.969912185148888,0.37303838763082364,1.3309120662483522
1.3417756598297348,3.622649555421334,-2.0565660326671904
0.28927391069221464,5.827947884487992,2.671054818776068
0.30190950926325755,2.5187588364622115,-1.2647191563051314
1.5947220130288247,0.991821393805765,-1.2369456522969677
2.0328376031300097,2.3806545068009894,-1.8716342004911655
3.9190750877937273,2.3045695642719015,-0.5818639986203893
5.432660174269516,4.7589527632162545,-2.6056573454877885
3.5452049439802478,3.953835327608064,-2.5107032096546784
2.105691989874895,3.2442405618328376,-2.1501184206086372
4.044378797720701,2.56409477084146,2.752672171285056
3.200523801393971,1.0945549402797217,2.711613070004069
3.75753736281205,3.850153366722704,-0.5907413539008859
5.206133771496254,5.560502012272422,1.273176337173033
3.223314369402279,1.2363924668204942,1.6041369296911716
1.7526837432793778,1.4187764239699774,-1.1424712100087557
4.4417965399861306,5.343078280804399,0.0490050207843602
1.1718979965541163,4.276999801320029,0.25841651769968177
5.721081600760831,3.3809782858384576,3.094983772652932
5.308913503339002,4.104917850469874,-1.6035370200779924
4.006077802211533,0.8113305345335415,-2.852780095454768
1.3579584959956157,1.4393937368943452,0.06067114469268109
2.2308266219735344,0.7664916498356589,-1.1200619493729698
1.1688858214377302,4.905806968479295,1.1702659091780037
1.576995722419463,0.3526260111351789,-1.2547028198672576
2.4707303860869114,4.546937517079176,-1.419183282110296
4.292918350766396,2.0199710752761675,1.150273992193962
1.4966846799078755,5.792199329939578,-2.7663928486179756
3.9498580222203183,0.6204385205692267,2.9770373223400233
4.608222125561996,0.1788431726135058,-1.728201674083832
3.7051198409836275,5.22453223768905,-0.863724060920624
0.31040892153586785,3.353611345496633,0.05694837252951723
1.1640030201473752,0.3020913679863655,1.8547480459259935
5.722695868644946,4.079521360440769,2.0777378990980973
1.8958432804042609,1.1491338350707492,1.3664345103116284
4.464719766339842,4.878235527490021,-0.3312199567334697
3.934292941485454,2.2173748868894547,0.4945667260123532
1.3760999265705098,0.9857198104474978,1.4333184580971494
4.339086059583864,0.2711695301475676,-2.094051914880695
2.5919207263126056,0.2591488713643928,0.7954808942521638
0.8686153288922251,2.4217494799910497,-2.8111799371444657
1.4366553407873364,1.1241234358828998,-2.183932988398286
2.72584545941738,2.149930547045659,0.8971426774030018
2.6298003934446355,3.2224006162778136,2.503445567946078
3.439393814292605,5.202857208907387,2.487123045597805
2.0863968968674014,3.3563793196857277,-2.2804098360078093
2.4047143758865848,2.1158514213031427,-2.103770446013238
4.1263939190587156,2.538827450595502,2.2079357164060553
2.5416113828597195,2.45916769267947,-2.840563059157014
4.375704197511729,0.9023829018079463,2.532049524018116
1.4318704012566525,2.4309194317876783,-1.0930588624967794
3.667504131912361,1.0652931490047401,2.5483264853650747
2.0340242501225005,0.21522585821607398,2.7777262365772977
2.1509400595494745,3.5108402433910877,-2.645130321833059
3.2452399046378537,0.1876574558895261,2.495444416677647
0.1870308005998833,2.6359431613652244,-2.514034104510558
5.266516854694395,0.4283564044685366,-2.6826241131147475
4.977535350345418,3.216797588045729,0.6913838482883041
5.296436540470038,2.138323416677798,-0.4455202639093545
0.9390748919603658,1.2064895070884187,-2.299506591540201
5.8222042625443855,1.825937429916569,-1.8093268205565873
0.26045726611838793,2.646385272053177,2.282467635991601
3.496848896366473,4.147011891770667,-1.1012528119569924
1.1665912448283697,4.575267135769396,-2.389142481426587
3.2002599897532873,3.8265976904983843,-0.9364777896853758
4.775393933769693,3.1061934679985628,0.38055067318661795
4.290946166811667,3.1615992445733077,1.1298994271678042
3.9644175718882213,1.432598750801937,0.699813897596576
3.4172788377354895,5.518218543438146,-2.807648784061002
0.29991774624536416,4.2728150612285765,-0.178638358851551
4.064608934440205,3.7460568637398572,0.02601710936287205
5.1619683634635205,3.1303288801284426,-1.4878645866035627
1.6385949088709457,1.3857435182371944,-1.0465016814391395
3.1374209294226545,4.883398497293195,-1.7014120946672031
0.25547999720654024,0.5109984460708636,2.520459780653905
4.020668707205011,3.857216797906375,2.4344062747729245
4.879923357057125,5.801533099602308,1.336678107781589
5.513299066764064,0.6611585756966063,1.761676113251922
3.476342167557253,5.359994247098234,0.13162563005990702
3.8971902442856754,3.580494161063145,0.4740833289706958
3.045649352266577,0.5214863170246258,-0.4589338660181106
1.444636960017528,4.799930166177491,-2.739392963361503
2.6606398252543686,4.82310025497942,-2.537364843953216
2.4676414570347878,5.816749631872167,2.5626576862334867
1.5091196036239485,2.437062402677518,-0.33335365123236604
3.9919127574338296,4.234847675969802,0.14596607211116952
4.1271905863796245,4.988016443271615,1.576119507520632
5.621295933842161,4.335548298318163,-3.0267590067374446
4.585053227870972,2.5955838438183436,0.4448808907827142
4.1029392695919125,1.29644590260845,2.0383456752019162
1.3727181338375816,4.6367639553799815,-1.283370869742867
0.26391509277910874,2.6296094354488204,-2.9531084734295208
1.5741670886631294,0.3706722737088688,-1.400707959822209
1.2110056393381157,3.8097105025725404,-0.2798478450872772
4.281271870667116,1.3908328828241383,0.060862447179101054
5.235396492604472,0.35139136770690627,-3.1283368696084604
2.1877485345778123,3.384857206905094,-1.4072473007969593
3.4489202457897488,0.5407835166340009,-0.7025875561605237
4.3227716121909046,5.68893180087287,0.014457095810497922
1.670302618441756,2.120797266256176,-0.033971364889478384
0.17698437183644722,1.6306059944133606,-0.14301601921562535
0.7387326675925336,2.0716035196435607,3.001241918475424
5.142110889095493,5.149986556013963,-0.16733207175325138
4.740900019555757,2.9857588075178985,-1.566154458568253
0.9903314189984871,2.3492682361697907,-2.041793872488269
0.6687164764496543,0.6981080724121458,1.5194737141570185
0.8410199545998212,0.2623842201322626,0.34607035549810217
1.213921940360051,4.472869422891525,2.7199594954935638
5.653445789741056,0.20776571372266117,0.6372044588301886
5.120700008423331,2.662445127010816,2.579045179255001
5.657712270977362,4.042884049321178,2.950440950088823
1.6045124776278281,1.0973571773964539,-0.828359765482332
3.887595482985801,0.6378175438396794,1.3002974167701797
3.4297499534815405,0.16626000848887834,-1.6201853675045177
1.1586760112934817,4.174972643784332,2.3213312195641898
3.65442099062778,0.8477946212450731,1.8412992869012674
1.1407952605298086,4.406246120401954,-1.6672299853329435
4.758322248230967,0.3385628313409734,2.422158132380158
2.8286440778733386,5.545857019495215,2.936110407038549
3.02958889853344,4.875374576293611,0.325046711752798
4.678624466931531,2.6497239526048655,2.2988706122576517
4.013849058559215,3.5314578096679625,2.2883758735700708
2.026863331553718,1.0802838935492518,2.2372498439623216
4.582126844411613,5.067479408777825,2.172302067167874
3.9588629980288705,1.570052030573759,-2.635820725055922
2.9242389070556927,5.614672002292605,1.1883063418204713
4.755901420931228,5.755963161501986,1.9234390266167027
3.4631407559591088,3.670708082605291,1.7960187542150923
4.64850068194024,2.553821648529296,1.0068395880557315
3.0699474715969477,0.7226124662818911,1.3095798926360267
3.076250978782158,5.129869142879603,-1.4686074800566495
4.080011722100096,3.5689881856030503,-0.38831183711888695
5.814518916708724,5.673628427100993,1.0522483110731544
1.6781499985542339,0.3385537532162095,0.19730465995807522
1.304658522339759,0.3075537248027713,2.0588700647255695
5.163808857411677,2.1392066707532402,2.1898493080209374
5.379662886132616,3.0098687713257917,2.3516500357067693
1.331754084822775,4.331988153296741,-0.4586219285585931
2.0512152941584376,3.2762736622923736,2.038049921996527
4.921884691849033,5.7348384287692875,-2.420092856841526
0.3024833841027119,1.1494128130311694,-2.2292442804484622
2.7543713686094735,5.214663291607121,-2.5591020177591
4.814897478803363,2.7159790479425334,2.0580705648190847
1.3145624785733174,0.17965043354756172,-1.8602000031328547
1.133030849275863,5.425311923253959,-2.4568934089127947
2.1552654054833424,4.463654455941594,-0.056006258831338585
1.3530273632859586,1.00154193064055,-0.7208266996105466
5.662171806042785,3.6111586435236607,2.7870495526783055
2.7165564849939687,2.565859718733434,-1.0453474324709555
5.461565030656383,1.4125363051427038,2.5769022013670453
1.3279800531383779,4.263760287859748,-1.1506347547568592
1.3606450404791537,5.567264989594625,1.5927405401415742
4.950513037758505,4.920166609901677,-0.45512332705356284
0.4266447407700058,2.065267987756325,1.005837360928533
5.053448669699733,5.0087382103672455,-0.0707659982755966
2.618439623520852,2.216324049346391,1.011433035466471
3.173234387797316,0.9676000233329762,-1.936011500173841
4.972673463139791,4.056072042418012,1.5062169860164403
2.6784341345337728,2.1278576612889397,1.0132644879546318
5.175298943847923,2.10846449640014,1.9482782896915163
2.4366855749298897,5.492080107717287,3.0535659894347376
3.8630206354261167,0.8382758814884517,1.1084035128146619
1.7565861575369972,1.225058197705234,2.372148140548843
4.910752417857994,4.657171913385552,2.3016306657809675
0.9623339301902214,3.0962340185488575,0.9277958653735334
2.0267948531596933,0.2563629315725615,1.1370373420935351
5.355308055929106,2.165270325137886,-2.4351643626175257
3.158336376054624,1.9909416552300792,0.7040610616671743
1.0704173047403354,3.084284241783239,-0.19273186858408708
4.773196954054837,3.860610108436745,0.7747629212380871
0.4782031328425347,1.4960464562826825,0.8560011864224202
1.0694609967569448,0.3103358706362971,3.1133197279461005
4.32631712228723,1.983506588496491,0.4414024432605763
3.1010808626063895,2.9474893265026143,-2.7996669792310245
2.6041630479284565,5.570539553185538,1.701941765494892
3.221971749104125,0.8289722342489909,-0.1881649016591851
3.024861615915771,5.07475991209648,0.6369483098316748
3.896261594653543,5.450222135525732,-0.5000698554456418
3.959307260451685,4.919786865186026,1.7937617826883692
4.823073352971652,5.175163494183588,2.7441304436205067
3.2649579529603203,5.371099684334737,2.2922861607741556
5.410466186426684,5.434499502034799,2.9704558702635584
3.974901332173486,3.7763924534461077,-0.7903125424555313
5.2770445762971425,3.9546371260100033,1.9301070534733835
0.8725929491418432,1.1488154168489708,-0.1436061091605394
5.331204821495906,4.439110301825496,-0.5436193123362956
4.167293222270034,5.602976468017836,2.698860723070559
5.612396399377701,1.5673852071461634,-0.6161741580773912
3.6726045918037276,0.4286986850586796,-2.280706546656032
1.4004474127056246,0.7901902183256071,-2.1456091777085105
5.26525237183729,2.795020925048945,-0.025988070658382156
1.1488144331270416,3.485221295727227,1.8347736132728665
4.383216241446468,1.8556626306294242,1.3541219845827674
4.345394228259655,1.3948197803756563,-0.4075415125461861
5.044476791545998,4.091844233960786,-2.469252813571951
4.614043449293862,5.222995895134912,-1.1703786150023219
2.672495901143325,2.4072670462828296,-2.4758471626982708
0.28844779257330244,0.5790257838043364,1.415496781319157
3.8513652661600206,0.3292835989388012,0.9670763891497849
4.962211833228668,4.424583384223738,-1.7354786853003135
2.8565829854258835,0.30860895958427714,-0.990496807523078
4.226372336475939,3.0342849340192166,2.55790006582286
3.7580529825413453,0.8153058550536387,-0.4050178772055717
1.1585342337936095,4.279391379245339,0.9114791233463677
5.558753020734313,2.1359117858452503,-1.486071916219634
1.1281707325292534,4.370507173166709,3.12857082662497
1.544349452750461,5.725831062874077,1.322057729437299
0.28302462204592427,3.408169881336521,-1.1935586994705856
4.814472535021915,4.446837845202768,0.5324421810361346
5.7583873829524626,1.3728434653386064,0.15621803787270805
3.6968571040182625,0.7810774232710462,-3.032272736894899
5.23818498381157,1.120808193417938,-0.11714503438413404
4.290932487001603,4.868425390036181,1.266992715678878
1.9190650865760532,0.5897834759005682,-2.291728038802456
5.161777134658713,4.513156768504328,2.5181902602133945
4.907492362489824,5.7514686225700355,-0.13338754606111625
1.4709043022499748,5.711738009988615,2.8732144849556365
2.805223375596502,0.29718445198596966,-0.5918663583282142
4.9839876500239715,5.796674620705392,-2.156799395162557
5.582289671765826,5.373714200654398,-1.5203403461323521
4.158556964491226,5.675711854902634,0.19478259978692058
3.883176576320558,0.5161022940509303,-2.4793769623495696
0.6787202853635128,0.46784306783501206,-2.8122926315046444
4.348808028672436,0.4468293463329558,-0.40077997758638917
3.3671506161879963,4.126075314663753,0.4321039422934976
5.398515178811966,1.9685524820081883,2.3866657754547047
3.1311638798631787,0.32768423795117374,-2.3412866034815556
0.528947216760697,2.0357788851965846,1.6852715250610695
4.059548772252191,0.23592696431137905,2.0509189715004705
1.9429712730319721,0.7078219144426725,0.3893461989912148
2.7759810979808703,5.657869181622642,-0.03362665120669073
5.4969657100271965,0.5535239661548357,1.3992273833548587
1.0363829707510714,3.2988160088051846,-2.253462611763031
5.723587216771391,1.1775188265755114,-2.815367498184858
1.0262877934405583,4.621275065476297,-3.018359272374964
5.169736604348073,5.1816220403121225,1.9474047531515524
3.0113267093198566,1.7099973076073667,0.8759616527247909
3.35775824905439,4.06864937622179,-2.0297814312915197
3.016863601842111,5.105567780319264,-0.48116773887475084
3.4890918945780136,5.514729512667037,0.607526639470684
5.193160593313453,1.3683717670162543,-1.6720629021395823
1.4335205572944407,3.460075158755469,-0.7848081359218564
4.404221575975193,1.6426210231606833,1.6106891276774657
5.543476166332287,2.4235053241471256,-1.7639398000021909
2.186869679245536,4.895381427937913,-0.7045502071422849
5.633409971174216,5.29439057895418,1.7135222889894965
2.9432036637251118,5.3065640126755,2.4892311374404326
4.2949135841986905,1.5299201002490532,-1.661551546747708
4.86807974719878,5.478455770249607,2.3349383072900265
5.464631867723634,3.9869009715036268,1.3574954383519433
2.675179223581273,0.3392112360140205,1.6006859445811994
1.4937186888295326,4.799887410679533,-1.0865831468933176
0.7378979327502846,0.6194328533517321,0.9160108194186627
1.923680527118971,1.3231527990040923,1.103910126353516
1.4656553290165695,2.2249731463919376,1.5507522030437793
2.4175065216858,3.817717798374872,-1.9448531634148667
4.149647360258816,0.18829776304309553,2.0054716830911365
0.5741153784099056,1.310596963385976,-0.23740007089359771
3.9308809511097076,3.0116550274691045,-2.3775857961261493
1.1909219545273855,4.134329781908793,1.1195915759800759
5.20264557961999,5.0596614867915175,3.133602675565059
5.3273716581401,4.591208688355645,1.363854970191893
4.094360847892972,3.160587889326627,2.396184463910533
5.451214855309478,0.544427997317118,-1.7859091149737052
5.0552119720042645,2.49463637345824,1.9547167705419577
3.820223552156742,4.089508094580175,2.181312852864628
4.1149860366559,3.039472103680991,0.7516440080120028
2.7044063425608407,5.18451793338672,-1.3400149049045804
5.3970187011626995,1.286238008461519,1.8006562500127075
4.196691789606289,5.466246515770015,0.7330014257119801
2.7104318079161205,5.766501480906078,-2.1999789750600756
1.4749018824921762,5.102826075335084,0.3696934726542245
5.307015085844578,3.0978973940581236,-2.3433534632740596
1.317017578915899,2.445695555364308,0.8069952756661691
0.2471413214373379,3.433373367638368,1.8303245933948729
3.9502515358478947,2.473373910191907,-2.6570230105341905
3.34411787911022,0.3690035735806727,-0.556533083683628
1.1193033222573305,5.705133394181557,0.7534290807353674
5.811148442883514,5.102939578568107,-2.04427027925027
5.740876403668299,4.193483442897085,1.0578374620850024
5.325036628624622,4.202250548354918,-2.397611906441123
3.764223577918015,5.033295347552881,1.978611670288024
2.0650945770581837,3.3165049295991356,-0.575650860859616
2.7785724608745443,4.105596339044208,2.666673171058174
3.2619567204518245,0.3667379873808172,0.5066328214322136
4.0200035398149545,5.5344465383922525,2.861384098906088
5.0057457229619065,4.200424518436231,-2.0386467318853976
5.482002773133721,4.336598669040188,-0.1739328117022203
1.14163719237565,4.048755694123781,-0.02279377335713706
4.720578973249224,5.8020617053464925,-2.6378152925819363
3.200751577908009,1.4402746945023006,0.3239678488390254
1.9919810653579422,2.0674388993942,2.938402755850124
2.3513516704805384,4.86343536251547,-2.245771426713318
5.376137431881743,1.963270877777474,-1.398849328074439
5.701631556857614,5.374746584465624,2.608666298781224
5.844370077472064,5.767579505848914,-0.5081429797709389
1.2688155788228153,3.735925617885362,1.4310007606858628
5.5248258166445865,0.5852694773104656,3.045034692792605
5.576133479302885,0.42895139323271825,-2.7035670200905715
4.39747145323638,0.887349398709637,0.6976382621014698
0.7429675396053186,2.088540294572434,1.667598041083771
0.6750130167312338,0.19029938548677738,0.3756867359973821
0.6180397309228616,0.5022782119703668,1.4189163560647104
5.578653722745337,5.672095408773833,2.7716775524591197
1.3858453423526018,3.920617302944202,-0.20332245644902036
5.337071055511148,0.5076332321907739,-2.8746995733404748
3.2137905487971348,4.853535509986923,-2.6415373310399577
1.5459943476969187,1.3181820077796857,-0.009479850312826166
5.845049177554019,4.18175758318869,0.08853113245992583
0.9676930944065736,1.2196567830387426,3.0318076192963863
5.719486484087566,3.3475993643115842,-2.2989681220488714
4.304472185261645,1.3309672528089105,1.9345099514562207
0.34658697231695546,3.9524807000869657,-2.175176284852313
1.3229146685881337,5.440648212633878,-1.0447853596754713
1.4554686120016371,0.21508204035230127,-2.9043717938757116
5.195676204463735,4.151474124826321,1.437765012916505
2.528225079617256,3.702376541747117,-2.3861846848876427
1.645046693250113,3.0798934854527804,0.74722367009463
3.532089133075065,3.848118800674583,0.2597468462841839
2.8165469883009084,2.1699104846534443,-0.1251340949639843
3.348779806463468,0.6923287786729064,-3.0591612432658764
2.9915753671279894,0.641834401538673,0.5189627333366649
0.8961251625101494,0.3451119616163907,2.1181979326654146
0.5042280621448589,1.0443498426400935,-0.7353856940838228
3.546587652984599,0.46563175689304126,0.569576752565705
2.201318369907136,2.4497242711332645,-0.32723495886677156
1.169458700739505,4.256586372269393,0.23071870480441836
5.71235109659208,1.9705933327648741,2.52688210369962
0.47860752630088244,1.785508353226254,-2.364559583082812
1.5351122106907193,0.22710365290414947,2.643362865011655
0.43897504233602214,1.5789735459149974,-2.2655025508009907
2.8938567627774834,5.379286041401967,1.8115374527949353
2.3010770259851254,3.478573645350386,0.853551812857726
5.589185793745819,0.641923946619845,-3.1368852121539836
5.634434627899992,3.2218743123306535,-0.8962508759999523
4.342899534438484,2.1068582957921205,-1.4180364648561958
0.29223307056981174,1.2172786247217124,-2.22961648624422
2.9014136601887657,3.694987324971569,1.6091420195659856
3.2537531578229335,5.387501359342409,-2.7579135960210697
4.943529937920838,5.006714848617374,2.5397632206499807
3.807164341397505,5.8104050796269755,1.2924885910004793
3.0043094832329245,1.0678304049700127,-0.11745045846839286
5.540924960989606,1.5145104446403137,0.7459729393770833
4.001480675302421,3.7504826123303325,2.3663524635545157
3.021965199807999,1.008790995906075,0.5264068330320919
4.066809793145916,0.9660262490634783,3.1052497773377175
5.229458628515757,1.3616292530335035,2.241626742937168
3.103005470728142,0.3653582490116918,-1.956727618692049
3.772248396240429,4.036630070565504,0.36592141512239973
5.3350427670217995,4.2226635722179395,0.072883948862553
5.622458326010316,1.1731018465623944,2.1566246067337955
4.818583563270061,5.0973198540261455,2.179480110541756
1.1629871125380002,5.419683618648402,0.8014309641201631
3.8153213810876605,0.4166702501071935,2.164343417222586
5.665810575918243,2.091120811934558,1.6491966829869833
1.1223277303132213,2.3440108836263525,-3.0744973101137902
5.263772392599188,1.4127732286032175,-0.6779949083755796
2.6271237294224687,3.152123771181494,-2.0274629539239317
4.012398586207054,1.7989997094206631,1.3308869252155437
2.8453003702795194,5.794106263971223,1.5929188968872863
4.107031080955533,3.769207925734877,-2.498763579132255
2.4137901530539687,3.036058985125181,1.518969051964139
5.546769245587573,3.9352218122173492,-1.0665085893799078
4.846497463854649,3.9707067222643992,-1.3263336515121125
0.4092224938003619,1.0090756511942651,2.8440828855335845
0.3337155987380591,1.3038375605372534,-1.2647598103173832
0.33746756115942045,4.807804010871942,-1.8393415709906735
5.687339981807126,1.3761491836548758,1.3565030452835165
2.397314508031511,5.046698053658012,1.2488232182389938
5.759510845830139,2.283252498305819,1.5155645260356163
5.693781518426153,2.4119879549275396,1.840233210768238
1.640549618700718,0.2379789249904143,-2.9557539803998116
1.7381299986932879,0.6709623328183223,2.261696078979644
2.784048487679505,5.833740591528101,-0.44295236512194425
0.32081080300435505,3.7159374984368743,2.5914622021999882
4.602049969043819,2.4474412826042107,-0.5002232581410238
1.0839706202882657,4.653998216656042,2.3820364733513193
0.599682094051845,0.7552271195645395,-1.8409019433576617
1.0156913906456546,3.8750503602769335,-0.6596137317277502
4.262000586812314,3.244135180842914,-2.6770467861503424
1.0884143765388714,2.1070027900630923,2.8490505789978666
1.202564483171027,3.6858199772184,-0.04907592579551068
4.886175716638927,3.8778710738826643,-1.746651399556468
5.510245525605784,2.4867291110805327,-3.0159401854716776
2.4189743705042153,3.3116671909831776,1.9778417570410607
1.8420631256076614,1.3062407853054556,-0.8574161321574909
3.5342069871315207,0.26216609907082256,2.80777202224459
3.0510658441840626,5.02599505520735,-2.579696812107812
0.17619863014033754,5.010484332133181,-3.0561919551398367
5.765923445177171,0.5763811037932285,2.286335029683838
0.4356101011305953,0.18181092878999294,1.8642947816675761
4.041239710022813,1.099328147368289,-2.1298618428200546
4.196135142546172,2.544847947921747,-1.9460886959603292
5.6957418231421215,4.138310598881944,-2.9926483250051135
4.818036542181625,3.8870537101589315,2.7871172295259834
1.2301447784814326,0.23331245577036874,-1.1649724111829263
5.791943799936365,3.5265249995003174,0.8773497660239471
2.493633498257349,2.234610787378163,1.899235848735862
4.922715179197818,2.7901194666046756,0.9869920890060273
5.584127524180305,3.9160080002691156,3.086532334743379
1.28399826377008,5.301968326022338,-2.8591091835410576
4.436016653581139,1.245508754452487,0.499124465423753
1.0260993247265058,3.059067983383347,-0.5646691724634478
5.337354649105347,4.909883431050141,1.8125104811802348
2.661776922242447,0.2983094963086206,-2.9664018371628558
2.486392281305161,4.677883866888317,1.7801445067709896
1.1921687788677537,0.7872989274731619,0.9105898878349867
4.1010418948484535,2.9232665199653347,0.8347661286944192
1.6228642522627315,3.0853724081784284,2.3318712538785586
4.880956982159866,5.300865307150081,0.28714141901180223
5.6951908656938555,2.2293171808141254,0.7516800182253149
1.6043652451794124,0.2160816469022,-1.9599126951052241
0.26295767023894734,3.2213248654849647,1.1017598384126384
1.0275194874612215,0.9536625940208054,2.0648558569506763
0.2928366728452896,5.457240094682225,-0.553894601951129
3.275249712394662,0.7595544744150304,1.383084126445275
0.17939550801766546,2.2900668020738317,2.088319832158314
5.654308527724069,2.2013739446317278,-1.15974054248992
2.6673920644154285,0.425302801505937,0.3875770299636594
5.723737961134856,5.2029482969569605,2.6671592252758556
2.5904985716102646,5.746638674152313,0.49535422435049936
3.144716443304604,0.3807175936789511,2.79306177593316
2.787269590267126,5.800878906854061,-2.0709166096101477
2.3335425185719663,0.9698550670623911,3.117688780127965
1.5271868848551469,1.4381826882167672,0.7023978921303042
3.4947789245142857,0.9564279646966802,2.053759393820079
2.150339813469061,5.823009597774424,-0.4111855046742656
1.3588087297115685,2.4316823328455786,2.0400311329598146
5.096256601454366,4.550704536740561,1.5596671194617446
1.9718441619292761,3.246558789587686,2.9079955875002943
2.5629025488876565,4.910278982958142,2.1546824190311042
5.31122533187313,4.143872709238099,1.6839943533442234
2.892042302164907,4.077048795837129,-1.2988637531751714
4.048826233616231,3.317324842849401,2.0898876588899977
5.4888236682763365,3.0559631002254926,-1.6208268546212343
1.235968770684824,0.9352235643267768,-0.42575727379623096
5.7965264960522145,5.265075013194643,-3.123889912263424
1.3471574590408562,1.3805573736315788,-1.3506070472846556
3.4151933040569675,5.229005312378716,1.1466322200295256
5.68444026599656,5.227834120505568,2.4658869455176315
1.3194660801079707,5.504751483883773,-1.2743495822237894
1.2496801946466236,3.698512765819843,2.3133443112437178
4.257984174112369,3.0996266942740185,-0.3829546245082871
2.421831673681914,3.745171740687435,1.6130418185068995
3.783764030996402,1.0055083572146615,1.9414364164643407
2.0770393552087323,0.4972068721105345,-0.37594834736044636
2.2822629772494283,0.18506185333459646,-1.3079159392943618
2.752062081244633,4.967060188435296,-0.2083331027257218
5.842282143877264,0.8965881062664445,2.7450137905276115
5.462275959760168,4.482622909319797,2.8073257919893564
5.300815302255671,0.27889840527300414,2.7604898915860536
5.190525561289245,4.181196608701863,1.7053667628370084
4.276262282526449,2.2423038718330623,-0.7766789353109425
2.158540894982173,5.532215319755663,2.599712018955108
2.742830575077782,4.035866468617806,2.1917798193427522
2.4069039253693214,3.4418092731186247,-0.5975229923855467
4.577081776981684,5.0333440911339835,2.3357003335991946
2.045379626201556,0.3291287708496704,-2.3802838722687127
2.9690101404814744,1.5789411738136572,0.4941845120305026
2.4849143185324634,4.178526390617753,-1.6226078681846041
5.581961326664186,1.1053606652578654,-1.735450731445266
5.209961066185284,1.1439538648202214,1.2504734987986739
3.9618442960775067,2.717863022611894,-1.7278830221796868
3.0489143784963764,3.7407943325653727,1.0999437450975265
2.899965918693915,5.741127626168068,0.6674543128390185
0.9079249297947085,2.348030635891975,2.1346113602964625
0.7663554414422433,1.185343010122305,1.3770569128467969
3.720233574051477,5.199304038078914,0.613945133698778
2.2808516077671595,4.255787138378997,-1.3645690400735142
0.23183212165173894,0.8575945226969097,2.1267936378883574
1.825882994493182,0.29422469578624955,-0.2298224589339961
5.234453761701851,4.927843282119529,-2.870383482774505
5.590942291496555,1.3483745673556855,-1.0819503937307373
2.6768158847846233,4.853884502875953,-1.2465315175687917
2.071549989071287,2.261367242950867,-2.39154104739857
4.052235168909548,5.636048742270358,1.2330281867398716
3.849556891424502,5.185054254429641,-1.3766844298940308
2.595674066954021,3.8241516334274825,1.298677954146875
4.217609406750655,5.097278022456073,1.2641069084061423
1.0321945719118326,5.182190347266191,-3.117965502655337
1.7327224479216232,2.398333809831355,0.5524140359419145
3.5088616765616165,4.117474825302891,-0.5889808054740651
2.943190520501081,2.655812875824237,0.19514231220517475
5.49094429012282,1.1311724035314643,1.1311190916239946
2.403149241894985,3.23135415474936,2.459202017039856
4.611676837617453,3.14235553552619,2.7897960554503767
5.217364358049275,4.044883963474724,1.6347923501099695
3.0961665568011316,1.9960044548649882,2.7308753730016937
0.4640176715825395,1.8772870725725372,2.779982115132074
3.9840221396086193,0.5068651289669683,-0.14485594745684383
1.2473896089545924,3.5926606422603706,-0.7955165890280695
4.455888159315584,1.0751102795827978,-1.017060380646352
0.4449704383299298,1.919582941544808,0.9028389201804083
2.498464443338489,5.153937415049629,0.8110314171187243
5.519074195639003,3.243324095584848,0.7694476254215838
0.6164434448539418,2.1990048476850523,0.7032256991982764
2.2887394511734493,4.458557670363269,1.379615054635135
5.136794829771438,4.151645557551326,2.9336236970780067
4.760648588589634,2.8247264576706055,1.9819047637275666
1.0527416583349716,4.991967732315811,0.8613173383178019
2.574112437345171,5.52242129920891,2.4833041029632055
2.25125377048528,0.8782354011959093,0.9465649893964825
2.291986800334329,1.0894644533577316,0.6851563547744255
5.216003591641218,2.5618699531371925,-2.8541014332776435
3.0062394346160426,4.91966941752466,0.05865034827295457
5.357014293369236,4.049202876941161,0.8278110018480462
3.4817211863675,3.871198272546674,0.8536519638436375
2.332815166673022,4.78535573153075,0.7513185401173486
4.941921739573662,2.8157348430036886,0.03667482393983823
4.768381341464748,0.3298880200994114,-3.1192267175656627
0.5995537156614714,0.21849301334369042,-0.18203643088217225
5.157124732040067,2.373180007701106,-3.1008767274200046
4.403676757871557,1.775292454597253,-1.0310477461517231
4.133473486329848,5.442209808956523,-2.9460749708559235
2.4986722350827772,5.08665677819299,-0.9302254020409455
4.186274106052167,0.6259051992796605,-2.770621243206097
2.4719795885689515,4.809796795338157,-1.7704881871421927
5.717204007587704,1.4474538181425503,-2.2868606356847865
4.406585153043371,0.1635125697087505,2.93471437090159
3.9864222101753275,4.199331544590452,1.25153507361079
5.514309156757176,0.24978888371438512,0.545668325132894
3.735270899723178,5.688831234069173,-0.9469204599351144
2.4528069886712087,4.474901719999147,3.133808332074616
5.247731993716827,3.096719348088218,-1.1292121521802758
3.7100388322996043,5.79834932541498,2.838255010983346
3.9250038050318556,2.758940697316209,-0.7298282320575122
5.438365351390515,2.4551232735702415,-0.09250518589027656
1.9418413694847192,0.7513545613098447,1.658726191780624
1.7914400791964649,1.298807731249941,-1.641156892256388
3.942605505473815,2.3384543578656665,-2.774894926289226
4.952613264227316,3.0960012763153113,1.9130268622527113
4.028753137564145,5.486171883661578,0.8650591574369848
5.7733160262914645,1.7812681183240144,-1.6244159880899807
5.334082759669249,5.622761941544621,0.38950920272010325
3.66397645390652,5.033152800091794,2.6484190603074254
4.576105284439717,5.419542603981353,-2.9399907802399756
1.3952627599561742,3.920471644377912,2.9498072003322005
0.3455908881965608,1.7292437640716327,-0.175773726588762
3.0496969154152334,4.879026924420359,-0.06739865938079026
1.3089615740495768,3.385719595882902,-2.1108626383060436
2.001139750003185,0.48231117667674495,-1.2402100797365416
5.248837789401603,1.8441868079930719,-3.049386351252764
2.5442274417257207,4.638545457400692,2.599819391507639
3.8790337441929963,1.2247968988005624,1.3390657206020906
5.285901016560523,3.23850026149998,1.8823817849358857
3.8905955906510483,3.4533189387738528,-1.3676573025679555
0.9088079006300553,0.5917478142103152,0.012709906145376149
5.435218682566861,4.98800025952799,-0.7821502678952594
5.841014673545776,1.4474141528214253,0.26444718031437064
2.293163179017289,4.3279490201011495,2.4886561415572777
5.501778466814734,5.500503744112855,1.0845856610929019
1.5717062144306235,0.41378317037637236,0.9858458938858794
4.11408234627524,4.227771378022052,-0.7142729004201311
2.7094562288226296,3.855086352993606,-1.9239573336664932
5.29844155407078,5.279330077099263,0.5170701457154196
0.6249236205599498,1.4500400462186427,2.7686461317634468
3.9802106342672943,3.6763002102374918,-2.9017982589585913
5.731838218736601,2.1611898981070636,-0.5733447569003984
3.3593798908283077,5.6617815296369995,-2.6697018040673934
5.411821510065819,4.481214530519536,1.6791247850005169
2.4836871892093266,4.32519095683456,-0.7708559254554359
0.9943200207356084,5.54918611321365,-2.0122325785974593
5.0723679995261985,3.0259713356726388,0.11706372547221422
4.946367013321181,5.379843095863764,2.2250228863941164
1.1781316442225291,5.7835774839293155,1.2495015992008147
4.804674843211243,4.999110032915629,-2.8205537065744513
3.3256100666040798,5.366028929132,1.2871549129241577
3.163458986465135,1.7926660771371716,2.6406858127324364
5.480858104594028,3.2261699576169005,0.99313445571374
0.6705047375229127,2.3143438179722793,1.250799249295568
1.0336164281260962,3.063720845130787,2.861820052655524
0.15699309417745222,1.2367936337711443,2.622597911704413
4.370573898328708,5.665075246627278,-0.6825333060980867
3.1147043067183624,2.1137054095932655,1.7584102904727459
4.008016458910778,2.91397347957407,0.07735607773700348
0.31778059180010043,3.261867946583176,-0.14961798906233792
3.057270062902597,3.796016245490952,1.9755422074998004
0.5289477321028166,2.0808434081952134,-3.0890599556714062
5.335009370263264,1.84261109079253,-1.9058472725819766
5.664575535651416,4.952012572270203,-2.6441764904109917
2.310656586243279,5.1172202091333805,-1.2966755413448836
3.039136250559759,0.7762645614808965,2.648030485384698
4.574026087371693,5.443219090842335,2.9486765279940848
0.25791529131515367,1.655320690497746,0.2914482878217788
4.340315449121933,0.27075853557190577,-2.1619670591950673
3.288212841878292,0.24449915538770695,0.050897416736590095
1.2421192455341108,2.2777094949882875,-1.3557776584409056
0.8640877075597917,0.5427191082703908,-1.8673906904490862
3.4071579009188975,3.9045282818716176,-0.17962112766672123
0.48522487754503585,0.5108143869760116,1.3405252787448383
4.078751562075448,0.6635466408943036,0.4482982440697647
2.9364952860028,4.152424228204478,0.6016568838556631
3.9654036930743213,5.211454914462864,2.895397395225406
4.774888257920328,4.104072358678601,-1.9412573861371965
3.3594579374073117,0.915040335675307,1.6540336234795463
5.826719044159482,0.45263279450197547,2.922903282127872
5.266228889426567,2.1912669898214254,-0.9119685890785538
0.24559555034923575,5.060231563686335,-0.8769721476130319
2.582139603326894,3.6889432434579668,-0.09468225658803942
2.1898123934298734,5.637708129760222,-0.5194870860867202
5.583930941035183,4.542864915143307,-2.551942001488659
5.538848173031322,3.9768348476624014,-1.4797015366842972
5.492965315178257,0.6394674844463353,1.6717315229822258
5.133117324564919,3.1873424065192983,-2.863107946703357
5.65418763553092,1.3849158387336193,-0.4691830091162621
0.18584642890664416,4.001116949733279,-0.8707944451367031
4.941027910864221,2.5578464123013482,-2.532727810039841
0.2934714930656359,4.949645306788516,3.0830317243084266
3.9822025471908864,1.1685113674267484,1.9238582067221905
1.9940133273938514,0.1796361487854592,-3.0549762104296674
5.355638257076202,2.5188267946584983,-1.6835048304570788
2.9728481941010583,3.8695550522900426,-2.235437477371074
3.5046994595773744,0.5865756816598591,-1.058667568049347
0.2024895522372554,0.1731329459267663,-2.315735573851051
2.2646880845294683,5.013500138649975,0.06853654734904246
1.8825836816376658,1.3677424964973157,1.2492445932575968
3.1113396451347652,0.4581104166113197,1.0557354309000386
3.9610612342713534,0.3116630286891322,-2.2537968549585594
4.205302983034165,3.064371341037689,-2.6805116485420646
5.560691841264092,5.058572520638257,0.5381224624441505
2.946823146977782,3.805866892391154,1.8220724355644942
2.8037672851302777,3.6385593243666907,-1.5744100516793125
0.1795955650941503,3.349397236988935,1.2785669219809135
4.971782492961411,4.929850837511198,-2.0960704505796572
2.7763116034764064,2.918457641647838,0.9128999527560024
5.428603853173982,0.3820237969994036,0.014877646049802795
2.9658771501238212,0.8271865020230567,1.194901960137499
2.344890055454005,2.4053979053110393,-1.1126425650678096
2.1511687919505222,4.003780212477999,-1.2326375585171023
3.9848012342463033,3.2140494983327357,-2.947178404013999
3.5625126244105743,0.9613386294182895,-1.3178492739084857
2.8540721515601675,2.592281906759146,0.8548581635809498
2.595010841135557,0.5459494951925437,2.353142701656042
5.237026534551199,5.26466476511055,3.0972668482755337
5.519286188777846,4.721140675033032,-2.537841877368576
4.444376870732375,2.768126242467978,-1.6390295092539071
3.832325859816586,0.3828143617007964,-0.2680344692781804
4.7468990804710325,5.040348226326118,2.039614937726016
0.7315203283927592,0.4050895013966527,2.7036149459365513
2.3272298242133265,2.32300656631818,-1.6983824277213944
0.31259965081537566,5.715201200932241,-0.8662941550188648
2.468119487546124,2.538408068574362,-2.411122212938602
5.742774824974035,4.047766347626321,-0.1255276748947507
1.2997690307091962,2.1068282250815664,1.7985864770224955
2.51955317276001,4.795677885363649,-2.3304708846735624
3.8624924080335488,1.505699157345047,2.98520961183734
1.4974642209227726,3.4108746120274924,0.44334588660948704
5.325652271163538,0.5713561300883723,-1.304261806380623
0.9577111593616912,2.302759099230676,-0.5066204475886447
0.9757693005543342,1.448620440849091,0.9562226811580326
4.3190851922401325,2.409225909626911,-0.5070923112704007
4.807215008297388,4.17694607546745,-2.446592705826305
0.9552995572833074,3.1646443856849347,2.032125176725658
2.93719720007015,5.318441382608942,-2.5265174615344623
0.467904748046196,0.9409308218883305,0.49371992031422396
4.985097969774294,4.3096709413991325,-0.6623333688336519
2.5818878907547576,0.33024906218302785,-1.572226563714992
4.533941588922037,1.8420181196621164,-2.160601142405994
2.3922491025129307,5.5446619703941895,1.5342612838369831
0.33859682297028604,2.8634985854751585,2.4820518945541608
0.21343556011595632,2.6363148005850037,0.9472097395810826
5.282719959969726,0.7453018078360394,-0.5240755968628057
3.2479517858869453,2.8733188150971056,1.7841806823558723
4.356540038381411,2.378981212809814,-2.5726353777592825
5.372636920862012,5.228830388262247,1.5898332452941952
1.6132370302201138,2.164470415756591,-0.8277418750605201
1.890176569391048,0.7939665873316017,0.6672866687388539
1.480127939482689,3.928666752021499,-1.4032088506432563
3.8918097642342664,2.670054921902048,-0.6050496224832003
3.785944800784878,5.8052987852701765,1.1861903574419328
2.5775740670945204,4.197334335648644,2.3143704080143017
2.148119049462177,0.6792137582775137,1.9247588593239886
0.1514447700546082,5.279527876270963,0.31102826771372927
4.363831796668939,2.3143507380613006,-0.7871507355314646
4.8057349852187805,0.22417841226009627,-2.725083565318769
5.369049527149304,4.853995097785536,-0.7292255400117704
2.467418600835587,3.6108501619255042,1.0187099550334056
1.295849388016585,1.3812173335073066,-2.6762066245769196
2.237607516340889,5.344153493605017,1.2451240493006397
1.5109361355755226,2.1025310914511786,-0.027138672460516045
4.0520522764716596,1.5880317690635262,-2.709247255301531
5.432090193590963,4.320827906149626,0.8786940371641956
4.858154090162619,5.315410001095921,-1.191405228045292
2.0196205140607635,2.419922247617906,-0.18763579636279148
4.884553050280788,2.8245509432060123,-0.12623578806904412
2.376408893547473,0.5243216312265269,-0.7285551854417611
1.8788167931953372,1.4423589647830746,-0.8056412481658004
2.3383346065401813,4.215382272825929,2.424289875813103
4.652579440605766,2.782970466785116,-1.207379266275701
1.0771533884036193,0.7823744675967341,-3.0544256608585534
1.0176867502570357,0.6623031179493097,0.791646891127487
5.151166097251669,1.761894854142186,2.12103931622649
3.02583736955118,0.6827656776262956,-1.639262676263025
5.219078922874479,0.15323615847463623,-1.038774309240694
1.7160714243318604,0.5307608459269231,1.4211882350168645
2.173289392625061,4.158202909502021,2.767655826509695
4.936901324977386,4.714205686207628,0.1831363846606484
4.5264751114849755,0.18718650453200958,-0.4425274700827564
4.235048906845176,2.53931549481306,3.1092325099069686
1.453153617097918,5.455529444861847,2.679676399014957
3.8983180997598224,4.963641734318861,1.5740994952153713
0.3997808530050144,0.9157596160578347,2.025928622477794
5.4845889273808615,5.5551462161494145,2.4160061720275943
2.1950855474280995,3.6478517911983546,-0.6740194717667887
0.21608094899156005,4.5765783078266224,2.2802283913454877
2.3200732838356277,5.5821660909523825,-2.062819156266352
0.1932333435336835,5.435559611647105,-0.3312323499332459
3.896672895954768,3.563060149767822,1.9256006954401057
1.2115275132437564,5.5191033350471015,-1.9073570206952293
0.3123861401572088,5.044606309474517,-2.057141740703824
4.014789526543316,5.161946537526422,-2.9637415649206975
1.4836044855104256,3.669915892712293,0.13389292484946402
0.946077089013571,0.43233673230246006,-0.9323957772743703
0.15759941127301547,0.5280165339888525,2.5608656530712697
3.861612893607874,5.235613736631876,-2.2097667718011063
5.4186795261577885,0.6292146107660237,-2.7226343023130757
1.465959138037514,1.0352024505958322,2.514366867888083
3.503672788693196,5.044662501644709,-1.0242826402373408
2.2737097346238317,3.468110311793623,2.392724049744227
0.6619901475220022,0.7664684506501995,1.0036551287292292
0.4856156946623149,0.25786008361833623,2.435076945959458
1.1800643072959542,5.649377928027383,-2.497342254581403
1.5279229498688716,0.6123285337631035,-2.05967848774941
1.0159169715046683,2.2847937930120183,-1.780527078839885
3.909705591437759,4.122526137709585,2.5510813532578895
0.698000639161225,1.1239712823913943,0.7497647265550538
1.3861548232267575,5.618128778652875,1.529561328918371
1.6748973257177777,1.1488452452928644,-3.0543735926147773
2.59182115956697,5.737874817320298,-3.079514076819831
5.165188316877314,5.5800240753195265,0.914300303764997
4.91468381663285,4.938233888614132,-0.1243868649879154
2.433639903394655,2.338267868669696,1.7267367443492594
5.294260073255107,2.0846131524626115,2.9235013801900607
5.818433833667729,5.420919409211674,-3.1076814497175267
4.020928445069445,5.431072122095035,0.7326088834042244
4.5407831429166166,1.5885246050855666,2.5659609688993514
2.1938435803836756,3.5571859164769446,2.1267687648823497
4.371250023426462,1.7032354824235783,-1.1008147425514379
5.757204707490057,2.4596997731822148,-1.0693470793050324
1.2364405638785998,4.01693003014035,0.7019787684476202
1.5077393881651173,1.0184128691478078,1.6792187105550713
4.326197084971969,0.4926967976589127,1.4680268690699458
4.1896206691933315,5.272983386209762,2.9901731995733574
0.48105507046222473,0.5946203302790773,3.0523180110986745
4.071641453114205,1.316575130348995,0.16584139731367786
4.41113803160996,0.9164796395898198,2.3231512131999583
2.327657813111542,5.731853364106971,1.527523103485084
3.2160537077521565,2.0398635649749988,0.843527946548726
1.3972991622622994,3.802144297820247,-0.9664696374687489
1.621003384139151,0.9009565645921103,1.9284205252892574
3.5360535340703008,3.8891922212074173,-2.9543088012916976
4.129001171320492,2.161945227870326,2.523211967499102
1.208389325143907,3.1129599978143783,-3.138575400140852
1.4727417198712853,0.7913664161287142,-0.2580762139158499
1.3778696034984563,5.241267992653788,1.7321398117865154
2.187493377515638,4.860702610391559,-2.3772941950727247
0.27960658775585534,2.515332141344751,-3.047161581475762
3.9605336245174776,0.4506265868799306,0.8064875366576829
2.207208631549902,4.074952377878356,1.92715434590487
3.3433958241858734,5.170778778063827,2.3494417716162026
1.0389953062743413,3.968627683456033,-1.9492014768984303
1.5038308189043548,4.411492688518706,-2.742454311850688
5.409337939247213,2.9555403212366977,2.4671926453601456
1.127224164270399,5.270549030190379,2.0454251801144547
5.678759424247787,4.487521660513545,-0.84494400300875
5.746192106340665,0.8328110938238837,0.7917527790694576
3.927095629087823,1.4151636899893172,-1.5980049186258527
5.7959967143408235,3.8949820942834505,-0.779639017475978
1.3144279638198648,0.3121082886250133,-1.1120317398193968
4.261890741288433,0.5753776146775362,2.668105395005722
3.0863334027133096,1.0505513732537826,0.6681730358196152
5.238433196916944,3.056440969260615,0.16026465332849105
3.3550631163999416,4.128037377071679,-0.3428873679657132
4.732378609244914,5.741686332947189,2.814983662845889
1.2387258302485569,2.323939938006113,0.6972846370118271
2.2886493254606677,2.2373909002717767,2.463941679192229
4.974777643132673,4.683417657914234,-2.755550682665865
5.453512893289978,5.283364201135996,-0.6191510491390004
5.216669061469705,0.7209143112705085,-0.3472415980830097
1.5543573716778605,2.127536783739332,-1.6149140143104759
1.6906156216625672,0.5198103918793244,2.7854997548756755
5.007847303893686,3.8575011131071313,-1.4272976510743012
1.1161464230490938,5.5598853952803635,1.3659742740395808
0.536833370928159,2.336601351293388,1.4208241953994296
3.1090284080408876,5.098582862565944,-0.25087615264339647
0.32191705470940324,3.0864844891114487,-0.9942562329537616
0.5457342774439184,2.143932246375325,-2.5920417498855493
0.878514976142879,2.4259060746947725,2.856208379256924
4.635554285573516,0.33509503386148065,0.4253762639845253
2.4816516372420656,5.096731567979583,-0.28852373270532894
1.2404806963772517,5.200111382862987,-0.15988168746319031
0.30359776117810133,0.9376867039576708,-0.362441246053236
2.043539417714835,2.2395643568828394,-1.5637127922904648
0.26370815557916893,2.0665539720654844,-0.6273884738030153
5.56412032684838,3.0678110176061804,0.08668538099938905
3.62816077035604,0.17965152896810666,-1.8901586176728333
5.197409613319637,2.417257328679983,-2.7030181338347656
5.4888131706773615,3.8633988060642563,1.8821377880367072
4.622564612157337,2.748042951965454,2.5829744735780373
2.3052774936498417,2.3511403121677295,-1.979186002362451
5.752527453186511,1.2456600674969471,1.7161434745840758
2.469869993287255,2.837719078606834,0.6251174401860387
2.2436126817911095,0.5717498913256804,1.4850128617658358
1.1927423215153108,2.097304152859934,3.010097547322707
5.819659560719695,2.437393938678737,-2.406621048075251
1.8269724962577216,1.2821146317013898,-3.010377220480826
2.9652752968194136,3.8334437301937303,-2.9640600494318967
1.2478416060916098,4.390436727860377,-2.265645820637788
5.518522201641078,5.239067429344274,3.079303757948529
0.48185317479600664,2.1462899390869623,0.6702094320322205
1.5170007869083333,0.17128497940039433,-0.905877799647119
1.0728614563382128,1.406276393395787,0.1672159870849237
5.370061947462817,1.495480236441706,2.866802660663777
1.309547608677356,4.907630077776077,2.5015872097059653
0.24478403812600713,4.766135899775456,2.835701615309194
2.6984542771837208,0.46926367832823934,-2.505595478050793
4.278404956036156,3.141787956827682,3.03374338274235
3.0706219117074145,5.015996025950063,-2.9597635515352536
3.955241368525336,3.7264001531405393,2.9909755375029103
5.205492103761523,5.514472022173314,-2.4531933844493117
3.8124082895556084,5.446088663711108,0.2812882925471496
5.7632422820548435,0.8430834104006322,-2.3693123910011593
0.3173841811875304,5.827343514938601,-2.9007038234649367
2.428800078154077,5.734819917003527,2.565512514488077
2.9687777194470106,2.214639873102626,-1.128602284591738
5.674444078080446,2.3327832259707355,2.7634835540441163
3.3051455020367575,0.3241298657485032,0.5091010437152002
1.5895158167686636,2.321604853654885,1.8470417383312165
2.2541225223440176,4.263647784787554,1.0802054076618015
0.43648633824030636,1.3923707225666189,-0.7355854779482067
0.5882205309390307,0.7918577572287557,1.4586470227288109
5.402133558330961,0.7399030812281597,-1.676382493658148
4.6719043662439645,3.1055401666955027,1.044910727400965
1.52263353080415,4.480222030748462,-2.0787085734456623
0.9733947789073059,5.194951839912903,-1.1665561495623828
4.4215295130994505,1.274943961649367,-2.819525936324657
1.993941439124039,2.251832200664408,1.331349415292471
0.3214726031148154,2.143870984019456,3.0442799731749846
2.8601081052241386,5.37431393697286,2.4448015144277866
3.000941568180858,4.9008497600266745,-0.653203048911748
2.413129341240119,3.246831678604551,-1.1213837267450026
0.2871302455590856,4.642854659346812,-2.3456878671681234
4.45135840006407,1.4910968824922044,-1.59887108403665
3.891800499799186,1.1592345890406486,-0.5520675995400084
1.582811477450004,0.9927632504854751,-2.425792324245275
0.18012475208824252,4.002085768754187,0.29639858940992747
4.072238308816504,2.9387616233281157,2.704737201900203
4.955386029693598,4.938257882371035,-1.685480562758283
1.669176179304071,0.502786152078184,0.364756097029467
3.50652782120517,0.21245209910966967,-1.468672701185953
0.22924565727076218,0.9647644712279593,-1.7172900489327372
3.341880689334654,3.9739728170236432,-1.0072372261408402
2.5571338495562994,3.2727072255923986,-1.408758841027882
2.5084983826167715,5.216733169882129,0.057648088453892576
1.8596828948531674,0.6764922593045708,2.427138138347118
3.909280637048565,4.175231957057673,-0.362497445009081
3.307611198124559,0.4530943923907018,-2.848017485991484
4.8081530946102085,2.917844082447477,-1.472468632453952
2.2250128292438833,3.231896102963935,2.9906241787953594
2.2476783830254377,4.9090715820162405,-2.2743912818221466
0.19262481984899216,0.897632995765363,-0.19738182103420066
3.7866215549161257,0.5756232945463611,1.8781035872355023
5.471730239730361,1.479113145272566,-0.608763507522883
3.1697089149366384,2.006531421695936,3.001855271654243
1.4453581624796392,0.17096375689808618,-0.7400304274796707
3.2123283848593442,1.3327510742729087,-2.237767052736589
4.8290576549398025,5.3291201519173566,-2.067483393697807
3.511139376293064,1.0547835053346661,0.8606685619443972
1.9621989761106537,0.3927703684176056,-0.42385835514031367
0.24792352846961196,2.1200669710156115,1.471433585412032
2.3149643488917304,4.5449534486964,-1.5752241584436755
4.081464876508076,1.2878024425309855,2.890289631288624
5.836101294798489,4.3545287443663545,-3.0172254476312457
2.6778290376360117,3.392812751802863,0.6789305999195219
5.258295844088984,1.3763018922693009,1.0503137705212682
0.26772974975755126,2.900157547798931,2.1947061122865845
5.192004007158188,0.360639126331856,-0.103343778542071
3.9916254897431775,2.5695701931061117,2.075559112877415
3.5724644511316033,5.093508502813628,-0.4290079112139602
1.793313661887984,0.5691406624051996,2.7595017911222035
4.2271604945312085,4.851384218200648,0.38339300896849915
0.7624113363451293,0.5019914416290228,-2.4928321147668866
1.560549981059739,0.4513915007460476,1.2065471967741415
1.1047048109381001,4.074853852382599,-2.4943998757966526
2.072382810635739,0.6783009402861169,1.2532522784586284
1.0805781469583107,5.483697464264685,-0.7008412586360482
4.49933126052822,2.3956568717551807,3.1306431767312706
5.075783974863317,3.120803694469484,2.782613351417557
1.9496845129762124,2.3009022460966655,-2.326142011645308
5.830249007200606,0.19535022138922242,-0.06952873168521734
0.3730010914383812,0.8662223367080817,0.04144854406301368
3.3411527903243297,5.645149935772597,1.2188948230679104
3.6146723120419546,5.111431696682331,2.001669282242495
4.129438345300948,5.412045069706754,2.5459822921918827
4.865284914935643,4.520994951607212,1.1319790492372315
0.9841648256668081,3.7096618309995555,0.6162067664219695
4.966399974316452,3.125780881150464,-2.9002183513875304
1.8830938941704618,2.073276172161522,-0.5739415135026031
3.8869904894920353,5.578293361359019,2.197261493686919
4.273274571444456,2.582834845080258,0.6970074336183347
3.890728703773119,5.443388091001911,0.46689941813869007
1.0907559602691044,4.151856214320086,-2.017880949594378
2.3668350517477332,5.157768672361618,-0.8849327063614298
5.529260507336707,5.489580370145695,1.7804602583268112
1.117859380821865,1.2642113678349254,2.3031469132344586
5.246648753924985,2.904006566144351,-1.5777551267722612
2.264162506321451,5.200103278405447,1.7082196587841967
5.401422787754305,5.681755995634497,2.861465027260733
3.1890804429968163,0.3071634242580876,-3.1338644939300315
2.428314803723799,5.216650689719297,-1.6504457142538353
3.064085496386441,0.6419167909177035,0.6548379071919701
3.9268664539503098,1.4930235414510047,2.629634509033326
1.5045171035293403,0.346959832334933,2.0098267469944817
0.5037979794227263,0.9994382347152444,0.7933892139896059
0.5258451367282104,2.076137413408683,-2.3116527367337687
3.111298454729199,1.03593492776013,2.0434390826222293
2.6562816159486182,0.2880846691972103,0.7677124439825906
3.3809943936122755,5.3829091974117524,-0.876772937989418
2.249844005047691,2.1307593234481113,2.0243596460086763
1.7675390003991893,0.2367000911801993,0.6568858255102641
1.169731498204445,4.418768441404005,-0.5775085974697824
4.199481999294288,2.460055025190816,-2.2916530363103713
0.9646063271254126,4.78014723023746,2.375306246221009
5.4219959304226,3.9163230159107036,-2.6341310889942227
2.8378074079162237,5.4051885693645545,1.3579566814780843
4.123529156248285,2.7828821310371232,1.1541147535351506
4.186250594044853,2.7343467191734785,0.9494414945880845
0.29024204615078375,1.7939952047566872,1.38007683211546
5.508958098329674,5.470574121327146,-2.976872602435002
4.102016911032897,0.17526203722169975,-2.2502393224769976
4.269434084686421,3.2108477846016727,-1.9749037311901956
4.115344446625496,5.426004741163178,0.4294003533616375
2.432232634878875,5.6789159397782445,-1.165182875151575
0.4863895765960624,0.457853505733564,1.7816607486803875
5.045643028012165,4.759227748108958,-0.4216593597783045
0.3418673452401748,0.41828135336874084,-2.3413243388656713
2.1691916554895863,2.344849895321758,-1.962768377332951
5.068367183530085,4.4153986184908085,-0.4471535191226752
0.17347877967993774,2.8783481736757452,-2.8123542021929406
1.3850277835900746,2.283330831256221,-2.9833830918017212
3.5046965540252315,1.0273249635584452,1.0387906813596537
1.0693616039719904,3.4124151594662413,-0.45734300614582857
1.0535629248191392,5.04557938650712,-2.727683738692822
4.816726126050424,4.717129195157965,2.4240794002398003
1.2497791835299399,0.35872971503161977,-0.05172587893529679
2.8799671023073925,2.5461909518150594,0.12608867325113104
1.8546437154854105,0.3951728071819698,2.6436469865366368
3.30089758598933,1.021861202697656,1.9375208365678374
4.525014223956313,0.7269309544098392,-0.6683999371974423
1.4141859030349975,4.558205454594822,2.8747526599370623
5.567186539470895,2.3165134697847645,-0.945622278743139
5.419762607094555,1.1109252764996256,-2.7548836128647944
1.3423283222351226,3.1243158384095846,-1.9525546670288405
5.699391204095055,0.8589762244574579,-1.2084359643521547
4.191752390402356,1.1421532383009392,1.8114095764182236
1.4018477702972827,0.3007215090156641,-1.6277785694743137
4.7337876218024935,0.2773793299357459,-2.2342834384791512
2.6603081872637793,3.5821721179632506,-2.483208998474501
4.477820185350407,2.1635248828455067,2.8065122317185267
1.955503107507224,0.3940950029043526,2.975612774847022
3.4355955534338567,0.3230384749702082,-0.13218763261484412
1.4767127902262134,5.616511151040772,0.7493602478726089
2.265821372012992,5.385498119146026,-2.0604615582548824
4.200744010566403,4.934082172182073,-0.9542236185471134
2.407346962863558,0.467622127507644,1.6574443802721905
1.1870826897394262,4.6173740434351425,-1.8189568977997306
1.2261623501897307,4.457528938631072,-3.0572146824102044
3.7398953215427175,0.3433766020584432,0.35167738321241826
5.6385699566788325,5.508898782541115,-1.42455819588066
2.166359866662421,2.4366350394572205,-1.28547973067596
1.4518487924435035,2.165861837988334,2.504299561850047
4.448484449222984,0.8171869916588717,-0.5162117175911418
1.1401904922022439,3.1636476969077574,0.8690965255656069
2.5761971884471873,4.549433948371254,3.0796952973453697
5.319360393241498,2.7224268050681433,-2.6268798851909496
0.2960672676862339,0.21540541886562714,-2.6394037560238672
5.370465263229566,2.6967761291322856,-1.3436066826150004
1.4830258365183293,3.207518093821534,-2.2200542943727966
1.4272721901278542,4.495269822888973,0.9917927035606917
5.825672880725431,4.38767547848175,-0.6165316661045614
5.267798369430359,4.235351014966674,2.195063459518101
5.0168030425523416,5.6015660053748615,-2.769494573683799
5.561930308278329,1.8576265309938618,0.8352501459431134
0.7922322606757208,1.4453496396501904,-1.5641298555712095
3.977366798726507,2.5126441427339623,1.68594912914386
2.895463229520736,4.185741239029028,-1.0464996351106253
4.57246064333784,2.725000983679443,-3.0977705148113945
1.2675168553748248,5.479823400857336,2.45274097182981
1.0325797360198983,5.091932661869355,1.0680801041907948
2.961416508052573,5.118855457328234,-2.595096789310616
1.0009115085708946,5.822992037453847,1.7328312125283691
0.38118224228583686,2.3542410293376657,-2.4551219536546576
2.3178471635233358,2.350815017817926,1.6031253833502648
3.9438486944739477,5.816956720662544,0.11645629731864471
2.530713515389034,2.967656950584982,2.2961155941628952
1.1858761831352835,3.5634244365933263,0.3529011337921619
1.5330132628374167,5.815332493493682,1.7598565220107796
5.312252936429354,4.939252621807285,2.456765611895584
1.1639169680461365,0.7170691560979585,1.4956512471011765
3.753926442380259,0.7716567168158335,-2.6136568660893875
5.4542626805847405,3.930299078007545,2.176447462199361
4.131652503157566,3.342793000731098,-0.8540431712860492
1.9130238638337669,3.087425951211552,-2.930434045263671
2.0867485527151652,0.5099701174751892,-0.06850283337724106
5.050984125753793,4.141996604184959,1.8644559289771498
1.7029312423349934,3.2480169499197697,-1.3693030993503095
3.5015797497040513,5.356666660107264,0.05126285786245299
2.366212501931704,0.6210855348625317,-2.1477853031815464
0.4333863427229063,1.824656184364216,1.8917344886049214
1.3532558960718652,0.6473587020779792,-2.5075941506003194
3.094729079389383,1.1321175889694168,2.4342800225264822
3.2585596995849295,5.722586908554769,0.551374268484448
1.788546370690503,1.1424891027122273,0.9572145413666231
5.224233295901327,4.5696187165268105,1.7201765847622559
2.471002403959596,5.237746999696016,1.1134712056655598
2.3475479281000973,5.562485402867951,2.592470820214981
0.2906855101954078,5.195996050789511,0.8192226650966199
5.633998030289662,4.6437471531002394,-1.1158949156830573
2.6255962595339932,4.104643334163936,1.9850218472628036
1.3120562163819915,0.19712025397347932,-1.5353720987642954
5.2919011008240275,2.061329448631694,-0.939756862665222
5.506811795607959,4.089907562270501,0.9098000098297687
4.872628420425941,4.295961304638964,-0.9561699447935323
1.2255238399445767,1.2910499433139382,-1.3484333521976957
4.350034957371094,0.7080525878308339,-1.3683648681445408
2.5144491664280606,4.970366419531066,-2.502834677148305
0.34062140085591386,5.076531318288146,-0.7050696364658555
3.7930351344424733,0.5186239157105035,1.727476849585793
2.3346412007087913,0.9946370297306002,-1.3169315295262345
5.731399035124211,1.1873849920737214,-0.32674500885059476
5.444091321003353,0.9934496206003085,-0.9481428417865394
5.152840899314601,1.5733397076187543,1.8729252198264765
0.9869606742208488,1.246351838915746,1.7026850417793549
5.53203993660005,4.895050429976146,2.4417931866758638
4.12840548564599,3.7477295189941766,2.018241756943681
4.190138214526341,1.935719592495119,0.41369085086326507
1.4927645677356216,3.2353973962036386,-1.428758485225829
3.566122938390257,0.9979053886416722,-0.6843277729367823
5.439150434294529,3.1611663662421385,-1.9294883784924808
0.27586439784658157,3.085713031191653,2.7957563916246286
5.307507827339346,5.331339293793919,-1.3741590837721156
3.7100947416477728,4.235012892595796,-1.2497688417394006
1.4119945153404918,0.6590520511331077,2.4132245659998075
4.313734561065372,1.5991741447236725,1.1032212535457449
5.766053413521116,2.8940430976353504,1.0671377897988021
0.3134651455018538,5.625541103900994,3.0687828579299934
5.460342553249036,2.5239620134398795,-3.0175849897702904
4.0691943499813705,3.8196157522614698,-1.3746682278846307
4.008141802538358,3.1673963686010866,0.5887645296073067
4.141665816320052,5.746007293696458,-0.24668059622486682
2.9462909580378964,0.156085273952153,-1.4744485751868175
3.1980743418337836,1.5769225350051894,2.1566485824479997
3.0079794376163993,5.566784071329156,1.7916283643345778
4.412631951175275,0.7803934622019524,-0.3614825256542309
4.180466137420041,5.13077651436485,1.7028633769562953
0.2899745073068689,3.4664583746061037,1.707255866386915
1.5060824797093717,4.683023947321175,2.6731592277221115
2.354837850964132,3.1874316526959823,-2.6809862873866903
1.7604661701243125,1.1613766263233358,2.303025688873353
2.29613286933606,1.0973188555314266,-0.9335439989972101
1.6878511051544696,0.963836773806162,1.2209254837417456
1.3888924967837273,0.7527827700271998,0.17336565875742993
1.2815494028396366,1.4409194072827647,2.64963190375246
5.1728817764157204,4.481726858947209,-0.2688465207718771
1.5341614385904574,5.549714069184956,-2.2790736605251114
1.2642217234401334,0.9152601849613817,-0.5643337952180882
2.4854851114148238,0.25201965489741984,1.5817469133438964
4.611091866195547,5.2802579654154265,-2.4234017125690595
4.513579168018791,2.992793621166369,1.0661297995872827
5.378316948464891,2.9234841055347998,-0.7211966604964748
2.9025874354596413,2.822058956136793,0.7609628762511971
5.606715666131845,1.1819148278638245,-1.429149064015855
3.367704995425518,0.6434091218769848,-1.7610356771328337
3.137706302248787,0.6989418975807098,-0.28561573794123074
0.6760423160455344,0.9056184579917346,-0.18003940002242835
0.8033734353096007,2.2881194347359237,-0.6136252108160316
0.22349934472667576,1.2265735703113831,-2.8064337746291907
5.735937207616028,4.893014652879238,-0.5306180991908
5.479825480389184,5.629962316284886,-1.4210503057802915
5.407735037320272,5.610321027292053,1.0245009661276825
2.83804931889902,2.2973791827929277,-0.31485582788134714
4.237955310854412,1.6335517423698387,3.092985572274407
1.3520800245645885,1.1065938428790982,-0.4134475269347324
2.403017906558894,5.518195758690994,-0.5309088871095158
4.84297474681384,2.6409000375388643,1.0692503319765487
0.16227534588513448,4.333716342928381,2.913185699868899
1.4052721833745008,3.8988194026683556,-1.7081433233919174
2.160938974711815,4.211960051367029,2.469247389477527
5.409656759646012,3.2382935138315987,-0.4728756982133553
5.146024078652877,5.2097136734116365,3.007312892517011
4.890742506662624,2.5280765096438653,0.6378978806224849
4.453486321615705,2.814804643456023,0.5770115089682188
3.9339327030088893,3.4685202448646155,0.020032526813247742
0.2597516763153642,1.760547401403375,0.8024582089558305
0.9518663902353497,3.4331626828827515,0.4822327290956898
2.944798315141572,2.9402688568429483,1.1357050211113071
1.1010303729396813,5.75618036073448,-1.5285087754507933
3.088714076742885,0.6348090219115339,-2.190944715830188
3.8961878649406105,5.706609135854807,-0.08682601524617439
4.78596266525542,5.2483218866125565,-1.7342320160593732
0.23371869253401356,1.8038628214502763,2.506965112543419
4.113467476767285,2.800553792381584,0.14361257707958242
3.978440242743182,0.18477249711539856,1.5847222822295084
3.2147757552609586,1.1891918583165462,-1.4483584320874556
5.6528465724152985,1.3631458964499077,-2.0056671864251214
1.4598789964212382,5.150571858671911,-0.9353131358848938
5.363616800859356,4.2289295363479855,-0.17947888873207551
5.284535187332591,5.668082481736206,-0.3446581347617106
0.45654971551510104,1.961218318285104,-0.8653909709350525
4.52677914426406,0.914172396241842,-1.2853724069545895
5.545874918778101,0.9664267951144414,-1.326378182030992
3.959727106465033,0.42686978192548497,0.9581305582972179
0.34156750167769045,1.025892109298039,-0.5129917881638244
0.25630565353235,0.8258287846109298,-1.847999763486412
3.0668223935780334,1.2919355538985748,-1.4441105491346926
1.8920972061799994,0.32026167507388204,2.598377974019524
5.794111384290273,1.481776251012546,2.8871422802238857
1.0537158279451337,0.17858163465542054,0.9065308682828785
3.1292839230629204,0.8489783156945132,3.0769781615945497
2.420601400636711,5.474153424095697,0.3963713445655088
0.46900049771094143,2.00648111050924,-1.3475133242593482
3.6150002076824594,4.229867652337393,1.2269849774259791
5.764723794576563,0.9007583018066818,-0.806084877103467
0.5474896779276115,1.7945716000090746,1.3806606804933095
5.225682980955071,0.741142773375749,-0.7902760048272133
3.140973096188689,1.589554928064774,1.9998590797546303
5.184624346851538,1.6289849780257846,0.6214211071494979
2.636226681870729,3.4881873385922058,0.3747510983809228
3.955640105586368,5.704903246535453,1.2831878363681577
4.251798681037526,2.5315989259155653,2.6172893958409222
0.541650110080488,0.7880090441961751,-1.1963617150669472
5.218503690464955,5.5369421094681135,-1.5348493307691589
5.376413717494014,1.2853345278048756,-0.563944269015312
3.079751659385475,2.6315170842786415,0.9182815516407645
5.815039740581582,2.6119574179107223,1.15495534297522
5.156244948171125,1.7340091643523132,-0.8828417152724373
0.6452639413698378,1.2197651920485284,1.188592881438863
2.5940968918844556,4.479321291996555,1.4566226209051214
4.433137275478482,5.8009937587185725,-0.004635461300464883
4.1832097474613015,5.844850655817747,-0.041431081812287385
5.447206240745334,2.529462258444757,0.8032032027882696
1.5044184347048362,0.4558903568841419,1.4765788216018692
0.36967456403336896,2.374231774923304,-2.2046989864574744
2.843774162685503,4.851056387918019,-0.41853329107363946
1.1508356310039698,4.7063143306273005,2.023549886459298
3.1687620084612593,2.4733814765204203,1.3235965726488157
1.30749733470908,5.690813256943462,1.434936348888602
3.4612347822329594,5.1369684707195535,0.5593023841052056
0.3146548679917067,0.990661193047474,1.821096974353357
1.4638039678730668,0.5652248400930562,0.7734717344875848
5.793263950878914,3.550868101253992,-1.003995822722883
5.638591631363874,0.8519163323429961,-2.2821944045680977
3.2276312695648404,1.4799682637047464,-1.7872294638908754
2.52875648652434,3.1161330554101077,0.661407748880884
5.173589605392236,3.2448774030704026,1.1466808391088188
5.259462702973288,0.5157055362942016,-1.9299235836153485
5.587873613266991,2.612515585940761,-2.161970947236653
2.5955688336092844,2.599942117911028,2.4307525239192698
4.947420422795306,3.932700794755546,-1.3874836439472862
0.5209958772056986,2.201783045537632,-1.8779720640139368
5.501604869706086,4.526703568146866,0.5005188286865163
5.726209042551331,3.0330840622427804,-1.3313148281582952
4.30428589709634,1.3241981084690515,0.9688017175766204
4.4029306619524,0.4019365699422248,0.6968778392651855
1.2311263735004325,0.6826743866593576,0.49078888286887556
2.7548273904994436,5.761356545298163,2.8748819929126377
0.6609478781828222,1.2495996238130087,-0.42505423100382433
1.2718124495679684,0.6491408559697118,1.0376127322180198
5.8008920374851565,4.626525067586365,-0.2810019950138707
0.29262178378292925,0.9780280026012294,-0.8874595240675673
0.21075338703138047,5.592765469405555,2.9444929847302097
5.30363591512448,5.400340112597453,1.3252008064355874
3.9089726740702595,3.8898033726735406,2.1130773834566963
2.9153757660049076,4.122243837894705,0.40069664052476117
0.2348100233296111,3.404674896511395,2.25353967684584
3.0641855708280215,5.487544067784117,-1.6666495342532295
5.679710499956351,5.051375440112957,0.6556798676891522
5.805429980685324,3.2211126362503584,-1.8287984066056553
3.768658888106092,0.9421798290720942,0.8376548910249237
2.487708397657097,4.564192613901627,1.7136525390627995
4.071953416861247,5.746222550994452,2.8529103090697934
3.496969815934089,5.692868729314171,-2.538647951859001
1.633187040963135,2.116182095731779,-2.4652278912183148
1.8527028106141359,0.4785094543790249,0.00618790010360426
3.640986957970239,3.8668420276600726,1.9677245436944633
2.180942280172735,0.9228056106953906,-1.2430646477400091
3.462580673237066,0.2321921207572788,0.4829788707762077
3.917648045466869,3.3237322563184613,0.999661354073508
0.19532980314015158,1.0130736186639573,-2.2316892566442004
0.4695259389736526,1.3329056391831602,0.3444536010736834
1.4454275606606843,5.779916257685819,-0.09887110684099776
4.56836332133129,2.765850688231992,-0.4962147426112731
3.3442022609123203,3.8735104820201824,-2.8081295034616405
5.683401054325844,0.8385182336724555,-0.8778527986864488
4.244261864080447,5.829636401468833,1.395961980939659
3.9311612603094837,3.073632323855132,-1.4047404045408223
5.3306642411044445,4.6925335244197885,-1.0850087036469018
0.5906233339080753,1.182072800183045,-1.6928248448100889
3.6549942988814346,0.9269744843919094,2.353932215702658
3.9739060094799257,1.3822489491021799,0.004499466887553982
4.891179309705607,4.3168361752427336,-2.605150754626026
4.013798275563558,1.290537436714177,3.1218156160601405
5.64600310240899,5.345142822794026,-2.281969210779105
1.2160181582014078,3.100943203331991,1.9877824611046941
0.9286796664703949,2.361411721870941,-0.35051491910298926
3.711217909544442,5.52716437848821,1.7280529275397436
4.309066668067935,1.5137214222067483,-2.060766009900065
5.839900220135941,0.5561139584301198,1.3786337892349811
2.1280086481391365,0.7478177318346841,-0.22727662201287258
2.6435611397344454,5.663514422920928,0.5960567185564374
5.750556385682164,1.4689934488837086,2.426302801672458
5.7006478364710444,3.152501832985095,-0.5607891758190844
4.225252606625729,0.16258056582329217,-0.3208706181144749
2.6372584282407576,2.5106032992190475,-1.7080533220599308
5.606475964235573,5.227848129838605,-0.11093441853843355
4.081252725329621,1.2023488212925808,-1.9205556519153208
1.079237524395761,2.1150072545218643,2.4559482763929035
3.278733739866359,5.085153841805358,-2.2289560953238596
4.209389212146944,2.439762240989526,-2.6342028365301324
3.066877386768193,1.7043362754283353,1.5165107970507306
2.644219099727926,2.687007447543647,1.1665807560207986
4.120065521853679,5.0659652839015505,2.079599531207667
1.5010097561745135,5.838341054614572,-1.1699139116583839
5.276118297992852,3.9945129663858525,-0.5441074937057881
5.148027075353939,5.738882827763474,1.988269796076544
4.032724170104929,0.32700481090000766,-1.6137729195494335
0.2850433859347241,0.97427089848929,0.11214491266412141
4.025465862309419,2.557852747131605,1.0861635146401678
1.4978590363536572,0.6113548133678359,-1.815028076055532
1.0339643778283696,3.4616910442615256,3.1182547587251612
4.16067591005371,1.3092191395796922,1.4245669320745282
3.4638301493864896,4.160473470363078,1.108977932495172
4.030566393563194,3.932841001905774,1.502210471760117
5.848939870792555,4.14409225367957,-3.073308538963533
5.650886071014612,3.703432942244455,0.7696964168626814
5.546483753100544,1.2187654226596707,-1.9947912733505793
4.499020936510131,1.937398651217119,-1.9564898443916545
4.43733879459687,2.84806222129264,-0.9814494962010776
4.12088954512357,2.475816765688174,0.563655616999676
3.1314301699727842,3.9983405619529537,2.264455776946244
5.595545747066655,1.8734919142109139,1.6337636506161175
2.18276616477801,4.773954137066714,0.33601499191896744
4.708127511314309,5.266045202708613,1.640021307502706
1.4729254445735118,3.211609642276084,2.093766303847233
4.496577375923303,1.2756092723588275,0.23263926562721027
5.489870379280978,1.7745101231837164,-0.8894781686324365
5.1583424171855405,4.716051197630647,0.5446841919177037
0.48715940814596026,1.2204142468299113,-0.7702987209135332
5.004535955805895,5.242317370307458,-1.982810580291742
0.24102678331511318,3.2942335673973893,-2.3288003351382414
1.0700903344545194,3.052900929580398,-2.465800111300659
0.42399931466536356,2.3042589632667063,-2.66158066596591
3.598716852043778,4.12969584669744,-0.7553153382355817
2.434051991145676,5.540512278733359,0.9676395871492067
5.146847039953616,5.802000386739127,2.633018261082719
1.2022761510999274,0.21581416625552885,2.7447027882431945
2.9398157309783732,2.0517211990242306,-1.688295377987135
4.233153328504072,2.01310412313898,-0.37869077681052543
3.561900191006275,0.7954366639322938,-2.740448340804813
3.9167166264744973,1.49293914767964,-0.2570136163088117
4.667824053258732,2.700784144406353,2.9099933946379455
5.7956335497821225,2.183288238404219,0.6052584826003975
5.778234827865997,0.3665443563148081,2.9017155873948406
0.2571724807689064,3.1287335173693824,-2.483274284597514
2.717769673285867,5.096349557599553,0.612381320503141
4.222927933934939,5.32396743016236,-0.427193419355675
3.8506260076162144,3.4937209156424336,-2.4867888852247355
5.795449976233678,4.819911988518455,0.5552678580243584
4.140184167283049,5.075976388770255,-1.4166550077019084
2.5932492666619247,4.116937651586296,-1.5637311558532763
4.495294340890414,2.6863232173800764,0.8849456179020052
3.965573525873787,3.7719925596149015,-2.5587776230363177
2.9072580042086713,0.3586058954625113,-2.004744283079851
4.3277216820683115,0.9745733819149272,-2.2441577142274665
2.9122341152198574,2.9607705287475086,0.029290254629521506
1.656108844794313,0.48661103079444823,1.871521485454756
5.71968740530388,4.041552353704386,-0.826431221070568
1.0665861127984124,3.8052317107973543,3.041248169689962
4.249351274228305,1.6799726911951673,1.650760070783269
5.685402141556082,2.931681842993226,-2.4018384906758934
4.103196797499111,1.10481807648147,-0.6443280393914375
2.6009069068906867,4.309606986879869,-2.8446118318577867
1.674758838992046,1.3838421399785308,-2.8365784341405735
4.1330061391533555,0.3457433289395375,1.164254514815366
2.9023026177681523,2.6584930561491067,-1.288389491394583
1.1813204881410615,5.567951223924646,1.876384216349324
2.5157327907613425,3.3407597746755844,2.2662669125958326
1.159962917938989,4.922380550793288,1.375404337836203
3.580828399109577,0.8536634007160164,1.9334781808263832
3.9521068302697238,4.967201992041902,-1.7117659951040403
4.993281936770348,2.8504711085790237,1.0016026526226112
3.9814539083947933,0.4481278313349406,0.7938523912567867
3.2270651107786077,1.451618637800854,-1.3004195347859049
2.34356523236275,2.2128713010919547,-0.2500881608485539
0.5595838211072834,1.1661092226249479,-0.49507729997146965
3.3424115547202184,0.5140116609921219,-2.5902287423419628
5.4537452318725235,4.569171852943927,-2.9821596705473437
4.312828369119051,1.1034908259315248,-2.4994524268942717
2.6880012908838915,5.004613877311264,0.873039775613317
2.16447351698831,0.24419787269270277,-3.05313822402495
1.5484192358061073,4.368178018040635,-0.8160799195761452
0.30767207979022326,3.903135263077889,0.38639205706705226
1.3593427910324722,0.8454893933875771,1.3151428396400817
1.9466207288538835,0.7969995334166102,-1.1748878043165325
3.8574990869336343,5.318831493083729,1.0213553041536763
0.4382935669846939,2.3487250696310937,-0.9509724782681901
4.790248140230653,4.724384884012312,-0.9886798604585958
2.763743851232436,4.319366501412382,-2.843891577410475
3.571440400400836,5.040926071089568,1.4920236553937611
0.9746160087864597,3.862042851170902,-0.4288579202126406
2.695445504625355,2.77473160878073,1.748001102421668
0.437500773120564,1.6173644503564995,-1.7010024697282593
5.368454857336689,1.2794619081773908,0.0968884816599993
0.8065537258956088,2.2163315328517603,2.9433224911753415
4.080424880738162,5.675900820623859,-2.984916180748871
2.91001199244056,5.486345084832631,1.6638813343170522
5.1600103107874835,2.3276393651372524,2.8283241733948357
2.2067279678074465,1.1887165270417241,2.9061665468411624
1.29715496099271,1.1747737462670556,2.1390245844491984
4.573366649591055,5.550971349379289,2.725246240934027
1.4542047768095423,4.746547222929056,-0.6870183816083912
4.656983727795492,0.23689501835605586,-1.524087706979841
4.35182320943758,4.912818535894649,1.0538069662356646
1.5159292679550278,0.5544910148561073,0.37468650420396665
2.678884676808715,5.088782082280768,-1.4216080895791425
5.737994262822066,0.7044307648853922,-2.8853018455717874
1.0206912429979833,4.181464373407468,2.458563512560514
2.2713489863903167,4.449350953377946,1.9433123658496578
2.9484275185465645,5.394033980517743,-0.26716754254066455
5.567719957498612,0.23613421500205156,3.1340752887596235
0.6093317250972794,2.0199233847037927,-0.09654816708882752
1.520066264809534,4.396767609793061,-1.0886763753223128
0.9637811928270261,2.2769755374717215,-1.9317111605200608
2.1648065706854145,4.3220910922276214,-1.1381039619936169
2.518213581814467,2.2744664460520028,-1.2296141517970165
3.2225924528997334,4.937849206751363,-0.1292395643497879
4.948196512356115,5.435167113545033,1.33927255169698
4.15069900453444,3.326909935349078,1.848007146795899
4.831584776402518,2.873700538841153,1.1547774483853308
3.1654172336514423,2.4356786735515583,0.620726013717412
3.4324737769473543,3.6602726360673516,2.6859927684186786
3.847671737409499,4.18558224605666,2.044323247781267
5.020922735380376,4.483905798130999,-2.8419659036509515
0.9312966846749542,0.23987459743306894,1.848605035755301
0.3112420270003988,2.4269953389029917,2.738867108034019
2.231671368237832,5.735620127768207,2.5285507566041856
3.0002025414733344,0.9667457322049544,-3.0215292110374428
3.908079694200083,2.622875380433197,-0.43545170039605186
2.6512332849575766,2.9240866632123286,-0.8373972384769388
4.202445758159895,1.543044744763086,-0.4774203627165514
2.158895549844585,4.337669673933386,2.4424709398917495
1.1461128729694987,2.3195578157172214,-2.8218800511512914
3.196195330782315,5.339248072758954,-0.0183122792882493
2.4958529625611447,2.527349573256859,-1.762605128473134
5.829243581620721,5.651611815938709,-0.4744685132052875
5.457349308619182,0.3995112807248915,-0.22670056803599703
1.9405378701258493,0.22146736381259702,-2.8358705346817934
5.547350879568764,0.23308267352361867,1.677918190253914
5.847525805740498,5.325434710609176,1.8901067883703826
5.3993096966623115,1.1162692122534974,2.341470625692989
3.6318298894055845,0.7960795685800257,-1.841890725431555
1.9084334115403614,1.2992502371480796,-0.09994150806905955
5.107099406284473,2.683979207650671,2.0354672151509288
4.400900599437168,3.1546312468521016,-2.9226960948855356
2.6977157560859046,5.789069816254548,2.3130480381894607
1.786070092335265,0.985808841743941,3.109155481957079
1.0428533902125567,4.01948455301394,-2.142025420379224
2.407793641940858,4.382450903578036,-2.0232045596088293
1.5124421769909777,4.330608045910727,-1.1955044462368691
3.4677717528080336,0.2767727436369902,-1.4839646646685285
5.83020292589131,3.4816609999205883,-2.8020626509008335
3.9558403929112576,0.31693084043249153,3.1385975911342863
5.499185658003428,1.0946082193865854,-1.0244344754398433
1.0595051424469462,0.9965243051779484,1.846829495356074
0.3913353649716793,1.164212225730096,1.5919711252912334
5.121708254107389,3.8624380746037597,-0.5508171052566175
4.774135483521009,4.399836284179483,2.639884212324189
5.3773156104997195,2.3738515599171643,2.3579942407868053
5.709997411571927,4.814934402584807,-0.7617881681927052
2.258126488590573,5.4289581594996354,-2.291936944253509
0.5282788183928888,1.6664944420578445,-1.294257590132144
5.78074928339501,5.7152045270089795,2.9442321510281513
1.4935881302706973,3.160328722622117,0.3520506749289778
2.465211277474585,4.649738439240438,-1.7217419233987918
1.366567340138357,3.4011037800660593,1.5321596044286325
3.50938739721291,3.7832077797223547,-3.0889213149430916
5.404958403967593,1.683497192115309,0.8773194870172478
1.0048295116501968,4.101000989089757,2.499314878117162
5.237637124860654,0.3179477783032554,-0.8163454577195957
0.16845025632170363,0.7658509969075444,2.4919381532937415
2.8339884237477175,2.6734205845386323,1.0405701230700624
2.9521076936495088,0.2622857794396978,2.934044600188379
4.483532066147176,1.3685971554467922,1.661980622050077
1.2649869602970638,4.001781496698708,0.7807178602022065
1.1472662102178453,4.309553925798366,2.0943545842893165
4.547156770021266,1.995567199660411,-0.7293783529237752
5.237009701196127,2.203085724156537,-2.3477798235078557
5.298620742565952,4.681673055604968,3.0541316028038716
0.5337838432479802,1.9627775285741849,-1.2693510741508047
2.1224089184327086,0.17281548973495098,-1.1618815797273347
5.246411892870303,2.383047160005738,-2.2608984578004225
5.288081802099956,2.1746026725588665,-1.9649776563362205
4.906300622465439,5.677050009361425,-2.152666365930576
3.308565725883102,3.988476075005586,2.4713209201084636
3.0363979875728555,1.3092485367639337,-3.0198228141326173
4.9179832719477306,4.924496785703201,2.3152190891782105
5.411095968294186,5.577567723070943,-0.9394444991205524
5.629565729501932,0.8918299514333765,-0.37741289342340556
2.8360704885034536,2.7277508109002393,0.17149932998261797
5.214871361442738,2.1456599354093284,0.5795908510067074
1.0602076337914428,0.9338361351805096,1.2758825420817201
2.779535958843413,3.7564146313541036,2.2100587920556505
3.4969741283977456,0.5983126484417074,-2.395248721215639
5.643204121339705,0.7806040284222944,0.04522812133362519
1.7002433562969252,0.81541979702093,0.28011706209085396
1.3989487113531716,0.5341305831728953,2.850627885227534
4.003379245614295,1.7764220577228058,0.30480461038756523
3.126815278427169,3.9144305268845025,-0.3144188876368026
1.3951865159454973,3.2768507840263705,-1.6879265798293765
5.203704842310671,2.9188387656377994,1.671818447151023
3.9193551301527174,1.843224102317785,1.3667105442491598
5.35502723082327,4.924571128674454,2.991469015799522
1.9479824622693935,0.25373366897393224,1.5262531770819505
2.051969141568477,3.3478054946861664,3.1210582296386873
3.370326440324892,0.453702571939536,2.6860660622437296
2.7477270766485073,3.6029668244422988,1.336284730747625
1.8347072072221822,3.2935055384341343,-0.14438478173910552
3.2387718302039463,3.698392553560307,2.5720276633186954
5.292700819830219,5.746089531540868,2.135945533107577
1.0925239695443343,2.1612832386906398,-2.2693910052776647
5.233829924554178,4.926151344775764,2.3360508266829454
0.22375930263053423,3.4929884101700366,1.2686805472390255
5.840321431900365,3.3978666978526824,-1.2033355803431605
1.1262120229866135,4.495311220033527,-1.7298025511855648
0.6152913810953902,2.3400336310102294,-3.0698619987697136
1.1424306026600888,0.7215163876200468,-0.07628941484020935
2.200320661185705,4.939363000195295,0.030796255379903492
2.155227312781121,2.295265777003195,1.5043011317532073
1.7784812932218808,0.6412603600104458,0.1576716946735197
2.5474837632329406,3.9983768694829633,2.724082973245782
5.734818150448527,2.6612430464524204,-0.9498020702890084
2.2560412869019517,1.0129632935014776,1.5225282092784083
4.785705949868576,3.043743548295988,2.1112431698949683
5.463209139381907,2.3219945416309358,2.4312518184318614
1.4080909297014859,5.4205459654525345,-2.474310008742618
4.115131181859077,2.8367894377289247,1.7770238499007407
1.8747691324080908,2.3374664166099155,-1.8787180675916137
1.4256195318903513,5.1943996296885295,2.7335294540753647
3.6209632459389605,0.2777462614889816,-2.338679853544499
1.4965320038640606,4.205624471838074,2.2604998201105158
4.299685445828631,0.3757668700026857,0.9656049688505677
5.2138251218580685,4.681463621390577,-0.8609104544182191
2.686867324668997,5.6521092351698,-0.6758302779387777
1.7795471436123111,0.7488409580012367,-2.4985070165936936
1.2927459163170834,3.7070168606668874,-1.0809315937720152
1.0329149295411988,4.2831763895275445,2.053772945676144
1.3154288013243172,3.723577786070868,0.3624023990669598
0.19185158431113813,4.905604292193903,-1.2890947776845452
5.075524015752068,5.3860424418908,-0.6763623340724925
2.267527800950229,4.901278758068036,0.2475514963055594
0.9172787321671714,0.2720520109746811,-0.5342589270938274
5.709160590684394,4.035004641012714,2.5493371702509178
4.371603583614581,2.419056021786588,2.2358968244781696
3.215224884308157,1.3651818758832654,-1.8217000931671332
5.507170381132976,5.274434071893953,1.9063453071080678
2.4402938668038097,5.724219123244099,0.8181938933026873
5.217105517144967,0.1543762338794401,2.109905541573654
4.613647588076193,2.485981141026625,0.08686601408593342
3.7625141303907275,0.18559022974667383,1.3172568103917666
2.931735991164044,0.3992771991862323,-1.1966794781596808
3.6797899323631516,5.730770258534719,-1.5615434241857578
5.537598424230416,5.132260340972555,-2.1142365701715606
4.1913965490664165,1.233184289102232,-0.33297246584984563
5.71365624096331,1.492684417790935,2.9584593235393664
5.1279479812222055,5.654412773011741,2.010620205716638
3.0538551357000623,4.204739616835617,2.9143957451826736
2.486494596165007,0.3114883272114073,-3.1241646717342055
5.796661291996852,1.8689114192723857,2.575342584562229
5.188856120473724,1.8517525776114132,2.1134786947400848
3.4438586691405235,3.8269999508972243,0.5896870093505981
0.8781258821338147,1.2737788100577048,-0.08082459523991492
5.4298554692554,1.7170099479422614,-3.122720915880011
1.4879745067413586,0.37470762106843236,0.02359404558064604
2.130366266423608,2.1378516588912833,0.8888258061233616
5.3688139926805984,5.540147447824017,0.8682460350276227
0.9242748590828147,1.1772234205125136,0.14158172944756142
1.217041849536542,5.349908629377167,1.5072651275842466
2.7112298499318417,2.5885870871016783,-1.1534171669003879
5.170756814782006,0.8834934097404639,2.440464983338347
1.4627576325845928,2.1571697401485337,2.4614409408311824
1.685683583762169,3.3058882498687048,-3.012179924765012
4.642008675030345,5.4517603952051825,-3.0549645372073995
4.265046497717728,4.985679752986744,-0.1936974519137844
2.8262911623659206,2.5676688258522864,-1.3535227241689327
2.4411929403009363,4.900144581234156,-0.8446629407038344
4.216448415533344,5.1760397288322,0.5756413986921611
4.000956118948796,2.8291571066743346,0.8881692133602748
3.917525755307512,2.0159297899017945,-1.5928887904816624
1.0358182632876034,0.2109154534966371,2.631550974036748
0.18749924295533837,0.15043651849478157,-2.8615664752245795
0.2771201915694299,4.934183713744542,2.9616029539888746
4.773140836169269,2.4827958565329933,-0.4767651461089426
3.799151050987506,1.1132050187118034,-2.5253788759983116
0.4660798532271553,0.18139977092370474,-1.138269279671519
4.001286604572521,1.3586901194599148,-0.5879106126140541
3.929255467593693,2.3269527984009377,1.5464238669312715
4.5572082583798315,2.658007673326427,0.00616651624638731
0.17671343697220943,0.5616506647215416,1.130551467587411
0.27544183864465976,1.4564186205481848,2.1571231368504833
1.5732111255614607,2.4100825663074756,-2.5837985774743912
3.5861776799290217,3.9129851100321247,1.1447228288026148
5.785427313058769,2.6219041725281436,-0.21392733894184035
1.8059854701584683,0.7424673944242335,0.13875616516118505
0.2897520642727851,4.498960761506644,-0.42621810476325894
4.449077269993001,0.9244199637061024,0.8805922485201165
1.9831794100342843,0.9574533544721135,-1.0889259259315782
0.21958027497262833,5.523954677348577,-0.18363554786484215
3.4557988587714625,0.25737881655796313,-0.1001685890568833
4.5348038357953575,5.219748112835206,-0.5465595927725664
5.660262749678419,2.151582501390842,-2.0844255737558868
2.7319324678869163,5.4809606936890924,1.5930952428106924
3.563447826188774,0.9977532417882435,2.445850364929435
3.5800972631544945,5.674255629310817,1.1738766050194753
0.74350321364351,0.24411577349736802,-1.039625100874026
2.2085327327449233,3.9321257179524363,0.09070669062383452
2.4704717547699726,4.87458113697466,-1.9520568798815037
0.3052316177684944,2.9789176879125145,2.496092246558767
5.65600878012202,4.31010940042565,0.724636103499916
3.996852006949305,3.9861887691430766,2.2722976064765543
4.3973294940927605,5.642897648025606,-2.587265840211788
5.165248232932985,5.322593086156763,2.4400689379370766
5.769566918384752,4.681712369661909,0.13928806178876485
2.629165407679168,4.538088114980044,-1.8543275107135384
5.699440713475967,2.8699371393184308,-1.1644215672863412
1.4832203816843068,1.37401471420966,-1.59156074918748
4.045741530101462,1.8044887039210076,-1.2560389193638228
5.589424399030584,5.038421427785458,0.03738084607133896
0.8150326489989925,0.9782973859135629,0.06786823851265744
3.522821097842436,5.732581407342474,-0.7320148970784741
0.22972227730318484,4.691165185055935,-3.049992649542325
5.491289210306845,4.591676047553661,-1.749948762438888
0.3453081069019157,4.909707234025724,-1.2039819943417545
4.302458960108051,2.534785050225187,-2.9657847925828906
3.9518416675484813,1.5134628661117748,-1.534410689170143
1.6097617706794667,0.6637645078611509,-2.5214733375512566
1.7095724918819821,1.3374175848711185,2.63480163662154
1.5632772853061458,0.5318572107024901,1.5161479245913903
2.27470539843474,4.267457482911677,-2.4896829802721463
2.6629422430596215,4.2333985833425976,2.3977391147445637
1.5350595656308812,5.0903546782639,-2.4922015701155145
4.627235844371113,4.912748571949072,1.6992860979904574
5.2950523015364945,0.8123172550444104,2.7531312112383555
4.569272710320992,5.152446495624531,-1.5565468897925112
2.619255383389765,2.8098514946668534,1.9198119498399207
2.412317451496079,4.730828704327093,2.003741026017134
2.649144988747242,2.442859135837585,1.6226253983628345
5.18982869832412,1.6475000119617154,0.8954537208557483
1.3654815426211189,2.1291787324656637,2.6215067265092387
3.495783601397171,4.180684828019491,2.746939692985186
5.663616233120289,1.6743585931920617,1.1724415008357845
4.068955435686674,5.405724183387403,1.88956148012337
2.2173002353400832,4.646904147627046,0.4196852132577953
3.2786679254829574,4.125001153016687,1.4630934758196226
0.37734392642671377,1.6466079423949636,1.0894138776806477
3.1183773106984067,4.074846453503524,-2.8276097464511283
0.7829622377324188,0.4760579454782865,-2.290766038961073
5.2547239792992935,0.39884555728098703,-2.118854230180422
4.698934957118896,2.9239350349836193,1.972025383973115
4.200513868533961,2.465855145924748,2.805553052965587
4.470681952091891,3.0901376551774407,1.818714098527221
3.959418710840448,3.7034730841591843,-1.8908723372232983
1.4775455367204469,5.65971413127683,0.1812884243058024
5.355595060725579,3.047110555652183,1.5910642251737714
5.794793330538342,0.2888791710455456,1.9167937373733475
5.272742976675457,0.5211269018452347,-2.6921857266631135
5.705684191158635,4.094333992996104,2.3308115917536094
2.5749137519532543,2.8765700485968,2.2154510299410477
3.957793743077902,2.2162828353188804,-2.3784169013577596
3.0017411815357806,1.7530538125370105,-1.021295937712504
0.501672993935169,0.7400612495054892,1.9357517041334296
5.54579952669381,4.741377295595841,-3.0592923981820928
4.65220300808675,5.611370648291444,1.7343519295844372
4.210772116433999,0.36382538778938067,2.2050538869244782
5.582067612076083,5.211299987093632,-2.401477889443419
5.464315673220634,5.268077630560113,0.6989158800233928
5.797814732881852,3.3356120141928365,-0.6615065474667166
1.3091406108983852,5.330827348307587,1.3746425653989247
1.0972754868046155,4.820909960289449,0.19735060031235774
2.697854299046405,4.062362797936391,-0.7673975682396192
3.529310468568516,5.685351614138864,1.8139292272804841
3.0670017252557056,4.0749519762954725,1.6507495161984815
5.32988242648179,5.138090946560649,0.028937618746448734
3.070518775557148,2.1956878499757915,-2.046155579345761
3.028392204588461,4.150824844024633,2.256577615085062
5.653014080302518,1.5643063388567198,-0.5397775110900129
4.621075301110709,5.178157080698709,2.816583993644997
1.1573241918897226,1.2093380376282439,2.9414634606160925
3.066972246257422,0.9724766423835418,0.7106539936405696
5.44418367213178,5.321609956096569,-2.7621435334034814
3.0562757389365016,1.0785654984162032,-0.6363342300093038
1.2182840095897458,3.878330573257326,-0.3097927658735471
5.787233335434614,0.18615741871926939,-0.7976349459392997
3.6552005566251777,5.498957401961191,2.223438191044763
4.8174970531774,2.8595127165126883,2.7085995161337655
4.100246317027116,1.5938368407440517,-2.2572009596708194
5.50149807634816,4.521962748532759,1.7827383042770384
3.9005920558229183,3.2534480827926604,-2.335467241044317
5.518572796825342,5.0610072945916516,2.0239707584817657
5.27602596002395,1.448413721308996,-1.084528368620524
1.1471551769972408,5.217331231427061,0.5630399594460931
2.305931300658548,0.7800033707734224,-0.2019859690197805
3.823125321632248,5.131676827423844,-2.835321774145788
0.2539715376431393,0.5576583756677502,0.7159784399367521
5.29780328041319,1.1435497202547227,-0.35576720455362176
2.44804952912693,5.183001377216033,2.87743665889351
1.4389861447823449,5.004856865780744,1.8124758143966861
5.735858628292881,0.29059586185726216,1.0698581751031648
1.3790166974653484,0.8679507834825242,-0.5784260586918082
5.203593720057166,2.8277008055711343,2.3526971476449816
5.782922169176581,3.978617943922356,-0.3133240382177127
3.0645294497339064,1.984360012904342,0.8670989187661737
4.063068288715542,5.303566609543624,-0.7889935308125011
0.34441556212716695,5.816797526572131,1.7746229294241216
0.9665977675866846,4.903381460285261,1.4264007189832215
2.2405346308768492,0.26297269873441476,-2.6087542180036634
2.642398270240939,0.1519404807803264,-1.1506877277197516
0.6617119123681869,0.6357713148359978,-1.6304060583003717
5.315074752556356,4.48967175815354,-1.4075482512557582
1.1667910971066742,4.242063491078776,-2.831509455829262
5.777670012298794,2.8798635184832357,-2.085258777254308
4.208103102011071,0.3155775508012326,-2.6375371006855453
5.779522362927873,2.30590637955158,-1.7564028281173403
5.218609415533513,2.7892233656459258,-0.7592309790170204
5.435508844009045,3.2180101248378623,0.8548454684499012
5.723788381077682,1.483530358421837,0.7020269182967875
1.335271303773615,4.309926533281102,0.12308098895737407
4.016885393356466,1.6495253891929689,2.138482127015779
2.473329320684467,4.952949629339306,0.17719512041347274
0.4669637647047322,1.8023170754390994,0.20811352919966675
5.327713958818546,5.388206087957,-1.7612399163680923
2.6145749334791546,2.319218802029053,1.732595794585908
1.07387654452412,4.922139382190605,-1.4673181536876334
2.930902846328028,2.851468559905689,1.7238477391419416
4.279128838022334,0.5634041000360792,-0.9559913133710456
3.96250429181749,3.3346510312517874,-0.770206360427443
3.2136534431691066,2.720989919179676,1.4240611450768972
2.2775415077066934,2.359948222708551,2.5470004979622853
3.896286358462624,5.016147207083707,0.7155966184437688
1.4041202271170286,4.835657340820548,1.7163915876544644
5.307433690886584,4.072152030361508,0.21569275669379806
1.0242310034502755,3.5816510583733736,1.6160975589170876
0.30393564692153574,1.8978702568897687,3.0888421606194756
4.105065359210918,1.996857059199781,0.39035029588432524
0.9659061816189449,4.708476713016363,-2.6949938244056515
1.7609243052443817,1.0044815907004605,1.962014473873035
3.3276576718127746,1.0332237631252843,-1.8178923210123694
5.841426265823687,0.9052294360038666,1.9726579321139752
1.3359717887321336,0.5951264324761809,2.4653136230122277
5.0684521892715,0.276119710352952,0.4715959438148727
5.552842296729159,2.851877896066533,-3.0783502551056716
0.9915204604272465,0.2818518930857128,-1.3233338268318329
4.61663176623358,5.617611680834651,-0.5639132347172842
3.9296409053334074,5.4166668613258135,-2.3378068556588563
5.699285940487493,1.9272569142140492,-2.465732271225755
4.373104486527104,0.2949222596969572,-1.6856959173606838
5.003882707314141,4.47292063228304,1.0662341189052622
3.978465010658039,4.851346422125124,1.211263101569755
3.8151965191725123,5.207963700915439,-2.296564968008718
0.28552306127521265,3.008022453198807,-0.6119010393099877
5.279732196834168,0.6111539489309445,-0.3898375506302414
2.7660780037404087,2.742229304087064,-2.0870521197731704
4.159384649011772,2.1914032999534743,-0.18017958523123845
0.24811850143353853,0.6204694588675725,1.6359078554696422
2.8032998918423937,0.20822946346148163,2.3751538465538005
4.972297652436155,5.147770328256352,0.855459399334765
1.5282317818901625,5.461631073244155,1.9937589475669197
4.340086009122245,5.088931648965392,-2.110024267865546
3.735894641355337,0.7624524162161188,-0.9804096769062483
5.730509488325051,4.103403345651828,0.28936613456265814
1.5641002412587166,1.00725548353496,-1.6083242806637856
2.8032000611385106,0.46579448509237675,0.43237462887989686
0.32731257151599613,3.1160407974209896,2.4569335400452754
3.7679761399660308,0.3631061553823651,1.164152613581031
0.979014381792545,3.8832566013968863,-2.607051585808015
2.1854613911632135,5.054790490286517,0.9319811707717305
2.9235491179905866,5.048836873597,-2.5872518147890893
2.9133065128147604,0.4108536958655913,-0.6860585848344103
4.086049918506163,3.1649362795082725,-0.08582225472816729
2.363874260209032,3.4229169322996964,-0.5818441244756376
3.041814897862227,1.349608933703435,0.9877412198289957
4.036520322428409,0.2714669296561374,-1.994294963153721
1.0114501369010633,5.355391244592171,-1.3623783810515615
0.19160838469478403,0.9693767715617956,-1.1433121920715872
3.085469540764825,0.3226073350590306,3.0666429365606644
5.160838342012162,3.2470833617712396,-1.2942544559514295
4.042578584506181,3.490179710832435,-0.2371822413350042
3.353048463427058,1.0830608587295212,-0.6535497240883759
2.203624394413014,3.136249886485152,2.841977108397029
5.414111797968017,5.083747901255965,-0.8941392590382242
2.4469558473515356,5.0926995889360915,2.8195875631708525
5.492577753155446,2.0057922958820726,2.605772805245035
5.515202626946896,3.2074284870826943,1.9070068007700778
4.930369667170751,5.2927398656148394,-2.6417254120681566
1.205141523709554,0.8710580401270425,0.07430849629130831
4.378084499923722,2.4170667459124813,3.1117631252691353
4.0671717290425065,0.3970757520067103,-2.2393823880373707
3.1607090041476287,5.0977908816235065,0.4766120377556078
0.4715439221415252,1.4310123015412826,-0.0555606487280742
3.946442874383786,0.998945914896135,-1.4379310262559226
5.678349770560646,1.4322654954157257,2.286002963907144
5.239286121508276,5.4952902638148196,-1.6953397382603421
4.320173402956598,4.964523065375028,1.1267477364957195
5.5015086890484035,4.923326774732738,-0.43766518603715454
2.7684140852337444,4.846155155370463,2.672171486413694
0.5595082502322823,1.2327159646016255,1.762796868058122
1.1688936778240078,3.2912475112504653,2.6657642627775413
3.285504640470858,3.7083275653860026,-2.4857206793587077
3.3689256046969747,4.951089805177796,-2.1631255004891727
3.1894539173808703,5.000511517768665,2.1708121994573757
4.02637485735774,1.0477682400925665,-2.0615526378624205
1.1274153687768622,2.2809294011000354,-1.1190834680289088
0.6203239484342773,2.3209651272334186,-2.90145796920585
0.3031603885285896,0.29714414916024623,2.733640400671346
5.760177731718208,4.0434802622597035,0.5568927808430488
3.401718762196415,5.767268302476457,-1.2992268235355175
3.019912757508396,2.8890644927600455,-2.04097542702857
4.106968665998867,3.960890282938354,2.1438973564918307
5.674177551167308,5.107437440730886,-0.9264284040485955
1.9199708063776255,2.2912698652474934,-1.1626708036970945
3.9324850083652723,3.955854533006092,0.029515034044512944
3.026404380948845,5.484672610042361,-1.7206539693081202
0.3075258844563318,1.2740425474708028,-1.534003400599568
1.8098858512483662,2.3667206412493726,-1.6860510178051378
3.6742051595051515,1.126365176228115,1.4517022880317345
5.126743651547831,3.155248839944365,-2.2803688276037386
4.687364125487504,2.6068486182629176,-2.6818330624526014
1.780190678977087,3.2075110178461412,-2.056517549901086
0.9718062454584226,2.123657957821163,0.407028523773068
5.799770415888412,2.278544721887515,-1.3258711248385278
1.201928284847918,0.4850708533593895,-1.0060009068443923
3.645431442171305,4.9032633582218965,-0.9537514853346041
2.9861078962382956,5.332979173309557,-2.208689762814938
4.253772376000106,2.2494182854379563,-0.7824306304920672
3.8965314613693716,1.2062366119661385,-2.3275722964727366
1.3676751616707998,5.697329787766167,-1.2080623960409638
4.792616390762713,2.479227730710749,-1.3651769011933543
1.3381051123930934,0.47555288676073304,2.129592811623837
4.4348979276767935,5.600535760370255,-2.5495056955438185
2.2487353473319915,5.177372484423824,-1.001557108000183
4.241258786578163,1.7909780045047061,-0.12212944036308482
0.35771527936422975,2.20948730061281,-0.7255230051817825
3.4110238064967584,5.627103888114504,-2.4658210466501234
3.9955512791745997,3.0760289376086067,-2.040799960165314
1.9679444253815286,1.4202653433681158,0.7601068209040625
4.214981827809022,2.744853058271715,-1.8772657385659859
5.156288315717312,1.627115981145527,1.6463000310506022
4.051003731805624,2.43436738968894,0.5753033925241491
4.865700746345958,4.283112846112074,2.2604862502438365
1.0817601815920839,1.131301548636429,1.2092655482368464
3.3644386776521324,3.8949079748352853,2.3819745444356952
5.002943630005218,2.6984799794191288,3.033776514481339
5.591317085857184,3.212721673830101,1.2199543447300636
1.828784109236147,0.4177345309069118,-2.6519672047156866
1.1708662502536074,5.292497115513599,-0.631978312540074
3.319537882601986,5.225131704227155,1.915694279509573
5.484711865048064,2.690070528742984,1.16589608144172
4.055196176912382,0.8694798993914319,2.1658178934772305
1.2849833836367384,0.7892685860420461,2.641815440747762
2.9446218290203783,2.7926596644341917,-0.07204416963902549
2.4319534121836273,2.148696805842993,-0.6061576466446228
3.546101250755439,4.063002764015609,-2.1700614093380204
1.0076592984117112,3.967222531685752,0.4139914465838861
1.7575991781603673,0.47457352484870774,-1.076138647752812
3.152985170181954,1.8484122374950216,-3.0862325138382505
4.523082339754123,2.1447211812754525,0.5388823162985195
4.078283328359345,0.5033705726402316,-2.3166828946651354
5.269477851802627,4.811032969038512,2.593572224036631
2.4390993320529333,4.88387295275557,0.9126551470281328
3.249723732911621,2.5656919768888478,2.443320749441771
3.2446878919252495,1.7575496292098594,-2.5954405124816056
0.2079082715668199,0.9478213935442097,-0.7046688355292403
2.698046161279897,3.3903966951261015,-1.3681826233066223
3.2200807058665406,4.096330138576393,-1.8401669899967712
0.19340685468536867,1.8095803847831617,1.2831864373189967
2.6913399906982507,5.484439463732152,-2.2920752219332297
2.164856217678089,0.8265358544224426,0.33836539279900757
5.564985995786239,0.8376500897054977,0.5143114170703371
5.685058074155957,1.7599021335978378,1.5486060912648236
2.451404916838734,0.15267560312194406,1.7358296149996386
1.279551044498375,4.255888916411597,0.14217380746277675
4.297980823903269,2.5053184759457414,2.4210037604622343
0.9734039218870771,4.65436306171599,-1.5410302845422699
5.8008066709741,1.1354496382570483,2.625898724062764
5.4143032777571705,4.844544266844305,3.0152712954591383
5.588260968445231,3.172965008575555,1.1295275938288993
4.1982396309482475,5.157358751875085,-0.34864030307125127
3.348416294794819,3.9624768855080874,-0.01847122881523333
5.427672098501705,2.0764362082179537,1.445708942193444
4.288467073026798,1.0452123418111252,0.15195167052417746
0.9639960586906235,0.8292212778020949,-2.5702930586148547
3.9758305920087893,2.769136832166808,-2.966825133096929
5.555710776902364,0.4559338076009172,-0.4188719587144729
1.0343969898670604,3.5111236218130646,-1.7549024887371842
0.1500675137991807,5.41818543829869,-2.237700895480179
4.600043605006075,3.1343440217697403,-0.8681002695267725
2.2358812312397705,1.1744373662012197,-1.7303653046277274
5.758452213810919,3.6121316640120265,-1.698077122409552
2.760118070788084,5.654852811262992,2.5988524603002805
2.2388349858304886,2.3695598772872652,1.6367923011865013
4.357658357711715,3.2226059831926124,-2.2847039052283304
5.067026457390572,5.819265636973685,-2.05883623259928
3.121592085281435,4.161282529989052,-2.540532612969405
3.939955363254728,4.9886847101453,0.25288268701253225
1.4452884627950833,3.9690092120729616,-2.924231805938438
4.851867038226995,3.003777139933975,-2.1427025924371206
2.368428839015692,3.779702828543281,-0.27205599591558105
1.0350063662686642,4.823018789082378,-2.3307990689931346
3.954794394503036,0.19137077937358704,-2.3789696242860847
3.352220921242952,0.487092692636067,0.7842372467847265
1.5092912456836964,0.34606146853371755,2.0140263261437923
1.5805537140138852,0.8867394785199254,2.0373142779929205
2.8483060440511423,4.185354540885314,2.2234041392757984
5.68347678280096,0.35910776824468993,1.5571163212368901
4.062208038986763,0.4086963712894309,0.8605108982201894
0.6966332067047925,0.16442384308497027,0.24558915245663915
1.4681360490135964,4.046082467763278,-1.8062190486843583
5.678867783167786,0.19107689109687387,-2.6020796455931157
2.4927427861600187,4.699658658012113,1.5878733688891975
2.268877451263317,3.233786395145316,1.4186609722982624
1.3758433776448338,5.0383831745609005,0.39112475033120164
1.2034505311015644,3.732389744856172,0.4058682138526386
1.4031675670673105,4.931976680098634,-0.42527253591209524
2.359594001616783,5.697502215780819,0.4527525812079958
5.47570527420677,4.899009404021874,0.6234774821100677
5.164786060203179,4.043036127296232,-3.1358662835968807
1.6251493876455994,0.8305366009904975,-1.5785654611639122
4.380604309698068,5.346572485885524,2.4928598983293346
5.364772818236091,5.291258543265448,0.8763885794283981
5.732493301275431,3.6427724084976023,-1.7184173487932632
0.6528907367532564,2.3865758077785353,3.0196925505624392
3.353151504854055,0.3810234017116412,1.98490182911946
3.9262057814664253,5.192943235848462,-1.3884821977484492
0.9736258679370464,4.127084824919112,-1.6350904452406894
3.0900511998559166,2.892221264989762,0.4916090942447182
1.8022663967808774,3.24075958852415,1.526754716131956
2.7143689499626946,5.584397899987012,-0.07614428532542794
5.4760723573163155,4.399354465627479,-1.113440120172176
2.6115973914178072,2.7606490439727427,0.2594268985999606
4.406480745378579,1.1131199184560818,0.20886086854064256
3.408041483562834,5.77491640320353,1.6517963020325839
4.597230957488923,4.9987935704581,-2.7861374633915834
3.7440274166487892,5.844438666275233,-2.6265832381212286
4.380283822074016,1.6740475428729473,0.24418944544078114
5.211127951299987,5.306109096757156,1.571732660418541
1.120337811059504,3.7447504081177785,-1.9601947093521044
1.319597692876004,5.2823158375634325,-0.3220346105064382
2.434975531250868,0.235954047257658,2.9935752603350227
5.169804826728682,4.558514538429467,-1.0511834062637808
2.6565967672775965,5.308846137353695,1.3910946435117406
4.537241493534088,0.651852183397386,1.3406196026700075
5.260752609196307,5.804119509187622,2.0409650296319466
4.130077533968001,0.34711786280860935,-0.7128772842156761
5.3808987758149245,2.906903224394212,-0.7142055208179183
1.7495452178261592,0.9012370396056926,-2.060837285116138
2.780130699565351,2.354082564829457,0.30981180652774
2.7288115278121614,3.4347087485281005,2.2056960009937088
0.4057332088166019,1.4070954554068484,-2.132539470722934
1.1377023123192613,2.3021324623206088,0.1697121570649065
2.5615118390985687,2.479323962787539,2.154828286874123
4.242005345452235,5.831635722203643,2.2848560149674135
3.097994917442734,1.3456277226645097,1.0876214948350977
5.660929171362449,5.299812465430207,2.7821660022482497
2.0741862787446745,0.23295490306927258,-0.8856325266853227
2.9179343478799558,4.983864939526801,-0.5941483114399273
1.8779019197563689,3.1116476017655397,-1.663670658925753
5.454924139459074,0.8221757804554615,0.18507429336293013
4.152771469738196,5.704452154762765,-2.2477789945926863
3.6425064162913587,4.109787914379643,-0.16647527170177412
0.2628012556278201,5.026182471966206,-1.302197189108386
4.506590331462613,5.6773641953324345,1.7981552496542879
0.9224082650355303,0.20007732790422916,-0.42154787464321064
4.433151363667486,5.198035513323635,-2.204486714995356
1.3327822708186587,2.2640872453140988,-3.0580484266623675
1.6024793509106636,0.7785888814111819,-2.9949999041891453
5.687093221477088,0.2658958990303455,0.9870547299887926
3.1964470306781685,4.211527548951934,1.5510712291392617
1.9851392209136833,1.339712480567685,-0.43973615856891257
4.64092684152789,5.310805493483351,-1.382414650360561
4.929706684062399,2.5230494866643003,2.61742173976229
5.27675814167423,2.752312699608672,-0.2532439483961024
2.0945191919111568,2.2660901937688744,1.4029941713085607
0.51307791371982,1.2802193950442262,-1.385308052106081
2.4371705999408517,2.4780603187655905,-2.971283683794859
0.7715357092614947,0.8925713308445726,-0.3620483253212279
3.011780335820105,1.4394014081313269,-1.0836337701145005
1.1857560758533614,0.3887399524512558,-1.1068546118528486
1.3466792695549816,4.6361488837366345,0.09677889100280135
3.4365460134614763,0.5166425485056199,-2.8510709710454427
1.5799970506103427,0.4321070796014741,0.6918463628449039
2.6057591357286825,0.1877262804885813,0.10584978688914948
0.5099767176390173,1.074788267267035,-2.674462768217146
4.402191303415436,1.0086954348570125,1.3188363869513458
0.9712344371634438,4.612419676080634,0.4335178677108904
4.284992474675445,2.2803560631462467,1.787833153865499
3.0854369772447505,1.8197455813062595,1.8619452254751403
4.046236570316147,2.5312450664514343,-2.025148263272089
2.211390474467578,2.4012673223916514,-2.2270289679474846
1.888829428679318,3.2380189446612766,0.15316532743961897
2.2223409805428407,0.6668792890150141,2.8872824198715668
2.6542073804094777,5.090214819395273,2.3908440726459634
1.0188778610485896,5.037585193242368,2.598620103230404
1.4842876440378883,1.178280162234368,1.1021056107081888
1.9858119213634895,0.7744746224455588,1.7136942222684057
5.246203076947806,2.7900898393980373,1.9776930363917984
2.4938700032389094,2.7354440125709423,1.6921183687505321
4.552914070858788,3.0127166977414586,0.7261414464368023
1.030325437879757,0.576476181043805,-0.5265018142877156
1.3630612288678057,4.476059162800711,1.9609445864763568
1.2539321649315853,5.103768965027719,-1.4744410877170646
5.820882564115267,4.664889126791834,-2.886567270601966
3.90713331862478,2.251755641593777,-2.5927383247313776
2.585003329485389,2.471711898777956,1.4009620103124352
2.539598899299656,0.2870807975640417,-0.14820604261198467
0.2917921879200329,4.103238452872067,0.3714796120268691
2.138635824480483,0.8161510060915238,0.32199689856999125
4.906696838836059,2.552359834351324,-0.07621609659192918
3.18448891255616,3.047539948298464,1.8690350688807298
5.291313399311014,4.360283170462423,1.2998767403246765
3.5927218533432037,5.776185754025182,0.8311456501366599
2.582248537831371,3.2469520815607056,-2.465247395008182
4.468674999306044,2.955086821898199,-0.11284026970609062
4.839832498989788,4.647400170198544,-2.6692742035786425
2.2959561599758205,0.8118395645824295,-0.6891553914161528
1.4134756179625152,3.99620691338749,2.863374163807486
3.534573145593174,3.956329698654082,-2.183418774083032
4.83087927285819,3.1949943496907736,-2.2523550254281828
3.383266064687543,5.790138340248795,-1.754525025571645
1.8835105234750258,1.164854345070189,-0.40211118444670246
0.6116273280676068,2.20421684530077,2.9362611676217796
2.1696468746664808,0.7934092318383916,-2.7473070932640553
4.563526093183099,3.0485388332151695,3.1146534244458666
4.552894903524284,2.4518623476978423,-0.795017360262813
1.8314861071701283,1.2569896984453948,-0.03876817657592735
5.3779507806497815,0.3071112381453198,-1.3165718469825467
4.850923809547088,0.2159261708042013,0.6717886004665647
5.347177483338628,0.5885136645646902,3.0433604956814495
4.114327733796968,3.339769235701456,1.40778000186911
2.034619671007671,2.3485881229311456,-1.8993799152068598
5.787952127959347,0.30671797794356936,-0.5642127635522054
5.709118205562085,1.570252326884162,0.8742755142202885
0.21627639787816322,3.2995162512785967,2.4246440010269152
2.189434153290645,3.647227742880373,-1.026322387251008
5.608416254007112,0.8657579319119615,0.5717161952983858
5.7405895865564665,5.213921614536528,2.4504994054834626
0.231365050020931,1.7032734779461671,0.9562157641482782
4.139219630733274,1.8744146587931234,1.4964386255768547
3.23328096436955,2.531765903761806,-2.1362184575875296
5.6045056220933995,3.043356062817657,2.2025239028578536
5.43238496218576,4.300066266601957,3.068731249569675
4.073052366263873,3.2588457025639865,-0.6742275043094894
5.704956981281752,4.519494118917589,0.3925558962046263
2.9206242701423557,2.3892939934543977,-0.4210230258063383
1.0651499184879178,5.0269441632882526,3.096844378444154
3.594816715834771,4.150402362071679,-2.306141090971516
2.9561448490401663,0.7484994946776655,-1.9802421235031604
4.897776566036002,4.788599345764399,-0.6702519977201797
0.5126783612223764,0.8412123583797968,1.4828033163105259
5.797978621484907,2.701964235398863,-1.276429082470512
2.4469231230886694,5.19142745545295,1.7721642363384218
1.0695958752923906,4.8824962063331805,-1.8535899124858364
2.246270877367439,3.05013046421338,-1.894430036463974
3.436009845194298,0.5256392178755718,-0.45464540496848604
1.1555859663820869,3.937048774387063,-1.909570536452683
1.2201345873442475,0.2508186116371518,1.029061666566439
3.0964748859614923,0.4479435030408536,-2.6380807896820104
5.433877854517849,5.158535457106124,2.0219501127523376
0.8547092735479906,1.3448799289577409,0.08156388065446629
2.7260847932262635,3.357042352967075,-2.269508933289919
1.1712358842253714,0.38676232529898447,1.1308134608451512
5.020370070810104,4.320420740247393,1.3883461130795336
2.5411636915395084,2.6775038520349375,1.0194074835932287
4.770479318797102,4.2382054803703815,-0.29897780729987034
4.099482476214723,2.562207524641913,-1.273510987799446
2.5600594654575173,2.108145867800885,-1.5732940319992545
4.730666397815041,3.1168309074522584,-0.6371558841002192
5.596297396069061,1.558048090070037,-2.950978172556546
0.2901896201071641,2.687311325971682,-0.009775832343104973
1.297398884094152,1.2493325403247644,-2.8155170796450038
5.215714461061971,5.318940483915656,0.791026486544415
4.310115778354347,2.8758261276507984,0.3780176940765494
5.105350328928264,5.797464838224408,-2.2673702840265024
4.432108619960968,1.4239262985854324,1.834218875034427
0.24536650279674777,3.373459606323914,1.0275774571413034
2.794791473554774,5.784323759199397,2.2853274030219257
4.115689344696569,1.6185197147488317,1.7784040465847024
0.34787698350442287,0.20889330593493205,-1.9612882191452683
1.094707093313338,3.054753922068267,1.2650669174791762
0.9618288865211237,4.135544625363539,-2.7286071552911264
0.9974017008829505,3.4312315276462293,0.9340747563048382
3.7151011291077483,5.693319811916758,-1.5797041553091347
2.633727256797391,5.638435567419866,-0.4654479790578625
4.223362042481409,2.0760256814398765,0.611722894003222
4.492449518120573,0.21150155755971456,0.882095760766509
5.019632010438883,4.130250335762176,-1.3818252370027295
4.760592267735399,2.662645239949768,-2.8544998697729413
2.1009039795683426,2.138362207717473,0.5923051029569333
4.586436051587574,5.76922835724687,0.4188182915860903
3.282908964382005,1.0703380435872312,-1.4909116404506755
3.7041301858191797,0.8068507328332462,-0.8430796191071157
3.5986929880704546,0.3990109481652151,1.3190895538237637
3.4895674824634657,4.969205310117983,-1.5492448582881255
2.697475610715233,3.606515484873297,0.1175484176971957
1.5723639486086132,1.4499482607427656,0.49817069623862453
3.8001173636341323,4.950270938481619,-2.2018368672505213
3.246212542714444,4.007682030138975,2.658509127478336
1.0600319502193913,0.7569321940361249,-2.0720396598912263
2.7192492982444314,4.3302794748271705,-0.40479193489554044
5.0537073514314415,3.8925657601726296,0.1821829417686205
5.209418176811189,1.3264923731766896,-0.5978468916146267
5.686061902631196,5.327240058624852,2.9937618862770767
1.925923230546804,0.9750528218291206,-2.1766006970016463
5.27984671744025,2.827923232917935,0.42256575436962285
5.573254745524582,3.107633206253217,1.8344656567283568
0.22050575514689874,3.5540940878593483,-0.327918804651409
5.2472405497070165,4.881259772515042,-0.34664752499821283
5.328516726412745,5.342573252046293,0.7788438117412988
2.608844310363665,0.44368414983887217,2.5246431939747147
1.3969401366746952,5.742126239290493,-2.69767752855467
5.5600033222048175,0.9622688145386127,0.5243078749216199
4.177615107461307,0.4926628031752367,1.8891794352199236
3.4543029960546763,5.050450102542996,-0.6323427302687623
0.9905068183331476,0.5570123184922948,-1.7766798819996876
4.489783051735152,1.8832413772370271,-2.724265765230463
3.9260978517661655,2.00783021431306,2.474079091869913
1.2988748190681179,0.9785672718505276,2.544046460144502
2.5408168974887424,2.253516072554876,0.880541858868682
0.3185979227811413,2.2320623106675503,-1.0859421773126767
1.3145630052225663,4.870670934787379,2.9236749781720235
0.3847628487140873,2.2345989275977334,-1.8142964832410349
1.7652903622406462,0.8523837340655673,-0.8401689074756393
4.4694812493817535,2.675828128246204,-0.9530038531811473
5.079022276940327,3.967792077276746,2.851347548397836
2.3645644674329893,3.2955244279958102,2.360832412818552
5.624487602726282,1.8440699812212726,-0.04154651651567898
2.4580858180474134,3.942140100638431,-3.029679354454723
3.475050162848394,5.800193420435456,-0.35474082146745856
1.223810366125998,0.7782524922481058,-2.2856339159545946
1.2917318519441745,3.629515626665855,0.7390303294429117
3.5176730768955906,5.135084581319598,-0.04037017429622258
2.228652457737093,5.453931160162517,-0.07419540687169235
2.43964573640822,2.2397524448580755,-1.7455200187091924
4.465338457682999,2.5963725990958952,-3.0595888771769997
5.558934851913452,4.6778698998681865,2.033626865727534
2.972571531999505,2.2007206903495304,-0.1966347151787735
5.847590363322562,1.2554381908178238,-2.114499080815389
3.728577890814125,3.931236662062327,-2.3742598243925235
5.535999828602949,1.1721179758210045,-0.9551769439897062
2.956045442415634,3.660625193466027,1.3986922430856774
5.314659772440443,0.7137307739049077,-2.5298392842398614
2.415825910493623,4.507295521065673,-0.9993948512701141
0.19863018758645734,2.9014684069030223,2.8101305031175814
4.092737748482331,2.680139963990694,-2.7154562517722214
0.5650638539283379,1.1614820811615643,-0.2563699478039898
5.568421703168227,5.7943850136987,-2.6971359966248674
1.359251981811293,3.3576663300178273,-1.1997210376032894
5.459924756197715,0.4038823341102391,2.441280706854738
4.474412280205837,5.368461066692228,2.8496472289111656
1.5359061323246808,2.195178272098336,-0.22236276134453536
1.303222122902106,5.512528063710978,-1.200305210407175
3.220213371937735,4.083842652569156,2.095855457834923
0.3905071155410993,0.2900399104220599,-1.844540439783321
5.23270983502905,2.587441693738688,-0.5103698230797833
2.2096060809145763,4.550554495248672,-0.8462968440291112
5.218811012394492,2.0648437683150096,-1.6890520249696181
4.905965059654078,3.0557041405169167,3.1073588949116875
4.172221675262891,5.467999292670222,-0.8762819293793513
2.4945550756146,0.3734409761025419,1.4864585665807386
2.775769922642043,5.376624841380045,-0.6485720126564232
1.262888839582011,2.200906700410061,-0.6137086898725821
3.828354690381703,3.7665445599286107,0.01497152219243958
0.9662425416988185,3.8957919543445296,-1.6366349501829298
1.5372641417161124,0.37207222482718927,2.0161123642297962
5.008789647902242,4.493461622744428,0.31563565761662504
5.809627229892928,2.988391132258661,-0.3222986111985051
4.94912507705866,5.291032233824074,0.8613213025530344
3.0054170122598514,0.9780047631864408,2.462107233448868
5.066750200939034,4.019350516477786,2.338821428578002
5.6558308203401,3.6618837314631354,1.3842180027911688
3.2078361702235627,0.9530755025728668,-2.6899234289555807
2.880984347683528,0.4329659752074375,0.24048756566466079
0.2833523483208802,1.4027715661480065,-2.98533347120943
2.2751560462054465,0.4946011149849745,-0.2813648308398706
0.7380479372961892,0.5773339463184766,-1.7783767568537059
5.756801314008726,1.6589976702543048,-1.5281675147621385
4.0539304444304305,1.2940751919036315,-0.4391697468744096
4.423210633001676,2.574949736678657,2.1091146196175226
2.200122516809651,5.619238651728587,2.6626291507079767
5.627975083546145,0.6990717342254527,2.6090218562264704
2.739214744392238,3.9161739904910218,-0.8684122908174117
5.538950984669862,2.958874818972572,1.840008048034453
3.167782879062554,2.6677888166929296,1.4660873984855494
5.324013880013045,2.2634266383707558,-2.9750905426123957
2.9821602920743766,0.5626414293410451,-1.620517400611956
4.054364397140779,1.848396687945038,-1.0282076515991974
3.536640194236403,4.184298106546421,0.10214885875753321
2.2902754717450864,2.3999108544419974,-1.9613091184085996
0.33462165682343303,1.8203178476580641,-1.8562398272020293
2.184773654294594,0.9765829377174755,-3.0074592019321185
2.511860507289346,0.28247934265483443,-0.06717608008003761
2.8567683586664847,2.8089729044482716,-2.4665140642080816
1.5178407767999573,5.804472532182885,-0.9803101359871187
0.650271831054684,2.3486830285582965,-1.6818127650001602
4.145104612237627,3.1951583483168378,1.0357023656375643
2.5099624896289927,5.289803522367558,-2.9708114022047014
2.2552013801830006,5.4395773849038145,-1.4623214838104077
3.1400755588592286,1.286296946809615,2.6353187284204784
3.1009612134109443,0.3606789516989315,-0.2663543967997759
4.517428164855065,0.47036230068404383,-1.433248230258862
4.1383308858277985,1.220280310531691,-0.8533987630767172
1.435413583897312,5.49834029113676,-2.291737238441507
4.117809660065272,4.104421848570188,1.4522139105002427
4.085291989428299,0.7429548945906166,1.1694890046734878
4.12479803969164,1.0583005363057305,-1.2058818099322464
0.8224838452891423,0.28921664536755376,0.9193993180192539
1.6355192613052252,1.2775488436002242,-0.44614794697785376
0.3335812606536792,3.431457269990709,2.7190412859732307
1.2855196880880881,3.8635683300611414,2.087445924411152
5.8312552743289725,2.4901310969343475,2.7683684800274717
3.9360474095023337,1.2966523099770777,-0.7729975228727834
1.1353941430533385,4.792853419695985,-2.808010144323229
1.3972659223893553,0.9329851087751666,-0.10174572808662008
3.1792944487569708,4.010942873876671,-1.9514687714259011
5.510047125822833,2.228736126488739,2.502418926728664
2.3302501669479256,5.009987435852841,-0.869821603476828
4.7890761875056045,4.107392227586081,-0.8418814441978979
5.624405089047996,5.796376960406989,-0.40344765785425896
1.957632006202045,0.5679329064802794,-1.3105224646821436
2.468484390565613,2.551789405822788,-1.127736652272398
4.1469819875744385,5.471037092907774,0.12332155767552688
1.7532168107368293,0.33965021350914926,2.1986662898000624
2.7825811963348563,5.753481605927295,-0.0741476068880007
4.402198101846377,2.758343046954759,-0.8514884741403281
2.8261915315915487,2.9642746226955756,-2.7724130650470284
2.1572519172197877,0.5012035997060507,-1.7367772536628883
3.853779640202201,2.855944634854429,2.181842070458215
4.16346248602139,1.712963977125442,1.0627042423831332
4.849408090783692,5.634635364230743,0.6460357505839442
1.0849514801800193,4.13712150284684,-2.19391110348753
0.786106294826965,0.2079297332488408,0.17933909800987635
4.627425037681223,3.109125834667218,-2.5143214779773757
2.1887469122630794,5.223006412000525,1.320764396758845
3.9380656884331415,2.550675796793361,-2.0735132806699323
2.393532578772234,3.276164954288359,1.1881304228279834
5.6924451992751965,2.7175825195827317,-0.22776705463073688
2.713157420936917,0.2713045652160786,-1.8178571068130345
1.559642147113121,3.087263096550536,0.591027723292608
2.6614927932039554,3.29661010240656,2.673912887280231
1.5222939866807117,3.3968686582572376,2.4610211123595693
0.295858045503699,1.2420080597578143,0.6015809069752063
2.545595172853953,3.933398866868382,1.5557505682073716
5.554801737088992,1.097122733335575,-2.3707111051158964
4.003133669256087,2.145531054011422,1.2178663457351275
2.405899747875546,3.916537445115166,2.803362907922847
0.2727737152353944,4.2798903067782526,2.382571697895237
5.722320380914089,1.4217592222595976,1.0795667024734126
2.821463033166201,4.936782966850696,0.6185760029200296
0.1924460703859936,2.514155715179557,1.995937727515999
2.5183220071847003,0.24694198770535203,-2.137400760984316
2.128477618860527,3.158733599674037,1.5290321479700415
2.415236587834894,3.511683340329581,0.14501950725432122
1.776308163837854,1.4436209426857298,1.3530484896484625
3.0523557066375275,5.391771386508222,-1.6074513480335242
2.152603431501408,4.641091215404845,-1.189773089169817
4.060427144925439,5.227344985829944,1.8572059306114994
2.8767205687246085,2.365902068991404,-0.8211084698427
1.4706555286604543,3.9454318164372957,-2.3503196934222124
5.6766486333580595,4.892207721150356,1.9636493265696924
1.2236767130802806,2.348921881571306,-3.0072490155188487
2.6184855681007457,4.529017254029275,0.14600650640340973
2.399930329322345,3.7327152130308483,0.23659109364392572
2.4606058332883114,2.71510553286401,-1.048758709421039
5.215267711034169,1.1970832536866847,2.611237090374382
2.548206497983228,4.902286516035975,-0.778754233596417
3.9919592429334605,2.278603877259612,-2.955170113682906
5.736376196652756,3.76413556397978,-2.2627103121654235
3.8332016653694048,5.143114047228833,-0.38395760479622476
1.6789756785709669,1.0039255159596305,1.7851074262613853
1.7173543488578102,3.281785003695667,2.697270600541346
4.702263270744381,5.345536926428862,1.5341754040701918
0.5908815084984782,0.5369616035366767,0.0717186212444858
4.062121919512844,5.6809832606909385,0.20300302220677802
4.072278184172873,3.965561594993085,0.9594553320564776
5.231564993160496,4.657169054886525,-0.3779830904513455
0.7166276672432381,0.4950302553398782,-1.6528781980269438
5.2976521138234824,0.41880682590155516,0.8084969364635635
0.8252161625611845,2.2836579656407263,-2.3583051209577923
0.21049763452567838,3.107251754888546,-0.3738592204170734
2.5905913186500755,3.168924550419284,0.8326276226768554
3.2424371298358503,2.9716628691102267,0.8491313425355336
2.179052366791623,5.03444118378846,-1.801021788415088
3.631286914591075,4.1657914968862775,0.9014852858920834
4.415995046258052,2.497118180155746,-2.1304186071016975
4.486651878109452,5.215424623599905,-1.332182262441072
0.24090129774937274,3.321850390608841,2.742702470673013
0.2716717594644973,1.985391291975872,-2.790624280741675
3.2151432676313982,3.901750244005075,0.8516380125320988
4.610312367234764,5.345816949180935,0.9678528471047914
1.7047780101819703,2.228135750354806,-2.7866285797529655
0.33303826137652104,3.63740869183038,-0.7845392720449564
4.732111215637884,5.619655671156335,2.3382422275571697
2.1569835318182573,4.707509442853995,-2.67800741623347
3.3805658931248344,0.26760131973285817,0.00012829212793352696
2.1912902708077167,3.1174205835456283,0.17658998117183078
5.7914327045849365,3.7564061112089875,-3.1130450706477797
5.0490574787033715,4.335236332618221,2.0806947064424532
3.2054927343266844,1.1983420024800633,-0.39581949177407294
4.1973759385228835,5.628632044169427,1.2776605578098854
1.4603468655945901,0.2780796096750635,-1.504451582295345
3.8251112143443606,3.935290517050575,1.6488386953271084
0.9604752974100985,2.3725720990378605,-3.1264514910389574
2.848496968351129,0.18184811314282978,-2.382593810888708
5.81829915521552,0.6731223545696878,0.28500254126229096
0.18477997203403462,1.1225773670184167,-0.2198151154037098
5.102997399126297,4.291048132742917,2.180424965702688
2.656924651372515,4.297884570873791,-1.5564487818032962
5.378592591494025,4.3571086713600105,-3.008660112675569
2.2589885259212643,2.2862277843786956,-1.962657051197149
1.3206839366112846,5.524995630395921,-0.6846506403020345
3.8979517178222256,1.7890954960331387,0.1194613817046255
2.99866730252545,2.543207504742887,0.3015487934562553
3.0502806396652344,2.847866157934778,-1.8702964024155802
5.284611130837899,5.3417016045444745,1.0868852109490454
5.5673725380670565,1.5712641032106678,1.282411637167261
4.194530354112993,1.7162554919281947,1.2232120988410777
2.5455126763550604,2.865824886040928,-0.4272746463512469
3.1714155392349674,0.5746757478107645,1.5109707049792824
0.3342746020310252,4.469094049520105,-0.0893081654498813
3.937629023659422,4.060107360412316,1.9379023805290387
4.07764671556891,1.243500966638349,-2.9913688248182706
4.962275714854993,5.342772154170087,2.398909144081407
5.50193684177211,4.710248228006802,1.8621255769437237
2.541884248252702,3.53005049004193,1.424477558148208
3.379644437610644,4.112776280308898,-2.09172899767408
5.0861558159865705,4.06330916712634,1.66805631643778
2.6323777139743942,5.539934139761832,-0.015393108274986744
4.396867284379604,2.7824755430862487,0.8281159219819791
1.1486924440896007,2.16973708220441,-0.34620932940844407
5.569802401781125,5.3493805745185545,-2.092887370477092
0.5089171923670526,0.4682488940716445,1.6974121606282324
1.3872405937716592,4.7651507722179325,2.1963425044543463
1.4890921491136409,1.3204444956353574,2.159004657214525
0.32204474840372166,0.2971453720388859,-2.536312861006767
0.394930345676227,1.5271654346199368,1.817833534872591
1.1322117495371278,4.7991550140187424,2.327791362376189
3.831182581163872,0.8409143159945112,0.8325096862799359
5.6895857131649,5.661964454474417,-0.7493341502008741
3.4829581681061903,4.990177150278317,3.1337616047189982
1.625727635626183,0.7223820918470945,-3.0517522197051186
5.131444881913384,2.4001400088226976,2.595236656417656
5.7289620980676315,2.1915361314696966,2.9735756256167036
3.1892468657092774,0.4288309068899021,2.7173996811443475
3.0364786764417495,3.7274173980565584,3.0752118854393427
4.874079827792954,2.83021417018396,1.4516076506378468
3.556128914488065,0.8779860021394998,-1.761619642963564
1.223685150133937,5.762265161393473,1.6780394812911492
5.561808603839203,0.4278396417815429,0.043067429159175497
4.061717665534587,1.2308503817345753,-1.666785724445474
1.5009930642138578,5.8274910797238375,2.9109542245786617
2.4848321095153283,4.503143720826348,3.099551008276485
4.188980084528968,5.550509722133541,2.684782630484631
1.271476656924494,2.4299205149509744,-1.0616505893747865
0.9985296407923385,3.696569830716199,2.5130172287348804
2.4799072298674494,0.2685361470243268,0.5804045668075992
5.776254626808836,5.440795501209385,-0.5525563043593102
4.4510536968260705,5.821545629894759,-0.7734841211660752
2.537138576639685,5.563252503307762,2.0927890956495228
4.246867095490336,4.924365644403085,-0.9903634579818625
0.19940181662340972,3.330239529506291,2.1419157123757833
5.816136480035937,5.615153741029316,-2.4727651454124495
0.864704600923295,1.2854431308524013,2.768269680723775
3.990941068593825,1.931831591061238,-2.9463728639138034
3.1868962209790213,0.6355927785717426,3.0226836958464487
0.1929701433627795,2.766689270277772,0.5687664300140449
3.1473149641366756,3.8577095358941547,-0.5169380872994722
5.243536482790361,1.553254281866152,-0.7696284622197331
2.9629295541200618,0.8362523376436968,-3.100234885412183
0.732270358759791,0.741504051190516,-2.5281497007888243
4.663254891377951,2.880145317852526,0.2663174838549103
4.8532875674680955,3.9694715012215935,1.2805095164123017
0.24529238854158875,0.7046744791560942,-1.8706229600576332
5.785106678697706,3.4892392242895385,0.8548351920372217
2.6559287575047867,2.3670719518888985,-2.938197157834141
2.892196531678164,5.276982625378793,-0.8373708501900263
1.5418458427758808,1.2003479949864462,-0.37124982049383703
4.825656090252413,2.7356516505459547,-0.5347958796423105
2.681036915687688,3.8819005142311687,-0.17974298779166942
5.791596323706688,4.953831378628085,2.286020232969193
5.512957250964516,5.142921687450329,1.7656028776884174
4.7064259894600875,5.609177500896976,-1.132943217426368
5.463267377511983,3.1345899616722024,3.1213796753524186
3.138850946613154,2.5944962847667923,1.4557682541136883
2.457787026294174,3.6483164014387324,-1.6319704572306069
2.4303038507901666,4.830738272803884,0.679910330152524
5.031931669793737,5.443670691528781,0.126861820974987
5.531016441941125,0.299665431078479,2.1118593383578466
1.3457603994407799,5.694130972464605,0.06068197858026636
5.676195291584733,4.867645330446802,1.128020198069689
2.925611571998985,2.1843789573071115,-1.3704637918009213
4.936246820814393,0.2600767861164073,-3.0576626060210645
5.640605951574043,3.9946858560534824,2.4578621234292735
4.843542796838823,0.2861444201389496,0.45674934924680644
2.4048833550928617,5.004760836049707,-1.973032887452143
5.398927326487291,1.7693778585900042,-2.605406220458038
0.2597538830728696,0.355047870115234,2.427567115405399
3.8922548452108465,0.9407977890894836,-0.4210048561709909
4.768509849989304,5.389860117943816,1.4202122786296298
2.775032848859457,5.830355357194636,-0.3383125340023687
5.3124098028410165,4.867060093935975,-1.3947157963291792
4.592529260922653,5.310100468952998,-1.8247363561733436
5.467227537962307,4.874173852577503,-1.1773736746956367
0.15154694460045293,0.38462186088409256,0.16500490345192587
3.6958118567828944,0.9254996921238934,0.3974363647401762
3.0001041427986266,1.0728245319407392,-0.7649470416119812
2.9396771543575255,2.1720441059177764,1.6241152831876011
1.1124510009950326,2.2916817224146735,-2.5508101557314835
2.689311077080972,3.702031888333975,-2.594424444448727
5.761950566874852,1.5305558194117574,-1.4730940174541618
2.157703405247071,1.283525052127,0.9200724110168066
5.818192818642846,5.419407959118372,-1.97932074440295
4.099717116052326,1.9525194325432833,1.4508856661482223
2.957094608437144,1.9209692192985446,-0.7844916552523951
4.823729291662958,5.460250230870794,3.0475727090576994
5.786469726858823,4.033152506632888,-1.7179852050676143
3.9430873193035403,2.654308775212005,1.7858831605904681
0.9722666119733594,4.522173287512467,-2.0487372586721033
0.26526394511035356,3.159406643518463,-2.138464597659939
1.066716914724157,3.2695088738049884,0.857740845906132
3.661960884509413,5.735724356207763,-0.22067822274249327
0.5129619125645339,2.198278990752855,-1.9897050993456984
1.7895202113807112,0.34529000520617203,1.0621297849861246
5.416349088981398,5.0814559588582,0.1873381128781646
1.7223580322021965,0.46775552521000296,1.8782672863125294
2.8338638672184304,2.42646792365063,2.62903908709598
2.5447922565211267,3.0684619695438906,1.1971450885030803
1.8687941059594704,0.20413403677063746,-1.4630225833964645
5.617419595148383,0.32626832760182056,1.5777125673016972
4.04927579669981,1.431611641138422,1.591273834471476
1.0580761094704267,4.696698542595135,-1.8998754444289983
2.9383487800746027,5.1272545567151395,2.6979767029343282
3.4678970232779776,3.712171071254829,0.9450067145451229
4.347398335911069,0.257271186542533,2.285898812107628
1.0158537501066882,5.066753589299024,-1.6453251678508314
2.7576814394138967,3.7104633198216797,-0.3826983600867866
1.0640201233819728,1.2708980946828958,3.0394035327139974
5.703646712890692,2.2159558989553103,0.005397883784147073
0.16235948802669808,1.2769863514994495,-1.325733679429446
1.3942597432350088,2.071409521799116,0.2403232543425391
5.037603566999177,5.6313534479948775,-0.6583881571449255
1.4552933554016394,5.083569108856952,1.597236088513963
5.344988923111218,1.4708951158728598,2.741670099221385
5.585677516605108,4.208309460197115,-1.9592182009525125
4.1432173482594665,4.897174850556249,-2.0545605978852457
5.699682123128069,3.8430400198791013,-2.7004122541939695
5.720336768918779,3.841766167630297,-0.06127571027714085
4.454833837203575,2.1770621310539475,-1.5391788923528653
3.394879197549559,3.7156943441004815,2.2254266433768457
0.2853696805829762,5.360236257053004,-0.18880570143865993
3.1411093846033147,0.43156582548992195,0.06564827342331014
0.5144336294564862,1.9417913491172978,1.3823189821499406
1.5426910038809802,3.4040365343760413,-0.20199778678449798
4.524075563111658,3.1812319418714123,1.4794212508624778
4.367555846442581,1.711575238272321,-2.9237208504676597
3.125425123010485,2.0821120284589374,-1.14856399950863
4.220623635505451,0.3539388970996369,-2.1798738705991
1.8108200347985393,0.17639209872289463,1.121094878365656
5.600930701256852,0.4954974981372331,1.9599117048975616
5.310280129416183,5.623751959117794,-0.2986897916330471
5.493103413040291,0.9752998839155744,-2.138056848506287
5.293867454045781,1.8495051882432385,2.760878602814227
3.4829413451669993,5.369076633487376,1.2183926999029318
5.532867788862692,2.7337847392354653,-2.824883126166179
2.778916406633442,2.565331385954085,-0.33325309012559057
3.9327226581081964,2.8879497355321417,2.8147569162754893
4.074112276082311,1.0602789717776817,0.2155114691375286
4.967466684928358,4.810740473812359,1.4174659190623267
3.1927849590469,1.3262147435939395,2.577892191730024
4.561722707933878,3.161463969163471,-2.08372304751179
1.08244887235538,4.702319643234793,-2.3298472396214427
4.129110277967135,1.980945975970922,0.9545557154446129
5.528511582784342,0.7227683286744349,1.2071457105165546
5.844314409661982,3.9054799793000896,-0.9258914158812233
5.262820630505531,0.28919012622556206,2.868096302872442
2.72579257955255,3.331948858223924,-0.5407852119200043
0.2957264033506879,2.1564774605073085,1.1759592170630002
4.549544212679627,2.2995548562044412,-0.01258229331923122
4.088520719230864,1.6340137980807765,2.359575498121192
5.620584622398687,1.26111039421628,-1.1823931173850393
4.046330915073644,2.2938733290037083,-2.641429801846505
0.26791872320563703,2.4947025647737417,1.9939706151858196
2.753936633209375,2.9858225758602255,-1.8003424543756843
5.4797564056406,4.0937030634540585,0.1292202766729309
4.40025583555236,1.8872225109061498,-2.1275458360920716
1.0067686555771185,3.880773717004871,-2.681099216752407
1.6593278254691999,1.3667473650204711,0.4221120761680517
2.2828102789544005,4.583427604339342,2.6808436856546427
5.545004266638949,3.165309101279137,-0.10151502740395957
1.548585798286704,2.1333084324583176,-2.551689852250474
3.031840908093056,4.108229868718001,0.2102515767310993
1.1314220035191094,0.836640863214051,-1.7905119114183001
5.272782423556141,0.9552544314994884,-1.927570707423897
2.492317381227911,3.1242204037900043,1.151401099266181
4.231816647057698,1.952849762501277,-3.08568256202964
1.9025389046782886,2.1359847666771996,-0.18579610319504525
2.9721270929447274,1.1019126835903739,1.831407588412711
3.458498352747301,4.085952861602987,-1.0638615017629558
5.323232950666686,1.125212716561178,-2.53165153100218
3.9658139755096857,5.141430560591557,0.2657307530954407
5.844369222488132,4.8756965994699355,-1.9096321491763923
5.3947551637308555,2.6577814307725696,-1.8301600629387444
1.1398836953135247,0.6552857268581334,3.1054866249380497
2.755262173772893,3.717050009205359,-1.049381854386895
3.9800816640941568,4.9391640377528905,0.13006636800833382
2.1561805249334567,4.501444983804688,-0.13025337729732378
4.39970582251598,2.939040844676846,0.8671158440606597
0.6586186033578256,0.5805183786821122,2.496781566970232
5.583112223027655,0.9439516734439763,-0.25747610473190896
3.1987269033619556,5.582778357547886,2.708537013938109
4.661321486596844,2.6916111614300022,2.397478749456371
2.0685617813302284,3.322891731843154,-1.7065194418275311
2.1057727855807298,2.37491198852429,-0.23528868615821708
1.5459742248846122,5.057066912702827,-2.874185815978254
4.049761409441261,2.8780958468917035,-2.4951943077081356
5.296233646382184,0.32776453702583597,2.6888584176560917
0.7933829996686732,2.2083322507326644,2.0690518172583294
4.806072908384401,2.497616914430645,-2.9378857860544882
3.062458921853217,1.2409671131713222,2.171269361744632
2.742874970833026,2.603311103617866,-1.6892529073669698
0.30432471732698296,1.0056265412047385,-0.25919646456199175
4.1523466573819965,3.1597061641348883,-2.5306523805194328
4.2503463670614625,1.9853707091765092,2.2009080394112397
2.726917521602184,4.8413291086601635,1.0217704218971946
3.104422245837477,4.888362139701924,-1.5364109634689094
1.250273347926947,0.5333472312721679,-2.6081851698392295
3.2350982385374096,5.18143793446251,1.5483240025605038
5.268934189033144,5.064161787378038,-0.22071780158043586
5.185094643341316,4.274874193236096,1.6863544379602482
2.642883810495062,5.622151219388622,-0.7860855568330543
1.5290705640723827,1.0347157380085303,-0.5344982874107371
5.2690202985531895,1.6870165661008365,2.200888984095643
1.5380209776825875,4.4092831680220685,1.5521519201618332
0.32395545863275443,4.920202207378017,-1.8143427678456094
2.8586483651127197,3.933668130936632,2.8613773924006622
5.410099674818904,3.8643943703717456,-0.34971528869213797
5.608301883435243,0.8594237366962358,-1.8288288393400323
3.4437396281788057,3.6995403335092485,-1.3950356784091664
3.276042318652974,0.9936599696122113,-1.641134324010949
0.9622690354230401,2.259821924880427,0.03619878713881608
1.1860801619539707,3.8724791936057663,-0.1799817306516207
2.2932519870931576,0.6596442669075795,2.842141381015871
5.255180585762528,1.6397542476996496,-0.13304782652230118
0.5429707375586001,1.4065702736424002,-3.038659809369397
0.9056478671661083,2.1057585222210617,-0.9659733535651638
5.767635165229108,0.29422457231580834,-0.2646008183808286
2.251697417724106,5.383965984599907,1.8037892946059513
0.9763336686339212,1.4055148011549468,-0.08866707441928723
3.973193267027954,5.0554825681635025,-2.6889869936061883
4.984915796390709,2.9147180626980687,2.7305611991992667
4.1407529058019446,3.1474032986319074,-1.8139858244209743
0.26367378576668754,3.785664739481443,1.5984071063822727
5.429012130533276,2.161469555583007,0.43143041957164874
4.228962263852288,5.3450457879451605,0.9579678275298837
1.387626126594736,0.5333606338681149,2.4863331137160873
0.287845425384337,2.2551701403933233,3.125056752708841
4.342914961431777,5.429543972039605,1.6620099689528072
3.1326123084509,5.1771330184921105,-0.35502959632127107
3.7854246669695377,0.5462122323733707,2.2673219904007276
4.884337375150523,5.032503909776366,2.8201625945249704
3.9840016993086502,2.859702970369038,-1.6748146569991451
5.389075364260604,4.106545156525384,2.5838300536397414
2.9423715667961163,2.4795276547836336,2.38363801452211
5.0384923118841725,5.049369571595583,0.7308481855763223
2.790424578944861,0.2666037863621198,-1.417416359305189
2.5609529972856997,2.2271166959983977,-2.4026517792998625
5.73654144640724,0.23485372661225457,0.3830773915716219
5.6136414694293055,1.5339181979896934,-1.2828522410710945
4.5285539213332475,0.8725121058254146,2.127165244597977
3.92804012442627,4.0756520817667266,1.2258924337707322
5.150988149741113,4.158235673414406,2.655632933202739
5.741863839481251,0.6894490657027941,1.1213723552774706
4.09917952035243,5.493542911760173,-1.1633017566008566
0.2780533430453669,2.052299458499287,2.5488370456269633
4.949764918774218,2.7624003167645457,-2.0136944714136655
4.950464682780078,5.0275466834690885,2.3043285079188447
5.460437754275773,2.7506335201308465,2.1512248021267624
4.783637600647253,5.513907919258159,-1.8977215384854895
1.2292042506266598,5.160866456596345,-2.1064164850350933
2.325071266407013,3.5833067235195166,2.4149143270899636
1.6598520023981613,2.2125916990535055,-0.67966550173408
5.182412120664164,5.122206710851026,-1.620760474674606
3.890618733604592,2.7756735419260794,1.4947452611784406
2.536516182637751,2.8405642900881665,-0.7175498923655077
0.26545077683403484,5.558315521297699,-0.995092383667127
5.046206017882335,5.332962514969644,-1.3343063623689535
1.2421365227370011,1.0898870178399256,0.9035214521398318
4.125200637168128,2.57006359030846,-1.7421035312162185
3.448529990086623,5.069879007574755,1.1379365013118479
2.7598821201643995,3.1142584299915073,-0.6606758528722572
5.390417555033256,5.427118176330074,0.21757156298751212
5.661277098430526,3.151083043908523,-1.8187890985730204
1.097401861036318,3.4420788318745013,-0.05062593791994985
2.3613455920876474,4.054293883384547,3.0827046929713706
3.499990087677919,3.8951090814954217,0.12438173010519327
5.236029719807522,1.2778959846556142,0.4403307489352577
2.2912930793608135,5.096423195664197,2.5077231444634362
1.4308446115611335,3.21293972382772,1.3614000389936525
0.3041393492633129,3.4594489320308064,-3.041196281454967
2.342094620782298,3.841602817586235,-2.5984097466980685
3.982389809954435,5.820226274612521,-0.7204475084958868
3.61410226339637,0.41665003647144694,0.04772292774839615
5.243160839191668,5.111404817977298,0.5985017719455881
1.849979179969547,3.3052942674322994,-2.7365127216714478
0.34892942258378556,1.8110044778649066,0.10203360163261932
0.8168469485991456,0.2683862801434296,1.0971020784358352
2.9720545819013324,1.0950162185170134,0.2779569592645257
5.718441431284139,4.8661042949703734,2.829465851566356
3.807780335201694,5.014525988923943,1.5907164205032664
5.042418890063773,5.733284284157573,1.3708014174611476
0.4841204060864619,0.7700311407423572,-2.39346812743716
4.9717168715373266,4.458950386065866,1.5001939925700016
2.168639374866243,4.402384535906062,2.250105968197448
0.9547209168397324,4.231870938406284,1.1030350174519983
4.431888626168894,2.6990010587069184,2.4633464208339264
4.531228797471286,1.9302998666949949,-0.47568212775341223
0.22902295093478608,2.076925711882237,-0.6338984050483831
2.536941806385244,2.7008184947066676,2.382720740948347
4.397378652776178,0.9936390791233771,-0.06071807723896061
4.030544962610089,1.121085899285266,-0.900802759948593
4.074964558254325,2.0936698126137294,1.965878573779123
0.29314918129920553,5.445851395965059,-1.2467023676701428
4.946503669917712,2.845722062787729,0.37904497346127997
5.61973379700812,5.056570429954126,-2.846228053266911
2.996362040812378,1.0314709073826611,-0.19696083044346002
2.7655392460141317,2.3161523619129385,2.6645535393596447
2.9380633343418623,4.132362135989334,-1.2218514248500354
3.593161305785568,3.794688139176337,-0.9491158276930842
1.3349050280575812,5.261285216017715,-2.836485783280313
0.6273747374583722,0.406868983271389,1.468234775256092
5.397711021596094,0.4089262814929129,2.720831391745051
5.270344207690015,0.9815705026484485,-2.217210677933516
4.070052204003718,5.691170479794483,0.18528166796463097
2.597413100442872,2.2552217028705788,-2.1824639539909425
3.146690475773787,2.6557907522457143,-0.3576200922439017
4.082158980700708,2.9211345168120526,-1.5462698789559812
2.97777400315368,5.112551288455876,-1.767365315930598
5.049159126712048,4.0001937536169745,-0.021570902309209217
5.505436667987027,4.031745618218964,-2.7185093057556156
5.821877019757552,5.802227819109031,-1.8120763765258732
0.3000988178648998,5.403598323163304,3.0643565035736886
2.4127290576505884,5.660637115414232,-1.859816760249683
1.086453951051717,1.1165280549623562,-1.1562328290071944
4.692876989043383,0.16224304385589905,-1.2772219864064143
2.431401143383095,5.1716879864028265,-2.7623570069709045
5.6876800948779085,2.877718004788676,-0.0003488587799393983
5.617880526133942,3.0239648950750584,-0.1136554664650049
1.4970564893744318,4.710431834671693,0.09589239267758742
4.010771755718886,1.839162900870818,2.2339971011784874
1.2343688662965153,5.1511376843105054,-1.8697270813853055
2.044403573489417,0.5247585006967597,-1.830899780557021
4.099913626725171,3.946836415255542,1.0797066590014417
2.443736016002016,3.1655151756542437,1.8767523354769677
2.1525509246025747,0.23837425594720751,1.5215620094777806
4.3411098342706165,2.6351730015858568,0.9666089543450394
4.202998474425848,1.5517554281670438,0.6150389850963949
5.186932557612042,2.403070130570968,0.1809472231887339
5.432459170289986,2.7047064903023657,1.224931367814075
3.744680861913621,0.8215251654804736,-3.065460529742835
4.543795535247812,1.1170351449296854,2.2886390236520553
0.5275013383732328,1.0022817155541355,-1.704593993541557
4.919924296782221,5.276202024868546,-1.3090447631828224
1.0723365679214973,2.157725456540496,2.777646640881219
4.07398881359981,2.6975639379440723,0.15750256888134784
5.1938478911209085,1.5573557025675835,1.9145021081272189
3.635510083444778,5.496847906764562,-1.3264732560095467
4.367817978444753,1.4430901302306924,-2.7326226342762654
5.06556309979099,5.147281357437615,-0.4584169841198342
5.629022148795039,5.849273816368147,-0.11158888675794199
1.408929986142252,3.8947443940409503,2.9877236608443223
4.2235543564795535,2.6034681339996353,1.286856837795356
3.86062235869937,5.269638228826781,3.0786746793446165
5.345398417049549,4.777199827653034,-1.8679998856912676
3.799384306668271,4.850007375792716,-0.9250943994639744
3.994301283852491,2.9416577161512487,1.7990143906780416
3.118770030734228,3.825066763436597,0.9821992480170145
1.4642746750401268,0.25702524449656283,0.6928994436501061
4.826648389551101,2.8903276852816076,0.4886480246229876
5.4838600203264285,0.30750346825987274,0.5421832865515284
3.987614355484399,3.391990248249572,-2.476626031297477
3.5940963298652098,5.781513911054544,0.31417530620310785
3.9043096697069553,3.5908088102007083,3.007453325463006
4.059909504160755,5.249091389801438,0.48950726372095277
2.443808814454651,3.3081077062363846,0.19966767597541457
4.057757606539552,4.057385972640681,-1.2245658963746062
1.398033919592937,3.1238038555295993,3.109085942437419
3.8120529273575094,4.877674646394734,-2.198546823926626
3.9245049189350842,4.908928179668413,0.8752555633520753
0.5012031928718956,2.0517678354344344,2.847648576422965
5.65532507029173,1.6676670841146275,-0.5322533817838266
2.4647264640857425,5.3462754161600445,-2.0230221500948407
5.696123012994451,1.66878804494524,-2.552963531524435
4.1494654628169325,0.7759067440494007,-0.6744236921759428
4.360130420416561,2.2198123376739343,2.636913619440482
2.9843249561503216,0.7337188667697849,2.392281974516691
1.7757435552381924,1.2455531674595837,-1.1451456139711087
3.5639468732457678,3.708346794422084,-0.23433115542004535
3.9861821541751774,1.1769151977590429,2.454329166495042
1.1842524529385001,5.5386627986678425,-2.907212799736938
3.478770612483687,5.09070555311111,2.765891607235236
4.839164836267241,4.0696607918683165,-1.8369523147554647
3.1082298174224414,0.7058086519610332,-2.0174228086966726
5.704659746422861,1.2211608661155378,-1.3857578556862291
2.1101755982261334,3.100457807967294,0.028154371453446903
0.17562401150541462,4.67763542133908,2.0804146358269753
4.869260302615618,3.166499760025788,-1.1965353027327537
3.1035920375699546,1.205609997249061,-0.16115070595221814
1.2109599984230757,2.406972517833819,-0.15642103228592097
4.464639265526402,0.7737473851902723,-0.6283594107861337
1.421295616293445,4.562831398796653,3.0372691315707145
4.451832248627853,0.5561436655699898,1.272527800211809
1.8378595348837456,1.2443539335446845,0.3951453310695108
5.738249460415529,1.4833946236489641,1.3342406586031181
5.756959473250783,2.3686721691614205,-2.3015464303220714
4.197093388299255,2.1779564906233206,-0.6689665134566232
1.5844980699708149,3.0775452858056545,0.45687773028695355
3.0315807228602605,4.069664352263996,-0.6013529547988692
4.567870525051194,5.086882997403415,1.677487077250773
5.027173252917619,2.8333540259785375,-0.5426558638365577
2.6050121123217913,5.813223160059519,0.25373217057326514
2.3947717605728527,3.9996430832545404,0.4754659356134914
5.3320059821217765,5.129956573146229,-3.1276335725469813
5.6128986127750915,1.8491229523072137,-0.7611905101652705
5.717182621436535,1.982075620362297,0.03844587213538908
3.1781581820090903,2.2576350741148072,-0.9008280837018945
3.8678950336683915,5.616934378752669,1.1761237532340676
3.906987271783395,1.303718248704354,2.4168281263141225
1.0982249641238204,5.584931226269541,-2.067862067591877
1.7354234116848049,3.2460003926342225,0.8799688230887996
2.2777408935418313,2.205585779728718,1.1404213563811991
5.062203840595694,4.473275813753495,2.7672123867313214
4.070616082152946,0.2711370289007411,-2.379764717459325
0.99778455697318,2.1581916766558837,1.3664582929478444
2.1629467561433047,2.3271250546401125,2.655616101370059
3.74447343670911,5.626225457948989,-0.8972014857154704
4.834410743501641,0.18698862850290077,-0.5938933112575859
0.2137303522231766,3.9122364882196132,2.115935131842339
4.493696176107354,3.1952990843498754,-3.0125745087893994
5.817746136802608,1.985271627723988,1.3299138602657425
3.0965523390745084,0.5077025378907183,-2.003159816167673
2.1700575038978833,2.117932419358853,2.7461000808503258
0.35136260694723176,2.1728041846637884,-0.44353108804605546
2.851359558740228,5.731503604196071,-2.2305655296894153
5.7704756852091155,4.757717831645017,-1.4749536289911627
2.7397910254864986,5.17371001607417,2.0843801227662375
2.9378490001706217,3.950218025385274,-1.081281001555789
0.899545842166952,1.2135539598164846,1.195716214981382
2.179640438227575,3.31488679130086,0.34125860114885676
1.4196819210283758,4.574631375363004,-0.27285489562144827
3.862606664262689,5.006793686272801,-1.5579607184701054
4.934223620254966,5.549756227503426,-2.3908597737050687
2.8915639277339116,2.441879250972553,-0.6897910488309855
0.1600565266117271,0.23658999216978738,-2.711507444294008
1.1095211033521615,5.451838327640365,-0.9732242667945927
3.2486212975838056,5.186539492664153,-1.5490867110786462
5.762831562532172,2.0797868637523687,-1.134057533347998
5.077773865673352,5.662152960563235,-1.451074790593688
1.9974558503989148,0.6067694216810888,-2.851655792597513
1.3181226546308706,1.0597130870769733,-3.1092967200687798
4.114244312328899,1.2698602684971496,-2.2737755166114693
2.6928613890988915,2.6703020217668083,-1.7117057361642214
4.669140300259469,3.1333325207699163,1.4174235929900059
2.790051878216939,2.829315925581754,-1.9306543774530656
0.3170817616568593,0.21664003584486147,0.45272938718775535
4.03149130492356,1.8397791577983993,-0.7569548034397511
3.0369987169567136,3.940245776690372,0.8902253065457391
1.4801976538130694,3.960689117783277,2.9581793786124155
1.0643570007348708,2.4135549760059876,-2.881604145642633
2.2114570152200352,1.2038691320758892,-2.8402738915160146
5.587909823415718,2.549169062687655,-1.4094878881471316
0.22606034875895453,3.9278707437061375,-2.2454139860180513
2.3114639927240974,5.5580741487922145,-2.970016542936072
5.30559898403344,1.661446437268594,-2.826888854300901
3.336324991003774,0.34647884876394053,1.0718337390931847
4.166797697848886,2.246923753580377,-0.7714224851188347
2.162432295290164,2.149602566035791,2.9360905300934226
0.778207384139584,0.1833467645721778,2.3265796208170197
0.929412450432775,1.0538188995688658,-2.188728354986728
2.343746904409408,0.8590793756801847,-0.985474317755346
5.199508305565009,4.363008459902209,-0.9851972632326707
5.159242937557513,2.2629139898288453,0.499179303353678
5.116260125552355,5.771634735218699,1.2077111517605843
3.7940066421408574,1.1356281313833483,0.7297142279750104
3.9067647038632316,1.181736977313886,0.39360100061632197
1.5414721117713477,0.3823203567872264,-1.0424983984522873
2.8629218031319494,4.129622809175977,1.4069103439095274
2.8898636081178424,2.5674867366683514,2.8239463526401805
1.600199003056633,0.46100425213799956,-1.1740324833245896
2.288870882293368,5.454834425651729,-0.29812460501228966
2.1026610552416627,0.3310288366211931,-0.7268753245962176
5.41399089342187,0.7958828060917771,-0.5395361508485572
4.539047576298822,5.558467876057737,-1.8600173466367163
5.605911118522744,1.8438552089456905,2.0677405846106964
0.5376595598470437,1.3033736581796387,-0.23089086833521844
5.359960606891859,4.810843250818502,1.2502141435012684
1.3795987247874384,4.885944249173335,-0.7557359022544476
2.7556186522627275,2.6428573545100145,2.028508197045409
5.745421095399048,0.9249780104995236,-1.997282794186025
2.848343209738005,5.490690451138736,-1.4376437606563857
1.2372150690662598,1.4230445968340881,-0.10235797714679684
3.2281967823003375,1.6878126415613983,1.6709834486146775
4.086274878086417,0.4600616398862438,-0.8039361087213579
1.6174875016583674,1.1596592566431532,-2.025678631829379
3.294473875661531,0.695931306941751,1.1903494554008223
0.3491270411789815,3.996939652880183,-2.4980336946752977
5.039737343031165,2.6507655997694677,-0.3311144639081953
1.3095903623675682,4.051002122687401,2.434136485017505
1.360047491144595,0.45077101444168677,-2.3466439311013025
0.9530655109748198,1.0238967143885955,2.507049038425701
4.367584510403752,5.6254038361090934,-2.239581527536969
2.9721605392847694,1.841047818400481,-2.1871949685947722
5.640994790095587,4.711352265213644,-2.4469755121744554
5.436673703874811,0.7150012984276632,-0.5031098806348884
4.696027747819474,5.088535202526684,-2.968567874658588
3.0488484860258147,1.9824261685249565,-2.7727329586956957
0.1952279166845745,3.6667254176353024,-0.34702574101210226
3.3865417422521187,0.5126801081014964,-1.5454624081842567
3.2654360773473536,1.0503272641050285,1.374805126463956
3.339998046023538,5.605353600219374,-1.1533205789060157
0.28610066165349113,3.6241574232916483,-0.25869694115221176
2.627123052687807,0.4036969457356907,-0.9953234379873312
0.27827043795145356,3.7914107120926825,-2.0032501707213224
5.832115045925322,2.04343815698621,-1.5986211084586106
0.2148739665831474,0.3792694756501118,-2.125223178526703
1.3317437815181874,2.101622316783612,-3.027344106757301
0.3376981192183237,4.324012573561343,-3.0727202571984518
0.25028346432781023,3.859666874795946,0.9395917447823718
3.737393509823845,5.133375056051094,1.5928812920196647
2.695934837302784,3.5943021829233377,-0.3394073655675558
2.763239135246918,2.050341193033474,2.460698573568334
5.3059090551744585,1.0226564237872717,-0.28957554342237035
1.6290891332611017,2.315171170801305,2.611981052999953
1.0312714422334182,3.136708813866289,-1.482043075897651
3.389662577027744,5.468703062662618,-1.4960854007827078
3.8577256397365804,1.093824523526914,-0.7921570886222944
2.609268565465025,5.715633072676216,0.6137243049872034
5.07057458301246,4.0557425002618706,3.004269912792533
1.3738343463081655,4.962504871057218,0.3675401998174479
2.5926483848161133,5.130234420419693,-2.4595742732191948
4.493772606638209,2.3852129398385333,-1.6930306648188262
3.3725480976707525,4.195734895485748,0.7155172272726347
2.1736993296152303,1.013410081001807,-0.5899610915515012
5.246453553821521,0.4897899958694927,-2.169098065764466
2.32303705865778,0.32830688783556905,1.2792773397380515
2.9028214385942586,2.034388565090651,2.0431069885414077
3.5279083916916134,5.5480102822357,0.07855153654206681
2.9017506396552877,0.20698405512956253,0.19270236817082553
0.3392107283407797,5.668971550637396,-1.8881812967150158
5.110250530368768,5.626146783358651,-0.14803848424590882
0.7004259006480991,2.150131136723482,-2.218463914468972
2.35601564233235,4.8452130728803935,-1.9468628593397515
3.8207080478621807,5.606492250508127,1.918401645259669
4.107929115277015,1.1627470767697343,1.5739130294653085
5.021339938473226,5.255338727968335,3.0586049775521573
3.45312299523252,4.089398741708156,3.0190694202438086
2.7662864097887505,4.927102508822678,3.0796810622532487
0.7259271623010071,1.0647755525632783,-3.1394387689242857
2.476392947946457,2.073466514073864,-0.5287332324983631
1.3670239383964324,2.0864896503234935,-2.937670168375921
1.409914933726139,4.379248586474558,2.3925875058832107
1.3779695234818676,5.542130966497203,1.0732808009630412
1.9731630008924528,0.23314902872886112,0.09157423127138076
3.6164788592255857,0.8789200843497584,-2.635062457876468
1.0389996690339935,5.793410583854235,0.8341662960340837
1.4002451235473223,0.45994332766479995,-2.4151035368847187
4.147786084937968,2.4602888738446205,-1.5288849813851504
2.2635415041407927,3.06519451258262,-1.5584483013112949
1.5841198198194018,2.4204028657039736,-2.263650294784137
1.4739175406550666,1.2517514811972732,3.028965919263837
1.8832941464803608,1.2938804990930008,-0.8355308741097907
1.0802612273106744,2.3800021344831617,2.8965865904039276
5.378226495187004,4.428164602435691,0.28422386198393346
2.165629957816531,3.664117290841581,1.1958201819296885
4.141711571484686,0.9042045089642776,-0.24599099402534952
0.5906409916636957,2.3193441785706055,2.6718672714221956
2.5159112457119397,4.803164348248293,0.3117863937730596
3.347417429680498,0.5028045781243189,0.06303019171038216
5.066597716276618,4.844846705699842,2.735791518207953
5.690189193355489,3.1092839113656616,1.8561375764188606
2.16836542103968,1.2468100060410736,-2.780172368369474
3.9161173968201917,2.1813875525939697,-0.506527474693677
3.154172599312965,2.228733954673468,1.0456628710947182
0.9201223989227851,0.23428015827786686,-0.9270146738667595
3.833807204739035,4.19241655815404,0.5424246075159669
3.9652318935077844,5.064181359418923,2.387300709155827
4.488986377182509,5.104728259433917,-1.5331339402567588
0.5746727990322764,0.4896589762340271,-1.7264956271514749
0.9638685315302657,4.92423992869562,2.4795033213789583
1.8496222969528608,0.9964202900418482,-1.3389294158907736
5.045060146517835,2.7881193471273895,2.9346544531938985
5.7439052484547855,2.0938622787535475,-1.2382492132324148
3.269847163152135,3.662439028708468,0.10883690354802322
2.4908463730870496,2.7533449776324557,-2.1660738099711763
5.2832900451932305,0.6709275039100455,-2.874050602280514
5.640817453368569,3.1389027693596754,-0.28329046924185697
2.951662148429607,4.183962930216745,2.3926454710411154
5.094610371077408,3.186977353021356,1.9144618758111314
5.351087323348427,3.1227409463909463,-2.965538859938651
4.271979502589273,2.7470993468065084,-2.4590833677341717
2.606372015754486,5.758648002874903,-0.8769592204310905
4.408720990287495,2.820489251289604,-2.664236737773373
3.9262763608226896,2.9450488145723863,0.8450509463640983
4.370159266318928,0.23256623661038556,2.1339295093435284
0.2589786766943536,0.789818362583993,-0.930760062967178
4.822354656438796,2.928000992702283,0.41056538019935074
3.218713432026399,2.7127876087208556,0.2745552856028901
0.568892031615146,0.48724349501903275,-1.1067918675515762
3.2340343207188718,5.156153568265658,-1.2392748799224034
3.1780699249859117,5.281721972896854,2.486151428123807
1.7362820316238956,0.30504464752918015,-2.2561462989507644
1.9122772491273594,0.38409631263680954,-0.8106256561591301
2.9435327379548024,2.6656830254116928,1.7688124977935393
0.28596517850870273,2.5302074519916595,0.3963690574559755
3.9141519683103274,2.3593084846479035,1.187310257826649
4.4677134089589305,2.5424266274830103,-2.751971252560866
2.1973409131343997,1.084302969306288,-1.2478358119604205
2.845109940943428,2.58327027384963,-0.577462347778877
5.231125865766289,4.664211334172173,1.4800735320118399
5.13287123129172,4.255409349594279,-2.3364699183460873
3.105588686315259,3.789073863737551,3.0076792203175984
2.0415402629472776,3.096054778421589,2.2150863571763075
5.39629872619278,4.066426996967007,0.09017207645266323
3.0072998300198615,5.64718669501125,-2.986985175571605
0.41493394322460797,2.392912336233669,1.3387154821538436
3.0901390770896215,5.380832649043414,-2.9979400609322013
2.5003415363138997,3.976918109468988,1.4760746153170095
0.7583878601882399,1.3236758322484161,1.5074715875798672
1.7366137013634617,2.118326087379059,-0.5154380101055045
2.63984225761616,3.4112451313452303,-3.092800656545223
1.2698122931222995,4.836688907495822,-0.04050465642867129
2.1418148222848967,0.30306371740021,-1.1807469865206333
4.04100255829044,2.958826217185406,2.44313448379239
2.5793530041286337,4.459790953239827,2.6296490220828854
0.5478393752800021,0.5330673902243834,1.5069593210833059
0.32155237662966996,5.5936240418802,-2.9349510643057433
0.2762325265026968,1.1708691851774407,-3.140714750023853
0.43610977839268283,0.8727510344936935,-2.999859978676001
2.9305037811802146,2.3045754527659312,-1.2731262931850975
3.53814436465922,5.442226055504802,-1.501606215374301
1.4988445895839486,3.812596535399946,-0.877118864176401
1.8880654904767968,2.42841156443611,-1.7155850859469448
4.7123537462953,2.9883753311989576,1.420672243822616
0.4896934417595533,0.20946960408316007,1.5333183238070696
2.593983825185505,4.360692034247862,2.388947236830303
1.0800898975106232,3.0661591346051766,2.502887102984798
1.1895407635541237,5.243952787385747,-0.16640259330400387
5.832059049693229,4.4023092850252485,-3.057166438071353
2.1770628769858833,5.328576655524272,-2.578006221244732
1.0366012006896728,3.108118480928236,0.8819708199572878
2.66646418621628,5.762635255893995,3.002483462292803
3.892165423949897,2.9795242544281515,0.15647860620371778
5.7751379358843815,0.21888072688065674,1.7643348526359395
1.1440805583105642,3.3834344048475895,2.5413897982015525
4.190637549002489,1.417867142642255,3.0524112459351516
1.0248901766044134,4.46272644725037,2.7562555889928557
4.730971346127916,2.6279856542775546,1.1473195150754156
4.649650715269523,5.05463758687326,0.27998444956407686
3.548638015856187,0.2105971100654498,-1.0097378853299546
4.654955996571012,3.0300449425671885,-0.2015221662954132
4.179043756236141,0.7401493788094344,-0.1304208755015841
3.8737964139103607,3.1033141581393395,-2.3499482010762813
1.3692923042805094,0.7285303139634192,0.16619424107564384
4.544078508289139,1.7769742533338224,0.2906898989974951
2.480884196097402,2.374794312135238,2.7197139913989394
1.7014963792181255,0.2997507507423969,1.361294590531756
4.983809082904905,5.1857981220552265,1.1264799740923088
0.39524329413983694,1.694996214877505,0.9792358253982414
1.6747154817050667,1.3518527074238258,2.980915110372921
5.449127676839127,4.584132724430235,-1.7783023670634863
2.7229004820316733,5.171188765174317,-2.048709654447917
1.8460472476037053,1.2290681565166837,0.38024165473734106
1.42345082580323,4.729739976919424,-1.2837805043065071
3.9882662738085504,5.255424972974602,-2.89632351022946
5.318335669793466,1.0486021859707182,-2.319821066954144
3.656020629339829,5.106981888677186,-0.573162277202405
0.3745319153301361,1.9443274806952084,-0.05966507735915405
1.4652618153335284,1.337266764488862,1.5000846255054636
4.867798728273035,2.5382897442828716,2.514813345603832
3.9498664034094437,2.215212873945525,2.5695789109460474
3.349481453607799,5.752448703368886,2.386408621391835
5.534761388736539,2.1802119731843663,1.5824515846039295
2.3423408655083957,3.5137824348034674,-1.6266509305837225
5.606045178887095,1.6499379968586236,-2.1551483108776
2.994553393505292,2.8363555045400064,-1.8302465184095928
0.48633088381532086,1.099867567198784,-1.4306789322736309
1.3296753994014232,0.6287466358729488,-1.9177279215627117
2.06154243146815,1.1824029755476246,1.6189664291647965
1.5628290864724677,0.5223793040580456,-0.21657407400677542
0.41588747249394764,1.8888492776295653,3.130420891712939
4.116845289595876,0.34042570786711424,-2.69668592517436
3.290701134356916,5.797751668425201,-0.8393398017065459
3.660904699647118,1.0750016261656623,1.5348932379850408
3.651805362310249,4.110248848368782,-1.5099966163426601
4.072327652581418,1.0728916357407365,0.017365894512400892
4.287350384843323,4.854518723221053,-1.6286005453642474
4.113480884185549,2.434890859501778,-1.864060677406121
1.3739600253094142,3.162834823338299,1.234883369334649
5.124747361449731,3.8598204381234833,-1.2627026140945894
1.1708360139083231,3.172770135141942,1.079883776277379
5.681989135980607,2.95833442863292,0.8067658316842969
4.155484334961413,0.2544611119312261,-0.39183837080049067
3.990609517549453,1.9616525971546421,1.0903366199576734
0.7448748736674873,2.4255562984411974,-1.8681460511614438
2.581042361682833,3.554110514522684,-1.9305653213257818
4.255736803525435,2.079476090158334,2.8668344522312985
2.9008658729256656,5.132471608135944,-2.8524460088861407
4.200515702204374,5.333448141773247,1.3110269677082877
2.197478050798212,3.2970438715274315,2.313653614629966
2.8844945857373743,3.8323074237119648,-0.2911103476798744
0.710421376885179,0.8555258958954377,1.252918799127717
3.189806308763048,5.595250241938851,2.3955462573032307
4.742353718612219,5.086915146696876,2.709160270119728
1.9163097600976682,0.5373920378030577,0.43648467297690674
2.590943734511127,4.346909362939881,1.3394633219569005
2.6578573739618943,0.21381900828174305,-0.4013262879619499
4.501174377347513,1.2380239126869388,2.397532663280291
2.8950517595821363,2.9977782906922377,-1.389354794849214
0.9686926078646134,1.4005733071786683,2.6452995067761265
5.347412419528105,0.7959743008144287,3.086008983213377
1.6951852208587284,3.0551017080012484,-0.6182261282531938
5.542949429615483,4.706731596405472,2.325824602183551
1.3330163440571094,2.3444926436596867,-1.0739750978342713
3.9330368057603247,2.454520989616627,-0.8257125816291513
4.869715533945835,4.199861037674308,-1.87215098991123
1.4517255717772557,5.598223094894587,-1.9509868466464935
3.729687432847696,5.188893102784048,-1.090829503165819
3.9007791882660667,2.9254744584635306,-0.07538378019377667
2.8257863159846943,4.120122556977513,0.04250416460863393
0.30471283429353235,4.184581552540875,0.7817351108656343
4.145891017339635,3.3502198208007754,1.6834576268544401
4.093480844135771,0.49317875460085436,-1.396226393888919
2.9774708257981803,4.859691484367478,-2.323454947986628
3.3849340678526962,0.7160603302053685,0.3713156372501598
3.8522896182772577,5.547965065881236,-1.2152525586397256
4.2758831499654555,2.8611681124820305,-0.020963061333831412
3.4398760451957635,4.2284054547811465,2.400254282151149
4.071166657409698,5.713786616589694,1.4210794029290286
5.474985208320865,1.606566326422793,-2.0146095901828924
1.0929797388737907,5.209024737479751,1.1080831571689078
5.777379130344929,3.8419921445389176,0.5986055885099248
3.1739279319571527,0.15769504429921755,-0.5516097058879139
5.361516733860727,3.8728884444520677,-2.2940937869061497
5.418150006365475,2.7427401557398206,-0.07388382654305703
0.5493257839683179,2.388487371696777,1.2510876592083937
1.6104027227888362,0.5460309836700794,1.1747310575028118
3.9602832621163753,5.292176227205391,0.9529637171007348
2.6838917338994337,3.3108703010939173,1.9109224152079767
2.5345736529322753,5.489139241924011,2.9189617710805287
3.9185255694655172,3.732620710583346,-2.936208861275887
4.102384831131932,2.6495213955569046,0.1516437315465451
2.3453335367091643,5.389038665289261,-1.9272505223695375
3.6321603282833665,3.816888999658678,1.092152216393254
5.136051788606968,3.102780208041702,1.9439562790661107
4.534062003845987,5.2189619146031045,1.435783192963429
4.09994256702098,4.054281829173507,-2.705565187825143
3.4589203722736115,5.319602427088247,2.2330195020861145
5.737416553136214,2.0057977052068607,1.1260117410693988
4.586060054934757,2.6032877569296673,-0.4174906329403232
4.634338223144233,2.9400721065155317,0.5238194674761516
0.9239021294488301,0.32066536250296607,-1.2330119175108927
4.786637063049529,2.69337489431543,1.1492732586824959
3.0761353396613003,0.4190554590896678,-0.7378567279375545
4.37102987411982,1.207013771008829,-0.7689672766958973
3.487806303934971,4.226328745591125,-1.9138740799060183
2.5439521008403783,4.8239315949500305,0.6102193189111209
0.6866814709484033,0.2014315024990445,-1.9903909202790204
5.315059005290671,0.4549941623282825,-0.00043206177866350615
3.8335679735646564,5.016002962728766,-1.2610002437114092
1.4794072176183926,4.203198170007385,-2.8731801357128983
4.2576690780624915,1.4104152021648229,-0.4406837294788044
1.1569392106532022,1.3815652498054432,-0.712386929301184
5.282332502577446,5.586319813757212,0.913563322300111
2.6920952043986426,4.750970695858543,0.5866334049580479
2.945924998420764,2.8552210037088166,-2.3412625882026887
3.887391049179789,4.243100797577736,-1.058512836489855
1.1387554658082661,0.4442633955148101,0.6886096219643001
1.4886421699829835,5.198823972699343,-2.926427830285403
3.8568117024108,1.4850855156428606,2.5564216754671323
1.8011240887576994,1.1816314817671396,1.3580564894396812
2.831141235229027,4.8641815132808155,2.100901238219267
5.678770388013231,3.8308338929140495,0.2295956199603575
5.593984264040799,1.0301524144081755,2.6614307584428794
4.082533219104515,2.2584764910816766,1.559764566155291
1.0109434458945465,5.52348220338811,3.117138265169766
2.7032201097822375,3.2238474282593725,1.8764961968075564
5.108924763890598,2.9148503152776817,2.692831907772349
5.559210355322422,3.0105297967874627,-1.553930122893937
3.620643657848335,4.882918253796974,-2.5325469208409683
3.653735725074362,5.603619889084062,3.0042821356017724
1.1510659938908145,4.500110064640758,-1.5508729228506455
5.290615527541004,1.3481436032789489,-0.3166820737094729
5.007859474209081,3.898612596764859,-0.6686377251781499
5.491196526394109,1.9965696308540366,-1.6087482089992382
4.160218346364098,1.9808248862503195,2.8536511459060323
4.760381027495184,0.25951654405927793,-0.8732811991697988
3.9226059729977933,5.557884187679862,1.7663112622363366
5.3821085987290385,5.032738637018806,-2.6353020781421552
5.199413051626331,4.564580700312444,-2.6998222264667655
3.6918324651216405,5.5799803272187845,-2.5291670529256485
3.6316054253099805,3.7246447361979707,-1.81420373467894
0.2849429925963536,0.19851802163415044,0.958686943446776
3.055359877940748,1.51296855487509,0.4819255251935619
4.106790311803322,5.175594766208739,-0.784906440467299
4.163450400772766,2.6429946212652804,-2.193700955639452
4.5668861437508745,2.710031948352629,2.7325767777426018
4.052505265321697,2.119600618675797,1.8910980308254457
5.518031061046167,4.617432144692992,2.4460041005534228
0.1898396055119378,3.9205306854132096,2.3396083306356354
1.4923801207850493,5.537358587883169,2.4917148499410366
2.9064319009479975,2.1567543788999304,-1.9179667135763614
2.83685564157609,3.953229919911727,-1.883729502608954
2.460587541616055,2.7186746758940434,-0.7701106457665627
1.4335016117441455,5.663154975067009,-2.35777882850117
4.06760886493694,4.946714447283506,-0.3237234179095769
0.18568414523339594,3.068816777496851,-0.06961311437452222
3.093416364846588,2.7656241786039795,-0.270532001636127
2.154335912928733,3.1531901839804126,-0.5455075496089226
2.3805105282735006,3.977170045880002,1.5045980859393637
4.700362844461087,5.530864882924128,-0.39904403544898237
3.6808909610884353,0.6034259096814738,-2.747786441911453
4.343264590063386,0.6350045187648736,2.3269280265156507
0.9811070978435241,4.936506509381559,2.178483083325758
3.478869970005171,5.54331323305281,-0.06878223800073258
5.812596266852284,5.073175553360397,1.0262126671583713
2.498485060544178,4.604585449482235,0.8512222295626262
4.915049011132831,5.603465070583645,-2.36772042368684
2.798237438826857,3.734962404675108,-0.856498901486412
1.0208675474733768,4.3162925212452405,-2.7137507191733996
4.259531569605803,2.558848432683125,-0.16440520381616963
5.0505840354979155,4.920916266960409,-1.5929434624671137
2.587045240828888,5.702933636958294,0.44012378556796516
5.024219791014978,0.2780191205449227,-1.9833840321704628
5.5874155377005685,5.26442414556347,-2.5159956768448533
3.5649993821172945,1.0757196685444852,0.19812745442045276
2.9944502396299644,2.984759232624424,-0.8013957643886802
0.8973247878496093,2.101908766161797,-0.015654173155783546
3.808581485032347,0.3551875053717368,0.5173276908460154
4.1040311201757556,2.362126203862349,-1.1084860702617116
4.662648473948226,2.6563036933184563,-2.0655367948885996
2.272205531529973,3.863282706894064,2.271809929566369
0.33301146572825746,0.31981807367054294,-0.8182456811947074
3.8165726357082215,5.3425408220004575,0.9654041231097432
2.1840890994143405,4.437534446757841,2.796820980365643
1.8974669445853933,0.8555554939044134,2.5689895283338506
0.9850748173015422,4.122587405929261,2.5059357949382948
2.275404070162871,3.1437733834834387,-1.8135138639073494
2.455862766799807,4.252478097458406,1.9057787355509284
1.9420451597062625,3.1618099266201662,-2.0374457854169616
4.588595679248474,3.162718713833428,0.5016386674958464
2.6184069823838825,5.212221567173061,-1.4056162443958489
3.6895040030232975,4.062393315396655,-1.7908047412427524
3.848341039632789,3.6196347986231268,1.1586502482412202
4.0178639522469775,1.0574019767880574,2.364924149323521
2.7969735077728926,2.2066941635423603,2.2254350052714047
4.050080879300223,5.364359631831775,-2.3902840467879014
4.807375536195758,3.122990621572333,-1.8453297902501267
3.060787525576968,5.236376396364056,2.7888775474966634
5.845610940524176,0.7587832223542976,0.9650251457940779
4.418058276245391,2.7044092234591,-1.415032003418507
2.2698480549418374,3.332346463491751,1.0955397670966436
3.938206820480314,2.685584695019638,-0.11020894344053778
4.314159558441536,5.80422475770961,2.6073632352517517
4.444334119029135,2.784120525484682,2.5815548060188487
3.861082401358738,0.9261954388807909,2.296469532398085
2.8172958427235284,4.209928210381994,-1.4260429492936555
4.776242879814173,2.603689079008372,0.8957812466201123
4.740179686752186,5.060787297377206,0.5171588261833011
5.271414494318996,0.4477003346848272,-2.314689361620828
2.3163950389355836,5.520608347962055,2.743912554036207
4.080593336271915,1.2899922724006954,-0.035878515335862726
0.2804721891132089,0.6248143542809204,-2.1804507925530805
4.581853596474215,2.833164569253447,-3.100809173107678
2.7222271080953533,3.3130172924540027,2.8750148027875655
3.3005929636345863,0.34845190618899524,0.9830365174271609
0.6068974191861431,1.3427238349822639,-1.2167679744638413
5.52760687253656,4.712365336237731,1.2757290704558315
3.5157792572386874,5.5360293918176176,0.7206198113727895
5.706685408593425,1.91728940959301,2.3795682989461326
5.554652889247397,4.510554358784244,0.26447594244421513
5.257373335843166,1.224066696887943,-2.249035612345373
0.9615659769878424,4.90874629605941,1.6924151661637463
0.7919037897493284,0.3791789045813956,-0.8023512028651956
5.515490914747627,4.254993444111957,-0.2911815518711709
0.21537079557598915,1.5256235031128065,-2.032787775498754
4.959746111767286,5.371577267696508,0.7106943739514695
2.806791305376249,5.413744923668265,2.8653867173574596
3.224253633241746,2.5845962299061336,-0.7545957529076901
3.292325261116655,0.8074981449344438,2.4472595032819955
2.4254174202492234,5.3702243042542674,2.800206558186911
3.9072879630390434,1.6253642571423086,-2.0752875307185015
5.088632032713559,4.436561918258081,0.8712099579275696
5.727459981572542,4.926539421120529,1.9173785013215685
0.3329816587775145,1.5117679039222998,-2.358209338495956
3.9527498824666396,1.783128246525564,1.7747882705059794
2.8164079948570873,0.21545380522819246,2.6022240752215087
1.298993613158665,4.223683066345255,1.7336816110193531
2.397604077113637,4.705284050353968,1.3187760151511307
3.2402216818206284,4.962585254160157,1.063182005261332
0.3266392917781604,5.513235899296042,-1.5043909592082159
0.37582888904073286,0.7465331489788429,-2.41623254982353
1.8688020573876343,0.4122298266725337,0.6323587010601797
2.613551248745698,3.786603299116691,0.45663071602158745
5.35834609110684,0.3639721589512308,-0.20195915382450158
3.050463458801536,5.619893397020519,0.007851927627797295
5.426251088329204,2.078887258827613,2.128723293917435
0.8772137700155478,1.2399405741102743,-2.837045525721491
3.976342298032492,2.158685193375902,-0.9083490063958783
5.7473566707224775,0.543382789107796,-2.277825089672947
1.098001896912169,5.39655835794002,-1.9328415073185385
4.057885711683823,3.0272803975807063,0.8879345435553674
0.1610925625855113,4.376723928874862,2.648348708943443
2.118054573634959,1.0231648671753604,1.0555520419850355
3.928623050711388,1.195406836823293,-1.1961299570318815
5.229677956107743,0.9728983504578232,-2.2148990421963806
5.662158793089091,3.3340089018377688,0.23413569406812584
3.004484599500366,3.751552881266865,0.03521228658935316
2.401324673166685,3.288743864486949,-0.483456249568587
3.1976566062183522,0.3422259131636185,-0.3022166979658647
4.638438150657892,2.9778431398284244,0.8146290471328528
5.6652746962635945,2.604553903519408,1.4096018199235916
5.741604767851989,2.172405497435551,-0.8968142854054029
5.469649283568698,0.43058452352193677,-2.5407430870156613
3.2196654894681744,5.7845872977464605,2.608202343808082
4.494296746437736,0.8645642320217155,0.7211360653332775
2.9947456422435863,2.8662156268975423,1.9803992681616753
5.4688101174014925,2.5257979639423196,2.640092410749597
5.08179771918927,5.273794666511181,-1.5500284381268137
3.0082579954582096,4.93254320480899,-1.979457514280987
5.752680397540255,1.391147006472705,-2.2072755940776205
4.994903666779589,4.9261052396627285,-1.9595351580603393
5.309686254082759,0.7437336902619482,-2.570925049610775
1.9235467144701288,0.42349397810044165,-2.7599272516008013
2.682042123998957,5.346516490470365,-2.393040460265132
1.1277232187475623,2.1384998519146756,3.072767173754203
4.304951589265631,0.4036406115920175,-1.2472657353594243
2.067658828243431,1.0963794024480804,-2.083757116328421
0.3309005501719515,5.8131599718696965,0.9137218988730069
0.48528960725831993,1.5232926680213166,1.80103193412383
2.28227990554947,5.583920672961553,-0.3530235433283857
2.3123121390468233,0.9923367493983917,-1.9404477729993912
2.7666194864010594,2.3121660566640085,2.2953342154575846
0.3016269290265161,3.731677214939565,-2.6215138025117724
2.6243725355380048,5.648471429867478,-1.208270107487249
1.1041435245323785,1.397524193020788,1.9296773690484699
2.1636377451519,4.293374448238957,0.6388271212143004
4.3883933854473955,2.3135188766445145,-2.7756133316372504
3.417140748446098,3.6687251157094316,2.0640853409185036
5.574828220099159,2.753956445465173,2.558805111962469
2.745526411159614,4.514650157164292,-0.014110579714616822
1.0783205951383386,2.1037813883013463,0.8280455293648119
0.6064084718813243,1.006978778782661,-1.2254080265213725
2.90983755183918,5.436971508968349,0.44735728291616583
0.4636289959306754,1.8279819982675785,-2.0412032536948965
3.948918384049664,1.380920688129019,2.1537039502429236
2.7763197471376517,2.471151407290649,-2.4844470180008305
5.758910175308165,3.7719919169664324,-2.7598446917671158
1.7619380293900389,0.41759523988646996,1.506498225938035
5.773403243222685,0.23465279685826146,-2.5744201178023522
5.499126976078119,0.16511292675646638,-2.933938931317353
4.740783318027779,5.318651927066005,-2.6146080648069256
2.556147849284673,0.32905829476116,0.5174378651905283
5.173068089295177,5.021364404178022,-1.6353260186998928
4.637923491647813,2.8765092687535727,2.7907957683999864
1.156645766537066,4.721356314486256,0.9316437062147687
1.0261927193031708,5.6437486499739045,1.1351050153198718
1.2884776112404597,0.685082086005526,-0.4813611282778929
2.4924659538357887,2.85543434481729,2.200951209850823
4.158400199012808,5.204737576415615,-2.9423600235128733
2.962829426140331,1.9447572476728605,0.8713130502800173
4.860317684867274,4.26369932111757,3.127228129045326
3.771682644740245,4.091221826447606,-0.7468370582745472
3.019521507260917,2.516813711004248,3.038773588752006
1.2969022176917446,4.270286903271739,-0.48291143509360657
5.832972373300952,2.4654161043830642,-0.11538206809075602
3.4404008208590025,5.390474947236806,0.10641328714069997
4.0742755194661004,2.9111167543548433,-1.0893255208483783
2.0041896525978222,2.101380693928152,1.9995269619010294
3.8398401945977083,5.268623291317237,2.988146568543888
3.45905828839404,5.027722044624283,0.6063547945912573
5.834976141703944,2.9782739170813395,1.1812692396990787
2.312144326837368,2.1436586757561207,2.536793784596343
2.59789788910183,4.278128189143865,-1.7697225907509264
0.6618198153783312,1.0786912370127166,-0.4685535076709879
3.7956628886502752,0.4527755875268811,-3.0639579358027786
1.300010080483183,0.45335359543248077,-1.137264005975121
2.3600197443565927,3.65858928422786,1.5528684825889378
1.2266106673965382,4.062644074701224,2.3145692567905813
5.733278567263227,1.4488593609816132,1.2201816895952442
2.2336577774176485,2.1983415937156243,1.580937697510806
5.225256573686282,0.34710423632129483,2.8111230170149266
2.7317030566453804,4.382347931856346,-2.6259383190758796
5.649501217224937,3.3859126982677257,-2.3839443852909765
2.434807153377478,3.900750805805364,-1.3757635553733087
5.585376388552522,5.745870180609797,-1.6374543228787701
3.8994779511035293,3.4910734347124386,0.2377492507953063
4.532361553057863,5.056941425255023,-2.3761198032233217
2.0022290978117994,3.2163864811986693,1.6657200455635204
0.7702005154156166,2.266785399858362,1.110091774338004
2.6034848599351523,2.968637737864481,1.6354937914418342
5.437187779336575,2.218911192691281,1.1770620342077356
5.7221020995109,2.509231177368518,-2.143058843066599
1.0940232482946455,4.667746449869618,-2.6499369890331907
1.5683016002774957,1.0675067912249514,0.5582925649228407
5.322206945000414,2.941310308763553,-3.0986222837130075
5.5740158129529265,1.244652476987108,2.1397838218105587
4.20155824433121,2.3996344751091043,-1.0595236121411182
5.044052363668075,4.605601921728907,2.326561807824957
5.06467389097021,0.27911971448897455,-0.24139789430571135
1.2554080673671746,4.772212619350557,-1.0872726451613959
1.535687083375137,0.33546297615317666,2.7339970708330155
5.610476791152447,2.971082124857283,1.4825650782091264
5.345849498015319,4.5602257700804785,-0.15165486414445128
3.6712024395401714,0.4858792566217933,3.117723041500243
3.0834994787012784,0.6929714973797729,1.9112948897618294
1.4580175621055245,4.316618900154813,-0.7555641061373604
4.341879535210332,3.0265291864503037,2.0271026649775443
5.6761513874623075,4.822534124962891,2.8112267035007896
2.7529998472502943,2.056134984829241,1.0720990898755423
4.592919124085344,5.001339055770975,1.7549532912603576
4.51115764301416,2.4202797855794813,0.9440655951600494
4.238255843445787,2.645518086044903,1.9057116372282392
5.492235110521625,2.305093116200544,1.8205570085486826
2.2219730974319534,5.386868483569343,2.748090810887918
3.9167314229951344,3.961580861866426,0.9750617359153653
3.148790450342872,1.8531255495607015,-2.517316748109538
5.528174886564463,3.229047918625552,0.25235809733223524
4.094359482023288,2.1356909628171965,-2.649669915056879
1.0747210465943189,4.244627662424629,0.04731681097449414
1.5586865261820642,1.2743277928695373,2.2240959517964765
4.537290742912501,5.460127347811666,1.5135080071267861
0.3251623866142601,4.907366450551752,0.4157378201730415
3.790960821553015,0.4009367276338154,1.5615875664782894
0.3462909958847957,2.4445936650341817,2.5726531713986285
1.5083633550300233,0.29874473238665855,-1.4947614913364307
3.9734638912003644,5.7158344877063145,-1.8928601295773397
1.40220029665243,4.328279625152857,-2.0823195231401064
2.991395827535613,1.1206357899544566,-2.7819844320562286
1.9728937756684677,0.24574803316914706,1.6895299769428407
0.41882656367670346,1.8526204352822828,-2.1918238972336197
0.9393639884327869,1.0233786641683624,-0.47264752288330136
2.9013014428999586,2.1248920692021542,3.026323012348503
4.179256562981601,4.862671925718097,-0.5283361327400744
3.1220737323897656,3.855733563863649,-0.9053470047084788
2.9991889227591244,1.4750590896830267,-0.8506029854350747
0.6638601346459163,1.3240226430897912,-0.6174304621119542
2.1343073152284897,1.340681010589397,-0.9159459046899361
3.363166217854938,3.8090838379051477,-1.8709737862992502
4.499894722825466,0.3864139484369229,-2.9704471976519655
2.928008464153848,2.0718500291729693,-2.5882358439713835
4.5391767150488604,3.186433994161445,0.7879161821549725
2.824539751907439,4.105263956519333,1.161092825691573
5.2423151907850905,2.6879626454527177,-0.3146667086250541
4.142550632529872,5.015641682309822,-0.11246791783046861
3.8219472539644705,5.631449246680798,2.210559703160323
4.29345090397849,2.912755397006701,-1.9147136768726798
1.0057522350853596,0.9435731803726364,1.7708805341144158
3.30582414310504,3.7856562513887884,0.46101507340856873
0.3249807511998797,3.1715917839115857,2.8611844294985875
4.413179291192361,0.9075301407461829,-2.0071147002953182
2.221802779119699,5.290909239002118,0.22043785050053666
5.580679885288065,2.765323126485677,-2.147896296328806
2.448187457818461,4.5288476227603365,-1.5275422627740416
4.821491433706214,4.371873950707615,-0.5223469271797057
2.8159317652708533,2.6632098607560715,2.2458821572292074
5.246182129784019,2.7182664328739077,-2.748037321609079
2.999355790773852,5.046269830092158,1.9056805282866458
1.55557443556209,1.3308449616128908,2.8313728734352885
4.964488387451672,4.437033662078303,0.06288190499398283
0.2894089979199872,2.503587356687719,2.6747687874521207
3.5250295599398322,0.5703355208020362,0.02708841918758642
2.8093732191252445,5.849669050574487,0.9870608499531164
1.3859712521057101,4.007425626184066,0.03491859609377501
1.0689625983261581,0.2516942079522395,-1.1798639208561148
4.765497834685766,5.12260986813644,-2.77121350230339
1.1232874411491942,3.791125932671446,-2.1065429632607735
0.9776542410390439,5.334755242326991,3.0496070640402886
3.5430172809133857,3.9525069252650376,2.663895795282155
1.1787833259056082,3.634114374891574,0.8888563560765421
2.387442846828413,3.448855211415522,0.14725940640784074
5.374774795855037,1.796290524214647,-2.0627119879556295
3.106001515715282,1.013986785688841,-0.6823807691214814
1.14763635124534,2.1602469399600217,-1.285639350879239
0.23935373409623684,5.7789270541087125,2.327469870717227
2.5587544522816223,4.303742855945781,2.8438381543484184
2.5482592155255555,3.4814983919202014,-2.3356518793904257
4.264875626443255,5.760747732723195,-0.07928499738641293
2.5803076957682647,2.7764089242052448,-2.395091651226215
0.23899605175724492,5.238754347830991,2.6716296527022667
4.161240795318427,0.7853845877522108,1.5589042721365516
1.642216836431959,0.5868759826945016,-2.000134035381839
5.036749713791589,4.014836377601138,1.7002338057414326
1.0349166951371447,4.278253003619385,-0.8009501694177148
4.674070509063839,2.8205740993288173,2.429097391642471
1.3387617694963276,2.2681329676862934,0.9974024184924
5.646937555041208,1.4603709384257986,2.07445252217173
5.599327912651337,5.660519884095227,1.7449196904793736
2.773252290912946,4.04232613733665,-2.8574566298217254
5.179689101576718,1.044889939134155,-1.9214931762100358
5.116203991540932,3.122451330788256,-1.0829724609600815
2.094875316659085,3.362319857592864,0.4111974581743465
3.171895048396653,3.6728643884432772,0.6761532150041205
5.116306448966663,4.670216906178657,0.1815735106561971
3.1464426712822595,1.4002078621881022,-0.25868347825893023
5.68642838210421,2.8768752668171693,-1.4568250673471033
3.712142680660997,3.856156383973129,0.35017027754850405
1.4565971159608266,5.44106043673782,-1.6019867107245134
3.2746342461327993,0.42652747845078176,-0.3412770337988347
5.624372755893159,5.694773159432536,0.5743733572631382
1.1085312171305743,1.3520782404440166,1.877493317951398
3.85727924600575,2.574563240697257,-0.7917293027579766
0.28357125031212305,2.840968511910078,1.216054891540197
1.3654047918468668,5.773225402715256,1.4305257941409426
3.1348695232415382,1.4096483505565491,-2.24794748345634
0.601235164364009,1.185498361017299,-1.4414139612636254
3.868559560495599,1.7437048557228496,1.5652273099980079
1.5824531819468113,1.0398727870625526,-0.3118429474667139
3.930663425157234,2.5292912129760268,-2.6937010628672944
1.9636622588298391,2.416331840813893,-0.6338046228616894
5.4660178736509355,1.7127060831551055,-1.9033446412532558
4.691851987835026,0.32464110148742575,-1.229385982631771
1.4234150927593507,0.713349933837407,0.18270460436540104
5.123098607482154,2.842969305453817,-0.9307273071904647
4.8933344905371685,2.7073546931145676,-1.3076205010659452
2.4107343505247942,0.2705890266330311,2.1915100299658743
3.4490912970007503,3.8423013603784217,1.500363524779324
2.5362255720367948,2.059984096105927,1.3802759688785597
5.374729866876141,4.792805463101448,0.6250975254010664
2.631509321470179,2.7062332760631587,-1.7912813811473622
5.238363206745184,4.347220449294985,-1.7828627677520867
2.67954911338851,0.2439473309870408,-2.184508339147185
2.1528483860520815,5.522823217159757,-1.0528892934159289
2.424999403296991,3.4145097597166467,1.2939531002796913
2.07593220203648,1.2498608840579348,-1.1807727138107666
2.438694518432831,3.0812881728877493,2.7723850547693285
1.40837147945557,0.3438956476146007,-2.846442277989705
0.29031354772796747,1.6918946730780053,2.2246636947776404
3.0772874451466024,2.0522430946411068,1.6407868695849261
3.8315713903482833,5.187176482024393,2.1542176721513773
4.542859056714959,0.5950236404482641,-0.31942689756750076
1.5648664676956716,1.1380565438624908,-2.7105433273789243
4.033868490697605,3.262025556179778,-2.727424991282136
5.098046556867079,4.039701789056834,1.424243653473165
4.013179075562784,4.9638600999522176,1.2469117811926713
5.210353857664286,0.6692062951864763,-0.522083390536856
1.276266015414313,4.91864014785115,1.8622076132804626
4.126022405001709,5.558796630906297,-0.08796292312359055
5.584754318623662,0.7256492118330939,-2.7412371608881965
5.846481469485683,0.7264107048214079,1.5364289714149448
3.0071256030881033,1.3125427981798061,-0.27547018808729806
4.106817128305857,1.6150541940747671,-2.005262460412303
3.161465757453441,1.5147558208965335,2.2829783608822662
4.702940736111334,2.7280187810644607,2.5280206410488715
3.7986495013097326,3.6132524706768407,-0.29549117228521427
5.081396877478671,4.232563131765304,-0.7404139250421915
0.3326546913528492,0.2116776876104327,1.2924296102778285
5.370522358631063,2.522746645700339,2.1313946435805313
3.777989770139919,0.8734120492476067,-2.971503719695738
2.298995543928002,5.31692644206457,1.8880645794394741
3.0727746509466143,1.4863002108736627,-1.8632327672989504
5.829304970319697,1.620542223767637,-3.0111904565001217
5.41870418309399,0.20167172881605455,2.175858061745158
3.2946380809308056,1.0684757728506515,-2.259549328725993
4.554291238284017,2.4067207480841475,0.8355161875124639
4.577247174342054,5.784402270894199,2.080171626745954
5.2052828510335765,4.0260736582867445,-2.122938617029896
1.285129811534608,4.644147432160228,-0.2912540225521867
3.83415822377068,0.933302419904338,-0.9062634229348059
3.1258983073575024,3.905443949301204,1.696684364152123
1.5335905399374516,4.4689011235234375,2.5043610188419896
0.19462741796210792,2.624602956459234,2.365654008386569
3.7096991651271076,0.34204824717607996,-1.0538440592144007
0.5947564722689735,2.259016751922347,0.4596647276631889
0.3293339498674117,0.356692778446666,1.9617166047617554
1.2398332749561565,0.5546084253248726,0.11667923251346446
4.568603579771471,5.702678777138504,1.4428137055186845
2.324844093447914,3.7579139471146203,-2.620813777174434
5.499870776153921,4.7876736064101975,-1.3865493655382803
1.5103363248953139,0.35443156328045955,1.7120869328835777
1.0633864445314332,4.279089074126177,-0.18717914089383791
2.5311522483775297,5.561557600902085,0.8916277412985183
0.16046754696244236,4.339724070265185,1.1177832960303702
5.22403369398867,4.583160982737281,1.1676117774815546
5.531141805811989,0.5794048564320633,-1.5768758837782133
1.0046337950232704,3.9442479063078295,-2.996170821114817
2.213174992925908,0.35010546776325824,-3.019042112111457
3.549582889341379,3.9478562372618224,0.6513836962914703
0.9565730222907161,4.679749443675521,3.121284579817159
4.244412058329401,0.3935851762173985,2.596685632408323
1.4680502407286382,5.612094592110408,-2.349583383378356
2.5582874415630923,3.3012281637141623,-0.25309773017500037
0.5920697271693458,2.350713448232626,0.7255274015571866
4.298809337621926,0.8509375263309009,2.6686315184289437
5.395098961580555,4.537840200764105,1.8178070370707404
4.501233543021334,2.7391328053106934,-2.265909126193107
3.2214311442355337,0.9654498443277755,2.465275013171169
5.6708398272070575,4.07887892196858,0.4150367622722415
3.6710635892214096,1.02756282930608,0.7258946091420868
4.953486788918733,4.0925605146624715,0.7658780915933785
2.3935569417441687,4.9402995094215685,-2.1957567567028358
2.9673031196592614,4.220646125463586,-3.135484655480757
5.290644644720847,2.1998054061047903,1.2099146811146744
3.2206447736652297,5.346934750882828,-3.0169597581150165
3.7758962140666865,3.646842063503344,0.5337993624527257
5.342060031665541,4.016676082943313,-1.3414282229461496
2.752555727813233,4.034349740489329,-1.4959112667600516
5.387276392188101,0.8202020165532873,-0.5617918749373674
3.0093840883329035,2.5326712225562096,-0.8655701097585329
1.2204040263342402,5.44199692882945,-0.8474020935113429
4.858763854510259,0.15019772619345706,0.9211152628810577
2.918657665760637,2.744620661441783,3.0456686289602324
5.503063246976103,4.802274527379406,0.6250168603253399
0.2996985160192487,2.2885382197402637,-0.15471917477394248
0.24148459787435583,3.509207829199089,-0.05300077588681429
3.2271303739307404,3.6801162947655013,2.0266361051960535
5.340424314519097,5.391368159377068,1.122059101974001
2.459165631595541,3.1193782366323055,2.7971394627223507
3.7675605092562243,0.3994575970284706,-2.2409445069781806
3.7999810308973583,4.236010197580206,2.2331155945155405
5.755113706085975,4.614702217179387,2.812679760106339
5.237367925178764,5.750929438867562,-2.5625112258202343
4.699783439263788,5.334925486029778,-1.6736453354899004
2.791342813550277,4.939323493039595,1.7488490591991184
2.2334533773853082,5.330746444772389,2.933049032168764
4.151301640907254,5.604669228662776,-0.6634857199627318
1.4506024896489778,5.326941470614969,-0.10924861630655736
0.9831112576038015,0.5775202942197684,-0.8313508486271579
0.43719910882094126,0.5321713413529725,-0.46686284194824257
4.241950005673383,1.3224203611945926,1.0873414207197039
5.280176540581637,2.0641012651357675,2.447625111021442
2.2089408680507954,5.133247031775949,-1.5370027015425178
3.1642336668220556,1.025031419648348,-2.5373905224781272
1.5906554167385927,2.2959340332521814,-2.0328646506145653
0.48233673126974663,0.35086964855433056,-2.372441960025769
2.066658633571141,2.448812809442667,0.5154717666948971
4.028270943765341,3.0446619778182233,2.7032880625697944
0.2519937704343369,3.5635596664238656,0.5559103149873428
3.4822870611818786,4.19209966006377,-2.804033349364109
4.826849242344158,4.636434532494371,0.630950301581731
4.082319721751292,0.16251104721120457,-1.5909398030064894
1.2340312762234038,5.248989331473569,-1.0603704837197716
2.6541403504252465,5.707864002186982,-2.8853194609766026
4.6323735399402794,0.2055681312041917,1.755282088714253
2.737732313382209,2.9395776591776985,-0.3644699837592973
1.1416820726703207,0.3601832568466272,-0.8172328855838571
3.9695256542237107,2.0770410399317276,-0.32624663324559267
1.0736483424999461,2.0559346883657805,0.6712733527748056
5.714530814627657,1.593516288401777,1.7484283714559767
1.7686850389065962,0.5243071386832314,-2.5545976444929104
3.1293519803152403,4.975084198164721,1.2428291761673194
1.5225108769498403,4.068275349131877,1.2428939075846115
1.3624133205546392,3.5527072847627674,-0.027736544998491208
0.1647696214497738,3.0594724271657885,1.1373603769568472
1.0405232183798094,1.1156639922402718,2.624974062847574
2.733562511773946,4.589642070161536,-1.2157182950136487
2.3373018927135822,0.630146286995956,2.062896955612783
4.211316395579997,0.30523419452943634,-1.9044363346102082
1.8068580429822747,0.2762892466351037,0.7921765014967836
0.2673115272349391,5.813428658326908,0.05409658626810199
0.15717376399653227,0.6498013140626171,-1.1605743626876732
2.6684973661695652,3.0133304667888154,2.670145902840713
1.6291371764150822,2.392461562444603,-1.7086766483660423
0.2164590990615527,4.280471543608519,2.131654057434437
2.585706775443077,2.318136731445621,-0.6225358743399978
1.347937835861023,5.108954986375188,2.258399564983856
0.3785114230263724,1.8888149956122737,-0.5361605100883753
0.6480275005833191,1.1615833956409383,-2.491292600507646
5.257866795823039,1.2942857192275947,-1.5878835318560864
1.4277460489816158,4.251506267515972,2.6454220739135197
1.0931472184079891,3.4779204187902515,2.6846592902877138
5.6938336763000805,4.357950336690481,-1.285624116242718
5.8234131220418295,4.761601263524074,-1.253540866946485
3.9031816266075348,3.810317658984093,2.9478871858303926
0.3672362723554421,1.8953821510286875,0.14262898906654486
4.594077994413652,2.8960382234068325,-2.34877159764153
5.820801750170385,1.6763187568173805,2.425567236074646
2.9543135321762812,2.2537670679645703,1.886661184902663
5.084007160613096,4.006024707641396,1.8020234090586058
2.260118057065273,0.8320602913445638,-2.57434563069935
1.173344605164979,5.674855902380668,1.7779882389619335
2.0878463522465527,0.9744436677594996,-2.481832097767441
5.608526064159387,0.9442427017013721,-0.4877888176431857
2.9378497194385496,0.2406128636903071,-0.7912371930973041
0.2463884534463796,2.5906892598007287,-2.3201419350773937
5.254360185502246,4.712243062492828,-0.8044440224798977
5.077441065547501,2.598087392247543,-2.715374146317484
1.122022733770603,5.290502944669024,-0.10792903092495187
4.308471300754654,3.0707039368606113,-0.5286893394118541
0.18495473812454066,0.47538963202651385,-2.730297566739294
5.2292445263027085,4.386397808713846,-0.5967753930691013
5.657888577956134,4.11128663532709,-0.23046872094711723
2.9584268153144766,1.7353716047310292,2.2810630331115016
5.5460565184289905,0.3280662743403795,-1.1235665633795362
5.078628303926195,5.296744295539519,2.708125128676426
2.0694353921647313,0.8636799155515684,-2.475130317224263
5.484484477778066,5.63065647177968,2.3629071912558564
1.8138376350803955,0.6705454833038473,-0.2605917518706824
2.8103605958315416,0.19309092304221598,0.36850122010507746
4.292337340032604,0.621002714185865,0.25756988945339243
5.369993743705317,4.59582448760189,-2.659023122243549
4.430332669201523,2.1427581222172067,2.784842811606106
3.179946160792686,1.4227965321989235,1.508581080029347
4.078337226825575,2.1484631963200354,-0.7412939754090062
0.17037016022242502,0.32418734950411743,2.414092314370877
3.3251517382576665,0.9617631774117894,-1.613919290259678
2.7079959086059597,3.264043638607336,1.1236870741438212
5.558376392963453,5.346346971157528,-1.5301889005323117
5.581299198466324,4.310530548933011,2.6093073618281126
5.052728271596225,4.946296658541716,-2.6195698302060175
1.3789969698606386,5.050841209090153,-0.04778618102301646
5.506538531319123,4.383489226968237,0.6807056211589262
2.373524117925891,3.369830938721752,-0.04759324389696795
4.106193101234581,4.191300899387168,-3.1277672877433553
5.625218323256121,3.8558817976402215,-3.10963502774013
4.548766737081165,1.654553275862406,1.4842345390890683
0.3030196521350059,0.6505093442927832,-2.2521035757551027
3.5219838357568367,0.8882742692733054,-2.6048591822924676
3.9491399174748905,2.059092424646905,-1.5471153854330715
0.2844469814956825,1.3457067211627833,2.226897070583294
0.20694542128026083,0.34680638707017986,1.8076179243278805
4.996056438622085,4.018939673488995,2.3563046269197514
3.0518220185072096,1.5642297442001492,3.0185705515884775
4.442082114513687,1.3483737153313577,-1.6304422702585513
2.1505196605496266,4.659703278742232,3.079132968962387
3.9711370153039636,3.829099409812325,-2.019488563518455
2.1744520283334725,5.623566454533023,0.5616071231969357
4.369256594484137,2.7129606183273083,2.464304915041442
5.458028570418838,2.098602637731868,1.4746782377127285
5.394727849259819,1.7083436411025887,-0.430565875237491
2.5880458736856964,2.1846780208524983,-2.1507856902550384
4.802846669127852,4.699277872718691,-1.6778726041562506
1.9349141430662382,0.42909689074846447,-0.9196773150894479
3.3939978211057644,0.4256744215696633,1.1613781483473709
3.063113834032994,3.973650817711686,0.7726618977782862
1.0894727416747736,2.129089981986045,1.3174777157508064
5.306501850292725,1.9017712582181672,2.5639421467702705
5.689978604874448,1.3927638411846246,-2.1671312183000424
4.436708462991747,2.701156684624845,-0.18883920634539253
1.446727877394095,4.847015131895766,0.5779749209963922
2.6562375216051803,4.304931439908225,-2.686353249801924
1.8926038983047824,0.3056366641248838,-1.23162713569367
4.564187849079039,5.794082171249321,2.3689372179418537
2.9263745602486306,2.5719263645152264,-0.405379120812297
3.767004439502834,5.350551539263404,-0.5430091992335018
4.367207717962112,5.581602988483356,-3.128724356455344
3.2784131759756585,5.177150831658064,0.5119086408985325
5.571998026445264,0.45328964349692225,-1.5035234577223022
5.272382939713344,3.0203214070280424,0.6233233562102991
5.73432729743122,0.8293599213521068,-1.856196499967172
2.5246294302921832,5.647286640895407,1.7683080653531178
0.18070689151357455,2.9370353792067423,2.775952393295066
4.761791645969961,4.592672853860796,2.5381333395613925
5.793554905877074,0.8308413069312592,-1.646025579892641
5.8201526420459055,3.9422953000482304,0.29681204354823976
5.761971568146701,3.990207955486635,-1.6945304428813328
1.2495345166578415,1.331161365309284,0.7382540633595567
1.05310332433141,5.675093018092763,0.05951322898127298
5.800701063356576,3.4424514049204413,2.138884402642443
1.047814943798699,4.355792452493285,-0.017858534363118128
3.52138853247134,5.811217479457069,2.4011844638897726
4.409908499344094,1.6387942469612793,-1.4684933052539064
2.3910266875351542,5.742753746553222,3.028681052238033
2.072145535275079,0.40844736686587924,1.202355770986994
1.311979072918234,3.7806692615331556,1.8793260047637173
4.36803950665916,2.512110202116544,-2.0688481982296674
0.32118763919064386,3.6388571287848577,-2.6148161314570753
1.7938833486108487,0.39525024366092487,-2.2116668838049014
2.6838713981953797,4.7984655394635976,-0.7851602666644193
5.159166327725618,4.503863029592644,0.6081898733521061
0.8154324383104545,0.5686304193748557,-1.5956830599756004
5.335775906552987,0.7468987861249758,-2.967838852534419
3.386205996213019,4.196368962558456,-2.9186820595333125
3.5278362312832217,0.7864808084082988,1.2891917423263575
0.1541438864274718,4.765794516517562,-2.354967744438587
3.0544406244827345,2.596062059717709,-1.94204577803567
3.468263669092304,3.9158159593402257,0.1467318840253955
1.9188085224013012,1.1783725557963045,1.4545462205345663
3.4201240961029855,5.7804577629460265,2.0251971571147616
2.702460370760055,5.500130619195079,1.121579712970922
5.236494422115632,2.3856748760246607,-0.7535700165790411
5.70259875713873,0.31150080032847316,-1.1777349632694323
3.2338908411763048,1.7316974368637086,-1.5037420723855202
4.842320407900058,4.103803814873161,-1.7442773173486044
0.44238187796878026,0.45892935450154093,-2.0734610445473924
4.081910970558661,1.536657040374589,0.7509157061544145
1.0970502364482144,4.469283027215291,-2.0015378626421136
2.2196089334100053,5.298077993514757,-1.453379554473689
5.510880175652506,2.931954740946293,-2.223055126685955
5.107636595081484,5.457678611598656,0.7700299653761022
5.693039709350329,0.48547115399311336,-1.582727283161007
4.135193911693682,3.4983601564214375,-1.7460754241318082
1.536263762011233,0.7116197463285499,-0.7629442567367759
0.23198003945680012,1.549286320895664,-2.6365359630635234
3.1059832359353168,3.8630081262029674,2.772782448631607
4.989880582768087,4.295939481803591,2.5181423564501353
5.188505700129992,4.476046056169402,-0.9521471741500314
3.5088710999261106,1.0416260676766458,3.1355283035396395
5.345641639834118,2.166667926366685,-2.523991957331305
2.0459062653041142,0.6306902737482225,-0.3314594010493086
1.1840870619870565,4.273219844430182,-2.7429881305930977
3.3859782109131737,3.706900377368596,-2.989379455494322
5.639597198297598,5.041832764020365,-1.373428007624291
1.439493973683634,5.306574755582796,-2.627854896104728
4.491383764144339,5.49512206188453,-0.18574285715171346
2.370469905256662,3.6478442151412507,2.496136512335135
3.564405765988396,0.5926615373402575,2.9700317380069574
5.2154330662196235,4.223585065055211,-2.325620059865255
0.895125099499652,2.0883725500344386,-0.17156831172661846
3.3319590168791375,5.838125127287286,0.7353130292579517
2.997262932422233,5.066555012908034,3.0931945552188864
4.5361696241071465,0.8396290533913315,2.360243840913734
3.256159389935104,5.268123880362639,-0.020761141777499326
2.779429563796657,4.207172218708196,0.40397138839292657
2.778741276203035,2.313323305769067,-1.2865692405513067
1.676929512012395,0.661917227164081,2.977862321989396
3.485889319240809,3.692154833842652,0.882478151726322
0.6557136245691446,2.274170592462192,-2.1005506012377615
1.5660784417002873,0.27089425933805167,1.8310446971212748
3.9893633904761234,2.2285880018242694,-0.18309442702126155
1.9200733013057076,0.6624343903372862,1.3708079406691471
1.1319685943041526,4.211161164391168,1.7742063008346518
3.3075168850104686,0.7992917889403377,2.4044473705333402
1.2015530123957454,4.1403025647602485,-3.027089412281454
4.014804336247171,4.866704631006089,1.5883862377270521
4.696142473980095,5.277279087069223,-1.1981422787540632
5.348762094450813,5.514422306016849,-1.2518026801740618
5.709174596170378,0.7644258666105219,2.303791555789588
1.1481835547034542,3.6137762450898627,-0.7849972597546797
3.5264741381228406,0.41366073752581456,1.0223267593874352
2.3470089865707595,3.0493214429641236,2.14153722308673
2.4118394382737796,4.815808935261343,-0.8229310230938203
2.278764322570294,4.913697803388886,3.1277735650475655
2.975739966990082,2.3364464965627567,1.0122555685868182
3.946849647793073,3.063528161863051,-1.210743232134213
4.839587412562171,4.345297511167142,2.1324082711235253
2.345491869449925,3.95566129125343,-0.7065411372324761
4.696115964377096,5.776093050085379,-0.09504236569058744
4.753862197925187,5.262040958589928,1.8876774907671328
3.469330237988663,4.954780818741555,2.7858172279519193
4.7771268384492105,2.603779034319644,0.4627693548563494
2.4050961305826553,3.910448258675669,-1.9802166537596193
4.365806236143107,1.1303021912832376,1.8812411876761148
1.3981372293286012,4.332324388692128,0.9751259186980832
4.46833014192447,3.0620520856244933,2.304879118868043
3.9017928743301984,5.346620462739228,1.3879161039835965
1.2874248723847186,3.4088378393494967,-0.5175895047030026
1.6901403922601277,3.1086715896247314,-2.3150579357556977
3.0672659604421906,1.2560931781000593,1.9515594279706354
2.3337658729487174,2.120792455093544,0.9980713231143881
4.17778581001366,2.599005790338951,0.3620794558526885
5.076962490816063,5.586454087277399,1.6808330238856621
2.966441964927669,5.1115117255072295,2.9816412489577013
0.3263336531648868,1.606369898161238,-0.7910453668986057
4.954989157209989,5.70677381319791,-1.9954567760180815
3.2585610671718284,4.156194863978087,-1.3424419911123446
2.4463737263439636,0.24145395442348838,-0.8137892219732801
5.342590978742566,4.162719325449885,-0.08930308019666633
1.5387142494467676,1.1478648240189289,-1.288609207907379
4.243831771085955,1.3977036294211342,-0.42282387593271187
2.3122842948055125,1.4348751028416056,-2.1173258190125095
2.3842304048075054,5.6796243262171515,-2.209404015119915
0.32054226645246664,2.6546641879746007,1.1273902564224176
5.201539004481903,2.9348005334839398,2.458768093957876
5.680614391281624,3.402617930600117,-0.4549723730146371
3.9659365519178635,3.2511905651467714,2.537784486866676
4.17235651311981,5.520358404985842,-1.3304538684112475
4.590580936968908,3.041059525603914,1.0726005153318345
0.24737785515550192,2.290117582950976,1.9566697144283767
1.3052057622574673,5.171233350512253,0.447728487500453
5.545839779235841,5.09045686098144,-1.7835470861954892
0.9990196424085376,2.3497744727064456,-0.5030807715957479
1.5442456099984232,1.2582492285796927,-2.1998435291920666
3.746235511131305,4.9348185675769605,-0.6422255264103534
3.8603539481122153,3.248729129601709,2.3103429337483616
0.29480953866630166,3.77054178709537,2.7442983334214563
1.6523358167664925,0.7092421132857578,0.9669261946379653
5.350344008794525,3.856284088004337,-2.7032989974700743
0.43433428816933395,2.378851678578397,2.2880996746975892
2.4933687745160116,4.88916271528445,-1.9141131889308955
4.360733365890043,5.535264690958514,2.1161173482432227
4.523491623795557,5.54545573537123,0.8127037155812542
4.8412477195532055,5.522104600893923,2.2718705687626093
1.5695260609592863,1.0995235031711021,3.0426451477248007
0.2487883023242199,4.494316119671535,-0.5191363427866134
4.002997987150476,3.1906044861095024,0.06957841188803027
4.043796310466634,1.1856072000906284,1.5101580515166617
2.713019601803732,3.116053259642013,1.631045477291079
2.181215114508534,5.059968587120919,-1.8955497656215383
1.567105955336875,0.32276994554863214,2.8947569804874274
4.619307570221904,3.1297751635204367,2.7662237641373757
4.241271990966934,5.436074904852382,0.40547105054319443
2.3761518238694785,3.0949453240414098,2.156472398614751
5.79708251037363,5.685523729229473,-1.5692482677023096
5.823523231865398,1.030895932577473,-2.7154649037816525
5.736658107923,5.612073173230705,1.658523558490657
3.3040622202685324,3.9331913599017936,1.5191344876421518
5.171236957038725,4.89476589109672,2.5395988799084677
4.807163510089611,4.317123458841751,-0.7409894055636488
0.9565393594565772,5.672149445891689,-2.344564852265285
4.480824249051386,2.467691983760383,-3.0407683082753034
3.178497900087568,4.854433754473611,1.2096272334513207
5.124106289505194,3.1938487058751956,0.9323716228938554
4.963341814906416,5.28742648724517,-0.04033088086711745
5.5341031565734795,2.8866538457243265,-2.0170110106142953
5.293525715723323,0.5085963690747388,3.1283474293253564
5.4959493095820875,5.244870243174021,0.2639000284577313
5.061863789612159,0.3631870799830017,-3.0371038026177266
5.112629517070848,4.840882389081222,-1.4571707510865435
1.1455060179401753,4.587428726095324,-0.13397512513954624
0.8046132830991919,0.15432459683672572,-2.663078802264091
5.697992373302409,2.0849132462766127,-2.123303078578598
2.309537790855715,5.000086624273949,-0.31081583578500505
4.900404094604622,3.8632294868535904,-0.5407547650376276
0.9457903941258023,2.1586328035584357,0.13699303011462316
0.9875025922115859,5.148442603717619,-1.6019137227946667
5.463422104799277,2.5081204424209163,-0.3966597689408964
1.4929502222924016,4.752939133457134,-2.5924215774971953
4.406900493648939,1.8006217886240572,2.733186438706398
4.146289186126106,4.853661097815686,-2.662617996204112
3.059845706960522,5.497386452766953,0.7794177034675385
4.777816231950248,4.234757637283601,-0.7726759846540108
4.288768204752816,5.459439297272927,2.4267340211254655
3.7508012090168212,5.803836857586019,1.6581273964247458
1.640362103779662,0.7456747984772738,-3.121652900421722
1.2447054073598274,5.674825820574759,-2.660204637483353
3.9161129706613473,5.784355944771279,0.15538622229817767
3.0381915947512264,4.968931351606615,-1.345009337976543
1.4879136213225486,4.849371577022248,-2.742254497326889
4.946080330196409,4.563967866212296,1.071457567809749
2.24350539508894,4.5055028960419286,-0.0760094731416161
1.7928225695814495,2.4175113126579344,2.1463652723182483
0.8178786740509358,2.3079576127266934,1.9036846765531346
4.404028982567679,0.7528352222355126,1.4458369131181126
5.217800965699201,0.3642923553529571,-1.8640645184793077
0.24432817473510737,5.47181663243528,-0.6918886991252404
2.432349071150603,4.312491802047407,-0.6663383187502587
3.096644034671032,0.7954510923301097,1.2926711391828185
1.920198216025056,2.401185787781672,-1.051009461997431
3.1010731577657618,1.567128038663096,-3.0648672506774903
5.791146196012539,2.619773347472966,1.3043655976306745
3.992105073871003,3.5442811298873576,0.7196796184615635
4.1551045256410255,2.748214784547276,-2.3932099900640504
3.8642577437700805,5.830158239019989,0.3186087069220487
5.222771494280614,2.865586753686946,-0.08330593625318894
2.3106109155878327,3.5538206846541947,-0.0323151291489614
2.8830757744766986,2.3035814255877467,2.1069528440670036
5.5949499825869715,3.186165649446583,-2.7124070868626418
4.805432370268397,5.575114600085544,1.7735387737408637
3.939641276980641,1.0367278051800068,-1.6959999808616908
5.344311628050766,5.064021418514545,0.8980453091039386
1.547778969973615,0.8529432913024115,0.7757601384524708
2.8058146900558407,0.28653735481887854,-2.5648706776203256
0.6883219354186703,0.790300162353363,-1.886032711422745
0.5758020230575627,1.1819029571652944,-1.7367901558451038
4.064681086923533,2.776256403970267,1.2213960304900837
2.365254980397663,3.9461005779686147,-1.3523746252318531
5.10877879116988,2.5148068928311025,-0.5680589281488939
1.9750566816063535,0.9277728425617435,-1.9242598536154634
4.238564035488832,2.0846171993008875,-2.3213440919522803
2.885599268946435,4.0213932751685775,-2.410385734223206
2.613202476494516,5.759546410248504,0.5682098548691745
4.396010851149683,5.743900910297796,-1.7890244225894696
5.536733672570558,1.5896652088417271,1.679296168014444
1.3165064596785183,2.4128214693188603,-0.9201679898071342
5.354363297344256,3.965364055760025,2.629366560669987
2.9871830761017817,3.0410190476060293,1.6885760402179395
3.80743134282861,5.65125957521449,-1.2399775710840253
3.057618365999592,5.506010035683492,-2.3351936801163284
2.7917350891996575,2.2257334401451168,0.5562753087932197
4.4800282232863635,2.7685934746196406,-1.405991451826865
3.601718679142147,0.3305242381438196,2.98917404333715
0.2763355771033156,1.6412350419684447,-2.958389225764817
5.317347091702153,0.22134565554727503,2.9770078357261127
1.0034321044953356,5.699845860925951,-1.3218632725791062
0.17708113443406437,5.38932020977255,1.2160388860388158
2.319073951260465,3.8896481892054204,0.045164026422371606
3.7030380136825265,5.596227888779005,2.9276360889175708
3.6258951769759884,3.816923429415497,1.5169675943441323
3.086843577161015,2.9301338598909226,-0.7691864935501265
4.46385018811899,3.163232907736906,-1.7048928477515257
2.716643156360411,3.8990177610394765,2.0946906646845838
0.2713694403683662,0.8199659274077593,-2.8910532060107426
2.4497752879330044,5.1991874515703795,2.699783790944629
5.575604602367368,1.4246383456232257,-0.23131519046308036
4.3874792282733655,0.3493061528959822,2.067724248112154
5.266679169099191,5.196208668687324,-2.5313500321698426
2.678563705987627,2.0820605183079586,2.926558198313586
1.1674968259139926,5.725799571877554,2.000396769208132
1.2433480741845482,0.9786021294620495,2.5495180215782245
1.4391103620832175,1.387944506387966,2.5833321109877927
1.057361433107394,3.5941345544204113,-2.3158607618326035
0.1695969967647888,4.362311625649059,-2.3733040226378863
5.536127005047235,2.886040107023603,0.5272220040286353
0.8181813669982843,0.4159969830933936,-2.83849585133117
4.468146465439629,5.355903185580157,0.32728343692468576
2.9652489411332104,4.901977906536848,-0.6268794553538264
4.120745824680219,3.7876221908505467,2.0956572301129555
4.115514716981198,3.2490832957626123,-1.9701942394068062
3.4584358876408983,5.30547358208374,0.5579425254786203
2.1496486083042123,2.1929301723864425,-1.5074413208926865
5.402092012998397,0.7396056679966438,-2.599684797095974
2.0401117286453037,0.8374396150585239,-2.3350755874452895
2.2682122355816796,4.643957646833928,-1.9753850542313067
4.08174641943132,4.92001965049519,-3.116277457995106
4.517679759419655,5.151002537407194,0.7382395710111354
1.4910465149007275,4.150049274462622,-1.9212457610343974
4.5101346151471144,5.386464610955529,1.030195713635515
2.337726534098604,2.3793015965916506,2.891110951096695
5.395440047293407,4.105965531617273,2.6566035879700918
3.8429947336331756,0.7441136945190328,-3.0411423173330783
2.6210802934772928,5.616381727795963,-0.6591225183148013
1.4841429005215203,3.6885183441100664,2.8303331714711435
4.603196453855297,2.8894826835840424,1.0290380401768848
4.736700776924316,4.8854378325006245,0.5832551318467694
3.9996748789023218,5.830958185533294,-2.4333120154140686
2.4018738875053884,3.184720410583742,3.1224882200124764
2.716551361502537,3.784514513506235,3.13200952281029
4.312301175501989,1.427006977513615,2.458290169761927
5.252296948778255,4.867930529017414,3.028580460536647
1.583123089296399,2.264630407249073,2.1008660287834457
1.046695359153457,3.5153732121118964,2.648061246354189
5.450828667108351,3.1692473479372203,-2.1599460249961933
2.1414956225162025,2.170054417984779,0.27283708115677685
5.782826202455717,5.3884377525012095,-2.1722660003651946
5.2391977880002765,3.9677540550871018,-2.9196382360067297
4.489540215633223,0.947676560451955,2.0488744493376467
5.199322694210133,0.7195704344595422,2.601127159108831
5.841893979859975,3.667984998760128,-2.3833257861501
5.1499511216933485,3.1140727853291574,-3.0496736214460003
2.7154532128863256,0.16880370048967075,-2.922309070117371
2.3458323003454837,0.39883805588068677,-2.1471887623798955
1.7946595346086365,3.1652323620591676,2.3407083318741906
5.504932946485434,1.448141579496098,-2.8828186731611076
2.6515854834512953,5.118465218778939,2.4851267284540066
5.37040666562581,1.862847958688242,1.6123926600883243
1.2977165539711168,3.727450054690581,-0.519290346023229
1.0320119576133577,3.7436633708593483,-0.003052897950705624
3.5621442097085914,3.926170329156476,0.2653468614636658
0.28883704050934855,2.627429959460508,1.0122048470316054
0.9567985937503811,3.9401607378821826,-0.8729572091771947
1.1744531406406318,0.7427715030495348,-2.623735313329944
4.046559427624189,2.7037053591546307,-0.586545390072239
2.628585446497073,3.395206609819164,-1.1681546671728473
3.2151834096116305,3.7211832221656014,1.5121968131411503
1.1215255224739133,0.5559329818884104,0.6757282843166252
3.085837749322625,5.0408230452279055,0.684589785823559
1.0020807275763672,1.3743497478459825,-2.0141394611365557
0.9754892444946615,0.5226160312216852,-0.25237248367058474
1.4325813991934198,0.7665934478013186,1.2342636352828897
0.21996757467640093,2.3361320346903307,-1.0589054560283415
0.9719131855544165,5.401508041504977,-3.001316356740779
5.547753902767423,4.706296790993901,2.9514896978447522
5.503696307447556,3.0008164351076148,2.8948349520343335
3.7830939567698527,3.7486682023134557,-2.8565861634113627
3.639344852095717,1.0356302194296045,3.122286639451624
2.816999851061297,2.414833018307855,0.15831869789529396
1.263240330047397,0.868679395025481,2.4289493893007377
2.5940056432654077,0.16717961082180577,-1.4141135106136296
5.153246475761938,5.128471551763187,-2.716529045154701
5.421485930866583,5.532320695448663,-0.6384456083666681
0.5027836286376102,2.1664450459777393,2.4641318243010906
0.1674216300436837,2.5558550062013055,-2.5331411450670105
3.296378260312136,5.612649076178439,-1.955907362114759
5.462257009805317,3.2187879295014485,1.5404941111282824
3.9669911127980226,4.980528811297159,-2.4964418456578614
0.22637708606949736,3.591135903844048,1.5020679518358921
1.2952609323030837,4.947061503409943,0.5633909238509482
5.574696640015653,1.4239350012693113,-2.838944961375105
2.113052621416635,0.15905606098016722,-3.0871446572053496
2.287502611652038,0.6986490193733048,2.7730419685200838
5.395073151953453,2.0754076938078896,1.1280058360084206
1.3760158286211361,1.1934116706125961,1.6364720162011013
1.123383870366374,3.069813905662839,2.2262961582797223
0.52034150906319,1.9589860016192888,-1.1257878552018727
5.502175026430326,5.39199734891947,2.458710780984159
4.705404294596358,2.51981760480776,-0.4817691445547294
4.1266834447238585,4.2178704461114105,-0.4642709588531546
0.47358535478618213,0.3704853104750261,0.12342872880361622
3.9336704928776856,3.7970814367886154,1.4493171033566288
2.38728761148454,2.202009091694274,-0.11475025185626642
0.3683969426191023,2.343475850576649,-2.2997974232943887
2.8207320334471913,0.4248526016456817,0.7763707570714948
2.837778571487834,3.724975766833233,3.0339650494080646
4.504451403252759,1.3186717335670637,2.1875170414316614
0.9711257757597076,0.6730498794484954,-0.9433534921077098
1.0610364083191306,1.2060258336947538,-2.298405287959419
2.2287956003074254,0.5324815964729777,-0.2882849281920987
4.451926235310328,2.3536631863181836,2.2642583001593604
0.5184417636529188,0.44125614776631905,-0.22436565730564384
5.631232393519287,1.893794377500382,2.5546844633100276
2.565152724570975,2.679006919072854,1.1737004935235609
5.266745713898249,5.597733026385894,-0.6987983095849022
5.355252195976126,5.743319720847351,0.5763762716968439
2.799890036759225,0.4018029541545787,-0.2851768921077298
5.120898005901791,5.50058573552589,2.5378805729430045
0.19220161792727564,4.715894596189073,-0.6409299500352259
2.578914752534549,3.362009926665451,-1.1843268030461365
0.5496235397458034,2.383942281027801,-1.2591280330689403
0.29306213631354283,4.205352904500064,0.06509447137505386
1.1378466296812555,1.2017622281174085,-2.488381084964895
5.306197492047601,0.5985776637721154,2.8874230539209416
5.8393698673048595,0.9381027036248619,-1.1383578445746734
4.4027567335797375,1.0156267210771064,-2.4637280792901732
2.6792625847914926,0.35813468405421856,-1.8751336201678055
3.830133454331717,5.310166372356502,-1.0168816835565355
4.521663163906507,5.145616864632016,-0.14172460038345402
2.3829819125294573,5.783124916791433,-1.1534659355775
2.3135462008650474,0.21439670192110571,0.24982916619428774
0.5147245294046954,1.0197302743392584,2.6089262198694296
4.9559061337017365,0.23936340780967913,1.7954535750832825
0.9477385979915878,0.7308944529148342,-1.7508491799736159
0.3876405066481743,1.4267097632821082,2.8892198272140757
5.349846291392647,1.0608763064194655,-2.4430535370146975
3.353486641017098,0.9044103921003432,0.7806192080513314
2.3005338396659543,4.598338379851909,-0.8451689553225497
0.34585042083702744,4.227763379886908,-1.2875091497433826
5.2886853033288,2.6515059415130433,0.008686242203761463
4.201836614018882,2.722545281322983,2.9257881538614896
3.9342205008086584,2.0327507902703874,-2.304585923121858
0.1959374100114304,4.82407548101839,-1.3429826747187923
1.2861753127509292,4.523170637404974,1.5152807959265813
0.9505681739058565,1.1923700578750738,-2.607088823498427
1.6521970705022455,2.0735872604846497,1.3525388398206717
2.3921636039904506,3.6892733431087255,1.8814600490758853
3.884131071957192,2.669801475115298,-1.568450396304978
4.8535134042983925,2.7006012551299943,1.1481224768841836
5.670857800962947,0.9823810084573945,-2.48591936375321
5.403399775648619,3.058859416696591,-1.8905412276791251
1.9931299668491245,1.0170522257867252,-2.1956992831224196
5.737728296514514,1.8122784329116084,-2.846021427726603
5.690683714622726,0.3508511049974965,-1.894770287734017
4.578703354285858,4.904702701258986,-0.08358724262307282
2.8502835886786224,5.689171468702886,2.1587714052296603
0.3144013013725051,5.065955218541818,-1.5717817704572339
4.270573044910176,2.913297920300628,-0.1039380987508256
2.1796303723004384,1.2616475109493983,-2.128680418988364
2.3156001275463636,4.444279303945645,-1.0571948767383166
4.203641415543668,3.0584133227815355,0.10591160970014846
5.462318432398745,0.3458539208737472,3.055922968924988
3.0922325380013564,0.21885961200309767,-1.5931215371087732
1.1598640780603473,3.1917932788999623,-0.026960492160503335
3.677691933475503,5.485517405380657,1.5529244130210635
5.837553462924136,4.868335574793845,0.002287955741143932
1.5899248730281312,3.1753225876903546,-1.247267504274206
3.5551189770831204,3.901151452341783,3.1327811495793974
5.684297837849119,1.5974679916595305,1.8137061453352903
2.568877834396121,2.321033205742336,2.060473103861919
3.9772774996954814,2.2885533463106786,1.5140148848527595
5.048749221452489,0.35439740713958323,-0.20908117222546263
3.272361301964783,5.047560085289838,1.6528512602800314
4.862740940286573,4.634470918482988,1.8263530631019904
2.342127265820179,0.19580667562342247,2.633206442550155
0.9004906384861173,1.378104918231251,-1.8678278758562261
4.5010315681087,3.0827116739867613,2.8835882169396694
2.4747513772566805,2.2297849565286296,2.058096376240102
2.2641346674044116,3.204251189486027,0.23031879506498631
4.110810804135672,2.612372634167585,-0.9360987373491181
3.1269237246851596,1.9185025435828982,-2.5976668256271056
1.1012174215488308,2.3095780441765523,0.9885740823816613
4.639403137078261,5.462200929070691,0.4234158585951526
0.33812487423487125,3.3668851864547014,-2.041674810946229
2.4215048331998354,3.059735128147975,2.3047158534320156
3.932266353218429,0.5067339909812212,-2.4211767497943066
1.4165061836160124,0.9722460333159266,0.6637314520252047
5.645783558129549,0.5324813672198385,1.6791129795597346
3.146237312662551,1.6773570735517644,-2.394434264365125
1.6731622105369002,3.115865501064249,-3.09504178532863
1.4934116014141388,0.2925157601244259,1.3871053520717158
0.4281968039125561,1.2413497736003718,-1.431865825962104
4.856263390542768,4.632937641294361,2.7978444264225777
0.5547459897054694,0.47310155787932606,-2.7374219003390685
2.5859068782987595,2.555495710102936,-0.03335237932693769
3.5910539213012784,0.6158435845700025,0.02878185772127262
4.510590395475569,0.8942897476127543,-2.1028484924876807
5.069579419653663,4.857658108820397,0.9972906097801149
0.9968399863320303,0.7081278791479448,2.4677058860659864
0.18863105636857336,1.814814207356248,-1.6200194371226575
5.822258415276335,0.520582525188245,0.5751012705971967
0.9756520544607976,3.706476480083184,2.078349848218074
4.395829049032452,2.614998687079457,-1.4647238685403936
0.20359101532827095,1.0995752582672962,-0.25621536563512093
3.2937335346394296,5.093806320657983,-0.8822184372837345
5.059543339733839,4.928354240744906,1.3966231830407594
4.460577114004492,2.757970452981175,0.6255340317582925
1.6924628136720359,0.2872315847585656,2.4517820352044977
3.098602553799785,2.902015915799738,2.347799015425485
1.3759365078362198,3.6970752681185637,1.3321065923260589
5.587680966172025,3.882466728279681,-0.9705246585250853
4.089140033667801,0.6122116126505976,-2.130264792458944
5.5061762183532865,1.6367483459569834,-1.552208023745304
4.2666599541670465,0.7162324654995138,-2.4547094228612947
4.851035970560136,4.475215716009551,0.6611303953731267
2.5865150435750417,4.536903445022827,-2.4910964712029156
2.7777557779928808,5.255821665091733,-0.523855053740677
1.27262842833144,5.818554267953971,-1.6197117315198373
0.9766635906358001,3.6259104866016814,0.2801532440043193
0.7460153279931352,0.7162235407450883,1.3336997022798176
2.74291270630245,4.972281379925953,-1.768924387696148
1.3625671762733251,2.247280691361722,2.7117455431993864
1.0833265378646004,3.5649629577779933,1.3849497307859995
3.937615737453828,1.5413987655783319,-1.8287082391702947
2.55399463788715,3.660614986740104,3.0971142110725403
4.53650755931804,1.2503938017403047,1.9448642544180244
5.349917533882484,0.8925200545414964,-1.780601579719344
4.138208760242263,3.7296920268971583,1.4273157707574713
3.516992514835292,0.42113626309777086,2.355673086780021
3.6344723188035277,4.2159151521497815,-3.066001467856035
4.665150500155739,3.1154380513224655,1.5245843008199582
4.092309327681684,2.7380450081344683,-2.879453133670463
0.8871347114313921,1.2111106285509725,1.8142884536654194
2.8154840139582777,5.773270725195968,2.9640947071688304
1.8297600907453166,0.7045705891526235,-1.326068097383824
0.24264011746527236,2.03945973784258,0.14993397474515602
3.9846841432821507,3.328058597073051,1.510434148764106
3.429733218111722,3.9556292630744707,0.7409833678122246
2.577476933826693,3.146697872361539,-1.9818821254889085
2.4870396909964425,2.6089519902634715,1.750310292660144
4.8413252683930725,4.685389502490121,0.8814581411503246
3.013507136478646,1.9022148505568666,-2.3423812517799436
3.3924505233009032,0.6602745722268868,-1.8361882504098976
1.3215777892289373,4.965414889394092,1.4301758931928434
5.6025157489232775,1.1608654819060809,0.972383176759192
1.8480758638589732,0.8244926910893084,0.9494127302627025
0.3588340771279599,1.214651367903407,0.13209694642356729
2.4960049894686898,4.434027692916704,0.45311056777768854
4.524935634597457,0.3834918130798479,-0.5440815039532301
2.7584420748464376,5.503413142205729,1.9279702346755503
1.3596722261702674,0.9130213633361242,-0.1782695117401527
4.067160947517912,3.2223762749143257,-2.335799586323268
3.9724231910866594,3.8246117597414093,2.8124656283430856
4.699640036022641,5.254829003335801,-1.0205453808839602
4.991034144277753,2.4986208529007428,2.5589574228546965
3.6334378620096324,0.6779484322107132,1.2239727716130995
1.680915208149276,0.3822136069572095,-1.9151138721527894
5.798248437171456,0.3799407242412953,-0.24456126172838566
5.335899977655403,5.244235529369023,1.7935033064954178
3.16913234474484,5.126866865764682,-0.3395535259249063
3.396858437757457,4.054545245901908,3.0026203551587045
0.7981367373894905,1.0930943604299086,1.3089143946444475
4.890008417196486,0.23278687598228376,-0.38945381636489174
5.821301765590544,5.394383940852858,2.8517834225166094
2.2928903346924296,0.6591425822784214,-0.596835212778088
4.238554702761749,1.1675363640677883,-2.583324234850764
5.7720927624435205,1.3654482572158415,-2.6604640944202536
5.740513514018156,2.070959640518942,-3.0363043964900016
2.3906831147788914,4.57953136742938,0.4816393051715826
5.341528681648599,2.7329390497813755,-0.20432017005633485
5.761293310184835,5.0510944896935515,-2.59888023070347
5.519949052980611,2.418622532092075,-2.4311872550879485
3.4334547771724973,4.958030085893371,2.792870301068046
5.701131045473635,0.27976101051955027,0.9505774437279237
4.0289594452764845,3.252635494330079,3.106888529080127
3.8969540997259062,2.4179584303710544,0.49273059544795483
3.3322340247499556,5.0958731022947,-3.104192645611733
1.158713706544461,3.086071237572736,-3.089189193590145
2.91995120093738,2.60167540468938,-1.6679608299892386
2.3118601791816182,5.814564482357038,1.0112577816755417
5.656130134728513,0.5514062887282594,0.4886369457134987
0.16935136298205955,0.6383824734955525,-2.5052762260317696
5.014947230828188,2.691914476314611,-2.4533487498666067
0.33415607756293775,2.7177393366325022,-0.0819855263442335
0.21231962439664964,1.5145817782097877,1.4554637829444266
3.422899099343664,0.38849261116410605,2.713558522973657
0.2272640693064618,2.711425280057596,-1.5563225034344594
4.479102450379511,5.427645160046433,-3.0576151522043085
4.946833852449419,3.2170550006775382,1.0213365236906586
2.5159789512012254,2.716509332079366,1.5687011260081585
0.7682728838119204,2.3475800290419713,0.9851117957304663
5.5559497887030656,1.7271642179128537,-0.9094817644944628
2.2643074064438506,5.209458315492002,1.626309976450103
4.3089545550526775,0.7308144049314578,-1.2732599228929324
2.7766976927992477,5.765543310825583,-0.5457255784927235
4.33885249057873,1.444183318555998,2.6294420753383703
2.1099340262851394,0.29705308534035413,-2.194995240219704
2.4697284908645036,0.5176384967308993,0.7516980305878884
0.7237073414414397,1.2538437519099201,-2.561302300448778
5.274931206867017,5.3422739092537235,0.7027349655293977
2.568194705940113,5.773469506475013,2.783924711389173
4.152798203340106,2.190761208950971,-0.6349268821706127
3.014570544718927,1.4327613225104303,-1.8470607789242959
2.9202235274126482,4.883851922548629,-1.4746716001393165
0.9567030817131619,0.267787653966034,-0.3226003059109459
4.9647169033243,4.283553068131663,-2.655540650178734
5.807415308541637,2.3826038711319817,-1.04634502082095
3.722310855970691,0.283881155667022,-1.3897675954016395
2.6566109578194763,4.37200394370071,1.4507529040627043
2.7544834498188635,4.181449659317483,0.575314841625993
4.460930376777041,5.42748742744374,-0.08036287629266736
3.2266180737817636,3.9411092790790874,0.6079920655952833
2.5690707571853695,2.711356275611438,-1.9466721446382158
4.288847662241474,1.0813232204532577,-2.870695855938385
4.192845311004948,1.5336867037830868,1.2258509431793447
3.0187954484097164,2.8711777380954038,-0.2628696134594968
4.987425844656279,5.312915533963995,0.8824404837209787
4.401471456169746,0.5385246617907595,-2.1371893565706794
2.7829699932074745,2.584424296597539,-1.5011028053514828
3.2219569615037127,2.7587086614589555,-2.550128295174324
2.9713863051115608,5.39661840329891,2.032472853768909
1.4737111838494208,3.393994666757444,-0.939439306047769
3.071021927405046,1.0928306339206617,2.412769187833266
3.1341326890366554,5.232050552258821,2.9711259068579725
0.5231173990100217,2.0950296448197747,2.3625471022392093
1.3498116128130024,4.8899277756906345,-2.633277450044791
1.903876113575352,0.2941355676554964,0.41335837519081364
5.692465120138634,5.686495978987567,-0.4998656459169757
1.516208670660948,3.502906721860364,0.7203486608316858
5.61812213173626,4.262654930371226,1.396308283596336
1.9707571413313654,0.693274951173322,-0.776941693202458
5.415502396532963,4.599389449336963,0.46571657143405654
5.677772938733482,0.981938255232846,2.8862593558591048
1.9861286803965075,0.8726406297426894,-3.0418984968277716
1.206394655757775,4.668556904519591,-0.6258731609194048
5.766961080858665,2.2476948816884637,-2.333863705076023
3.8051398445255114,3.8894382506626837,-0.6105091683757444
4.7460049330060095,2.971357701275654,2.6777208594702335
4.407607301650629,5.354874055208186,-1.3743099970460508
2.9202066242656572,3.696301747253414,0.28293121748635164
3.9458249945399784,3.949398756710952,2.2423523400911156
3.898868087709274,1.6485192477825275,-2.187013586409078
1.7563525172613315,2.1650054179029223,-1.2112519817089347
1.6174305260299848,2.443384419310692,-1.8965648679795284
3.620727312243477,3.6921668584849465,-2.6455504521974627
5.337794923974432,5.160004512697112,0.6135212215516685
5.762936313880935,1.818119499667978,2.3045495952078525
4.99928251732284,2.9017851904939826,2.703171699012673
2.6880225974877856,3.030325773126209,2.8009329089389663
2.3469662607297184,4.351513953227293,3.0665147328043503
5.434798971365712,4.621535127548846,2.934828784283006
2.4140366692867525,5.757063924267846,1.9420738398723172
1.1502671890110594,5.539139130513569,1.1812569268521749
4.5199935159262274,3.1695242428496435,-1.4018637107240837
5.618921297647735,5.127075886796556,0.6592250048353412
3.290417534858937,0.4178593128273589,-0.24473420883545627
1.0391627847893776,5.542377717813334,0.347401047375413
2.9677040087593127,0.7750939609530128,2.6710274053773864
1.9486640897337126,0.43080044812173757,-2.027186663019767
4.209160988629801,2.711229992164899,2.1860972336528457
0.8791464428444673,2.3139703233355844,-2.093506612850502
5.8303990439847695,4.584266483112291,-2.5759771441912735
5.621774154626343,0.4890870494025956,0.40005418580550733
2.577863166829598,4.839261536834122,-1.7828817248038815
4.589876932590656,0.22838947396761977,-1.6340784533920867
4.764653350700254,2.6683998506872513,2.5862235224092744
2.9388587929068457,0.583066258340422,-3.05186754131012
2.3831164436523964,3.3532842572104915,0.15947162199488396
1.0646926838090855,1.3558346662651777,2.477158738493003
0.2707466630850355,1.9997678649119157,-3.080344695476556
3.0859831873579875,1.1994577788994267,0.25523446177961917
3.4615410139625524,5.58495526843334,-0.5478952901366161
5.133671370190705,5.169661232292091,2.9217492877363984
1.289731007112225,1.1900197111016817,-1.8692711182690651
1.017578089651966,0.47748540613801915,-0.811067902291355
5.83225121317003,0.9906502475893175,0.7459190529359252
4.0418678410329,4.926081364996257,2.3886418159385014
2.594748948938455,2.321164785544342,0.9464073332329672
4.080942323586283,5.0240190797375135,0.04828457122661156
0.9030384598703356,2.080921959280311,3.0208070042275663
5.099875517511053,5.141596682248972,0.9191690828056727
1.6719526906959508,3.0507585066643506,0.2558151041477643
0.30668319949307055,4.499865529010034,-1.4948747725690665
4.305240312188082,0.447292376461381,-0.34742399689381775
5.641719933822838,4.461930397350921,-0.22550545089471452
2.7184287013373734,2.540796847042866,0.6199942759915746
2.499689724882889,4.942688391627372,1.2298155299541973
5.563241869251388,1.6393658373322773,-1.437606174650484
1.7591106380236028,0.4431835412710248,-1.8573694849900486
5.219027547250429,4.040377089117756,-2.906426940846896
4.300256163991089,0.47172990093140155,-2.7636533963717347
2.2162543395590246,0.16382243154549636,-1.4210465489339823
3.0359067613092243,0.7287110791978615,-2.980190215035357
1.181078258191347,2.2046892338362234,0.3051566823221563
4.055632553559672,5.062848884008621,-0.906461724753941
1.7086324216510456,1.449832303300883,0.2446993944181628
3.907191091168073,4.869471549791435,0.5781083613805476
5.632135388126372,4.8803100664191135,0.39293943251675545
5.4756418174005,3.2347524103482446,1.1541057943146944
2.535668413947607,2.2867991616970844,1.3872405218469916
3.1757784382407355,5.474108785064338,-1.5085892743876472
1.241480560344328,3.550660652051129,-2.6349372461887692
2.4958822913638494,4.755072902488958,0.22603176645382916
5.323488499724453,1.2891032241204445,2.454484341237422
1.7842353096732,1.2471037630575794,-0.22863829379206546
0.9875188192545579,3.280397240734132,2.589294773078622
1.5177062421296132,3.7226823876352366,3.018564961897063
5.286147193374158,3.0242996127588464,0.34232984908888175
5.307324232579601,3.172558054766885,-2.8871207616612438
4.146155850107844,0.5259406574693386,-0.37115385103178067
0.5514245531399871,2.0183664884875343,-1.4678950794515
5.604572766354391,1.7030577581133437,2.1969496928064123
5.679511428883728,3.193545348880747,0.22050439425324875
4.018437193957637,0.3853720898578228,2.3648194134822065
5.231869086619727,5.35632236932657,-1.168965694849514
0.7742474282289309,0.6433645239802992,-2.795551767448333
2.803081405781988,2.859105590393491,0.3711392984691724
3.7364933658437645,0.33988763717080883,0.7268026514011869
5.752112296885594,0.32427944548738497,2.1146888912187753
5.587454599995597,4.507757878809922,-2.047836488350564
0.6603296941945418,0.7949393024899609,1.5156174555139108
5.692885665622491,5.206774162896176,-1.3724859131643046
1.0795666171406648,4.178154040759532,-0.5983144598686123
3.063935159097747,2.2241596047835515,2.668939617707416
1.550433036865445,3.382581137220502,-3.1148245108530475
1.905156277069701,0.4737469557503897,2.8724690114444345
0.27650702825067963,0.2379518607876594,2.4724054119610717
2.2894173505927498,5.406273132470969,0.38391802277501297
5.812525552424601,2.0434316522826075,0.5330141808435411
3.4483321756626433,5.054766475992127,0.9954475946540722
4.7189989950504945,2.5373409050924414,1.5502013367826306
3.243613756937297,1.25820557055228,3.055668110350446
2.1861424452183518,2.4430346090058803,1.1160918598868657
0.23181280733413834,2.1797796975786157,1.8599008798481806
1.6810488020490193,2.3874331808247122,-0.10451496346088929
2.69890680074776,2.356787841635312,1.089426238385828
4.408390055490762,0.3325839500967769,-2.817323541777889
0.1521140358036266,3.6856251016299124,2.4050730326867322
3.2828540091698333,0.3019787654069368,0.08963456292466265
1.487022255530418,0.6182973248185508,0.7471658807799648
3.343817985983611,5.5390398815607345,-0.09135794247837259
4.404754632507669,3.072761202745724,-0.05905241699991626
0.976462333465471,0.3077792063370566,0.6125299530568395
4.217624505116344,2.0909314241956443,2.8398135923297945
4.2703051208892715,0.9379007050740717,-1.0399088551248297
1.142722285297185,0.5806509065956209,2.1511999124394814
0.5941062547595948,0.5694864623056204,1.9428926011615086
0.7819634697638624,1.4440957525362101,-2.1523402722594027
3.819506876517238,0.6818856494837042,-2.0216257232902324
4.314112580935109,0.7142377680452798,0.5174409243410971
5.167318335131107,5.206500472901187,1.0682495857186964
3.032023308592578,2.9421612022009604,3.066715269245961
3.9324914496676318,2.0398140779446132,0.4208843487905134
0.34858855845389636,3.9337107272781413,1.7216812184680341
3.1174298026714746,2.338796484259902,1.1028422085958578
5.364351730922941,0.16598613357206582,-0.5029755368872859
3.134821339957198,2.798254406929046,-2.5987074190622765
5.747481895424096,0.17057201534723876,2.244217462837886
2.3359304014742666,3.7571671106012894,0.3833488967948382
4.165363013882918,0.9596811773046046,1.564193266838025
2.9299846435300205,4.922309905156699,2.0362047548679465
5.433935534989116,4.335975775462513,0.06491606957243512
0.5897526477313721,2.3089479678256266,-1.5410329112239312
3.801124292044347,4.020384980804163,-1.7766492668923137
4.335898111517409,5.765879678634453,-1.0004085711181876
4.77414845139608,4.895483243404755,0.12236341937689899
5.582509911523163,0.5005275559859885,-0.8888281892861829
5.494697320056062,2.49805835665118,-3.1011044728098396
5.182244263693235,1.6785200118299008,2.2305085300847622
2.0150929942153564,0.2317687595067648,2.0621697498867384
5.215408671667836,2.7503399556435673,-0.6033311257177503
2.473920030447093,5.329741055142037,1.1833577436918556
1.285783180196553,5.770056483640339,-0.8027591220221728
4.073750135167341,3.7775573435474694,-0.6604663381051834
1.5444811340344806,0.803684829181831,1.9200933953361332
5.1955202160678,4.504926448579333,-0.020273227914760383
0.6894256111689703,0.3439896516262322,-2.501438961982068
4.482456879137931,1.4651579830400192,-2.9814835076777695
5.572749173204937,0.8861659359721199,-0.4398111330009864
4.593337356563849,5.412600465748376,-0.7081298129186195
5.348565649489569,5.474171635752525,2.789707787875023
4.408708829827646,2.5611886740976577,-0.05305831629599389
3.2424306133051504,5.631799895171725,2.603556198594446
2.230210787279151,3.4392410911460694,1.4882066144116877
5.29284170101585,2.649190890479024,1.2454669588006544
4.630439434850205,5.5584747503185445,-1.290096031374785
3.0874520576721287,1.746724008678995,-1.2984675049254168
5.7276475341845,1.3828991952446066,-1.4132591995318278
1.191601752338551,1.2285858478410538,2.858478123859049
0.48295585281089237,1.259309910681526,-1.0171726300020367
0.5339885857044397,0.7160804220819337,2.433217370589845
1.3647655034186168,4.679432934975783,-1.0260569858307722
0.3008890451862727,2.4155476898059187,-1.0299811619887849
2.751934499053001,2.9007702906455717,0.3584926245033735
3.2367430031120206,2.3404775322780704,-0.35090793779052243
5.437115957193328,3.984898504695055,-1.028123357723668
5.547959230589197,2.0575903352947282,-1.771377604922692
2.704695924381144,3.386567026286675,-0.9685599803626115
5.849712301638715,0.7680518238869285,2.2386590208200463
4.259486739760571,0.29949178713647573,1.1709972148396792
2.4624640021567177,2.7226922891291263,0.46000299843125925
3.174243930871657,2.1019533268605928,2.1219898266252315
5.79753964878924,4.3178151946284915,-2.5622735474439153
4.998154372702488,2.655990507572219,1.2816303909010687
4.237277167268693,0.6911111041408333,1.630136764882951
1.3569401633984275,1.257881972981157,-1.7688723456112057
1.7155297480510188,2.2129360989398115,0.6554506000979763
3.7962411883607383,0.6919334809025068,-0.8890655335017659
2.2327303512655376,1.2903364903185333,2.9647313521287977
3.1421543287938207,2.822597074616175,2.7896808987872204
5.714763748148792,3.5084943637931802,1.1682180290532553
5.696584093931716,4.76669762842144,0.5411878040946907
3.7866836433469064,1.0298821230851147,2.2237325304263464
4.293576637247145,2.026995772915841,2.991149524248657
1.8400917021076046,3.2596381232305234,-1.5218050818289333
4.521859896412646,5.460631507917398,-1.0185583105271454
5.780918259325464,0.2807196773191891,2.3303406389712835
3.8643505041375272,5.017550358094493,2.282229650737345
1.0273781346200668,4.137457947023805,-0.8066199077385758
5.636914373569596,4.219164533367364,2.4298256704977437
3.972019285748246,2.545553461916105,0.02506491256275556
5.082918499890906,4.368052391605104,-0.7602711743590556
2.934629152022122,2.9436742283069752,-1.713930950950199
4.449058185626956,2.5139175785769314,-1.6415708847774557
4.979967103865466,0.2759856620045653,0.38910474071462353
3.391898720487876,1.1226776572785486,0.7383430987831843
3.180963230752572,2.324684578313624,-2.2521490471056858
0.39607613240593254,0.6654957782556745,1.488078393530639
3.031753351470304,1.1226500050910075,-2.9485001287448713
3.076555914745656,4.89671917185351,-1.7501148664350796
3.0157079904895854,3.780414610422378,-0.5603691484437108
5.703926398310828,2.7029244359227214,-1.193146056442993
4.927787241618641,5.267774361840878,2.8367368429697972
1.2819017662064298,4.570558799372383,1.1977081660315996
4.359290582201285,2.9529225464632214,-2.9996466648657085
2.2197837359511894,0.4842030060612519,-2.3670057412857295
4.715147103921377,5.43791446100668,0.1049593396748465
2.8026112472322646,4.156845836845516,-0.18191307668269818
4.639943196859543,5.064990757143848,2.2694855252657726
1.4499158513179005,0.7443652933012057,1.9425109301084502
5.485390569842897,1.8023677959638063,1.3253765307727798
1.252848930247824,1.1592283215940908,-2.0063276591042607
3.164071057671249,2.548383482685212,2.2675345992387594
3.5847639008854233,3.8475551452844767,-3.0424184660313993
4.039453933795607,2.3023892410191635,1.5037928435861128
2.3636980520537785,0.3354208072882128,-1.636365068214566
5.164930441095684,2.645815614595344,-2.868069547668473
2.866232245653485,5.394961957818293,-1.8276874208203073
0.4449644318273671,2.3522347727485027,1.710432001851938
5.727842093863007,2.7669699452026895,1.2921129125300546
3.886476552366468,5.506387697682379,-2.2577798913036506
4.425771782579263,1.3329527200115288,-2.368691467107219
5.729604152561209,5.088804369990829,1.3790206522020947
2.0419212389864896,0.41652080585086826,-3.0959974310653555
3.0483600601739145,0.4936067852552979,1.216253987806165
5.617874632641895,5.133559883268845,-0.5362427649817505
4.874026609053318,2.8443022143850065,1.7978454255218868
1.9913078705387752,3.3149220129389083,0.8670628320579166
4.299839911209885,4.868963606791846,3.064924241373183
2.6424043334485434,4.115453790547717,2.028122864641972
3.183281077029562,5.13851346039676,-1.960307674685922
4.012744520665074,5.513063979332455,-0.3090229146466936
5.786710039333284,1.3373544726241093,-2.6210155520447866
5.495262044826619,1.802215929062856,1.1865759796917796
5.19523563156109,4.347875886988131,2.5739534443989402
0.625513685251228,0.6117701947596075,2.6770975136120514
1.361740976191388,4.24812591193389,2.288131055354822
4.2726514240717055,3.0612040732758654,-1.1602569627610066
5.716193744501828,2.947439972084736,0.8991981115875216
1.0287883446491495,4.668021837214533,-1.2883961654656149
4.457449163474419,0.4572211544378084,2.0381991483720876
5.286710323780064,4.44421852023406,2.9717891480186216
1.0205568874538125,1.244849867362385,-1.6495862276841189
3.172752505756229,4.098453002740623,-0.8856307314063785
3.4885887351862963,0.5959809983382416,-0.2088813595864898
5.4540236569808656,3.0084952698165814,0.26047175590069793
3.1735309632665762,4.9712557397874395,-1.623688358296646
1.9044270517825261,3.149794163690151,2.9484978488333518
4.21359918755148,3.0582327347442577,-3.1272524768908725
5.669265340740528,3.0165317761081822,2.7326490881861982
2.8323831451169816,0.21757576704983483,-1.7157161397708243
5.765967544264633,5.328245754589804,-1.617713876387305
4.579694014199862,0.3848768376182936,-2.56926073785412
5.758802068461859,3.059970378092063,-0.6949439089764633
1.366609300074857,0.6066247672703104,1.8436485202896469
0.9050874601544316,1.3903838468336955,0.12170893185616372
4.3888644033262105,2.82059311036221,0.537513144704548
0.7395061828535556,1.3708176377802785,0.9908545182693675
3.91892159267186,1.1457136230931932,2.402364500746648
2.2244942855542984,1.2251701427341093,-0.8280756361230939
1.3027041357383748,4.865510477924662,-2.50463520168403
2.866001038428611,3.847090724734573,1.4260613034710863
1.604168602634882,3.296833899025027,-1.3058579817516962
3.725600869657348,5.740448811956512,0.4582106996400226
0.7212389063325468,2.1229086479792327,-0.7305509367582919
0.36604379286051025,2.063808639061684,1.00083830330746
2.2000136937785797,4.986126236267429,2.4283750284461796
0.44270077463427326,0.48270371624502917,0.6351095740295754
4.277009649152412,5.238418353442707,-2.2703964183112078
2.655042521849051,4.293387410356676,1.2495369705228008
5.845520621880928,2.2260208578904077,1.3029926364040803
2.9936434010464126,5.141187387338787,2.2173248508642223
1.2099783645041617,5.266363981061394,0.4467912776321068
0.3201154372185855,0.9964484468572787,-0.29183952697682347
1.012992701611223,4.750790950679377,-0.941572598100811
1.4359629463589483,3.544030010029384,-1.0259920717949567
4.639599036437023,3.1332403543753813,-1.3961920042913327
3.104179099412576,5.371051677489932,-1.7137618236922714
3.9381888827975224,2.1804938934177858,3.07772317765963
1.74539499145109,2.3271641579514135,0.2335958412119905
4.057940167725647,2.6096620701025213,2.739124116021051
2.6011254455528015,4.826001431846627,0.3818823482842473
2.4722680612866275,4.78750270459731,-0.2788405806471532
0.5269290469800185,1.5159935806804956,0.15442267267783372
2.2220005235156326,4.971192818119162,-2.3043496132245815
4.397730800980177,1.7740065950371435,-2.191507207925043
1.7335307149800037,0.5910553298523027,0.276315973968265
4.338945069972537,3.1814658033278187,0.825181770070754
0.21207582419668203,0.7936423699793569,0.9833498100994769
0.4273007118000971,1.359273785811417,-2.5959872523405396
3.96820496264506,5.5738373289246095,-2.022493892964353
2.1826038724080683,0.5805926531163192,-2.986547829737229
3.5590970625149665,5.71041165837997,-2.3542721224656153
3.072354258579555,5.054823619517913,-0.510244023575019
1.180659859901708,1.3627918607489866,-2.3180949319375177
4.683340628031619,5.420844711872707,2.1622833638177914
5.832425742281563,0.8330837430117233,0.9021898305607454
5.8438142691248265,4.076920884701852,1.3044964354456532
2.654424837519619,3.5609966346101185,1.9738284123747132
4.219567710447777,1.4957332788684208,-0.5472076757002529
4.055207174869869,5.162680993015208,0.10565224373625126
1.3804582933142602,4.484091539540377,-0.10647106260633254
3.7047495631381206,1.0696852175240235,-1.4801928156800321
2.711227353713607,0.3945180473559775,0.4125383837911447
5.5019527166685265,0.19828085300153675,1.219460039431394
2.9211887022902854,3.7809433848413034,-0.18174716695734627
5.080539342723112,5.6349000704424705,-2.988865971220762
1.0087259625337583,1.4138006642626877,1.3748923047166324
5.156545587424603,1.3638795747037507,3.048366083126054
3.6289472623058523,4.862341793912502,2.8440506751865398
1.254087508643127,4.834376577767335,2.2246965657335354
5.5669899532907134,4.794790695770047,2.156864002079862
4.3146705915370145,5.75004334480259,2.2077991195809616
3.7023758682148005,0.9902596093078679,-0.8821326310056019
1.4429841212406702,5.25826343069544,0.8580772039906388
2.3475288985659715,5.442364016646388,-0.7707025847916684
5.108968644220024,3.977111272914223,-2.4266775763475876
4.4154666936682325,2.2524290331597254,2.776555680844827
1.5465525533557507,3.503731979240113,-2.292576001924364
5.48492983562258,4.007950296222441,0.24228329757693778
3.366649324776171,5.003061239340849,2.829688793030556
1.322790776507571,4.096515396838848,2.201683411977248
5.818839426004652,4.148423196640993,-2.292114201279197
5.2912800346486835,1.0804364175652743,0.7394169155298833
2.6756078000138617,2.755155230889892,-2.540273569830755
1.3027265893952613,5.162278102827523,1.4754565412727425
2.705213260403361,4.877944643510962,-1.5789633518466621
3.8691784223543397,1.4318892967201577,-1.6702773239006043
2.8664837286922973,2.5326892157350858,-0.5889361177812007
5.3174309922656535,5.270289477207807,1.095017138616094
4.922303428224355,4.38365492399858,0.6800638202658478
5.2298092297791205,5.6216226700979215,-0.06764316626183797
3.1464076536906824,0.9103689638732324,-0.20411080513091528
0.7319512131319019,0.2930773964210345,0.7018975473362783
2.544659162280194,5.649192543548122,2.5409034809748805
4.74132633442185,4.94984194606613,-2.740152620551971
0.30785019624556753,3.8386374420808638,-0.7501125091697807
5.106537636749103,2.696855048204722,-2.0763884443457634
5.726211232704473,5.062907786338593,-1.9092137561915608
1.2890488583287827,4.475426276488791,1.3403735007164217
2.6572743092217914,3.1274236631807373,2.834018586477155
5.363809602167868,4.3326938730205535,0.9635527519163878
3.1146312655041077,2.4585833832962134,3.0864937807920567
5.053102444059775,4.324695144736907,1.2809946534287224
1.4530256306137612,1.1619626398261693,-2.123495291978855
1.1490866826229669,3.9210905847328847,1.8413345490860822
4.443922546706171,1.3808785020724936,-1.028406772534944
5.285646599349574,0.36063497250479704,2.6844299614513147
3.304824810603646,3.8476168989166086,-1.0031651027630133
2.9506137084430195,1.768335046555678,-0.39439004734895944
5.209504231328367,2.965514729641413,1.6218295005248775
1.1543299237630709,4.249650502986142,0.09312360094026095
2.957678745077849,1.2460372176771821,-0.6293074233977776
0.21881455115825155,4.455119151061094,1.1673104589110288
2.76007832941714,4.198816589674818,-1.5996020253490861
5.173811247753269,1.294881629628366,-0.5479961880887698
3.9051357965892084,0.8430172926366504,-0.17497429935403996
0.4341043452071689,0.7724304838927483,-1.3631803213421694
2.569451967123423,5.578553727836769,1.7021170504876446
2.673929722448557,0.25720059128709694,2.462103177333022
3.398651367880711,0.4402845095942367,0.653193443000259
1.1349275721738636,4.255082484648912,0.6741342394488421
4.501079533001249,0.8564715338391578,-1.540246550739307
3.971629803310056,1.1313102760298936,1.9376142729465293
4.047042258325216,5.324020858249109,-0.17490251254868783
4.806514345083133,5.507585766474444,-0.747945845435483
4.005166966201166,1.5628673758609835,0.7241439517334505
5.415124180986397,5.319967809742625,-1.5830690035233688
1.0125600177814418,4.926832562150927,-0.7575310321449997
2.1954663142341966,3.94223671693623,-0.8208478368131464
4.381932283947604,2.7295703741466824,1.0168154008874604
4.265552705323171,1.2144274634483523,3.1098201231877933
5.373034335634941,0.28334484138252125,1.260520288790591
4.45405957064705,0.9188426752354155,2.8002107487682144
4.323036644393432,2.3287331941904483,-1.224057147504711
4.975618296368788,4.768158339930869,1.1306132122517
1.2148775456658454,4.856588362185078,2.1482385672628403
0.8217998127177604,0.32583100508129514,0.8593459666072327
4.303700799915018,1.989260507025562,2.200822191566795
5.032933990992335,5.048646033889284,-0.6148206076378684
0.3374318949594084,1.3260888587575206,-2.3413543814484274
1.8662972204508574,3.251745329426208,1.3940575181360861
2.632825781326118,4.532874985318132,-1.482705118521982
5.591970890492703,5.7104656272253065,-1.163398380314827
4.065434334827303,3.164213983441749,-0.7348706647192027
5.5469679564443775,5.642868519384315,-1.9646075035880408
1.0813710248035346,0.6011097499228515,0.9544236135925379
0.4995196087040228,2.2541404556656994,-2.648864124962982
5.0025479919628175,4.784109889173753,-0.43322945433460536
5.273660659626449,0.9272100640291066,-2.2640099737425947
5.548357523684838,0.34429131380274325,-0.9024216556431934
5.11755835827498,4.663136238218904,-0.38416205159968086
1.0257517482206961,5.181746644327741,-1.4334101315215457
1.3143179443995274,5.785165159589068,-1.8230892014764069
2.59861269681912,5.464381706521534,-2.788291622876722
1.0554335331481492,5.405350734942742,1.102084177859874
3.07389168761755,0.5898305611555685,-1.06742239900829
2.8749910033744994,2.3189162687783056,2.4350986696593058
5.492664737313468,0.5461702071458567,-1.8570877495158384
4.0178782111179006,3.131971086281025,-3.013853561625934
4.484638099705818,2.902171769824159,-0.7042277488607529
1.809342710800425,0.5166619976073397,-1.28523852743681
3.41492826350731,4.231504056135861,-2.185160249115163
5.433926600223343,2.4861068565366056,0.10480820679447511
2.167643839761782,0.6229421003649049,0.017032277913221705
2.4951121276189463,5.203015589733752,-2.5298569302955496
4.7306286492392,3.0984063924405225,0.4426105798735227
5.732666999825925,5.642989943711116,2.449440128050825
0.43033012760782974,0.6729226514601034,0.7996216651582775
3.3950804893762294,4.027733704649201,3.0614860136332744
5.280795174073962,0.16463437803697034,-1.715947062396896
5.6773505419869625,4.199366762853369,-2.0795066140740506
1.9398132158651078,2.050886761615105,-0.11225588627231442
3.866758581577078,1.972347562503892,-0.8607122692022777
2.7142543081807116,4.24498084243929,-1.7248991502059503
4.103777800415855,5.1105513703771255,1.8756446888425833
5.1469374023092715,2.491262478090239,2.470407861356473
0.4095053638262627,2.2355367265732573,-2.7342666713936006
1.3333813517548783,5.529986180492397,2.3370698125873703
2.5312270589097956,4.441066756945254,-0.6861655425081787
0.36974551579269477,1.8676546894861832,-0.32582520516671165
2.5717400114341644,4.774494022551822,-0.47056258860227196
4.239950819115036,5.209250636302179,-0.15920073317500627
0.22898009356043136,4.5095615377458484,-1.5990719776251485
5.842571833612645,2.5355176602035554,1.225951952019293
4.609046571300657,2.4604798845257623,1.3756732859238916
2.3144248437080073,1.4350437225701076,-2.4291355609603054
0.3278307910044427,4.14124889640523,1.3809376708380308
3.228344577219758,1.9553127639336325,-2.879694742802365
0.7078212114673739,1.123773752547001,2.7559571819279736
1.3373419360879648,4.260337629107847,-3.1395950161047983
3.9942444589764845,1.1632802409480225,-0.9113936601122004
4.538193327023257,0.7659759677184208,1.7107839068330568
1.2752316784173128,0.767678891944019,1.2953742567372046
2.5152551585685874,2.4087214981419405,1.9280614068601007
4.15586139586319,1.1940879404684623,-2.3754651821721535
5.111510227373709,5.608883292488367,1.6113231896011841
2.109709515265078,3.062608495265053,-1.0233276989798368
4.0090551007371475,0.16646658356024435,-1.321462912172704
4.9508438451344,4.594244015019621,-1.5736696238572971
2.544598499248049,5.759272385707835,-1.1818561007372879
5.688052451174782,3.3244051946812747,0.7588619433873451
2.644599326998934,5.235150039909341,-0.3954027314093085
4.138654568662866,4.851039182666775,1.2474929134014197
0.6624573018518971,2.285892636960364,1.2242347370264568
1.309069533553297,4.76817347390324,0.014635167469890131
3.8732005318859324,4.039947928187614,0.41664095979530025
3.278209872466222,5.05763768648498,-0.6893153257683515
5.410666413114319,2.4518761259710713,-0.17344837184915685
0.5347618050973171,1.411687066008109,-2.5823000795202007
2.7980526696848864,2.132973674170161,2.202817729120273
2.519842279958328,2.7843375115885083,0.5520889379013756
1.5512410585607956,1.0888112912397252,2.1166086695248696
2.504715418907117,5.212216874281097,1.3964223391036583
5.596380499738208,2.705207241081595,1.9099599634483289
1.1220314676294612,0.7993065755948046,1.8845525262553995
3.3357308454306454,4.099827962098513,-1.6213118701575275
5.3570370391633535,4.503183940573072,2.697143080818333
5.559677945335977,4.697120451979607,-2.764763395085568
0.5403663016832654,1.2131740134827889,-1.1711466586812564
5.45863474123332,5.1637593597272975,-1.86727931147619
2.156703479930067,2.3763482248354535,-1.350780419903023
4.081370421764772,2.374782989525081,-1.7259357813998706
2.8985453737334304,4.130610304378154,0.7040211113470805
0.38802459562979275,2.1205591725529596,-3.096427723191413
1.2825421141981581,0.6489756762434269,1.2610292381781738
1.8862661840595163,3.124225098991642,0.126468259226868
5.3909265837581,2.843851225415696,0.48434049769897713
4.626319528166668,2.7294036568551876,1.4268994258146988
3.0977611517270462,2.8750491860976544,2.586047225572936
2.549707714981753,3.1379369392427243,-1.809409829763237
2.0308362442871624,0.667215199202579,2.7715275729483064
5.609045438448117,2.45806132689372,3.005165772086362
0.7146444887130214,0.23763308089261304,1.8150663273163357
4.844415718306628,3.0248559438651785,1.8305081196073223
5.730791638692567,5.804408252873881,1.4504718761552615
5.171074633279984,2.433201065723501,0.3761514332734195
4.4839040527305905,1.7184830103894428,2.98272588508149
1.1721808374803744,4.708535031518747,-0.7208445078037746
5.683269134925283,0.8082214771181195,-1.4945843486634331
4.706344232579839,2.4681122519353433,-0.6810675315055317
0.3474724256603394,3.682902861532884,-1.7867810944548759
1.4166445726099142,5.460245014356972,0.8045764796125638
1.2572735438885791,0.6800489855369012,-2.0089142861665854
1.4254126006413612,2.1616950445577823,-1.121399754787642
3.481220471172692,5.318173933585887,-1.8030601615622488
1.3202455341055999,0.8980936838867126,-1.0189790207782146
2.033474760003547,2.3423076387781263,2.1819461042320967
3.9993787438459565,2.9635557925203364,-2.913815757420432
3.258851527091353,4.950383053438824,0.2028236706718598
5.158952248751473,5.046698875828534,2.9978494573695498
4.76341441601702,0.3088211882110583,0.021063233531407377
1.1876186418578845,4.888177498807477,2.43073849403551
5.110456313742927,5.089874264105317,0.697878555690405
3.933659475492379,3.091255280665332,-0.4764163638140788
5.805760934348844,2.491708942709626,1.1021672766578066
3.3651206277925825,4.855049034638387,-1.8020931894302372
2.4220358688782655,4.027962323149039,2.6471998699800974
5.644242044954224,0.80125584174966,2.9584360377623273
0.3302957141577618,5.4455590229392,-1.9922964702186117
3.039491777235728,4.1230527544598266,2.3374066535596683
2.8453314494174133,0.4678904252772458,2.942166811858436
0.4536047041080291,0.5274998764561867,-1.5957154467287584
2.126509406939147,0.7253899538693847,1.6148321256757807
2.961365171177642,1.8930027678000079,2.608901206244206
4.575292980289442,5.469441824170414,-2.4428629737001897
2.2402523308370954,4.868566174870667,2.7152225389611147
0.26928068726145793,1.4563915035821036,0.8688804939016199
1.5021985325416083,0.4019189656977413,1.4980742806609415
2.9543754022681226,2.679180129469157,2.1215504018651883
2.371322668707143,5.2334229620666886,-1.1534460807149631
4.004918160677095,5.759958504112321,-1.3438902609373027
5.680107187932044,0.4579488309116877,-2.1162425695615066
1.0724907011181433,1.3207975803383674,0.30969073380160683
2.114548056704952,2.3784347453353774,2.539821245995423
5.298141854929044,4.3674502784916935,1.985655908588317
4.191196933024141,2.71699475498181,-1.1391441730131882
2.1486351845942195,1.2028633767332062,-1.4284958285641216
2.2436871752495886,1.3010879485912117,1.4745329990360947
2.734618476726037,3.270740872923758,1.045585626761576
3.3969374089583164,5.243100308989926,0.6823683508703238
0.6066493847360737,0.21145863346201765,-3.0688748655268707
1.152011909357252,5.6047015460908725,-0.8651278190136833
4.898556308515418,5.057158354683306,-0.8729923092912335
4.158256470888373,5.6222746319572,-2.4662369006019755
2.6712191994929944,5.20159290468272,2.417623085589648
5.629905539055965,4.948336817566759,-1.6400055458562017
3.1999480997219867,4.904836380194485,-1.9713322752904823
3.651593466702871,5.616687828753554,0.6735934512176076
4.335442340128822,5.530467935553471,-1.99947183922408
5.259776405667277,5.230943677331531,-0.6427457273219965
1.1360346560147248,4.521454346965285,-2.535219536839781
5.517941081584958,5.633833454757836,-0.16492938564391535
2.8308858294051227,5.843380122370825,-2.965771371789103
2.569443824676794,3.1986842531397337,-2.537750089196127
4.936185644932044,5.458927473912649,-1.4147461954632974
2.8375819076044024,3.747109550482022,2.1726672273780157
1.149146412767785,5.693091444076279,2.0386603340471385
1.4760620179506976,5.410312804502763,1.496946799912715
4.07786795142394,3.098300797740866,-0.514141499406616
0.25215083589631604,4.342432857372603,0.9253845659452615
4.075734270477405,5.647685816258521,1.0879585413151256
2.3551449806327405,5.516781735125324,1.3489365329615763
3.7738870156596507,0.8582797852944453,2.1373857331784283
1.5595273614249845,2.2695303807975664,0.7504622199613564
5.48729339506113,5.751826514823831,-0.916533309082908
1.5988023405251715,1.2585596350354684,-0.7666693558326836
5.7170130285597445,2.5027091995572546,-0.12110547884201583
3.983238122357295,0.2382758874154327,0.5258525984497178
4.525841283185851,2.626025221981055,1.9961831658404758
4.608477249778193,2.5450876932489725,1.9925436213975045
5.734231114149132,2.492877081052454,2.720023046106947
2.853223191116741,2.6631829446884865,-2.904604441816839
1.208734081600396,3.857250641104086,-2.6707557987773654
1.5153365479200953,2.171463708662369,-1.2522586875341122
0.6539600270219124,2.3188570742980943,1.7794942019653357
1.1952375548933674,5.538835332365933,-2.768665893365081
1.3658104781120208,3.2575466703066267,-1.262353174981065
0.8615541739330845,0.15606410667346515,-2.8330877175527376
0.32468971300300264,5.033128225743489,-0.6340371316574682
2.716445278874988,2.7344080576339014,0.8372779913976554
1.472788779375726,3.6575546462378923,-1.450612916116686
5.265438929127214,2.8209695436706896,0.1230707684860528
3.947253603190192,1.8930260345793823,2.8817029284009923
3.789622411815021,0.49842090411184525,-2.453173490282777
5.745154009531998,3.869541768909092,-2.4501518361025627
1.126098968296813,5.445376512993642,-1.7251844430521281
4.1950361653409844,2.3847649209211887,0.150338836977415
4.003522623275753,2.0401541740079123,-3.0153411213556627
3.925123523086689,5.41316913944265,-2.227547279386125
2.4252865409239424,0.27039596381672726,-2.7070306883134116
4.06924154010893,2.3205979209270517,-1.7253056976259658
5.545708324288798,1.9602052112929704,0.43552487891622516
5.006152117493681,2.513210764247487,-2.4258385199202253
4.707888597288617,5.2980368669293885,-1.6262809507998597
3.9211563188278236,4.221613830044711,-1.9187544343243947
4.689142269722419,2.9431576401874757,-0.6229988919920091
3.6411974377602063,3.961996266134813,-0.4479020066352968
5.224801799023596,4.075169779007259,2.9878781933935032
4.927051891161386,4.9320920256190925,1.0787862196670872
4.16869975397116,5.295539395325898,0.5934998770595841
2.1619304643520647,3.940089167984153,2.0342395338717942
3.5608139689803733,0.512525560463795,-2.4461183661938035
4.280690702675341,2.9238098524431955,2.2836977787927673
2.725614874592256,3.3862437574037827,2.2379473038896
1.9323245514077425,3.1103532584980176,0.5244764147094738
0.31599784347683246,5.691389405714121,0.5829674283517106
2.9523199183706534,1.060455728283361,-1.1904547300481838
2.1469261445021823,0.7651739194966334,2.1603187980511303
5.396497759117873,1.0185597827751687,-0.6145635471816946
4.3284142277080475,5.35352764444497,-3.0830831513272527
4.517065181623132,0.943852502435677,1.6332630663951377
2.2194297018568907,4.0793452473369225,-2.739304062143485
2.3187936284126325,4.6073564954289585,3.0095672865345717
3.922362197506335,4.2346031113092515,2.6190370804214487
2.518372154762103,3.589634341784026,-1.9932635113935144
5.8410526565367675,5.599280582390001,2.3791943223052696
4.0380833993362995,3.6839454626709607,-1.1895056226258307
1.7884035853752749,0.7542999956904735,0.45360623340835016
2.0245698645426042,1.074804165205903,-2.8157275590803996
5.355275184385527,2.2661712837126773,-2.214383978674849
4.364765000127562,1.0084665391624368,2.758714428665434
1.6419917369313164,0.5852859328992446,-0.7185890860267539
2.2091705801394044,2.1917292741835954,0.4154764550769299
4.706329184348739,2.768727553474046,-1.8163611908253825
4.5970979426909,4.929011628269448,-1.104623482815673
3.9431459836828227,1.7235874742349222,-1.3350484570428645
2.2742520088848117,0.45211713955879307,-0.8311853053271019
2.9903647377851508,0.5922240626694617,-2.9594668140416713
2.165667200676028,1.0981367241399846,2.337715180268618
1.1034399338783665,1.4281346281911231,-1.937169091642121
5.714409603180193,2.922427542602065,3.0204969351567525
4.14213212190691,2.5283432850056484,1.7266879581651056
5.066506561190134,4.368872198443797,-0.13009053510381952
1.0655196036184418,4.855854372772086,2.6887167224745605
2.2780650201712187,3.9868181098904483,-1.3261933541319706
2.372431298129147,4.9572030147135795,1.1810099349061982
2.420261967320836,5.496790859695632,2.743471083916832
2.2121551165654645,3.0799426952161277,1.1803059108709206
5.538083536372752,0.4427312169122044,1.7953905474034677
2.2537090514959406,1.3575423404482951,-2.675045652764478
5.116494076483851,3.9150402259665475,-2.9860374183691016
0.9935387532594813,5.005029388331942,2.2679752337189374
3.051913893662115,5.0074420672386175,1.6857218536521277
1.9278820182442584,1.4374723223164978,1.6372316283586752
2.282000072969624,3.955171741677127,-1.5963189736518273
2.933769326813663,5.306079330684662,1.4040366958581085
3.232742867162792,3.844904105227412,2.057719295255434
1.2446195387040055,3.079365184255346,-1.6720587594931753
2.469471006944346,4.932817546079047,2.6732039301799935
3.2602482324717847,5.478570610086846,0.7100168955875938
2.425891471830626,3.3989275158275696,-0.7437434600236368
2.8033206235102295,2.8737841174754815,1.7451448493723047
4.450692134812215,0.9615248678345609,-1.5242395953443468
3.0247639489545444,2.9387321202895826,2.9789431549677543
3.94667702103678,0.4020968086672423,1.0002220486547033
2.154398615956384,3.697737546676789,2.332859200784722
1.375528720699529,1.4330554852896515,-0.07254126350528844
4.265779351495456,2.488232989591552,-2.418190690293785
2.9594615121168832,4.178911411090853,1.725149574237367
4.129891293984626,0.8835113666886776,-0.49909110758022246
1.3335643726837445,2.1094452893023297,-0.5053980054266916
2.5977732313205655,0.37237684244554026,2.1822320910500137
3.315423883864462,4.193944810553375,2.6248033223678435
3.0557419100207976,1.1734326543066294,-2.5515629284966272
3.634706444050285,0.6214727159832123,1.835454836289495
0.5177996439732355,0.9820347571625379,-2.4964088300816116
3.6793175818067114,3.9919828903193286,-2.007838376896899
3.7107186771296528,5.204099578082804,1.2610386387248322
3.2887930389244486,3.915824471404707,0.9016783263457739
1.6695578730759182,2.3256677183424,0.4606992017371576
4.502135097757286,1.3572475685033287,-2.7610978634772234
0.23650294000455507,1.479147589273008,2.4624193876021616
4.162703190811077,5.453094217994051,2.2012665267221454
3.3744329407879405,4.861812896620609,-1.7628961304783652
5.506133534000836,3.1788531762269576,1.91542482204082
0.4129848219618075,2.2310554636260007,2.0032418335005033
5.074587691397205,4.9953998799055155,3.113491139207503
4.142893776027337,2.285179133130268,-0.5678833173501103
4.343006372054546,2.199124296025368,2.808482979127369
2.156253320527628,0.5475548170222777,0.31568557447976
2.300997061353285,2.0595992229026514,0.6650348975429794
3.077875462715822,1.895793061285161,-0.9122890283495648
4.571404475095205,5.1080823744018105,-0.4944134179527384
1.451371901694008,5.598650510134848,-2.7513566594445313
3.106240920783859,0.2894031162440023,-2.6848802765247153
5.416964158299596,4.94343396908009,0.41910084703397166
3.6476269265395613,3.733495773884501,-2.6823776605582665
1.749774758997609,0.5280577241171114,0.2147771959958984
5.8495968158865885,4.95279690962667,-1.0806249896009148
2.580057683950958,2.445381090546298,-0.26449812569913744
5.388670827676913,1.4516848887492946,2.1579567617284017
0.5391856747867769,1.5466239045556691,1.401045171220967
4.019398493352643,1.8619438227234248,-2.1139802234376948
5.235201461032039,1.7218963655090254,2.3564977070936814
2.8523314528736265,2.8676379888682177,2.2857176395120016
2.9721260311523316,2.2491736548563432,0.55525567164793
4.289713792075258,0.844707223106294,2.2955836035928385
3.245079426600265,0.3920081261279753,-2.152874570267853
5.682009208566578,2.4820689664724016,0.6523831551078874
4.3259291101255695,1.6601840657407303,-0.45989332581230924
3.1888428224851704,0.9621967927369135,-2.106602300290796
2.63809769629457,3.2885993473840136,-0.31438811606685535
4.886419035447238,4.211581392090847,1.8595701168305778
3.988247858264444,1.4372299903396046,2.3186309523668207
3.2380968013565403,3.8037838913753887,0.9987244414814374
2.8842769039499174,5.013642798814699,-1.9941785203939923
1.0499541625460151,0.36647217337250404,0.16118006365939674
4.211016112775736,2.398723872085716,-0.6710384333329875
5.657435845840951,1.1400324701332898,-0.5262317488253574
5.363354599089728,1.2838974970788994,2.9616452483215507
5.458807644655704,0.516427110264188,-2.3104882813568204
3.9860883604386608,0.2439892730502573,1.8316198825257128
5.304977293146954,4.42482310609297,-1.4308067926418735
3.613746152922493,5.345672564216487,-0.46911542828127883
2.4623592376118304,2.057145709987409,1.183548843405089
5.248027116711624,5.506494337547731,1.322657562433709
2.7793609950145735,5.446601179155798,0.9704071347296832
5.479145872135547,1.9845575023361113,2.860832355614723
0.49215012057065954,1.297265194751976,-3.094265235159799
1.4650160433447559,5.045763205214545,2.190203399394454
2.979898228056019,3.885682539697759,1.93359082063371
5.540634837243127,2.4068992080280385,-2.8903103961339838
3.768321032570845,4.071791213472503,-2.3728899938513623
4.224296099751633,0.2554752795896291,3.1052490552550918
4.031824193629064,4.909094857958166,1.7172703745980753
1.517920372561288,3.8933415862328102,1.0198552382348742
3.7775370896544542,5.209571722674044,0.48967149024056456
5.660647391258829,5.4047327027072045,-2.332482693137238
4.197984956533272,3.1666236937329026,-1.0008755188864376
1.0113721605027177,4.33562046529861,0.7425680326653534
4.3096905398157475,1.9218615980477067,0.9839817171074703
5.732080239413988,1.5840770220516374,2.5292272850801174
5.597571215332453,4.866371243619594,-2.576985155189632
2.093243057066504,0.16358338275857576,-2.8602690883326876
3.442778947647101,0.8291085285402706,0.05502456453153526
4.676398815431062,2.7637136236934516,1.1698686622908916
2.9859511911390015,2.7064382873886426,0.2823820470998215
3.0188703689674057,5.440246752588596,2.733387117120788
4.586194198333407,5.546609582722491,1.8749368019198842
4.272496734040051,0.7508272454743845,0.013966084456746852
5.136862328166119,3.047565195805653,-2.0834267155609147
1.2063448487636466,1.043002481202258,0.06385896912907496
5.434402154703985,2.5091717580327613,1.6318497875467681
1.4357593688854475,2.3175248270766584,-0.7477041281771188
3.2153939383187105,3.876817136513173,2.2235863346657476
4.399709360112556,2.2657056794181365,-2.1813774307768323
3.352215553545541,5.3112218746828574,-0.13692517778327495
3.8950351060204564,3.607547901202121,-1.0230932056867346
3.987412623838914,5.225857250632505,-0.9455392118403867
2.878568588317564,3.844058833961456,1.1712935138969751
4.331833366707044,1.0975899737309487,-1.8552130008257621
2.6859906796069994,0.49841016108689495,2.0495131653971255
5.604360014784351,2.4620325419247795,3.0301555576081727
2.3382879411970885,0.1851273621049767,-2.338101742031744
1.0271923921975101,4.14743802307036,-2.6030849356057213
2.331531881578425,3.530533919432476,0.5409839774576661
0.17709595621935614,3.435912158629474,-3.1398194615493353
5.481998742846421,5.792487160529245,2.904595533766762
3.8254872649595786,0.7145236499921332,2.7375068858047555
2.0513252822540284,3.2243723929867976,-2.626134035342258
3.2110008168571715,0.6225027496225757,1.9669157373592956
5.222296370649299,3.1880817181202294,-1.5065081368701358
0.4975915346541182,1.7438488203191451,-0.4150306849837895
1.7383470695054644,2.1921838976104593,-3.0708181929299085
0.6824823773515509,0.2614979641133466,2.947501937533292
3.9510631774597877,2.188422044218024,-0.7158001995408019
1.3061596698649391,3.570561982203229,0.18576591841830226
0.5480830823573735,0.38343394988619206,1.2055646231247232
3.9396079529261234,2.7711166254589177,1.3169876347635014
3.9045668720112774,4.036665850544962,-1.7667904894322601
2.7528914910856987,2.127458123077439,2.1114419698431686
4.551864342143913,5.215998450475308,-0.12051397319221646
0.6723532641088195,1.4306857552859487,-0.5933308873297132
5.410405224611058,4.688017518142296,-0.9393862585588377
0.3171169676033767,0.3294650345068315,0.19675363560927517
2.937305003530108,2.2126479023091186,1.0531273408153563
4.983843255691641,0.20279497390479162,2.6045558512299998
5.378689252545578,5.743586085266272,-1.129721528645463
4.026274787225826,3.4729905904987963,1.6036559913691928
5.64556486530209,3.8196953005774126,-0.36186224085694363
5.760437177737453,0.1647390940931266,-0.9350410548516956
4.874224397082255,5.432976928733823,-1.3368013494925675
5.763710477197304,4.50225456033094,-1.5027670312481736
1.0034426871676527,4.83275662719713,-1.3286656209817826
3.588494006928853,4.117960130178834,1.897108784668248
2.2226515022954088,3.8111500794465782,1.365097368347591
3.43592843495712,3.8638797731706296,1.9751358169247997
5.365301430057752,1.2063370364955162,0.2650596627795041
2.2056489738626994,4.921114620321724,-0.3642991320543443
3.917115081237287,1.663964281936904,-2.4786873898339024
2.4499296252623552,5.073341883646877,-2.95417278418002
3.11030983136441,4.1098756199644235,1.955505093443909
3.100585234670066,2.781682547859612,-2.5679552649531745
5.475352407984406,5.6985254705459605,-1.9729201048385279
1.1316306960455234,3.2378600467394847,-2.2772063481594076
4.055011035126334,4.206015377824819,-2.0982087340538413
0.34699560448736855,0.8906378846570779,2.6055737057971164
1.2257932393055213,2.218013916989663,2.8574157152082
5.677562696594673,1.64046068237351,-2.093613636619758
0.8793432813080386,1.3014553617218314,2.4328496345399007
4.6535798750696165,2.4603566838542132,1.2257782767330214
2.739462020366158,4.401646502279627,-0.7593310785504386
5.432932529131814,2.2686100511953726,0.41281335457108614
3.227322442762431,0.295257018917074,-2.6023466893178218
5.184813475277166,2.7881518031022665,-1.5003931903135659
5.5917901829023995,4.308983075790447,2.2951993715937844
0.24820819903449198,4.938875361713194,-2.3058039474550984
1.5132421719850373,4.585893583994224,1.6381358959756325
4.548127629659718,3.117251392023129,3.1313958414335215
3.603147534359752,0.7683050068144843,0.7962311209371347
5.767462587198612,4.320851669046493,-2.188087707131118
4.317778600722878,2.5577206755179764,0.9113637544775397
2.303079231740753,0.9709775730972428,2.5863180678813693
1.2769586466900082,4.156471887648593,2.957071858663644
1.0951232156156578,2.260551121877901,-0.013937050408639351
3.3819172763227865,5.4907511054743505,3.005878202846314
3.145245673504463,3.944233849600824,2.8606848670573086
2.058812965653552,0.48915244924709755,-2.6631482695656694
4.7918955919539,3.185962467203987,-2.813210198731351
4.8213220482309485,5.22160770295535,-0.9359320311262564
0.4511392386977666,2.3500886425218566,-1.9759231161818258
2.634321136642499,4.646630284316402,1.5489680689257295
4.785046363398955,4.479655793618582,2.9587962924780733
3.429004631607813,5.4440542091964375,-1.0363080169224745
3.2498345759632703,5.028504256817692,1.9061882320513286
5.359949470319249,5.818932399365011,-0.7117078838410489
0.19328476051947985,2.942250851926191,2.3127158469272207
2.221679882893118,1.0585920230207522,2.2107345436000525
1.027732997101041,1.1959250141575015,-2.657116863387592
3.032836104829164,5.271321679672571,-3.1409022036254295
5.355434277245247,1.7535807772925043,-2.127007288651232
1.4269125153457878,3.166402871590291,1.28226393335608
0.90296722346796,1.0288435260696391,2.4940974128626747
4.19094488088232,2.8841012418279246,-2.3093452206840936
0.493939733145883,1.4512083200006325,3.048544964139989
1.4344638508756853,0.8373796144277401,1.8735301049004862
5.153851470675513,5.121248547302702,2.867636947763545
2.389524890862531,3.8376463747926888,-2.2271496519025833
1.2713641353922143,5.0526779579982275,1.9645176704049119
0.3530133762542613,1.4901676360320648,0.7299712525171995
2.578984015802239,3.429914050209268,2.8730673725720886
1.0839716664675636,5.118785338922995,-0.15569470586559264
1.1654012606602597,5.207996660812141,2.5723322351760833
2.8765199511881576,0.15930592624232798,0.7333290544347113
5.641545612653387,4.069820195112555,-1.1211792164344923
5.720756310333298,2.777237797402005,-1.4096408568278602
2.706397209751157,5.181445710824174,2.442482372042063
1.7822325239282721,3.319394737525757,2.55100921952132
5.761781407916466,2.2766978387959,-1.4526745724778192
2.2139461815553014,4.989646318869138,-2.7374643824305958
4.372388893927868,1.669105537471881,-1.1143732299747309
2.131528044532273,2.3306454372995593,-1.635964573216813
5.56353100297787,4.586339814484638,-1.2264610564262208
1.3712100237088825,0.4892325697862667,0.3671286288889948
3.016820660622968,2.045455737085308,-1.1285892097445873
5.565807780501926,4.804741227151884,-2.5200650424786266
0.20819375408406793,3.8517089189841434,2.7755553041964314
1.4592512924522907,4.425827857804624,0.2581813143101632
0.2073160701259671,4.939937614904023,1.9666498683624827
0.17984622003333284,3.493111978551265,0.5916846641775484
4.893876335883951,0.21420734277592768,2.132581292828533
5.205035440178984,4.015491763889689,-1.353200121661697
4.253623410606184,2.779382418916442,-1.403302819917617
0.39522034677862705,1.4215019808508993,2.252452110941925
3.3612326389598217,5.431733532456858,-0.36807451961909177
0.512154186444884,1.3635474697375078,1.025265740655354
5.585896773691133,4.660842577658579,-2.470751389617659
4.666607975847811,5.060188092175798,-1.5011900612709563
3.0705596531531416,0.38514102871304856,2.110633289288268
2.5634666221021365,2.1333826259363518,-0.7078621618002754
2.431576164769629,3.917557768408018,2.433907825076999
2.258610525064519,2.3871093608883274,-2.3483601680732784
4.606561458431449,5.498078384057763,2.9704991982410514
0.9815060954204948,1.1480813578465745,1.4554984615294924
5.157036979238946,5.409688024432497,-0.24639125420807328
4.728839580204463,0.31109982356380006,-3.088717781789145
4.423206013076836,5.522436782121802,-3.1094842807531777
0.892981894458309,2.275102122400723,-0.4702590263940474
4.482533075187899,1.4686844449019092,-2.9430423448546086
3.0869563192769673,1.1232467226516278,-2.176791193645516
1.530086413450903,0.3592527222700561,-1.8059462236592005
1.5451532276763316,2.400782105969863,-1.4475624485600824
0.37970259244982496,2.2187155415024358,0.4320775072098795
2.4606710306347908,5.102404297302433,0.6521025355106742
1.5552366378903815,2.1168533979221564,0.5769770561861378
5.739681468600126,1.9082662423891323,0.044590051939778164
2.822076432467969,0.38453167711853853,-2.2013460518132506
1.029100925851496,3.91357056707896,0.924930078131351
2.4332033269865505,5.807341272052336,2.3679597130238754
2.3437780204632377,3.623806814722718,2.980754066109089
2.886416199390297,0.23667315536151445,2.2251372501115965
3.16199756284806,5.7982582911873495,0.0981217370632006
3.1708928144509185,0.6971673978924022,2.2178210133476215
5.621707810898553,4.4444822042753245,2.374222965851648
5.5399560548791555,5.441870076880687,0.6075192656239299
5.714806223803222,3.839749088338,-1.2139305411917876
5.598525737305902,1.534201075546245,0.2116737688027217
5.005848266030866,4.338892568842706,-2.8455902199371645
5.144418155661967,5.019612915292182,2.5624237097217355
1.3338638270085488,3.91959191116246,-2.510332970275199
2.1823247652013,3.745964407132439,-1.9705054773748139
4.446319708537032,5.566214262440756,0.46988746075559984
4.960268875285456,5.634798636234647,0.393083040283599
5.353426606371658,4.186231733108503,-1.0814368392179912
5.210561408992113,0.7661538251990827,-0.32727023561503055
2.844261527120487,2.1278049011956757,-1.8767908201607677
0.1572320064929047,3.9765760304954565,2.541936286319131
0.2931552839347138,5.839020016905486,1.1654187720526847
0.31540430219967375,5.335227519832175,-0.6706361208765546
5.178183108532533,2.127222313604217,-1.9431129779378997
3.4507241645728985,3.982971174830011,-2.9231433836422016
1.28325248824542,1.4264170662218432,-1.0008398158888179
3.0862433240759515,3.7511364556490623,0.7631257764114459
2.4729007629713697,4.927474750284501,-2.300059999631708
1.5370948778967044,4.550437062080852,1.5450404599284884
4.902793698161168,3.870299520574778,-1.6698809990055423
3.01926786122433,4.021416828942716,-1.8637052820238893
4.307512106273649,0.4737774873599476,0.49740172882920897
2.6725668935343556,4.659208420414046,-0.5949509778589097
3.492610754593652,5.260827125571973,-0.3163605532894356
3.2665334924298737,1.0998584351957597,1.3872940083261138
0.9725148136250688,0.32223138503213433,-2.223816381532875
5.764600877648518,1.7224763466620512,-2.376387195618003
4.0352553363917325,0.43616396314812866,2.889336616756254
4.383306152225826,1.1847709885509017,-0.7461861076663041
0.9985611726169932,0.42618153880952137,-0.9861404491058297
2.151331136790476,1.178922801782736,-1.0112675760699386
5.847890497252998,3.5301332267540175,-1.9666157355389526
1.5191728648947818,4.125701128687192,0.09371720183759491
3.9332919048475423,0.7971653774844503,2.6097707301269653
2.5279305789412403,4.270230495701597,-2.9538299886021977
1.501646205725748,3.1548919682036907,-0.7899148164332015
0.1553296833462965,0.3498569585158793,2.386231551169743
4.237915620306998,2.7596862591170903,-0.22563685480559093
4.828397255116899,4.01929240248146,-0.3231016447416857
4.8569887898956035,5.023121963204764,-3.0125181914533896
1.6984154235987383,1.3356793362164332,1.2265553653233479
3.0295203888897575,2.6036553298968927,1.8228304288208763
5.458561888165508,0.7471210755550348,-0.3868703503424995
3.8001732780649764,3.971663253959969,0.0358613685783995
1.2174613416415754,0.544908875132273,-1.6959295035530828
4.221390113357957,2.550089666387155,-0.8824336928882754
4.499268824598499,1.5917070125521688,2.6474653146165856
5.626936536488888,0.46153667627345807,-0.4394344668876653
5.33115749864077,1.9505138504408266,0.9183106345037544
3.864615812938564,3.8534019786086455,0.8869680622146978
3.411380818453014,4.10318957896958,1.3069497485391706
5.8258796514117375,2.7523257776852024,1.4108356264085566
5.150182972419419,5.296263145237574,1.91366545789219
5.227347021774966,1.6497355059585668,-0.0866585829484472
5.76221012985448,4.343389956716482,-2.1723186157613767
4.559772560084811,0.30317290203684055,-0.5477440910152289
0.9534646120588075,4.833641857229415,-2.4530316834462527
1.594575312112085,0.2500327560243234,-3.0702555148394426
3.8448804293349568,4.893069466008734,-0.699471165333275
3.0455005441997822,0.5032953463010856,-2.913159099553984
3.8560564606714838,2.2029957236895874,1.6139232898861557
0.6989213654573163,0.19202051430993428,-1.9465577066439796
2.3896682842439354,3.917772844514111,-2.360690565488633
3.0454050850586434,4.036916374584769,-0.25188250357613606
1.2583853393063769,0.24262665755065216,1.2289892000028475
4.764688161317577,4.932840451733884,1.9301237197694219
4.075394374961019,3.150161809412798,-0.31113747549126103
4.339430362449631,5.2071820840795295,0.2979637436411311
0.9654087759218175,5.183593643353864,1.0930429846381662
5.353216424640509,3.2400294607263853,-1.117208158800198
1.390343646698676,2.092499455662239,-1.6762367597590584
4.4123291447598385,1.2778121310198318,0.8805919804076945
3.74363053994509,4.012691584686829,-2.7603402630803537
1.755941428263634,0.589476289344492,0.23832259872597117
3.2003423247383678,0.9052783119647192,2.184089022183322
3.0744039845720788,0.24448579264898074,-0.07810217688995102
1.8247188720410321,0.6715615176360292,-1.2492605729658908
1.4406377493002775,4.593958665831538,-2.8953777926733038
5.1397626756427455,4.508645181604564,2.654608046033019
3.8540368787341164,5.541182349891143,0.1235008397255335
2.1700058768757615,1.321532714733404,2.350006655928686
5.245725454394716,4.0881188656091405,0.34291056022168354
0.5748536168548046,0.3857368086566795,-3.117056096690223
0.9314846593361295,0.8623428874543475,0.12539903760455706
2.528290277079533,4.94810834467455,-2.912930603274594
5.543659672439213,4.239347890498792,-0.4853076589219447
4.432374239294958,1.011170968897396,-2.5169210439119647
2.972958766592452,1.9670336351334117,-0.8994313002991201
1.0084935201146352,3.9009563314501605,1.2487372433858308
2.4678965477425714,5.021111099089867,1.8671016271788856
4.916061123399773,5.718053587505846,2.332998480679511
2.2371445103302925,5.7060931845106655,0.00568494941533082
3.4342045306804936,4.209221947284268,-1.015188435033588
5.307578272416957,1.4891226905689596,2.9762452560151074
5.153175782625757,0.79777873583161,0.3020979977999594
1.693943598025577,1.3003998480857042,2.5938046031682456
3.466287115554187,0.9529417435425969,1.797077514787496
1.1655632561114964,5.395154548382882,-1.9808329040831487
5.682804896651992,3.3581121089618735,-1.2482904032682234
0.6381875086418285,1.1084157354661486,-1.9476768672085412
4.169759474118969,2.748991249372837,1.7102533871585583
1.5566388934911102,0.9168313331420339,-0.7442599686783766
3.5835020490833434,5.177219180339305,-0.22182853566430394
4.411707434126838,3.144199297114308,0.49340881815053317
1.0919957462427372,1.3346386720395376,-0.9469382738774428
5.234168300236641,4.302407247792808,-1.853459537529096
4.1852767421814185,4.999292260286023,1.2840576836736162
1.5689239875075833,2.2356799690651714,1.0570739754432568
4.004236921951469,0.7565723998890825,0.05105102645805948
2.6712738945144703,4.508183072969249,-0.8092169746564215
3.6646361901976428,0.4906870527889313,-2.0860657842357253
3.936216051219573,1.0372380543655677,-3.048469884271498
2.693954199277959,2.3916090756782866,2.9992592711179222
2.9712386279595036,5.441809916681921,2.2564846920266106
1.140001298230127,5.068487099172133,0.8320729023152427
2.7473413272877076,0.26209910620989585,0.6899249240304792
5.125068305038642,4.380238625301048,-3.0319731417302678
1.9552326468499965,3.0733647412925134,0.5602731610491767
5.218694183135505,5.583838849618717,-2.8895749028046076
1.2140391797929002,4.593030535235055,-0.9687965738997097
3.3090692093613066,3.653730313710634,2.80059065130001
4.503264151698072,0.33346139077785986,-2.990689122255696
2.3305932203114095,1.1988894959920064,-1.2363420980107818
0.46903230409034635,0.8000118042619084,-0.6189723321986023
2.5662615697668807,2.9533645437166984,-2.304405178685439
5.438659226566269,4.753730191946993,-0.29168689182558216
1.0942284520778258,4.7616827970157285,-1.5789122963170026
2.9336502868811536,3.6979835057287547,-1.0581494130766593
2.5513412283984187,2.4524626866545236,2.604288688625939
5.7362917895235395,5.409631898025613,3.0778158983011634
5.283471295423186,2.1983733129691947,1.1359244170779235
4.386306521899192,0.3843126922233373,1.5838608381030843
4.725161013639781,5.45290245443601,-1.974195923588298
3.176535326105802,4.144550751608083,1.3398076046762046
3.1492329168951363,1.3390468690649389,2.547840183390039
1.8732598456940566,2.3060068878179365,0.7642665971826461
0.23465662405332965,2.0257277838002605,0.7670471102034333
4.102457689119076,1.7111878782571186,2.78320601181864
5.2857860783289885,1.2798943684617,0.8700924651530286
5.543684054455601,1.68875972875389,-2.381138012537179
5.318331817122052,2.352711953320725,2.943269641720093
5.741653054781115,2.044157640292557,-2.046142832741787
2.435042074054913,3.5699343438360436,1.744507244467239
0.17938260193786126,4.66414811082738,-0.7382916189706772
0.2475316361245654,1.4768293267393655,-2.5744961519314655
2.50139190939316,2.405618784866663,-1.8090821037165032
2.2430498048467404,4.881943021404849,-1.253507777447288
3.9838140384240694,1.1556721042299614,-0.9991635247400978
4.60900536227625,5.443551407748789,2.11242776869196
5.197567398774058,4.0391153387022305,0.6144270517749271
5.593881096500653,4.98361862343717,-1.5650856900158117
4.511353804329065,1.0437902040458784,-1.5566553736236384
2.3980829127006897,0.20089297141169982,1.7842941039118498
2.5856306098643635,0.33359451521922634,0.5189471728740518
5.559847918294151,0.3681477148240533,-2.7279010769569965
2.3821973010401116,4.9162457506360235,-1.2527225577103653
1.7110191937709573,1.4282835946765369,1.6731681076281664
3.517476119533293,5.283883456620431,-0.4952391927549957
3.8984283182496036,0.6346841475410026,2.31623660976165
5.7897935069446484,3.8827318444091716,2.675172443526499
1.1488786025371038,4.716827409561991,-1.682098668778386
1.488969345577732,5.739618166107947,1.4196391867257923
0.3372610533156233,1.1381066614248962,0.4848566109548109
2.719176503948824,2.7397713096593863,-0.9438327318413728
4.7339908344742945,5.728008568832056,1.8286483368912814
5.376701744325398,5.246656214139123,-1.4259063652429105
1.1465471182960965,4.356629729048612,1.6707683789968941
2.2749972462328216,4.8035302598961085,-1.538138047461657
2.1999930137736707,5.352481465776782,2.6860401650365366
3.0122975783919284,5.472064899309437,0.5848701116297081
2.399591266310474,5.4338995542535775,2.925160473741327
0.46421637314745934,2.1514371265811456,-2.0566719343677997
0.6090006328155941,1.07516465011374,-2.0869157669635787
2.422083173496843,4.558017145968173,-1.0763749244740182
0.26478348025675413,1.9760613195446615,-0.6743884680026353
3.0903376216887555,1.377486134178707,2.5948854910160906
3.716401024042237,5.077305180317211,-2.0031277874286086
1.9670455407177587,0.3905373336631992,-1.483080128100342
2.8677671924936643,2.8002832267323434,-0.48811875353365863
4.758205831229288,3.927753722458058,-1.9429176244568365
3.998146260553132,3.8686334395723807,-0.23502459139474086
2.7617083424129483,4.795044542251724,2.2269769289981722
0.9544145880909907,1.1458996126758023,-2.0570351021290416
4.824793181154283,3.0380000386119854,1.6550612306420955
1.3323816271593516,5.776139906928057,-2.782796400361435
0.5156252566097654,2.084290150361466,1.8044859669084898
4.4619970116455185,0.5663019615217793,-2.532441598172432
2.2495827135211317,3.192197975565258,2.0724653976186227
1.4667789732767837,3.5765581137270246,3.0385547636180803
4.994135942741757,2.755185306044131,0.44158284179996876
5.7530816559997575,0.45770393386029506,-1.5852925023218418
2.3821257480645315,3.5641933070337037,2.1567563896870707
5.554792244751426,3.224371649181316,0.8285363579668568
5.430453785445357,0.29613009869210805,-0.812745825643816
2.990190122561792,2.8558048524205186,-2.355702532244062
1.9114033279378946,0.22376144181939628,-1.4060107858593192
1.248552655710357,5.543433312062424,-2.4928644545268726
4.1989512389665204,5.788819258847149,-3.1218354776596784
2.3720748466691646,5.8152987536959175,-2.9811969606846067
1.3786003107439906,4.991556284475827,-2.226721062333295
2.262634875065048,0.557353120013238,-1.674620724747867
1.4189938387844059,5.804730497109289,1.0372948532502262
1.5804865268478006,0.5518762155666084,-1.7311200648519478
3.89962924133064,5.057690507511763,1.7315239957259552
2.72946801923377,2.8010400145656114,-0.056552581068296526
1.2988876624157646,5.217459195538467,-2.2002258764884095
0.5471489465694259,2.3251386141851964,2.1861846253807506
2.5121420970497845,0.53350309084145,-0.8016573193824978
1.9347495780462451,1.1892807554526725,-2.448275859903365
0.30994832415619644,3.3676281684451053,-1.3713709931799292
3.828015979767444,1.0069954391212776,1.9077409012883173
3.082560949746232,1.3814916352675024,1.7152767483509157
0.5027331568550575,0.6545583914057438,0.7839457754805887
1.4629191563108184,5.250066986738537,-1.1049845957972466
5.728520715428961,1.1188713186797585,-0.08961471409659572
4.530097375436748,0.6070484224435899,0.08880374213343645
3.726474930341234,0.49521354125792705,1.1489532251069976
2.8517975155275916,2.4776002799979526,-0.010423134328143124
3.9335127902736153,2.7809833243511486,1.5811649606738234
3.116034914432259,2.096482775120478,-2.684374667144603
5.138811653368657,5.286354956280105,-1.0280368851071193
2.5832983892303405,2.598889309109484,-1.1190405051212098
5.766991125995595,2.592763561646425,2.3512158103511736
4.999380607816202,4.1829893823738935,0.13329554449017156
1.8306227553187335,2.378764408495476,1.4910933920480876
3.2075111951946367,5.336125194328061,2.8366602802933034
0.45625909251636587,1.409737909391815,0.10621564346678491
5.222661509628476,1.305938130038043,-0.11925712744153527
0.24128603552301797,5.405507863925214,0.48496271323177087
2.1815818630665977,3.8208964242002983,2.400036627631562
4.504067678831689,2.112729222910388,1.4269075341141626
3.3825958045294295,3.6607956714943928,-1.258204572876441
5.411543608981109,2.128739843389687,0.4613823258101233
0.20883760228923864,1.3122339713143136,-2.556196560452099
1.145217418460645,4.840003961314,-0.8634231188197043
0.20226210612890205,4.348664239843657,2.9309697851941694
0.6032254943903557,0.9330961876552912,1.2504883832744298
2.881395631629953,5.724646125083151,-1.4880985075097286
2.277759628723558,3.97440678464935,-1.1392381178084579
5.3027134309780575,5.188664731054188,-3.051689863263595
3.274991832764351,0.30529503866327756,2.044747784542051
5.538726708936858,2.0967914077450507,-0.8250556706365146
0.9614776059450656,3.084787824317022,-1.4658455071411798
0.31885014906377185,1.585080357558961,-2.410284316004388
2.8005839388460236,3.6990254625364396,-0.008473272591556391
4.935786991345285,5.45087603973066,-1.398194569735229
3.6451098695756623,5.46592249892895,2.556747294946616
5.7791935177576095,3.7813942475081186,2.0289016424904727
3.571659657078381,5.7371683529068696,-0.3352122705139373
0.5722159573203127,0.4722284472030065,0.34744790523729385
3.3995768892110725,1.0629333839450126,-0.43383432653900345
2.648510235515215,5.098533992968903,0.9509455213485909
5.491069613546662,1.9951549598925464,-2.854446047148127
3.493805165005505,0.7689931689104286,1.356976640572272
2.1627187492051094,5.321325618701895,-1.5843852134546912
2.532004665581548,4.889883552703843,1.234014591766436
5.507721459098199,3.172282156943648,-1.8452832579498766
2.353112052714477,5.008848301515722,-2.511116029937155
1.9973619837725565,0.3494475208344989,-2.3944706863452994
2.179361591347173,4.623426907912181,-2.370589795968084
2.3320905033000416,4.0991135552478575,2.52233996711266
3.9022923882863347,0.2880867214207321,-0.9618275666996992
4.131549842117224,2.701738351569137,-1.3157092227089766
2.203958206133686,3.131815474001391,-1.8750155538494433
0.4647851571400716,0.31624576522559367,1.8954960550019333
4.990816323034032,4.800806773471342,-1.0815179195526285
5.456992684600857,5.358796350805762,-0.7511853996868387
3.176488954552992,2.0955637577677684,1.1286865604212526
3.6718674097114503,5.366721117419662,-1.1458377854681026
1.055109583062332,3.355329827730366,-0.19038726568857722
3.6488144346857165,0.45387909290923933,-2.215100993223979
5.770933692912373,4.853182311268764,-1.7950138482671867
4.090785377421563,1.0087332437817695,1.4044209584333167
1.7537539698708065,3.1354136332655336,-0.1468442634678695
0.21641817213896108,3.2951591052528846,1.2237661742765429
0.3174890614860424,4.782218096437025,-0.8387886363605488
4.797201481133364,0.3496037331823434,-1.5492325003975822
2.3075243141262565,3.11731855228581,2.272653966808921
1.2760884805789243,0.6527512379954978,-1.8605602273190325
5.529078037369935,1.2060741172527436,-0.22381953859601422
4.7855422473969185,2.89381451712,2.2300665497078977
2.6390706568483733,3.4129995106648927,2.2629330573003648
4.029129900255738,1.1641546483093341,-1.388619256044678
4.36765854321323,5.458102458874766,0.9953951688590061
2.9215836738779717,0.21319347312130232,2.3321314708501566
1.764768076501303,1.1063922360977796,-1.2389550096455062
3.02379919419412,2.3140641429596593,-3.1270592959383117
0.18374454378374194,2.0103873376665096,-0.24555239417532881
5.580730790881577,0.1738275743950588,2.870250612126913
5.497332853273946,2.206913348693196,1.7121639711781231
4.004743504160052,1.379127616379474,-2.34543586230641
3.357904244708724,4.231228239004538,2.456873843377993
4.049754369068133,1.992723313205689,0.8368555046013517
2.907665947913964,2.0928330359439857,2.844170028786979
2.326448440438568,4.630716248820255,0.06366280418543102
2.2548204104038527,5.618678981412733,1.355534921092465
3.5563248702103984,1.1252430951724686,0.03412731788341983
3.4793340735025895,0.74000925469768,2.0447318039663847
5.188147015047289,3.0488945859165457,-1.7885466144877782
4.096733353411722,3.2066715219851147,-1.6165789610168013
1.354974598953609,0.18431577683228495,-1.1476356921826094
3.1466373028292933,0.7053536710213195,-1.3949240372775662
3.4177492212184784,4.161975939743638,2.2957497739486374
5.274244274966654,5.341530220109222,0.1952276776626487
4.082759210034464,3.183216532034067,1.651557476414201
3.6352005175119695,1.06499860572222,-1.3833826140825307
2.486813451113412,4.569595956122278,-0.41617799013388534
5.107801433706001,5.697086227097909,-1.5504103895262569
1.0266992942784003,3.769113829171199,-2.5607893246928075
3.223658998394928,5.499640934400212,0.5985562404680702
4.802149126964782,3.201028527703895,-0.5696091026784238
0.4756722464685572,2.35976117204247,-0.6976335958617428
3.629634074477196,5.677714050915916,-1.9272961997905407
3.6066744975213276,0.25035450633703626,0.17288285784524593
3.467089943396559,0.7743113184897308,2.0407640645175213
0.9480937340483346,2.0531929809655676,-1.8933897680806322
1.508999944157958,3.6028192629030436,-0.2781658016624524
5.000233279522706,4.41225459621632,1.46442895959476
2.510387672538669,3.9359020426170104,2.738849215819812
0.7076933659397902,0.290475398728514,-2.681280370008813
2.079974023827405,0.786436782981885,-0.3532335491148091
1.7902682891237678,0.6369964434310857,2.9154954910591933
4.295464924478812,0.6420692189641217,-0.6063882190179948
1.4124282173873657,5.183854790602094,2.972561506977426
0.6579197904579479,0.4866116981726982,-3.0806215555872107
5.7712760488660315,5.680420039760797,-2.645498164877971
1.3775849548152515,5.371433753253397,0.10954774482083085
3.9462572775953566,2.0817415605396636,1.2011381857410734
4.231800144809576,0.2900554743888786,-1.193631380200208
2.5751718138907904,3.075142515596249,1.5000550287629073
0.5249916367508936,2.001493385092461,-2.8752976141787245
3.0011340067083943,1.9085251673784895,-1.9094904197707017
3.5804892842919704,5.541716927655187,-1.0203581724565471
4.137454232504315,2.106290003165329,2.383607130753987
2.7712672829750953,3.033072879580347,-1.5671914957206134
5.376250073569427,1.466577559270168,-0.9839521497517709
2.2396917866518464,3.999357531548425,2.2533353387888138
3.7970430008316614,3.931158683372754,-0.907819035955737
2.3713393990846234,5.4216828990904435,2.4362234246280243
5.712581158035825,5.24338608180483,1.5406509308099272
1.0052091721108694,5.72129002771957,-2.835288532895399
1.6958806932151502,0.8356808891226639,-2.1244860925305202
3.8042133866114964,1.1191694722373662,-2.7463953493933104
2.6447085703254523,0.5399230703699189,-2.2098061990528812
4.2525396800991615,1.5346129527927612,0.4719126020231523
5.430293878474199,5.655139205038571,-1.7591339868827125
5.344031876327099,0.5069037476087701,-2.420879569978233
4.083978282627949,3.7658092747982077,0.5275231528082691
4.151700360852068,0.7568735884613071,2.5311556331878364
2.2164710633705207,0.9132285293454534,2.6142148040358153
5.230366900450461,1.0545104812460082,-3.059279096900501
0.8830651048894955,0.6634055418557865,-1.3132292218002446
1.0734598579961434,2.2526587322210885,0.27395404067926465
1.1781185884420797,3.5189009933999547,-1.427964106247284
5.446658428842912,2.1112248251686196,-2.6390049159470714
1.610203832199694,2.055739989067799,-1.2647043324395866
1.531087721896366,2.0729363037443065,-1.0311326171767399
5.721294043060036,4.501640385358067,-0.7857098739116211
0.9444646002373973,0.29101571880181143,-0.20831568041964177
5.5291041839450195,2.3070988138719652,-2.5486461924035204
0.577981044126572,0.30814129000699686,-2.5383763745742094
0.15466785053153886,1.248760295629533,1.7737318464925327
2.737205783653394,3.3528940556136506,-2.167653953203387
5.174349967923208,2.427646019593678,-1.8074034048804803
0.43453391667779306,1.6056536395015915,-0.1140770808351319
3.7247122044621266,3.7524709272387557,2.6892998130313837
2.6072556983901594,5.01201999878068,1.1250633931660659
1.5242555927639097,0.480435441575628,2.2744589537300897
4.167091830052014,2.5918722447122127,-2.3994058375615035
4.95066365104141,3.037891936636435,1.2679208230184038
5.849415845987923,4.603332363441605,-2.6082786807099883
1.3408721244657127,0.9308953889328093,-2.6486253000868403
0.21424515220006324,2.912069863977305,2.3144488962835634
3.6699939538352466,0.8880772233407148,0.8727338079757692
2.074129007922715,3.1820057513121798,1.799568177410512
0.2573928864873014,5.14782135671806,1.088496182752377
0.3135849971135676,4.5422948243759125,-1.8734431086506245
3.448329895851255,3.843273455603347,2.438357590330936
1.067316481801899,4.6521816682549675,-2.2634115130756243
1.9448451178292203,1.4048425810525151,-2.281905070994523
4.330331209520245,2.7140050090687975,-1.4403311348026067
1.6488218941524093,0.9886391953217659,1.9725765828106683
0.7330012238316952,0.398093077982028,1.0854978350684297
3.285534646549383,4.874728042253723,0.15596556742954926
1.5021712893405765,5.293349068454803,0.06503749875994513
5.761135579608441,2.2109617209558046,0.7509202311328349
1.4239457679434802,3.6984339301292213,-2.075935249875553
2.0358019780868646,1.3063572213342423,0.505114695175549
2.673395047887623,2.289879435585756,-1.824183307111364
3.7375177719945176,5.179301586437731,1.7991987992207923
4.312332950731129,1.7692332556526673,-2.249178750905462
1.0797294347382371,0.7187041480770633,1.8985041043819946
5.400135382584319,0.6102645278562917,0.13784904608460868
4.542818411179048,2.5403415540469187,-0.3766812932017265
3.500719652923581,5.452654785555643,0.27312588988554376
3.3528924016860833,4.905144519185507,-0.17712226072221693
1.0303908721430728,1.3165029140750935,1.5433058419209322
5.087265405379122,2.9952361139100803,2.1422353699070413
3.2004005006547764,3.0223208877998933,-0.25394177975842425
1.406599526452226,4.6405527766168175,-2.1931525614558947
2.1670463508163555,3.296194503514897,0.890878993588025
4.366692110186398,2.345186299652545,1.3532779073069188
5.652730009949668,4.654897551997462,1.8389350389260155
2.752199049555232,3.57852239595841,2.2479638801468074
1.6017174098820341,0.5200560713538673,1.2691994791802124
5.41353515872178,1.2422450286187854,1.0839517459130148
1.3672662109640141,5.400942771322897,-1.9691862685048536
5.690816962389166,3.452352453452727,-0.9334836361726353
4.934336681056834,3.993026783901006,-2.1269627481432103
2.7419742882281755,4.11801888447062,-0.29943038339599726
1.2029892667989481,0.6021678300880506,1.2620863468507482
5.2050515755470155,4.220624576389994,-0.5622692175625135
1.8563544528923133,2.2061027094452044,2.32154537565461
2.71054742400175,4.482212110280281,-1.7105052441234496
3.8444288509177857,5.471174774993253,-1.0405225809969645
4.587139327262186,5.105962676604365,-1.9850353508923821
1.4337225169004768,0.8699307580169089,2.9586682190704003
5.053547152728562,5.2715845140160305,2.908824734520114
2.594262497187632,3.2259254035969525,-2.1742971782216207
5.604702800823905,5.593672611757373,1.6103647214278665
0.9815212321260565,3.2608131243615954,1.4532587203170522
4.081087203718472,1.1850114291816785,3.0830848795594186
2.942564049693633,2.08600862846959,-2.671400313131354
3.6539136147914366,4.890086038213467,-0.723187244259146
0.6832608335153338,1.0629680110236683,1.070313501389565
2.700237288594927,5.511341487069711,1.0665822238190419
3.1141495467730844,2.0065477940042737,1.271406606949217
5.781007615812677,3.831492475829271,2.712001164784068
2.184937203548899,0.5056291307318737,2.6650780354544237
3.4525336119983825,1.0092705543774125,2.2204591998452248
0.4578610109007637,1.742307332680079,2.9763109413926117
4.981429303521222,5.071426585229208,0.19969024200910468
2.6885166919292063,4.3466091576410495,-1.4740658712373673
0.8999628861853279,0.7273639731674586,1.2206281757383355
4.030018835222881,5.681454265427298,1.7203612864139854
3.907099038653416,5.584119790738647,-2.390101479527387
5.243716354130749,4.943191502738607,-1.5907614176037042
0.45205188657757134,0.3137952169013549,1.5509138887622411
2.754828433051696,3.938341083399762,-0.38457987912349756
0.31799895137301304,2.773980712099856,2.0731449691198405
0.404018705182589,1.0971638589461374,-0.1262862797166182
1.0865556706478452,4.912640238396426,-2.0601029010756267
4.377304375785656,0.29273972792888703,0.42813252492012266
3.59763646856752,0.5195388777512171,-0.8494636177744965
1.219046178673299,5.365074805259042,0.19821011157719504
4.277231278919453,2.1990444159075735,2.0680990541025075
1.3090067274340562,1.205915486117981,-1.0540757803996872
4.082651576582718,1.169856546266327,0.06250361775109203
0.7381915064774027,0.3337425851362139,-0.49004555771672464
2.687364838831792,4.532426293831237,-1.4648876905850687
2.150086768435969,4.64155272319792,0.14344521719967274
5.644126234067954,0.24969862740317827,0.21488022391253114
3.170423090933412,3.0165384004390927,-0.602925854406049
4.78760102276998,2.6268715462171377,-1.9887584443131439
4.3714158383831965,0.3701307906903919,0.5775169686692587
3.9845240030536595,5.135723362220472,-2.16322010727279
1.4774488326673436,3.478605390740311,-3.014764409325465
5.5939996019418246,1.4461193727028425,3.0908802236085906
2.6673061396003215,2.610375788401331,-2.4066210154692493
1.4606307828136038,2.3464978035972806,0.028956960817225763
2.066532865371625,0.9783956395510216,-1.0718326847211377
5.747340365891888,3.019031943306701,2.5274631363062197
0.2338918014372975,3.4616592098998265,2.803844923906727
5.8301740125385395,4.246879872792733,-2.6166550820045162
1.4631836292732259,4.220817574085071,0.7749672416375808
5.78980661122284,2.848037355771785,0.23379701737483982
5.251893115704645,1.0565567272196519,-2.8582797822530215
4.694099108851242,5.193232577555943,-1.8653464674735414
1.4902233193412937,3.4974913290554395,-0.18762551504921543
3.9939476601433976,1.8698149028542286,-0.5259633274393454
2.8838351220644745,2.6841682202005694,-1.2410689894799165
1.3181789973469986,0.6970464756939139,0.10227081912802927
3.205205669552094,5.282561167682045,2.6214904007030198
3.9567198443655047,4.091051761542682,-2.534078599547685
1.8276427419562715,1.075596193119951,-0.6599480347704878
5.333897042597719,2.6441980378541396,2.4204445845363747
3.115745152055566,0.5665179549506218,2.7721851143997194
4.130641130624115,2.3847458495831724,0.23853950672073365
1.6954895502771887,2.2777604705613252,-0.9376833515918634
4.924280261424503,2.7652283875211294,-2.376876634946194
1.2492273177882884,4.345939453107071,1.0805987961797534
0.25808154341813805,2.393796163516,0.6246202326973922
0.19617585832795492,4.189219416278485,1.6736456803456603
2.262628509449152,0.18960536302190034,-0.6191294217145531
0.16329790944690803,3.518543428017495,-1.6653080521150363
5.193793132750338,2.5796558763217874,-0.9480051389033388
5.424329082212527,0.5391622335753117,-1.6792937780224921
2.990719170359079,5.788150274728092,2.171512064101301
0.38869097561584987,1.8373533808045914,-0.20962933345469636
5.021524350674132,5.681145415870937,0.6845290001434234
1.3340306564378472,1.0987469310542017,2.5061183300119474
3.0270477044853425,0.7383302003387884,1.391415117761972
5.607285602365279,4.458459813941113,-1.2643302262766407
2.337384699404842,3.732523577836106,-2.3886000467666397
1.0059982657847943,4.9053091250344965,0.4065713282833596
5.009183440288348,0.3321487373590146,0.7179316526341974
3.808569458875171,4.863332247221591,-2.025833638402729
2.736458118983852,5.092180385721322,1.6126042486952556
4.299272539060889,2.5245148482463056,0.36817625758302475
4.376432278462291,5.123581306287565,0.18414715244939028
4.484982577587193,3.2338632391808395,-2.7065168708491125
3.6319507237339135,5.643480060907084,0.24742944130324807
1.0552852635355503,5.62861300249494,2.6909012291207377
3.126245907542354,1.6249397221637072,-0.8624890697197869
4.434142960701638,5.793556684915307,0.8991097513311539
1.1501194648862707,3.7331078114380425,-2.4681028499574977
5.16337016294042,2.4393897378165468,-0.6764542467929542
3.0611808905348656,1.2291809735704486,2.2367443925204133
2.5460265051953486,3.896892577886651,0.5181364658356142
2.7912407396135857,5.62020160071103,-2.455289095100712
4.137423880148434,2.559383693636545,-2.831205188967439
5.016967229537917,2.7707799440356293,1.221544815107908
2.8486045968356892,2.6047379242892337,1.4746456189286938
3.3297626614502223,3.946399746673902,-1.8058059286236423
4.3658084013882394,5.609029258746282,2.802361901612622
2.165434910559502,5.45301515561488,-1.9365660057338103
5.451111620424791,0.2249671899615231,2.6239084569755224
2.250409345830999,3.1969756658647706,2.610233659879561
4.9414936928374935,5.531197122855389,0.5722660797959414
3.5191634852396407,0.2556382432251958,-2.124851269687852
0.8085976373672794,0.728865647794245,1.5921424715935775
1.0915291965622915,4.339766660659533,-1.2617247981771644
5.450536392074923,2.725706516601637,2.8976323164116238
1.5009920228939575,4.362994102529529,-2.1936904818461684
5.080431281558791,4.061007018627687,-2.5466980951922613
4.810422282988804,4.942375301180203,-0.2152918491133473
2.865564899967091,2.697011228233948,0.4747571062968041
4.419051104907698,4.898889409829132,1.6086957378317592
5.465612354292999,4.999307462244928,-0.4936575208321963
5.607756018253427,2.784984404326274,-0.9946638479659908
2.024060211992233,0.3047647747201301,-2.567848990782031
1.5013163049019265,3.7325553224087566,-1.0605371111515813
5.05174823048895,0.2588280408940209,-2.3941387662700926
3.6170795199827106,5.0854228125748975,-2.342075207964438
2.7319266978592758,3.6504116782898355,-1.0915077364847732
3.665581426636429,0.9157026373783062,-3.074295374294141
2.0694789979141603,0.8116865775017996,-0.03098138507773429
0.27413689975620303,3.1259562164941372,0.19270230892291806
1.0816259358908038,5.248570500849502,2.5072567090910507
0.49245003038868496,1.3453685579226373,-2.982878417808682
3.895090394375689,3.179084962290582,0.6513287795554454
1.0700797473195367,0.6053965661924723,1.3154253304975771
0.5529263444969397,1.9507025191559122,0.5602112304697116
2.5117986063686275,2.809655731669427,-0.24014160699978238
0.3940415962532291,2.398685424845625,-2.750273928075591
2.6360360493268686,4.440608710493285,-2.65350157490027
4.346452497004962,2.086110335478778,-1.1325429244976797
0.6421243406893533,1.1081261592361438,-0.5215540814358728
4.385066042698652,2.913521197041523,1.8611184261601919
5.655039296271685,0.6663481703986085,-1.8138309708936113
1.473082794068718,3.143542501798066,2.992550955872118
5.458223270562566,0.35063529291095374,-2.0842059069710808
4.399983825855786,2.807786352397967,1.9932421721285865
2.4579171333754934,3.16186096526229,-3.0909509247591362
2.7615201819450803,2.939424212571465,-2.7742074360725004
0.3546517618935756,0.7454990173928282,2.7970641407210604
0.9595164292122609,2.119442462313038,0.16913573912977053
2.5322926177620912,5.116961537840197,-1.9945015977243248
5.61784077710258,0.8995876585526161,0.26222344947218357
5.19610396780763,2.2038956425982104,-0.7200683061396749
3.261048422555696,4.2118055914455415,2.462461985636147
5.43893273419803,2.177757718228259,0.027751202511446582
1.6971842088595597,0.3735850873833526,2.769262080334073
3.9758471279828527,3.5839414298152907,-0.19732472683511082
2.5805729868976455,4.267694117546721,-2.1391622225927076
2.6590452308863366,2.83831740778827,-0.9458793499047378
3.7069438590276125,4.926692189516996,1.0904162941613302
4.390865106341084,4.868088613824782,1.9624209516884141
2.500312056067024,4.9183880632633095,-0.4005190030861834
5.480587396942833,2.9829605056239883,-0.9470641174554353
0.9680094047303238,0.8262010359060086,1.9438917618457108
4.181858998415439,1.1343533469909304,3.094518351808089
3.336001958795695,1.0759827125777817,-1.5037365037661847
5.614434181453995,4.34907730607654,-2.6117675461246566
3.761820734925747,5.158443342762885,2.9408916600786315
3.5701242690910098,0.5084606065447774,-0.13885620110754449
3.83862704871626,3.8542725503539383,-1.0669950395734467
5.037931031754682,2.6035583704788934,-0.4235713187082726
1.0315247307619693,2.4125698361470667,0.5554013759873668
4.095885598956524,4.102257050690216,-2.146378743394283
4.754584394893162,5.186445611785685,-1.5098324155733855
0.4622451739461868,1.2880450217873922,1.2025492741435446
1.574790810098552,2.4042244495701968,-2.371855156039405
5.196030580712157,0.2298277255009411,0.9296731943000278
0.1516859309906724,5.4666016819155825,2.5861671570339135
2.159716960701565,0.3340586350203263,1.2338833758879701
3.7727542423667835,0.3474238368053526,0.4183844070625562
5.729886576121126,0.8298854170539638,0.4041277839690909
5.825395186583098,5.418243398462623,2.177000526772858
3.8803380653604496,0.8872902170970605,-2.361297691766549
5.209335776620951,1.7276428515860052,-3.0537366149262524
2.902350747225018,5.278538809617381,-1.3293872779311597
1.3490235202070193,5.490179035599876,-3.0444214070821656
5.745451761924681,4.527452812013793,-0.860184685782257
5.775259698742994,4.939069025342668,-2.9022749248908783
3.118075823057792,5.706374289582948,-2.1815399401877396
3.1964380869120386,4.003002487725459,-0.0070635495851507635
5.290280039432489,1.9706174193800865,-0.05713606347884648
3.8432076852031236,0.470795844815475,-0.5911926607759472
5.763175619130104,4.692343096162881,0.7797360857016407
1.2267961442287958,1.4255688652594358,2.64071286119474
5.3979528570679225,3.8521169336760974,0.39595877904670607
1.5159524357015743,0.8896424643499403,2.9596408690389735
1.4685518209891126,3.4792976333496126,-1.8269905813181997
4.821268004427051,0.24910790825752205,1.164411430736294
5.745141551760724,1.6800200853569212,3.1204490809239136
2.7663341142038194,4.930275531823482,-1.8953620981896673
5.097021727071886,2.5959418019986624,0.6749637570811435
0.26852041883919586,0.47897800477925645,2.500549249711148
2.538839726068317,0.5396059348693392,1.7994758565018323
2.5624107480503664,3.7251202422129506,-2.2142174622072845
2.8053531397422966,2.6061577518933663,0.8647082572018601
0.5145135849599749,0.3380665093453452,-1.79444918932796
1.8610256614304308,1.3037987997674902,0.3199861442587135
4.125263323241454,4.0531939927405904,-1.0524262490987257
4.2516640722987225,2.8187957230379928,-1.369421618785324
2.732328230227255,5.664702653383037,0.7980561892733502
3.7076136597315386,4.052007139090668,0.5564894676343579
1.513495562226372,5.134388380694885,-2.604781014098881
4.443750931216999,1.9826194604890777,0.24076365762336627
5.090942174775666,0.19751600164827599,-0.11364154552656247
3.2107712003632387,1.9670192223712726,1.4052407026498317
0.18514616831294428,1.141186096895699,-2.281587756963764
1.266491603733114,0.2913561025509148,0.45273632523045393
0.1848056482638496,1.4569606928247114,-1.3412139321628804
5.354745158660412,5.68206661088401,0.4024894092365754
5.295453307086569,0.32794673862598667,0.044010262732817385
3.8168333023565544,0.233080504585361,1.3628675034446953
0.29112482605597756,0.8298030526798827,-0.21262808366287933
1.3875910135277914,3.3102150051741956,1.8590552778285234
4.292585552601967,1.1767434353030273,-0.9989820293191078
0.4590965057557028,1.6184438457561314,-1.164549719575629
1.629815707229626,3.1885342350226864,1.0459153211234442
4.093818495267281,1.8091755828820864,-0.5145006282891202
0.1777324814956629,5.730968350040207,1.5323794391082552
5.7790349651694415,4.87999490304264,-0.5427969284984355
3.229825978771509,0.2740803272943573,-2.790186175530965
5.457147385225739,5.076161016547154,-2.4478181514020956
3.552377469327735,5.845912090879256,-2.7084531042336812
2.111123381968039,0.5876971204199302,2.539549399034958
2.287575965167486,5.462569015292795,-2.3480271738044696
2.9638895429647616,2.722630711607037,1.1259712870672711
3.165840584928577,5.764779122123281,1.139023634926791
2.447132363672507,3.3277130370451853,-1.1783219253266772
4.075394914151168,3.67267438841111,-1.8172552536168398
3.9419732729350985,3.052017299323656,-0.1161656237493558
2.4173330634339423,3.850256731933937,1.4108855737764596
0.21025282119091937,2.5208917976925442,2.7144021323866623
2.255884110937118,0.3281732332845291,-0.042276890993898864
5.165921358132591,4.047431836608663,-2.9714566433274556
4.537414767399689,3.0417003391768587,0.6080592377739915
3.8001990509402597,4.227191751809556,-1.5516879413976195
3.0881815728400057,3.887388245397099,-1.523429832570517
2.3314992178837612,2.3857228869013394,-1.8000461201099942
4.213448626387979,1.2516035805029615,-0.9331699191561325
4.126458958142247,2.227677120229429,2.7933634561251974
5.149191123124192,4.080701709110069,1.1985679285318707
5.546488002320529,5.450648117608065,-2.853832224638407
5.723220185930021,2.835598559495579,-1.1589054308537692
0.433647250813638,1.8639113296047802,-2.2605225018593993
3.2430965579007123,0.5475743368760251,-0.932293847479444
5.471928469806033,5.2012658165239305,-2.045789188356128
5.286512271670966,2.2241146255990163,-0.22271243640859817
4.668607746770096,0.16409366305264572,1.4291646050060685
4.433764558129689,0.8342218147933897,1.303216058187325
4.3049106960914525,0.5318034113196288,-1.0242128090970781
4.3457994217239015,4.928393750064504,0.34086102006194574
1.3419623037428363,4.330213091606942,-1.6774587033433215
3.23314301655375,2.832486254147125,-1.4889336593906766
5.483964045315076,5.0671165985526345,1.724336773510334
2.4689255164321207,5.406326115686567,0.5922156860403907
1.3648273565591162,2.273885615600909,1.2621422215120326
2.226611782265368,4.970947705342379,-1.2459797324822754
4.200485219798895,1.7374554679246659,0.5669143977935218
2.592957211839097,3.1707996592384076,0.26099342653831803
4.397853144891322,5.426590957126029,2.992484720998365
1.0587212284874405,5.740461211542528,2.870363121758075
3.0912346513538576,2.4012189773761756,-1.0423370806354013
4.259933239531469,0.7883207652014987,1.2035114761576864
2.321148846282189,0.3459268600831742,-2.0862439495648237
2.809572209357829,4.226782453459925,0.2213249338213994
2.4721819276226205,5.356537350497366,-1.4424904421715081
5.627337004043841,4.43495807993421,2.2609598349692517
0.8397613460904956,1.3131765325700093,-0.17648085704582428
2.996103894831843,3.931713830398454,0.24994029087748126
4.397799265252527,5.1763658716709715,-2.8867411154936953
4.0615978445046,0.6136182034576596,1.5303320522966937
2.6944466179860402,5.3076639757645045,2.880765361254279
3.5255344689749917,3.686053581048183,2.734133372684963
1.5164899703664485,5.499017468214339,-2.8695146451574374
2.3365981184093796,3.150934129640254,-1.791987482700055
5.476414554422175,2.6068850585356076,-0.5069893815721898
2.737018857133303,2.253098906429371,3.067741301781907
5.808912479065119,2.1648841717337803,2.020000484273128
4.489823964318616,1.5978796538523226,1.850114903201927
5.760568975992996,4.085035735600373,2.679429445155318
4.485806454407418,5.142378702465823,-2.810170075000256
2.97843087658957,0.6319297562819675,-3.0362318466786786
5.447563875910239,3.885159222033834,0.054688517227403644
3.269954465788814,5.08592760122397,-0.7035104206203906
1.2117239582967556,3.1160430438370277,1.9266186522664333
2.470197456307178,2.382294969213529,0.7867128831376706
0.3151563138486868,3.0788219900853697,-1.2560527134461061
3.875884062948199,3.4414682544215855,-0.06083531560126154
1.0005346655237246,3.106876404923895,0.9790055334838197
1.4782558440877478,2.2313981662553686,0.7449512137235628
4.253166525198845,2.2664115376799785,1.0907535548928644
3.533802436070177,5.541317266512827,0.18813560026889542
0.338443270289676,2.9017812042811695,1.0715724174517076
5.186684804806364,1.944866766778425,-3.0905580786216222
2.6852528450484483,4.395190726373423,-2.136563288305079
4.758645643904704,2.9705672912967347,-0.36071069272467904
4.358965815606891,1.86410845634008,1.6199363952815329
3.6549546404859807,3.715809424085349,0.8786863990493847
5.307121070015743,4.906861183654476,-2.6271315637211647
5.072800915713843,3.8810620484776774,-0.8364323506999005
4.366885431240627,3.184700945989086,2.2419143306875133
2.4487501925928967,5.016546080531498,-0.5804312286729121
0.21083605737392141,5.092341339449099,-2.493215874517195
1.4366386296666984,4.574548282372582,-1.201666975900729
3.862418037694707,3.7037219702605966,1.8299416473154473
4.330401351011003,1.6454731990463256,-3.0729262160165893
3.873994629745363,0.5879981953190159,-3.129601579213687
0.5810886147375944,0.9333054645822372,-0.29689896934140725
3.9820139939405768,1.5693696630381704,1.1598000668233839
4.339157752956316,1.5451279622522274,0.5947173608693372
4.388616004418774,2.282204716383584,1.2202991188646788
3.9389165420867362,0.8979289667931951,1.0311784154782764
3.9086731758949895,2.7451423068932015,0.6156266997712208
2.139751621501639,1.3598719559886403,-1.1302421139046261
5.513258657672188,2.5974840782645447,2.4273948036084034
5.583305611023703,2.241016166875759,-2.9859115584461415
4.908336157175822,4.4644140542446085,-0.4680268229283757
4.319509865628612,2.7465390346170513,-2.4269474803636784
5.428355386815689,4.25510291800966,2.1919434384192256
0.7426242464508293,1.040366717037055,-0.7003266931347318
1.9474665434218648,2.054903316921324,0.03133936308385321
4.270817709604656,5.385457197001674,-2.9269612066350685
1.1554910829275975,0.5868395647425189,1.4326782797769209
1.1726376034454509,0.4971916381586572,-3.025649461288774
0.22260660670043952,4.546296806267881,0.7624657310263592
2.512202141192926,4.718626981779709,3.137049122155485
4.463277931311028,1.2551048194149568,-0.15498683392554824
4.592613937203046,2.458469831115647,3.102642338096648
5.4242259417137895,4.640313128027403,-1.0810347187902285
1.8262246635345893,1.1472326740884504,0.25514994404931546
4.36384192789684,5.305079028375142,0.2392912551892441
4.450698280942028,2.2963488800406147,2.4983147056411266
5.718209844206134,3.144467488374104,2.570041221802131
1.0344279244787573,0.9321614339072213,2.317724916858711
0.6140594659036196,1.0836943864405033,-0.2760605421400295
4.102881811875699,3.6116246636707867,0.6755253784503417
1.6948030149133528,0.4391194694198173,-2.7040126837812632
5.670130608282282,2.765896617280125,-2.3959120131482012
4.104200240745735,0.17526022154688192,0.4284053915472703
2.234707574611643,2.3204490075877233,-0.3348580903727756
4.419534144329055,5.208748750804083,-1.0302386925064067
3.179238345789341,5.458102807559504,1.5124459145334574
4.44547511296306,1.7892069257977035,-0.1841579370752462
5.636984439044996,4.673232346641358,0.5809407097518031
5.373839571977873,1.9066448472918693,0.20572615853440546
5.538246021849684,2.9254172810764234,-2.714068983710308
4.125981359772455,2.6926300748111114,-1.4063925512969047
3.152319591305359,1.537966170366075,-2.645784231773639
1.5230722185876642,2.3614966228080543,-2.7149308798642244
5.58059569942023,4.496644452007805,1.4227023580549414
5.731259002949683,5.66839945303538,-0.9122914710094716
1.3959511648359209,4.0154295156271385,2.869749325203496
5.749759865943286,5.587952434011607,0.7318370245562855
2.3835512820692273,3.126958257757137,-2.2498493885477577
5.507215588169122,0.33061637731297666,-2.636824097750282
2.3196144269481556,0.34058267678359044,2.4369738289158374
4.483631149940933,5.7253085836066315,-0.6562515634379293
5.369680495386481,5.599740378325697,2.145111086314584
2.5370149561238913,2.9082108905678385,0.7839277823363533
2.981957678336844,1.7440254204294525,-1.62169619146629
3.987035009833406,4.061299084176156,0.8291266893348626
5.646005413728475,2.2491899497970946,0.9105233084043318
3.937871338854672,1.0669072761496432,-1.273966869835362
4.641178505778551,4.997548979716084,1.9387340012473553
2.433489137472031,5.183589597902821,1.990736679768525
5.732807735055632,0.734138599492979,-2.980430640063228
4.198018208725882,5.140466561320649,-1.8118135917528486
1.6141696704138928,2.4252164069694717,1.2736042006455444
4.807806933350218,2.8614771376691506,1.6937075457889703
5.251717010904409,0.5805091876801927,0.39111721645873665
3.933180081158608,2.8813519904413325,-0.8665645994082039
1.2434482114257246,4.143167424578856,-1.1818887679287455
3.766435236229885,4.060223463914817,-1.9668981518232882
5.660415183221578,2.4695357708656247,0.06787373888395054
5.120038951487797,5.295386848179287,-2.94441414657161
1.3119471562847724,0.6517362785352847,-1.6209938539831312
3.701953465072492,0.6886311896585546,2.4353859162256324
0.9610001792427261,0.4180791615003714,-2.8743757436172404
1.0479577056972225,3.827588759716723,-2.4671592099535395
5.241802940153516,0.9405218974491523,2.851287421975779
0.16995880310892875,4.194169538089991,2.22929675842118
5.135911821868252,2.727504864120112,1.1974387847741452
1.1404220470425033,3.3053223283265107,-2.692885790400926
1.3702750552772083,3.803718255220966,0.9347825232064233
4.8350213930433235,2.9713030376698946,1.2462234709931934
2.6728651929404705,2.4699881163066824,-3.1172134939418377
2.0501579889652692,2.4104755253209222,-1.5237295323696762
2.9504671319677076,0.1761931842967288,-1.3614825060747442
0.9866126791515073,0.7974107307281408,0.2620987112879525
5.670712504570221,4.519959899515931,-0.751488774642223
2.1723095615560384,5.488318936762428,-3.0945434266518217
4.4196712785379475,3.1613881692429393,0.5107086528672031
2.397742597201092,2.1652077152319995,1.570961917421907
0.98204992711504,0.7636529861283308,-0.6553431502300562
1.2771037789979038,4.181919937488101,-1.8981330559933822
1.2481331280487566,3.8432292302959086,3.077165691250757
3.8854127397395644,3.8001888435084785,-1.4704637348450427
5.387413155057116,2.703048993872863,1.1682332714852146
1.038599479261767,4.009550231848202,-0.1113146614357925
2.330634723467447,5.469837067947397,-2.829860830678178
2.7365340511738996,2.8208227256126506,1.721874929800376
0.8478215034207399,0.6543628828698904,-0.04812126322189858
5.247697010094577,5.55828088947126,1.9271964526572711
2.25584021391192,0.33141711720639777,3.0050296477451903
2.8857917115944507,2.5120146718860656,-2.8686925563826895
1.8814737505470733,0.5684997135139218,-2.458575338669727
2.249305121480173,5.19780314618781,0.39703744042095135
5.124600204448611,0.2564228169769682,2.6144123969417805
3.0134955168259365,1.1967828006023107,-3.0038008431605334
5.676443373220581,0.6038675251404859,-0.8950836167021259
5.0260503045586615,4.987922662488344,-0.46738008996159497
0.5541322819781076,2.396255746486008,-1.869627905885754
3.9954917050557652,3.173805536240514,1.4597896664622887
2.1627988601786376,0.5689135564722967,-0.022128092551062295
2.5927034842708903,3.197302020011826,1.9822646542257614
4.19489511670996,1.8668948323594514,0.1660543201957747
5.555944975683348,2.2136362022569926,2.5580410664437805
5.206814310671204,1.7761878569503398,0.5588151052804431
4.355283111927681,0.2603307327695865,-1.7054328941782915
2.9638961005361244,2.393253331217636,-2.8471386211366263
1.4839979479626917,1.170721509523019,2.8286081959231497
4.489597710886594,1.813348536260766,2.073764768029365
1.9164033100381457,0.6926166596797307,0.07932317136029665
3.3264260396066883,0.2560672924534506,2.618080872248701
5.639308346653521,5.6408075541350975,2.597989091480052
1.1504864572427782,5.4921922459910935,1.3831420425080152
5.479784682169744,2.399735875996668,-3.1278570769408898
3.3950482498323122,0.9118143933616927,1.2677894395131357
2.8249028772730944,2.9625851127375515,0.8817389469785333
1.1044097762738054,3.4379731000797333,-2.572810822635937
4.142316114812308,1.3290566160895514,0.6373492909514442
2.5803750214664056,2.568991495816131,2.116305016391613
3.187294682175992,4.958377503416861,-0.26024641198310317
4.8545839304800005,3.0860839948708403,0.38701841414189175
1.7332885016263664,0.5245693118773032,-2.3814766242018717
5.042843093489451,2.9919619920993723,0.24239086189848935
2.8198205821342226,4.07242610907927,-0.20174141859370875
2.2527022367140797,3.480420455491669,-3.090797541024571
4.673295463003437,4.943828860929315,-2.5001282957614674
0.18250047234333033,5.845499473891255,2.3001756560982685
5.613068998857761,3.051031590277133,1.5759288489603556
3.20099966907436,5.15288618006872,-0.08320428661345547
0.27033503714186535,5.824790961379609,0.6089474090962828
5.451106373450392,2.313798943082701,2.167752095845472
1.499324647388363,1.1982811611939101,-2.726276932156754
3.0324937876286935,2.057957080703331,-2.3629895575109554
4.002094888341581,5.726732175633757,1.9796042100688913
4.552617287608479,3.0320179322307004,0.20737429076464498
3.7729841877590644,4.006940217451422,-2.5288583429442357
0.6125963210583938,0.830532752576129,-1.5924049154899749
3.6919085816426405,5.597676797967138,-0.46385483973372166
0.6999185429895254,2.401828522061904,-1.2470767342790223
3.6248202792415922,5.271653747991515,0.3502093903468628
2.378053589781219,3.1088759512524193,1.5690700025956126
0.8972760636393182,0.5198073397343324,-2.6936485879985463
2.4564093710626427,3.746454150906283,1.3996497155324832
5.679148774141985,2.714531021258921,-0.7792156045223884
1.0192606728623645,5.10621256088926,-2.51770060236907
2.790412487846348,5.217792115210548,-2.8251142956026953
4.2718528159264,1.4785899402147915,-1.6527569579250059
4.210370072078034,1.1984616374072214,2.1157490399172865
4.3997185335359585,2.119118592455542,0.3749733432852085
4.303284779131098,0.6479351288758322,2.329121608153189
4.023043141824774,4.029905315332431,1.4995522590018462
3.9925670786749343,3.452243909753893,-2.9606587072751553
5.22295088575008,1.7392819987720627,0.5538875550480222
4.260712029565657,5.262274588848215,0.03643190694959486
2.322003255085127,5.669651843693115,-0.2912546601919703
2.4122339012283107,5.048332401429461,1.943499273626693
0.6154007260274696,1.2760464095770194,-0.9849331180772984
3.399362127038341,3.8994237795042825,-0.5151873325232148
5.450168048601517,0.18005357809181333,0.8661372378487107
2.096354164793781,0.3975219437531081,-0.2238410272406628
2.172052455691537,5.543626172668306,-0.21009141162120626
3.8672124656796187,5.054917084258831,2.4377965137955453
4.790969411578822,4.829069451559211,1.9019445241513058
5.27463049310796,2.288482602330512,-1.0655676258601896
2.8692717245020374,4.020849511425344,2.222734664920366
5.211729693779855,4.879674461605894,-3.001935174909918
2.5784306247858986,5.540926422950956,-2.944166555583037
3.94216946417865,1.3503917900901559,-3.073650925993341
4.313555700163329,4.850521437982136,-0.29861816899921934
2.2833879648518813,4.232305226185506,0.8367900426961095
4.574927136045833,2.547017210491298,1.4083488592201672
3.988012081835113,2.5303593291385127,0.3065804463090407
4.089508505301696,1.9484006709094772,-2.717701092152175
0.9793683531325734,2.366691858141667,0.04949357889793804
3.140532487934631,4.852277803146221,0.020106578246328333
0.312790191017823,1.0980538195926248,0.5456962895017883
3.1413347256017348,1.0839776092066178,-2.766792659884859
4.893627676978529,3.0004122349158635,-1.6753202940573637
1.2396993070973614,3.517382571803636,1.5356946373103488
1.0970540329573062,0.8229326898662999,-0.888169104513929
4.688150115010815,5.157774370448825,-0.27250250943910714
5.094066887902728,2.7521991795437435,0.3836080014824037
0.9012679087752877,0.6582282260456369,-0.9281803849104735
0.2249698818064627,5.464441937030035,-0.41252779860628186
5.424462910655587,2.2399181286654617,1.599485131007028
3.190853229875352,1.9808281547345368,1.424230860156901
1.8750252885778125,0.9639403043898473,-0.8313379145231368
1.4875278261829858,0.19080130775160598,-1.285487907930038
1.4494374612229133,3.3131802539742647,1.523156138133956
3.4750883647803286,0.7466468863313751,3.023876299248621
2.5750500638351603,5.324677379255981,1.5942956078925903
0.25775960564767386,2.0759325602972423,-2.132365486318871
2.7791475966871326,3.609642147190404,-0.003023714174944736
4.465961370406618,1.7090570265144343,0.3736551915660238
5.4602589739614125,3.0693031850130845,-0.6190365715084649
4.412853779200846,1.783021377436665,-2.5308642579434557
4.995593709410208,4.424499609732847,0.8341389527562031
5.6895405409916515,4.320971201338605,0.09051434190047702
5.688688564003719,3.9854802627653605,2.1750509641182045
4.265993711421231,5.017042856124714,-0.6834051461117463
1.0430611816961224,1.1183978439873816,0.5382585799590713
2.566024560373325,5.578218355374653,-0.740912093170123
1.1469164945393533,3.408987196979138,-0.6969682021650403
1.582127362822977,0.3850561732352422,3.100010597243136
5.092057135678232,3.9923964115424084,1.823740891487609
3.541333205854513,0.2010992050084246,-1.3986400141114834
2.009815114500964,0.723340713230785,-0.5885350590190557
2.3639309967146067,3.7181009643019505,-2.995633100073663
2.8047197159329693,0.20609301136620228,-1.9574036852184407
0.8918780415253538,0.32379827552126983,0.7461501100110817
5.353817629781247,0.4181944527657733,-2.499479306521721
0.17594456474751552,2.6247931023806403,-1.8685195901699423
3.0193981747808643,3.0106330267434878,-1.0635335502173873
1.4336446764093873,1.2735258660130444,-3.115155884462914
1.366327137649756,3.496403234421882,-2.2045509818627895
4.139101833317099,2.3355753263814165,-1.8364368176424024
5.213952972427289,0.21120168813807405,-1.3650748139824764
2.4248748355559933,2.2571711455492833,-2.523339391295216
5.762986522776137,4.2659445326583665,0.10067568590595455
4.123250563492487,3.2889148508421435,-0.02495944804978567
3.922635689820919,3.592738451893492,-1.5818566285162956
0.18915346631538354,4.025173159661023,-1.5591029270094616
3.9778654890298353,2.357005193206482,-0.09345263307958751
0.4289332972175486,0.8889260737864679,1.6354933180332045
2.997746958592803,0.5254753063911903,-2.524733764211162
1.1428191601336024,0.3707339323985934,-2.376598007964547
4.240764194570712,1.0649042888199771,-2.226146133960088
3.548452319895234,0.637280161787132,2.6952818882241987
2.8343092519831505,3.814806167100992,2.453280903951571
5.304790223615336,4.773182054032645,-1.1047174966931546
2.3941912712218754,3.053147701968714,2.1332674779585377
1.2885416539359085,3.290255370801102,-0.7835352249821534
1.4813605577788642,4.884798550923021,1.1034990891563377
5.154215751885417,1.4822135386113506,2.921816725097976
2.3641427642230006,4.7183814257216135,0.5639953856767934
5.203138020384336,3.914264071509603,-2.0532573663251448
3.5938773972513927,3.986865012204511,1.1234384681054346
2.730429454225444,2.9214525034984833,-1.8939812912501022
2.1779419090146988,0.19108084877738185,-1.8940504477225988
5.188904024163728,4.70444009191226,2.19597088292498
5.267984363725559,3.1576840905356898,0.3872350907877049
4.492532315273704,1.1460977820481455,-0.7496071143770369
2.474720001690346,3.259368341777413,0.7815395897112425
3.8101437970413254,4.025285524702779,-3.0474069922703215
3.9549033221312344,2.553939245005054,2.16566887594103
1.0137955374749301,4.539091422036669,-1.0625192854209327
4.588062798597463,5.48380762893308,1.6348559933063909
1.0733307312359337,4.548701347221583,2.0061419760037644
4.259646461487707,0.6130417194465358,0.14550428430817375
3.703592566175376,5.05865417565152,-3.04424710297637
4.576950919401228,5.464609300410916,2.8955617342245876
2.2229267554345125,1.1684502152991834,-2.5545091075940074
1.7957849865499949,3.2467062530132704,0.419829964004637
2.739960361130992,2.2458508996863795,2.395361140569614
1.8600419737039302,1.2680390803786774,2.331442671113906
5.7127697535403925,2.999395953721464,-1.3349269633828744
5.812138341097752,0.48848563698566094,1.3656688791752059
2.253348658793316,0.9203882378383699,1.0255063071936616
3.1606269845163024,2.575216177620851,2.5692948667969793
2.6030981483438236,2.9458640016265667,-2.334809088315563
5.2554172568677995,2.2627790812650144,0.03536604700591983
5.782348905346547,5.124037295949949,-1.086183281440766
5.316774542243237,1.2977768226817537,-1.527526999419432
3.134098641992016,4.973337446229011,-2.472121300237518
0.20081312696912224,0.6411449794810171,-0.5391091012172868
2.022654782570666,0.4064763809736658,-2.2713747431329203
0.624737201197004,0.6219872696652671,2.667196942452615
0.2769618034208645,0.3072041863495232,1.6856587541585855
4.0388302102713824,4.94959074250414,-1.4952135444327668
1.629373534219368,1.0549554920044053,1.0992174178875214
1.4881718013061467,4.7698137444111515,0.7486215381645955
4.4617319692477935,2.5029602168603313,-0.6772912061688441
3.1402526318126394,1.9113921446085473,-2.5679836195608083
0.24893933960986625,3.128118278930272,-2.3411040380740045
2.01227247261836,2.3105655024005998,-1.957577642356401
4.95580386020422,5.029178512699433,1.588849341447319
1.725983195343937,0.2272896219250422,0.7947452208286827
0.22425114366601417,0.7708228291554031,-2.3645687419559422
5.35488365678696,4.532918049412335,-0.49951481623786353
5.721676100737149,3.6594318091133213,0.9120214249825276
4.525922291556146,5.406032127720934,-0.5517049650923278
4.830179072030358,4.862363251586292,-0.9437785687642446
1.1135456368852588,4.1109457978377755,1.9708198769722012
2.9178159040677816,2.8372591550931445,-2.5062704944921395
3.5684190160910125,3.9179706775485963,0.47605770280477877
0.21421801285832864,4.386932145309717,0.3046039414570991
4.446728800414351,2.0265285577929077,2.6404303985010316
2.9962460625120926,5.569768992887601,2.837993781259149
4.331539349121364,0.25327575602035557,0.183906626887544
0.39194806979497,0.2362617120787771,-3.0613838022847673
2.3351392797002237,0.7435966759602639,0.32882009768416465
4.083925492653971,0.7821059711904785,1.7280505146100298
5.713766105650222,0.9021337011805315,2.9349825486354435
5.708065462919797,3.949902955864508,-0.10985555243200862
3.173480255694696,4.897362825272904,0.689140870334747
1.4146148175418143,0.49944070114125694,1.752894219046805
5.338659582007107,5.240101686787453,-1.2193963620005202
4.65088807831476,3.1554942109782758,-0.7716815208340599
3.072489433113997,5.62664534776686,0.8555963053792683
2.098883246643125,3.3386697047840035,2.4504230548722363
1.505856034330008,0.6743287253430146,2.959183394117595
3.9395699207609516,5.749418911845506,-1.6655060082870525
4.189973613662989,1.6488053036612484,-2.1814910916712966
5.5006726261754935,2.558223351238669,-2.1957617997973413
3.2193907469837773,5.344465281698613,-2.278912236462789
1.9449426758422257,0.9454343279782844,1.086023748414985
3.7011180735894205,5.22699950274385,-2.679644070296755
0.21604096032274644,3.752746671734359,-1.7936873391622759
0.2231699607573947,5.593367046533811,2.248171957120965
1.2931516749731613,0.543597995345962,3.090433059225683
2.717737876476302,2.522527774180794,-1.2614433970749785
5.23859716938041,5.026803669857054,-2.7480211270582156
1.3480802111516188,1.3851337981460112,1.094475714188424
5.709936148780851,0.6231343927527624,-2.179329846531906
5.0905934854561075,4.728395242262077,0.44375244810334413
5.786531666847903,0.22721675374219452,2.584664613392623
2.822240194210197,4.042769506677596,2.6567514398224477
2.7585102897172056,3.858772124663828,-3.1178437190592243
3.8468215040502165,3.9641483833741162,-3.1297949255772197
0.3959973265793748,1.8444823185369297,1.8227822188414784
4.248079153436571,3.170662166973734,-1.2171241045465808
0.2616992502024318,0.6237631980848413,-2.5085399419968564
4.777392408516225,5.208303596195238,-0.7713190226174818
5.138851077715285,5.398988091234006,0.7795678060496889
4.227899628810711,2.2293352661564327,0.9997364987916466
2.225630381789524,0.9532622152264443,-1.7314700907987965
3.0759431598350604,2.5822065298537007,-1.8919148691729544
3.7919774240023356,5.170411271689232,-2.2280975766012316
4.055111953030659,5.706053571236886,-2.828194907190886
1.4302838132180655,0.9333175518942012,2.1830322873338215
1.4617560676585162,5.615881810653778,-2.1742054415906455
1.1697962298769526,5.456529075746445,-1.7059418486778086
0.6841896867209745,1.4209797878406618,-2.931815278880379
0.8046703497265568,1.3328899991592815,0.6316219874576818
4.368540224325702,0.5603279959669429,-0.31026378733798277
5.290411556469361,4.82769702334674,0.9707853259868919
2.407162537775445,5.443964468275276,0.2337592666633599
5.596198540374782,4.177083358429408,-3.066098015549681
1.957387105919934,0.9440753474854509,-1.1391292416226362
0.32680207066791045,4.172615674703071,2.207794963572441
5.510442822086314,2.3296027906433197,-2.0544507604777342
2.602734996506881,2.1779086861823043,-2.1824050519195333
4.5527954918469,0.45433964664334026,-1.19236846792432
4.914505064533946,5.028714818519749,-2.234650526164632
2.941315738039087,2.7876186713569946,-2.512039331400337
5.4899638576182515,5.352031154778565,-2.0113410978210657
2.690975713528487,3.5677937435161824,-2.8257306795506687
1.4505310415665207,3.6042710702930503,-2.487073374473207
3.056690479259212,2.276545862819905,-1.479389659660287
0.5583060813460392,2.3740623163098986,-2.1197973301882804
5.621841802705493,1.6928359309603584,-1.2169357176162305
2.9720344270461716,2.8047846846465463,0.9968135975546861
1.874717001040654,0.33514437804949226,-1.0100507922573048
2.4154473762973927,4.474516120899615,2.1596990427319174
2.323601946070707,0.36014692911725255,3.0618754082657613
5.350876036122923,1.0529043562928344,1.2173513160286928
1.0384476454220393,4.801130325516574,2.7032037502372104
5.493608301729944,0.22203000134873752,-1.3307966325329503
3.3435959387538507,3.937866926070706,0.8864888930451853
3.9880588474942336,2.1550076157532763,-0.7288479501776219
4.460739708421862,1.3032075270257883,-1.0545798132209971
2.3812065317317397,4.60794576319625,-0.06309646432776317
5.588353238671761,0.4375357898668959,2.2897127504456307
0.8417427896869749,2.1749078153872334,2.944138202677009
2.6744287902182178,4.772655652250562,-1.928317034606985
0.35058011039167236,2.5018704368605085,-2.10278885990091
2.868063627625062,2.85650341459519,-1.808573622200545
2.31121670846602,4.5134733408365815,2.1432369418159825
2.521987562881202,5.516207266449812,-0.8971653553172501
1.6488676151028563,1.3835447376135992,-0.4665576674939431
5.297183424055548,1.6679862711112083,0.9897881642552901
0.6463917320792467,0.8072680111225408,1.0878469004727194
1.5483191230581703,3.0884182674487346,-2.3375577008526878
1.3787020106360397,0.6227018749207793,0.4592380919448549
2.35629875748788,5.10208778229914,1.2833144611768939
3.9361680787473077,5.354407058439661,1.2923957968039943
5.511662049751586,1.2290902015309384,0.3714088170134673
5.061546232299769,3.219112601743353,-2.633079245186761
5.774546875791429,2.164938974328339,-1.227502747259416
3.2245926284809827,3.822349032809091,2.1812581311731396
2.425494912220256,2.4543042557724775,-2.5945014235506747
2.625979857989697,4.21502919559578,-0.049007214259710885
2.9096992300664573,2.3915763118578646,-2.6058438864234956
5.299103996865074,2.176823172824843,-2.367093112633194
5.793244430430812,1.6490385787304012,-1.4969084896157991
2.578066322803788,4.41353684534425,-2.5607207027242227
1.2921922348860604,5.549542327381651,1.789171262822471
2.450917612996953,3.9796891766869047,-2.6361240321298576
4.709480783580151,5.011874231327147,0.29771053798918556
1.0883587950267226,5.048424832362665,1.565131342831429
5.5781796011598,2.8446370609214,3.0969752233537395
4.501289410026548,0.21644206517592268,-2.2884555580927533
3.8278020876640824,0.4608735656131031,-0.9287099710503566
1.0548142316896532,3.5642287092255396,0.6100825099928184
5.785720568271497,1.633480394704924,0.16450375530347783
5.620237064408068,5.0603104251747535,-1.512102178604357
0.7877947628386672,1.0755563544277018,-2.492405815622729
5.764344482639141,4.7933700389113785,-1.448401582730282
5.134528718404435,3.0515648139361753,0.9428276507139097
2.402854640873586,5.449306535525122,0.3431406518507609
1.4414190751278924,3.6446846993494684,0.13247877480805093
4.137691546717296,5.528821664485427,-0.6339478809896133
1.2199311921930207,0.4955719310416098,-0.4541909505980337
5.653238675852473,2.855374833035823,-0.4343109419787865
4.197167934214875,2.518500862968086,1.8510829204567587
0.2136424204416132,3.1377810663805414,-1.414146439321207
0.5123382369175611,0.7196211276650855,0.6858056040632974
5.40576052214826,5.347157868457326,-2.593798417229796
5.285635145041965,0.9958555624005854,-2.8653232941438938
5.353393352360042,2.5555449381273663,-2.531617303394349
1.82451497874822,1.086424385738285,-0.2456076387778081
5.312282502921361,1.3063044175878116,-0.03593940649919203
3.490153771260496,5.290438978844482,-2.8721540818608777
2.1653548903514874,0.35844908245905227,1.7815584820135069
4.9917794148918535,0.3120309637629146,-2.7804368113825353
2.829293407724687,5.06619942055867,1.4904015934051822
3.8701313964028077,2.327330731172313,0.8084830614295844
5.417343655864649,0.29655836293141835,-2.5368939154657166
5.699950552481715,5.830674419214174,3.1205252482387627
0.274509007247864,4.669768694221018,-0.8506408362346933
1.5169162378828545,0.5584304243143203,2.5587597776170536
3.8654463407127384,2.1107638206599164,2.8462679499391044
4.090128975783527,3.738107003129943,-2.2854813989658735
1.1857672229900704,5.745133184364974,-0.9544649026305962
1.4710172618628623,1.116480780238829,2.985997568706498
5.534128644974873,1.8717194382198288,2.2070281041861213
4.094937763009858,0.8215661178374438,-2.1913168459740406
1.8669821826726953,0.17876326338324633,2.839621836258262
4.382347152319562,2.2033003355594722,-2.3625061319362772
2.9572195178882676,3.0213809787372874,0.7805699408110893
2.583745339334761,2.538653859010182,-0.20760615998852394
5.208370128658311,2.0440261425573603,2.8220943358871935
4.326056875203138,2.2232146273881295,1.9664565898945945
2.8348302761038724,2.327433327463399,-2.309062554385467
0.3225886495593151,2.066140571271628,-2.5395769048343766
5.4774947114638355,2.9245848718163208,1.8900196452365225
2.3656405298335366,4.042315256209676,2.005060426636839
2.6682347487820404,3.0050252273597824,1.2148205170029973
1.0771603366350875,5.642363239864306,2.7588973798553598
1.4065402276336192,3.6468316884150065,-0.23558958462642687
4.313312792131382,2.7322396228896766,0.45242318628293443
5.471596248695283,5.769756772626598,-1.9745923099830271
1.863545347478303,0.3527253526506646,1.5003431692497564
2.8403053936259237,2.4915783363305177,-2.89443336499787
2.201338523315396,3.3145045566150033,2.738854147715421
0.3173004819848917,1.4717393815580158,0.09744191140192715
4.549725376618919,2.1953426421974744,1.439493990968029
4.1654679036199544,5.456327221599729,-2.1659100126286646
3.4788035431846582,0.4695572046011769,1.182289386549657
2.7082417051833687,0.27712822109109414,0.9479217693979347
1.3335577029553483,3.566678121700983,3.138892223665743
2.2117639166032035,5.3774638569455675,1.7994499872936958
1.960962060346972,0.5479028109414399,1.802340888459649
3.684633649646144,4.964410459764802,2.883618273657647
3.1129841886171126,1.910670130774104,1.357724480626782
1.5606809408997453,0.9936491951135973,-1.537445390114489
3.9033521898325185,3.631376126549628,-1.844484818881658
4.996365624050089,4.861037267071896,1.614599323698811
3.104762295809401,1.283309118511749,2.732625023270578
3.019151804976481,0.9579144867564016,2.3871416415394187
0.9494743873079721,1.0482177992015058,2.327251959277554
2.508237999911464,3.766732000972959,0.020766780310107258
0.3300789858745632,5.801039794811626,0.37729861858148084
4.2076552487357874,5.608616524575077,-1.951651573056895
1.345792473356625,4.437618094941913,-2.7971689505287327
2.2280966888622853,4.986360162011202,-2.5222659657150412
3.2386926535379086,2.0239154299411557,-1.6182961116763879
2.7113041588946167,5.377062692885687,-0.24803153679876688
4.942080288977085,3.8949125295388143,1.7739105385246061
2.937268296989981,5.343012886626459,-1.101486124479988
4.986623988922451,4.6381322389822826,2.6153222610186333
1.3325273725294688,4.541431226722604,1.6930324840593158
2.4969210006912785,4.780239648487503,0.5505688653110172
5.138271004767287,4.997681796043284,-1.258669667732972
1.1524723534460282,1.0283307339886647,0.8012323010501277
5.522778143307207,3.880448548425731,-1.4911665157647245
4.885770716377939,3.8744022761099446,0.2789319648222133
1.4922006459755992,3.7960408354300603,-1.6377521155624901
5.753131284432707,1.3784529789425537,-0.7916895764006138
2.428513066648676,4.912044077599057,-1.0844143271476852
2.922397658660981,2.956103379452352,0.46345263963298455
5.1180203542862035,3.911380005958633,-1.647517747996087
2.33851993794965,3.783212547271206,-0.11500210956084089
2.7209702703169634,2.523895981790231,1.028359558432733
4.039157700048023,2.085010911090202,-2.0158428917917046
1.4934286374686299,4.83315051194662,1.0187416013210022
0.9532848274571188,3.764366234718433,2.0886449559714677
1.922587380846829,0.4340945652666075,3.0035497809670897
4.485451860547538,1.1960712242936784,3.0374688030392276
5.6948847388308135,0.5591693432361582,-1.2052751442442
5.544431474605377,5.132250888606158,0.39110690733135733
4.027599632718596,1.7058093252633921,-0.9115344536430081
4.152694283979843,0.5210150524864952,-1.4834458663213674
0.8233238837154133,0.21498527743410256,2.5307100646167697
5.088449569568128,2.566683616015685,1.6808729457147829
3.4951050192890905,0.6011970594582889,1.7637017589429265
3.5442328548018596,0.8444456810164784,-1.8849654128443682
5.440937381423395,2.724724952727251,-2.6498339516006433
2.945046369215195,5.437979302793511,2.995755183510541
3.9923988216510846,1.113299291051514,-0.13618913386320441
0.2825697558649045,3.458755774085985,1.8395031501261006
4.702764273521863,0.296319902065425,2.6623012794222474
5.044231451614607,5.589173242031004,1.6605372346739404
1.7259434008005459,0.4258992831203068,-0.8672196295778756
5.207735741878827,2.800978870635633,1.2061981138667592
2.987071167255429,1.1408375488832943,1.999178032186025
1.0755514637316463,5.5403869887403285,-3.0455170790406125
1.0389062376424134,5.63452189252633,-2.0581605437576513
2.745958246811904,4.214604202873932,-2.219819442267472
2.775550459435035,5.353204435933186,2.481269489284405
4.76218171277835,2.8293032779344616,-0.9324077554835859
1.1323365693172822,1.435694211862244,1.89782476806234
2.2401139154485783,3.345784536909031,0.2733409535551026
4.5198065971516685,2.6246046649967374,-1.2250041770157192
2.789408771862603,0.49346233066284806,-2.928345666703167
1.3407778627189053,3.4502928908777104,-2.551495273567331
4.9690025008942955,4.4097647551828985,2.5809628942808907
1.3538390395203566,4.993048793956385,0.7309964990727367
3.184079074579921,2.4206366761686406,-2.6605529548162856
5.202656043200046,0.896763980929806,0.676559858102165
2.5037042450733473,4.882028035225325,2.911028578807792
4.3859091364532,5.108941783033357,-0.4274280839030786
3.22463228491752,4.010746114342251,1.2495741639601396
4.055846712753023,0.37451170526751465,-0.3379318348121858
3.110805601372898,5.652806287256911,1.298303839041897
1.0004552748037832,1.2508749938654398,2.5774472461172486
1.559337070628846,0.9820930078356449,0.23928050009349588
4.082742821506576,5.488823111358322,-1.7549708016622516
1.231402355165684,3.329030213223117,2.6548132805343068
4.740774278937202,5.091816068964311,-1.063208570043538
4.826766247759674,3.0847606544920474,2.486205660103872
1.1592049914867342,0.7819901826610354,-1.797445238129223
3.0095336553966314,2.775238964070626,-2.4129079359343013
2.101751409169924,1.0044385558074713,-1.1963877153503868
5.21986126169722,5.419715010396097,-1.6122097706212555
2.3747712180923117,5.141672002367497,0.8060320015467348
1.505005923157699,4.491209331983145,2.758730963657591
5.172007578769055,2.9545610319961253,3.1032721094211118
3.366953316954972,5.244828029286783,2.911815588159106
1.5419067513550577,0.867906920851016,-0.10638853383258162
5.1325148157839395,5.272873600209741,3.031683237689971
2.258741636138943,2.159018271174249,-0.44460165386505945
1.0465318399608519,0.6841360921159112,1.1627246545027834
4.293967713795375,3.1664539606962014,2.2599455680324656
4.574330456161412,5.283365752416525,1.2765872712705733
1.0365673480372095,4.020832814423772,1.3615439966397282
3.181627684499826,0.37579766072900433,-2.446516392554664
2.7875189774128932,2.901797149429644,2.6794769113005055
3.12620932469829,0.403512963434556,0.5100783118246142
0.858441466886396,0.7303537076086819,-1.1372598635336262
1.1730507644297172,2.200620866755947,2.4321497891867008
4.984567572402565,4.115630402341532,-0.04533813632932793
1.2679489310111485,4.821046651201925,-2.866140469053018
2.541159775563619,3.762681182550673,2.527861481673745
4.55985059220224,2.455826551834372,-1.2233858093064423
5.392482486705294,1.7249527279628725,-2.1654734768086876
1.3215521442448257,3.298698498672204,-0.23643759781915996
4.05882484561784,5.696157957088529,1.4107355399392487
2.9339261402367485,0.37635888202924495,1.772861721066425
4.145778204740761,0.6539264156791873,2.5502056047423745
3.0220063573805755,5.3956463798135985,3.0344916002761027
5.726601685706932,4.79762388363819,2.712423850797453
4.86766201515412,4.323123185287936,1.0529583146435577
1.0613410000388084,4.435456142777318,0.5364627859460955
4.626562849465651,2.9084940914498096,0.2684866331895184
0.4553514722331542,0.2716605540445407,0.5402819255883409
5.463752986413926,0.16269514515735284,0.7521986519125088
4.160933892751049,2.311696939755535,2.538550802154627
3.1495392281774404,0.26394866369606307,3.076176069053772
3.566486002017028,0.274185486018625,0.22709007725754615
2.669634201700664,5.52495400485744,0.7088061571202053
5.180593683221283,4.97420143259589,2.387414659714169
2.5035353164238767,4.200046104841995,0.4775290628165534
0.44242929629728533,2.3909012820725772,-1.0829316307594987
3.3814011702669906,0.6842767181474481,-2.9828445841297566
0.2646057410653819,3.971579300008243,-0.9908492986942363
0.5582065388310578,0.2764911800508132,1.1062923983499262
5.153557313824919,4.570534686451538,-1.3501959560415608
4.034511535846015,2.877381161768052,-2.1833537916804193
1.2957527104218531,5.197916465153822,-0.9279263114683003
4.2480935300888465,5.331973071868681,-2.8150454897386723
4.167495288425953,1.6611560456350345,0.8384420306444431
5.161289033710426,1.213351618552747,1.6270128100446133
5.231168587383129,0.3912735444992721,-0.3589524859950193
4.6890975680639695,3.1117127803139386,0.9985963295590201
4.510807155563581,5.33705802747487,0.5446433291621027
0.8432210375263007,2.4448409728876808,-0.011840408164784932
5.260996514001843,4.628528303491281,1.747802306317289
2.1836784234826077,5.7667929077620474,-0.17123509858322894
0.8083445121905011,1.1768947717896463,-1.3055565883563927
2.791203018793441,5.298515161209117,1.1789769443029527
2.590620118804223,4.92835151201278,2.8325738598955157
5.052697048501367,0.3073009624619776,-2.3763568429404716
5.400025568700918,0.18628895282437452,-1.570103008717592
3.8921144651330524,5.5953529284539805,-0.3200326133982405
4.005910889161513,2.7270428809067093,-0.8285883296505769
0.4018663814600405,1.6827730699354309,-2.0592961418228746
4.29385876520929,1.3019220471720758,0.5996308487014876
5.302656398978874,2.2836118893182715,-1.6814062374044108
2.107393415597354,0.6281953705427759,-1.4896681553238038
1.0773876587439428,0.2586513394358394,2.663129420129195
3.9834530056748636,0.17058508501744019,3.112938332308844
2.360830089194148,5.655421747807892,1.161871601905033
4.853901224667636,5.8046870069946355,1.4964211135333292
5.629221452630963,4.338819163822116,-0.11464648630086227
2.4591113143177457,2.8748764803138718,-2.3866752423224935
5.208284417072005,5.091762286535686,2.1934558121701446
4.572039324738867,5.1346032016034915,-2.1863546149376654
5.745275296909908,2.0953697763988357,1.7685710528897847
1.3404223351487534,5.626777693143788,0.15011533443353553
5.441966687871961,2.7980908121304857,0.31424241260363717
4.078957471088982,3.8399636264771706,-2.4129213121588355
2.802966733154568,2.8094769909435895,-0.44512317583635896
5.692069773420445,1.9002076224077742,-2.6603843247958823
2.7622698773292766,5.056966523010921,2.9617047401574963
2.167567207767801,4.374447569479608,-1.162391634251328
1.4687742690261099,5.752482364785594,1.0202181869976643
0.7331623421935654,0.1509353551002428,0.5669564174084263
5.784384149132084,2.054642661241393,-2.3162594005136086
1.0013114203119464,2.181745269443039,-1.4796543509723175
4.767215048307203,3.006185729788469,1.494791604375255
5.446560485818123,2.392795619001168,1.9778102393275008
0.43933849890758014,2.0762386951400447,-0.9741857824907787
0.35871704502825597,1.1394731536263083,-2.864233748438
4.098817242762249,1.109529164564745,0.8738652977751888
2.6420864720583968,0.2753820747279916,-1.061408189022675
3.8979880671912492,0.9556913663114512,-2.7732963356455618
2.5348598925876673,2.639429191160089,-1.3843580253366132
3.1069743496159186,2.934685101083158,-2.9718381841380546
3.351078789148756,5.772961518505507,-2.450264515204371
0.3188374175272981,3.369048057130473,1.0736067767128734
3.8985212202934654,5.847720400174566,0.21229912044767918
1.459451263646084,0.32103518533078623,2.7700379810049105
1.7852597695393924,0.5530811265655045,1.2179381411008219
5.263306400025204,2.8975625531308684,-1.826339353554577
5.148256975624002,0.29630237085572975,-0.9497435339878311
5.726080551202569,4.010588774287353,-0.8183110403787728
5.186394762457161,2.5502359932033727,-0.23820304786035518
1.3157079466384123,5.804540951998296,-2.8225109398919366
3.7624003305844687,5.05139756348517,-0.5412707745851266
5.434010538233833,0.8749082870461109,1.2588296766878306
4.6477044647923815,5.61340165940779,1.0885089765747802
5.702808845383446,4.140546842940269,-3.066002747456031
1.5058805117064977,5.70060864427567,-1.9977152255886876
4.486989219679512,5.555490403443119,0.4268392390195661
2.505256664206876,3.3210310066094793,-0.5758436352486123
1.6978470164724035,1.052581761627609,-2.19988300737325
0.32481271811639423,4.577059177623905,-1.6525185286414825
4.064412178458916,3.921196351282978,-3.066499948923662
5.383172065337586,5.137121054301707,-1.441627250514581
5.19179323494512,0.28837709133926714,-2.229403034917057
0.653602288521427,1.134026189001304,2.6367853080527333
3.4260347305083343,3.8484545973025654,-1.2260423279704562
2.5133125978346125,2.4773402312564228,2.216524942705015
5.276900690744064,5.198071919373648,0.7663937109414594
2.636497109485024,4.324939496881434,-0.19360875618485052
2.3313978167964997,3.541706447870264,-2.3082959407535117
2.452581527586595,4.203722025826078,-2.83117050460553
3.3907752883357816,5.549024414265022,1.1507824056984886
3.860975317496024,1.8513529709991476,-2.24347042559198
4.298435716169979,1.672619607278551,0.33046639318862425
4.335473672628542,1.8919920328644702,-2.2059807706553443
5.611940714927366,2.2442839236400887,1.5012408089324873
2.519263261796813,2.5967061277668426,2.25465077931404
1.197696347867676,4.34701303886012,1.6168089211313932
1.29217335007423,0.21083713827611383,-1.3179211534609636
0.886936154066365,1.3174668994640033,0.8407146877251925
2.89426371240705,2.473787978225361,2.1605785987892157
1.9520930766321805,2.4289374108287936,2.072758820974453
3.2624861331090393,5.1019178801713485,-2.3167548703344925
5.845116730447884,3.779762213412205,-1.9806455236616223
0.3430513176930412,1.3944626259702773,-1.9036298388827946
2.0275629540774562,0.6782698600620132,-0.6439689269748885
1.382518013493344,4.2501842884049665,-0.9827377958296375
4.246255770668308,0.5249871356020972,-1.5392299146894157
4.082178678505635,5.717417123156391,2.4275011606785952
0.9075266468318763,1.1457591563671292,1.8057775422820797
5.5215548736670375,2.314267861248881,-0.6964027623908962
4.047007395391785,2.5323962295354803,2.0455023116733564
4.310052296099354,2.695437146740251,0.9129608964930407
1.4276779742397496,5.064744102554391,0.4970528026312202
3.912703374001315,5.6971398657477135,-0.5429183554457846
1.1210357428189444,0.7553050016510214,-2.1929507030641413
4.478028508680145,5.137261004844655,0.44528875795042433
3.8054570901897957,3.889012248382738,-1.1026951556259164
4.66744089404294,5.523727209565692,-1.1440866174886795
2.747534960506481,2.0651379239499588,-2.458148305439283
3.493743250242199,4.890276525073018,1.3666169005818194
2.066522304874341,3.1240714507207024,-0.1079604007927557
2.256565689232069,0.8503773572560045,1.0179709162823762
0.2945461500640085,1.2932775767203997,-2.8009708867574687
0.3766105795775525,0.9473172581603171,0.9274005388712103
5.764729656759359,3.792298618433327,1.8454581460495962
5.7512552776497365,5.482621444197347,2.984683280032047
3.586796564975507,1.0330437518053948,0.7154160929979114
0.8616262914797543,2.2753103883808135,-1.3082617829579728
0.29861066604579833,1.463993331466027,2.775754729104337
0.18327414119728336,0.5764747973695239,2.8111028377710214
0.23510981532247155,4.531419886590589,-2.4083858277022436
2.695297731397763,2.5994080438660845,2.3618469301050222
5.727067918036742,4.704268698828171,2.2937789919771703
1.4362179304532798,5.705705594943633,-0.28034422769147715
1.8400220060508647,0.16508824111563225,-2.3678990138757205
5.47884024678305,5.781915523429396,1.4534421601979535
1.5859842514471394,2.206976928551429,0.21763959399346833
0.5442243696875992,1.008202689045723,0.39421399703135984
2.102340703079089,0.6094034485808983,-1.1048805031270659
4.45013368680716,1.3745393490878486,-3.114015290454369
3.148267771173173,3.7130066698629705,-0.4123959099910617
2.5540648353047404,5.459849333485045,0.866958226580393
0.44721902585325357,0.31689011950060775,2.2752817048749545
1.1479925028683193,3.9973862765371173,-0.35596205115780766
2.9697000127053776,2.9058662173743652,1.571108604484997
3.062119269896412,1.9759484919118555,2.93261519927606
4.392339790628823,0.7157869779880357,-1.1016954137306878
0.3318038406007062,5.781296852368853,-0.07509509946029924
2.486414856437917,4.475659890493729,1.0544590891199546
4.772598337000845,5.702918827203929,2.415824463807704
4.030828076632313,1.26455135059169,-1.4234287807577026
0.9647920054900263,3.275512404411457,2.625251633519226
0.33216578017422704,5.486049217951305,3.0518223165366054
2.2846276137709447,1.05889856552137,-1.9167403109633352
5.639735705642114,3.2589565777307143,-2.2946429675916873
3.5436609561931913,4.09940292416327,2.523057258164103
3.6571161624426054,0.7800967471600033,-1.8152776096831436
3.9971871144576663,5.011192506129069,1.428409840350139
5.693278057472268,0.22569717516544485,-2.9527571001583266
0.3451287387945561,1.6003362405679509,0.1556308504041075
3.516815674152703,0.8838615605203399,1.8246799301209524
0.29547703208398235,1.025335746835211,-2.237611065427398
3.109544590433387,2.875609472373691,2.0930969699467115
3.0801774828550412,1.8272301028805442,2.5145603519842536
2.368040725414506,4.140095736112508,-2.9487242291523676
4.440301254564286,1.5418438677719764,2.701269191571434
1.023804471084783,3.2220404616034486,1.7864815393183537
4.081187263636191,2.797422389985877,-0.7801938977852387
4.960680210043455,2.5376302059017046,2.2201587136191057
1.4889132837145136,0.18981900084955283,-1.184890898780219
3.9134092426693785,0.5887658370900375,1.1038664920499777
3.2727976274136106,5.772450488596688,-2.143644882312527
5.475559140276719,2.3949587396323375,-0.5591017869993582
4.781116986809859,2.8578673767169205,-2.077229077820118
2.21646121967859,4.300937639799372,-0.1261034969541739
5.7065463407244925,4.543481967531489,0.38609660103030263
5.171150183581945,4.765944430524585,2.1686497604201973
1.5471410500589082,4.965806195384374,1.6815480874316187
5.503034245743233,1.0843300680079546,1.1444771752080136
1.317967811705738,0.3324030733817458,-1.3902653625020316
4.362606149852262,2.5672039936224884,3.100846611805241
3.6627224066665858,3.8682346295541445,1.6843076745765577
5.158611862663278,2.0114022415036223,-2.186099532101328
4.467931592030725,3.0852985229825323,-0.410675014517067
3.9084204187927014,4.2058478094007805,0.849583758471621
1.9379430015463641,1.3054204860367964,-1.3395781714916735
2.2111770502310883,0.436031539020296,-2.1088711020993247
5.6210243721473905,3.8903856801093712,2.6782424323867415
5.515395543604947,1.4550065382676423,-1.8185069383952541
4.4719310875079055,2.3285214120579707,-0.6119719483325912
4.257810927655264,2.547406504418105,1.3864166747230113
1.4495571444130024,5.796702271057016,2.097253211470682
2.4800298648955144,5.497076658378804,2.7696273967902956
4.840976138763017,3.865268401163703,1.1778028882352478
3.09302558066865,0.5858199250051106,-2.524891050259834
2.514736049923335,0.32457969221913396,-0.5717134715133003
1.0108500945700634,5.229755237680211,2.7943986264204144
4.822270367679025,3.0275373009719244,-2.8542638224782557
1.2414158869155962,1.132296574931419,-0.635134870322577
3.669982871874974,0.6350497024626103,-2.2355907410412836
5.326329046274676,3.1300266336697007,-1.5148087828163113
4.489391455188788,2.958412006796064,-0.587530265099172
3.283676833278764,0.47637086582419297,-1.6454772891379348
1.3268862812120168,0.5411866103823604,-2.7759156348434417
1.3056775174440491,5.009993123248844,-0.2571667952747978
0.9584616304646494,0.6169092315186289,2.7959014645550493
4.11332660129737,2.3474335238181694,-2.032243773800113
1.0393633003152523,2.191158922523489,0.5264216361023322
2.7223986447696173,2.6695744962005072,-2.248751654426672
5.456477766717519,0.6237101000666789,2.078768243919746
2.4008019516763843,2.2661329115065456,-1.7955254927655213
5.641944513429713,4.197749763808714,0.3715935048045216
4.195041223286685,5.041395306410571,2.8964936811676845
2.6470089392404614,2.300175412932087,1.7336089449210839
1.3599992383087647,1.037475990540643,0.6414882437434208
1.4640843231749199,3.6812909709092985,-1.1251947997404268
4.913997793726885,4.015830936359578,-2.3903654985633906
5.436588772295552,1.2466143437986088,-3.0196198777113925
1.6824255633018739,0.923249667586705,-1.7948851273538724
2.174037887035407,1.3589968327434045,-0.5307850498331614
5.826441144558229,2.0357430421083222,1.2851352367712057
1.1924155765185382,4.581790254306492,0.35451328835950235
4.243210939285736,0.5785119370239342,1.9362007962676344
1.8540368830482532,0.21174433926603142,0.7853728775805151
3.1247263805405954,5.631754134561999,0.21298986136005338
3.4102447180259756,4.999847120479298,-2.908858582459941
3.995073989349713,3.1409614012471545,2.88652860273715
3.590602028423011,3.830041741672948,2.860323311811956
1.3601554934345716,5.796390054430988,-1.6195228197700586
5.579298281006637,0.4322828730248962,2.0711756015266687
3.249772574281911,3.7889433913235906,-0.09308063912363718
5.1380756017722495,2.398144134384494,-3.0466780278161405
4.031746877322314,3.9049412737219447,-1.9678211678055313
4.156818499821862,5.5326025041386995,2.5437031832179873
2.7924665885115143,5.489857447998539,-0.7119557394758949
1.4887568966726585,5.084391685322647,0.0696251355101336
0.6827782900415178,1.028203262989037,-0.14464685949576284
3.121527053135807,2.50815647505401,1.4414310256395586
1.6255171697569044,1.0467134459160732,3.0123563738131507
3.748454496214422,0.8171466789687443,-2.934543633365477
2.542124500125607,5.076543721418898,2.1081703786643393
2.20495512441906,3.72536181215703,-0.06498219535228911
0.22732143610585465,0.6291961066008176,-2.18954354673314
2.3432904146013076,0.8607443659036886,-0.7135619993576094
4.785372608036798,4.853439266254421,-1.5098047408193487
3.1058432201825985,5.345793147888274,-2.6193331976897927
0.5209323918808022,0.7349318842755601,2.206945754497964
3.3574713242504153,0.336304592451955,-2.217304894060634
3.7750873881583242,0.2761244955723101,-2.7922477983120846
5.236619889661857,5.681202489721265,2.1237562076107386
3.989881759366576,5.037677960277892,-0.3155797935687934
1.5265402277663391,4.611810980028785,1.1445297551814013
1.2515106254805934,4.899538666065778,2.823649480431767
5.434475678632465,1.718000744838295,2.4644382267372853
4.142378337572584,5.655531313328092,-1.0356565549474932
5.597734999325567,4.786465105577731,-0.6305965618576432
5.067627237443256,5.349318211216845,1.4559739162424838
1.0549097276062336,3.779466021400349,2.472025431532522
4.015621944006569,5.8140029190914095,-1.3476998922049341
2.5316403743458977,5.7902652635199425,-0.6208737433310754
4.187728094493881,5.384633931017792,0.20929261224672224
5.706960784705794,2.930022964734004,0.2935681848234739
2.9170942691316863,5.313845575577855,-2.396799080420747
4.211508189074237,5.6921139369264395,0.2750161448976818
5.679208930457536,1.487256996110414,1.299323007116616
2.781820083849128,0.44213800626943556,-1.2933511633255403
4.527687992074644,0.8938241193566674,3.1188720765668414
2.601085491403345,4.224025682445556,-1.64410637436327
2.3499732300013854,2.123672954890826,1.6488570850069149
5.127201393538513,4.903982975997641,-2.1511755054610413
5.827469451014158,5.458955121431565,-1.503712646609494
2.3788940731575847,5.542633589375981,2.2065485171514103
1.0027781977526513,4.898812984944424,-0.6977410539243238
1.3722197504391642,0.5677328209667891,-2.754258407688871
4.108429667179337,2.5828790017652117,1.5794317584923885
3.4447047878541395,0.21379743114629668,1.9080426628329548
4.008482386701546,5.47347087815379,-2.198455171285665
3.311410953567262,4.06255614605442,2.7007155727252874
5.245501118329215,1.9970377117136344,-0.10952404011445926
1.988376531683149,0.4525539636687237,-0.5357620071319031
2.3203462155578336,4.674918071881724,-3.0028457452145028
4.255136687815025,1.4857918544574757,2.0946591721166694
2.6828653804333555,2.5495876145265353,1.340240360297778
3.8916572082130534,2.8185737840377563,0.739981595633906
4.267054979206847,5.815638175680567,2.447339530493733
5.753771675315056,1.2407262115438813,2.9165463514047625
2.1627976631045485,4.186164985663753,2.063991900781314
2.689667239256814,5.468485933241002,-0.5024778439597699
4.074568876703781,4.949527886413932,2.477066088601296
3.8359620422793466,5.007560335119382,-1.8284440750064712
0.6035792537002767,2.0645960616384693,-2.8952719262655178
1.1133044180991798,3.6918681177339767,-1.774331110108656
0.19819209697066453,2.6378815023069166,2.23956503760866
4.016715683904043,2.014083379623975,0.8687219293772221
2.9400184947039056,5.38482610936472,-2.180487602371481
4.136396221754829,5.185465220767879,0.9594017193001383
2.513822758921231,3.3883847515745535,1.5434663228679488
5.503486337049205,2.9523322166858503,-1.7197195892156083
1.2745477198238633,1.0970218329547878,2.3187582459302742
5.7232216033293035,4.956908452253194,-0.09361921706224274
2.2691690213740308,0.7728381410424106,-2.1155901501851857
2.1878864561109728,2.2124925994254916,-2.160406230693696
3.712996979196512,0.18593253263801834,-0.5042610043253406
5.202607174667518,0.765834360566439,0.6264494717341433
5.15552757738681,1.7951358240448607,-0.8903054979009033
3.072522764229666,0.39918290839791437,-1.6601723514476274
3.912014807896461,3.575897912741282,-2.7131859325939462
2.212652987183601,4.6014060930259095,0.778757106613742
3.969123869644896,5.35072675831904,-0.31849216308969863
5.387486478635836,4.419306933615427,2.5095944693618693
5.778649689064268,5.087966235374848,-0.010931784747068019
5.8259034706881145,1.7270083951078845,-1.064071809221292
3.2194597781372236,1.6492009736693267,-1.9008736582404964
1.7643733286378074,2.2164281488367097,-1.080232504310176
2.968786978928401,1.0144455724245742,1.6016202920041502
1.3471360600682916,4.239784661853436,-1.6353416050898637
3.0746341867308606,4.033895520984863,-0.7666122110204707
0.9340878239450361,1.0986464266250906,-2.4888761454547454
4.006195151285212,0.22629195871768237,-1.4200184310202608
5.7792294883276645,4.791446251482562,-0.5393511102232456
0.1703240360109921,4.283311977040654,-2.4603876553741713
0.224544527841827,2.5543686342330503,-0.18942638632010267
5.2457868372424326,2.2474957563285987,-2.7625547320900723
4.536543892814417,1.852328539005612,0.3847043984910208
2.3039298567235873,3.4795579258574856,0.9654854607171313
4.993589082686423,4.602668080591471,-2.1613881795563046
4.464751107171955,3.064968357694669,-2.4219130312092925
3.017099666114637,2.257009881085626,-3.1195290949431524
3.1283804644859754,0.5523571110853827,1.7259048917407736
2.717525975912597,3.921280650947657,0.786459923724173
2.618331994875345,3.498316265439528,-2.660893403462362
1.920705220315838,3.1316840348704598,0.8307892980112079
5.318440515411339,1.766379770983113,-1.1021245018991737
0.5462567295498648,1.871718686912517,-1.2684013837561796
2.7151304503861082,5.64618085613979,2.8332168481134845
1.7204146799232047,1.3838087080889034,0.20553661303073323
0.24562925039913575,5.126141014892559,-0.9165012660987109
3.1215581779169925,0.5180991956909575,-1.6876737446662733
2.342456497789775,3.7002621642054025,1.8460076586857186
0.7262207997444814,1.3114202390013996,-0.5420926665106296
2.5466841162021123,2.511375972564272,1.6133310823246134
0.2458343867199304,3.234141037019997,-3.034051546985161
2.6821540036228826,4.3659702607084325,-0.42805826596179797
5.349755624254958,1.533058165756419,-0.6989151745490605
3.0154748208639575,5.578629509367158,1.59733624392456
1.1845616872536606,3.6526845736966003,-0.19873173802034483
1.4503229653757725,4.119081163637366,2.371991836010551
3.747968690952538,0.7273195665806342,1.4479118012698526
5.6732261165737405,3.9666567998698903,2.905543286075342
0.48369999700384136,2.292197244429189,-1.2396185134311113
3.721750922630342,5.2760946188459705,-1.6825250176412503
3.364121400663038,1.063820223740972,1.4617613715322753
3.0855267641978275,2.6395620030600986,1.579031200207682
0.5708435071847033,0.18469187329875303,3.019755544318615
1.0129703980225777,5.029752999355869,-1.464108853268722
2.8142737740439934,5.060874131485095,-0.7534243354507817
5.705205248530911,0.32798671977472105,-0.39971943448499836
0.7065466533211697,1.2089198381272397,2.8421012691444627
0.964489234471144,0.5734993849981447,2.4872969562723926
4.315223984512603,3.0829287849460023,-2.6825975003594253
3.1848564266419466,5.1915085606836335,1.406569207235587
0.7758544738404922,2.4299235564787462,0.39178405634641944
2.592694262086063,0.37037159365663097,0.9588806935096246
5.28186403224386,5.729599923972163,2.3275913169699347
3.0539721202127885,4.239858510394271,-0.6703660401021447
2.492297032668813,2.9062677210139674,-1.4272543115124168
4.456302966878753,2.8846209199573973,2.320968484544001
3.6317859404581916,0.6512123526424631,-1.2733164108176878
1.8794667997613805,0.7031613391671101,1.584299448483736
2.458040218062608,3.127450888330232,1.0951256767067274
1.5072138315511003,4.613544353072128,2.4322135288058027
0.2720618400721351,0.3187991859414483,-0.015493864649750666
4.310406388982695,5.726055136373635,-1.851153822894268
2.8190921887683205,2.7581854434629176,-1.8889899619904176
5.164488135951258,4.363984086262965,-3.08333790390971
0.631414284429547,1.4494810760485064,1.3355168502033052
0.2642956610816882,2.7546463186879917,2.1122961251858694
2.100565446936944,3.3245949700588766,2.9607341901148736
4.538236187158214,0.6307149260889966,0.31640598987364354
1.0336683247749838,5.839684091883409,1.7371292633043396
1.1538375474718499,1.0025135668010188,-2.577252266058026
5.008131429416567,4.14965768157284,-1.0514232475048622
5.196037266571952,4.200667352967036,-2.925628680524526
3.612103010460606,5.181396591601126,-1.589090475324373
4.007442770040928,2.5118896327665587,-0.1303201494382047
0.191060922297146,0.15854685707018246,0.49634467845353614
1.1563433605068383,3.5989207899637217,-1.078440386719563
4.1734692259486215,1.5245943419558274,-0.08365177129670354
5.278064572823224,3.067455395919005,0.119649200105997
5.6674768006499665,0.45419707850504,-1.1952828367452413
4.210419229851389,0.4564288205939757,2.495197075489341
3.9103861924312073,1.3362310267063096,-2.796339354568768
5.513929182303867,2.2661270350694886,-2.7569950750829144
2.8139293384051136,0.24104921989133876,0.08524617558043124
5.625197051506892,4.196496338565291,-0.42545263416833556
5.760284362279775,1.9596310770897116,1.1616194021536534
4.329976147642071,1.0060487753516008,-1.6217089817119617
4.169971306442706,0.5148662669328317,-1.742616204096666
1.1089563100531015,4.934906833294979,0.04200919605844433
5.493396285770021,1.1993187740193876,-0.696879170858653
5.309612494000979,3.8828518535629257,0.10729411936485134
3.4666252325743683,5.66081769133039,-1.9350747722349249
2.8472784175009513,2.0886618351869193,0.5488897744979107
4.893679945359603,4.478693935654793,2.559323020611756
3.9093885941432243,2.8823975736244094,-0.4049561706673144
5.374031249020866,2.1096854455268774,2.7749601676590565
5.317553283483898,5.247977231093596,-1.5977778263771747
2.4759617259376956,2.2886090898753295,1.0950691636628074
5.198299121726663,0.18077066926764984,-2.0936025798468307
0.15714037702192996,4.887750093396673,-0.5853351336710628
2.095197409204813,3.1351808449776106,-2.8980492862993685
0.48359550824464237,0.2573375812867722,-0.4792272433910414
4.370493114758203,0.9309996214991714,1.6579330409789188
5.6705789378304905,5.534199466227289,-1.3616563611660777
5.7814821469672335,2.048554021866501,-2.301927169064904
4.24355459107864,1.256387650694494,-2.3044111674679666
2.5381922976411135,2.209671246302562,-0.0741465927831726
3.897775711581262,5.469374812702696,2.5434826410822726
4.576602803108325,4.964122736691491,-1.108405617773728
1.4547289382768798,4.632899352668827,2.2427214014748413
4.8684396519557325,2.7830267675338374,2.5381998212800827
3.504045677454516,0.9378209410186997,-0.004263309775581092
4.286964523019623,2.1082208421370767,-2.4166272946117435
4.072673042689566,5.595050773704009,-0.2943745558207209
0.20823358455674668,3.668178156739225,-2.8589560646746945
4.6129911651984274,5.552998635278881,0.24892501355626795
0.7641199249265691,0.712835569400553,-1.3891576551414957
4.307740060435252,3.0641351592975647,-2.842612772687239
4.777718345813591,2.91270682848225,2.034719624309001
2.0389282905249395,1.0713855516039203,-2.5261083719027444
0.1986907694549218,5.119083586969038,1.7649651141212557
2.328494820479624,4.819669251821551,-2.777058236773561
5.671859303441817,1.6975919899030858,0.608129673298559
4.803153999332752,2.55776891635544,0.041606785736374885
4.879996042810706,2.9485086777108296,0.2282989533089128
0.9778166370706141,5.062044627738812,-0.10920695343598519
5.124399906581742,2.5110316529780468,1.2320548846897568
1.6740594776181987,1.230052745986064,-1.8331903381581276
3.245495622626195,2.8285965146950183,1.8732610286284404
2.908708044850815,2.4673622911277833,2.1811330512733793
1.3224717959611105,0.8972837384139267,2.803596031840083
1.326167240373914,4.1973155722670095,-2.232919108143351
5.8073150824289375,2.602382919248344,-0.774611902504752
5.693242788203015,2.1437975695523583,0.9801985960312463
1.2740345091340046,5.474907028759337,-1.8527877403872406
5.61715203414683,5.487899652385965,2.0462055851883703
5.722558086465078,0.7608007634631995,0.057732116874810835
1.4456937879121685,1.4087147139969076,1.9096571346559594
3.667988460647667,4.970558054901209,2.889838467243443
5.380973114472604,4.239508871691411,2.0723986884136316
5.231454124134116,5.279224465313348,-2.307151090043409
2.8154442061348823,4.952353789842015,-2.2038319341707555
5.50803897335779,3.1120314350955143,-0.5477632065480753
1.5608763969691029,0.3685851087275349,2.5535205103583003
5.395842256642446,0.4773635623482575,-2.104368730774124
1.7286463894586033,2.1357640040588626,1.2430533991516306
2.935635584693136,2.9619609470742976,-1.5984099547160717
4.050001143834239,0.7587458180525104,-0.48489447927423335
1.2501821749057382,2.3663977029127854,-2.6280874223332846
4.220744708428721,0.4982535176846097,2.9003584956522666
5.278939279947056,0.5541732837101598,0.5542332740119598
4.476913737980584,1.042505964105276,-2.877809010013051
1.4430769093092342,2.307150914958012,-1.9537716069997577
1.056064601072114,0.667668445910651,1.9946833705358067
3.456191097819746,5.076515301243941,1.3909070677204811
4.391802283889799,2.9254895444875877,-2.9106505224837926
2.591314381541357,4.215543286094689,-1.9945190347960005
3.996532045410404,4.107269149667914,-2.5368769329117513
2.696014041035027,0.2735131107535993,0.06132230848578857
5.424640609510458,1.149113604129335,-0.8629049326953289
4.185257877488375,5.809755792263748,-1.9526721598954395
3.131318596834657,5.7030042249420685,-2.314553871751029
4.738748409719834,3.04018553317829,-2.994155453771255
2.129050297317776,2.1103302771169363,1.2422573801957473
3.9752926215310875,2.868904396637883,-0.9676615196802514
4.99940430811306,2.702707046283803,1.4026868762343154
0.15819321339412462,1.585494761468179,-1.9717323198349457
5.673253377344752,1.9255998166763002,1.439548686968152
2.7179636989175964,3.2535743901823047,-2.7423647978046937
4.5263369552021455,2.8947380325803027,1.6231667399740175
3.895638606581838,4.069197343363905,0.23849839468110368
5.679458727129123,3.4947262605759972,0.5934713493053523
3.0366632194110914,2.7571953224891455,-2.25724433685819
4.0926723992362675,2.8130717881272576,-1.1890353687456399
0.33181810509002263,4.136051102904719,1.5148614471788475
4.756511483621553,4.17344884333611,-2.1391403097148305
5.78144334424241,1.7048266572991628,-1.980216860099206
2.9075722187465374,4.908818459310817,2.763912749171989
5.7907322702180855,2.7083668294728627,-2.8900125914451196
2.166273585901784,4.631600308928921,-2.2923623990661146
5.45726760555762,2.8290310553376807,-2.3780123950902934
5.579847325504123,3.094730112932069,-1.4466694384127265
1.3629586536456515,4.106555724422103,2.7936066140178353
1.8884743044967727,0.34896368292216917,1.89404709458886
2.265869204537065,4.631771406445992,1.4220553034270838
5.166179101643363,2.401706505103596,-1.1807911137598845
2.3529549429848027,4.449716767396984,2.258440148931922
2.3183719507446234,3.317560589657689,1.7826324164062166
2.6853373104148286,3.756098019329964,-1.4429456503646707
2.853239772980918,5.704519168852392,-0.2862164326380148
3.4945917921107386,0.4362908574092754,-1.2814140828104716
2.2969337216566945,4.39426128584206,0.9526329899824164
4.972326615979014,3.949343552270141,3.0901926630913277
2.303169294830014,5.358263582011333,0.22766928876443115
3.8610505761118263,1.577501865298948,-0.2396277002625813
3.3760113140998382,5.077449750499733,0.828155223994326
5.776847518486252,1.9967555017587222,2.3261841523544904
1.5375504549937449,3.342277109378623,-1.0833634924978903
3.720628704144899,0.2570425847286557,-0.31219809971613266
1.5360468406759307,1.0932283775316374,2.9675751598442606
2.256260651204399,3.052683424849926,-1.053739242378691
1.9117159792755234,0.6026708369068765,-0.5613273735644602
2.3347142650972055,3.422821203436535,1.5107280875882179
1.514409043637123,5.300424059401008,-1.0557794162394072
3.936075303369453,3.6109879017317112,-2.769694440222163
3.239789619595283,1.3138803330584838,0.9683132116574766
2.8162555907709903,2.485747129446772,-1.1802421559258014
2.4845334309291744,3.2587153122453962,1.0258622190244173
5.337500423621577,1.4914479460492231,2.170291004095346
1.8792213480054343,0.3796291272133234,-0.17458139055579824
4.369899257843414,2.5912001112528458,1.1158151830609109
1.8423796222586513,0.3150782264158929,-0.5643868168401163
4.026661444594939,2.2066400132400785,0.19258779096947487
3.0218124276777356,1.2067583136001936,-0.4898613860990677
2.198437111821841,1.3345737395602582,-2.254709918776653
0.9771150465665936,0.44043671591137534,2.8517235552013958
1.2063430219533768,0.6978939007531588,2.423986159133624
4.017513646206238,5.471827941260486,-1.3534976789053383
0.28137576887316595,0.3252608443599925,0.3331811265325535
3.4662487294730164,5.438463413935321,-0.9758044233391376
2.184516119702169,2.3499315540714223,2.7338918038667046
5.158646815406396,2.7468187085418716,-0.04078643737067367
0.28367449200513106,0.15998134979107648,2.4277505959597985
2.3682509791209156,0.4600221519496046,-1.58728177523581
3.709687943133424,1.0006337503187055,-0.1762964118579795
3.948419473151408,2.81840263068007,0.9147343633544978
0.6058066775848523,0.9030041698136395,-2.67890305038738
4.686393932291778,5.247316530301228,-2.056831494066003
1.1692172308784738,4.087727447437882,2.5800928229589717
1.087740385760057,5.543006836758443,-1.8645958591308265
4.083420529503883,3.243166241913096,2.870980756963746
2.321725504043818,0.9523324447018409,-2.7271694901428747
5.366789712070479,0.2547826173648886,1.384826448746951
4.113874707662997,2.580725773035386,-2.8760889956075775
0.7517358230196778,1.2261162452576546,-2.1682815413776613
5.524890072258744,5.044089222983104,-1.1107770333184122
1.2496955927549787,0.6972995037519651,1.0404064518937046
1.9057395725294912,0.3478060066468196,0.0835385653328502
5.363390726781578,1.9813040423076995,-1.8941179995560347
2.5056054431535415,3.478441030306721,0.2326639166886837
0.42956714286196496,1.2807892144949804,1.0617527249612007
2.5494838134052893,3.215339479912875,2.697557555939003
2.2963827798192167,4.270844478471314,1.5063578883361677
4.938976764148611,5.569647971076261,-1.6881611773182679
5.335601969319041,0.7366924361577716,-1.7033934575858058
5.2327897694860575,0.39764717057533594,-2.5251911066724606
0.45306416311712083,1.5138261635949124,3.114163232509502
5.414282241851699,4.039040805808741,-1.0558625829785946
2.284684754861645,1.4221945840835646,1.0003572128777236
1.3488817062215546,2.1250714343355677,2.5219140887248743
3.352097129934277,5.127990758296268,-2.782961928985263
3.7454726320011287,5.477563792051586,-2.3052745846537506
5.1487067356185445,0.2642177175281535,-2.53610108802048
5.0515420397941,4.589368877660796,2.4704653803861634
2.735011814114605,3.383613635209046,-2.887551099538284
2.942589902692014,5.264202513078618,-1.207559171893095
5.753775564754434,1.0411738720396486,2.774945211099876
1.4468611255165436,1.1517312491702172,-2.1592508489775017
1.3911043262279872,0.4575451097067109,2.734558642191219
2.3099805043478887,3.215003019479987,-2.480520441063266
3.894068131639102,3.282927043263534,-3.1201705756495772
1.2393562549172692,4.554255072056453,1.1654136643327258
4.398137571806239,4.945909553097382,-2.3532810275690075
2.4671726633546553,4.802095253259688,-1.4441338055544684
1.8052229216988513,2.4185132727536223,2.9486843398945046
2.1993887521639004,1.151438203411476,1.8604945384305012
5.432911376712179,1.8725252762106828,2.0821058494634723
4.482208982662138,0.23297692914440704,1.7386426265611865
3.501341574188306,0.6776367997328903,-1.1393915957642085
2.3295780076643995,0.21401862426148277,3.025518389336626
0.7007763421906539,1.2371299578311568,-1.2618885435483589
5.370487627113829,1.9031284183757216,0.8338990670355599
2.3736609896325747,4.819615858004738,-2.637277307114296
5.399512618903162,4.741126576825639,2.574418034336815
5.162480757182149,0.5595755154584894,0.21875109099902268
4.586385938618325,2.764676923330718,-2.2122119013694252
5.210885610931087,0.4768404476808681,0.7887291640901624
4.2610914079675295,1.1011771841829336,-0.7036031195478918
3.713980219701252,5.240338758205203,-1.7844572479026028
4.148137230400368,2.1729959571892605,2.649194819594448
0.15516712138112343,3.5047330142089264,-0.6281532027478649
1.1738553304610861,3.4275057659292907,-1.368392586088206
1.4344396833943331,5.115112786971492,3.008925894826752
4.3644022550708295,5.454993786944764,-1.3742571726771728
2.9660363788677975,3.7801698524361917,0.6791048572559921
3.8985439006455285,3.2143964421767177,-2.435699537717687
4.2207554857429255,5.691157342412567,-0.27841413762066614
4.178681106288934,0.3400490380456327,0.7532517613808838
5.7066277237574,1.2898375034477665,2.956196720723619
4.193614306474685,2.5408315210545283,-0.48565172285312164
2.661136910798681,3.8914789013941142,-0.07705612166163345
3.073783162344109,2.3701709593220848,-2.3824146064570324
5.240422897291594,1.3091419078681774,2.4140878554184706
0.5525785361315312,2.3710571272117145,2.5593075647113235
3.2206778573609203,5.142105832271718,-1.4111418835312037
5.734727964546961,5.685742425550971,-2.947244607905063
4.283995539498484,2.1645036892562293,-2.2353779859989884
3.3874904669666677,5.267968427615119,-1.7281344892488957
3.0208773057813545,5.019596992213821,1.0318235254922383
4.002806195700167,3.119479310987543,-1.5280085838678688
1.2515103755016919,3.4268674660079474,1.4880835099369403
0.9025772708154713,1.1324943966147227,-2.4701317486797287
2.288733790617226,3.5139859780239564,-1.6084981498987774
2.577903376270549,3.6322184338324917,-3.1331535893626463
4.135317757233022,1.4750051964713526,-2.4473731240588457
0.2720890665271709,3.8678144943088153,-0.7069832308055135
4.901623906439346,2.6776971929105913,-1.4341859287172574
1.2186473817330554,1.1742415964668462,-2.304667951848743
4.878352340403384,3.1015932026546498,1.9246373174275835
1.9259505045618557,3.254046156585695,-0.6752806140278329
0.6631883806281762,0.23690961023085766,0.09659119206406608
0.4938781363886382,0.5764706918492388,-3.0700710323804548
0.8637368201034923,0.2075005360543034,2.046636355844975
1.2029943821884868,2.2594252187812796,-1.4748108184827522
4.162719369816668,5.583268963548693,3.1333890031275553
5.531707972705763,1.5345930901457314,-0.19161073467844192
5.338735209282728,5.1129776337937844,1.4250910185266088
2.2232434483795975,3.2715725791683123,-2.356823276965942
4.495719529971494,2.974889739812798,-1.2896458582448178
1.6566692687254896,0.27189965861708076,1.1443679494293404
2.5451016276864014,3.0481846945799127,1.985242991773605
5.50557190705775,2.757729070879501,0.43830922768045744
4.00353883005149,3.0047616094772716,1.8020447815936675
5.522865087143377,5.0526434604282375,1.582315722995233
5.510866230319476,1.9028049503889084,0.5076648122036005
2.0849221419274206,1.0388184849091315,-0.7418422746905171
4.1648905649961,2.1254349605679916,-0.8679949952605677
5.247249032260857,5.73126022039167,0.06625187407989097
5.769320543732124,3.859029581020007,0.3614861283609567
2.272315973175144,0.6697003119913003,0.4612295670845814
4.673785382114463,5.251664242700472,2.9676736200907383
3.704066797549971,0.36951109486617706,1.311280645414266
5.393897130790033,1.0783300753045346,-0.8350238441899118
2.694725321752399,3.868389739816636,-1.2978233775641288
0.9796259418359468,1.3686387374342588,-2.0079343973449877
4.144197773047846,2.911470860809009,2.6493684061555394
3.199452034387086,0.33574755146427115,2.627919257844211
2.5937940588581334,3.977541419980949,1.5872279649211194
3.216618902484666,5.734140356042992,0.5839907420408559
5.164768707437665,0.23723836631380846,-1.642988860823655
1.8067598347284508,1.3273674814794474,1.4587616028163373
0.5867409856377976,2.256553010118875,-1.2738329686368373
1.0101600550297418,4.17464897696902,0.1357019315268455
5.405341004065836,0.2613483899609388,-0.957160921264951
5.426831892140129,2.9465089848701895,2.1344139542874663
4.044739038169604,2.1803927451523784,-2.898649182531095
0.22190103800200722,1.7267932842588725,-3.0570540368505066
2.6160274824017664,5.042006229528845,-2.7899222437996323
4.836921739683994,0.187651570404207,0.7736894086952164
3.780806535458759,5.025340799807136,0.8783141789010838
5.728835146296382,1.8204139282393352,-1.9866965529710763
2.397216451092223,4.085631107516695,1.2771906856244053
1.5710249552163875,3.3310553948173283,0.7408822651634925
5.474667139776222,1.2976639065401174,-1.5231220105432588
4.981600816189745,4.713164138138602,-0.017744280699211856
1.3984129625375386,4.046340281059514,-1.728160957486308
5.572682821950714,4.781835999200489,-2.658306215098531
2.262576095592201,0.30393107532561925,-1.9411428182900996
2.202857591182371,4.721802009099705,-1.4945782894001765
5.468501156495239,1.5751717680546895,2.7189909290457246
5.32308553848854,1.718193508809846,1.7668951182219397
2.5204311939712065,5.480796389910123,-0.30733656691088207
0.23557133468082436,5.232115872323147,-1.8320630886398155
0.3157232113246262,1.740167970691897,-2.9267309272264748
1.4711008605599518,5.748622557030947,-1.2960602486030208
0.3505146563690318,2.4871128419382593,-0.9780822524939463
2.47774199875767,3.8950069168714645,-0.4963961960563803
3.133283083139299,5.314394226126874,1.3893181500560328
0.43665629070510636,1.840250216746485,-0.9954578816083446
1.3303196565630846,3.3782789765934575,2.823212726919971
5.074811793345283,4.389136807984374,-1.891943358916437
1.6671300574483598,1.363007719407543,0.6218528425697603
4.239961532803761,1.058601902212221,1.830759754580189
4.452816477711293,1.7464585530509433,2.7932576853001345
4.53503633949339,1.0642913409197365,-3.003703718683677
1.083193687346891,0.8587332565130834,1.1193590841041106
4.931196251175905,3.2038791345869635,-2.578499260056949
5.3988802394343365,1.6700031469414927,0.008977909907180504
4.881556762002958,3.8962221915492457,2.9700734467693106
4.348544451585553,1.8377879913216564,0.4397017090284412
4.105151967893056,0.4107915329204832,-2.88020183369088
4.218038750163696,2.7129587022703063,2.4608437298701418
1.3343966490161285,5.64736004771705,-1.6671225161933085
2.894010532646842,0.209699883463633,2.764718520881284
5.498751788593816,3.0954264433503633,-0.5903677173087098
0.22861782113742457,2.0917039348324526,1.7859554642535294
0.5805488665695335,1.184780108411268,1.7349127185029758
5.069000824362803,3.037122079049956,-0.5450599739217377
4.48400755146595,2.8200972797245454,2.997648148168966
3.014760535523828,2.3390029649695716,-0.4960340461192332
2.8923497251504307,2.8635119261446773,-1.5280962478094893
5.203685641118371,4.280042313773765,0.07550261890736598
2.180989710698051,5.122586737128024,0.6358735043738877
4.080882293783965,2.7932477206671487,1.557571890966659
3.9936120075721964,5.571380827284961,-0.9996097782745035
1.154803502785431,3.1034294584063966,-1.2810728758101413
4.317065315108641,1.9375305112555798,-0.9938294448507277
3.310167631018055,5.810655752081134,-1.2382821843439467
3.2792238458615786,4.89612223686721,-2.9007999197283847
2.3704223593170344,3.3633747637850693,0.3689030605197594
2.1391063053202,1.0530167914624837,-2.201013390187713
2.580957748834871,5.372518021731549,-2.7831073387082372
0.642239665486749,1.4452534256028011,2.713360912002078
5.574906920264295,2.155574516846347,1.0078230285390335
4.496730244870122,0.2365410091425011,-1.0965626418493337
0.29389696170363977,4.5235374339104215,0.7628136189632087
4.484781022645452,1.3588455511654232,-1.0252542608877713
2.4104150069301307,4.922360281785379,-0.950350832579892
4.4077856401574245,5.2987495584757776,-1.627379002234672
1.383528355009428,0.5083209912140876,2.7635441023239258
3.8990786860866287,2.349942405547871,-2.9675335788836374
1.4791203103565755,4.947241236994796,2.1528789623964864
1.1842842022001838,4.794219410656197,0.6957018460619127
3.785917499892252,0.5113285283794637,0.6113799943132805
3.0120467897117456,0.7861261031633302,-2.7722790533995245
0.18154514381405562,2.205697102749101,-1.7875426628213378
1.243632282513857,0.5504386754538289,-1.8005853856121123
3.16218957840698,2.0406080683899397,1.8676274045732209
2.568150539314255,2.9666871616139234,1.8825859181904994
3.859877789736041,1.1146087324473843,-2.689177046990217
2.5470091010202753,4.314947457020962,-0.5148419738403418
5.593216704581117,2.8475255801652115,-2.715397696487039
3.999761582266088,1.4377080671511113,1.9533797903053092
5.169173417188961,1.966887056867652,-0.7000461822921995
1.0837422793706637,3.1509698875360597,-2.3195092293912136
4.8967696098478415,5.780905394928182,-0.02125093741866424
5.407949482815561,2.152173509649311,-2.127946706370885
0.8416511825561859,0.6777172951570711,-2.7011387122357977
5.300452527615395,0.8098209993171939,-2.054354811366712
5.183618676201721,4.788986273722092,1.453476804579191
2.3581515939689606,4.208568902238048,0.7509683554472915
0.20054530173555207,5.7914724220931575,-0.20451421080167487
4.108132095412035,0.2888196837649488,-0.9613143286367292
5.234961922371617,5.6968375742149675,0.3783031114452524
2.8000404623736674,4.0344609985017845,0.44269973759991554
3.619548239593982,5.116441964098119,0.7248096057276499
0.27485891698666975,1.4381840395000471,2.741207160220773
2.907407140674535,5.650275204164653,1.1755531283136849
4.948209449796256,5.800817264135544,-0.3458183851403631
0.3413831715462412,0.8173171641668271,-2.236587454783456
1.8438018451002727,1.3905219800314137,-2.8682185392391886
4.455925316844251,1.3243692320087945,-2.2961808281117793
5.699397612316562,3.0197342494387778,2.835442306750993
4.8624144395377975,0.25914707322543906,2.287343676430491
1.0029434798455121,4.216801058081429,0.831692385007754
3.1444180292274804,1.0393638572434518,-3.1064702865023133
0.1936522316598659,3.090468606645177,-0.5538139859989011
5.823634782601255,2.159686033536036,1.192695784757948
3.0803602284322897,2.482153384046735,-1.9438590569207195
2.538398978894424,4.366871146743434,-2.3175569372865237
3.327831304479192,4.176299978244369,2.675650623891964
2.1191684580669747,0.4158114140563196,0.41833960814696747
2.121447749801453,1.128186062649855,0.7613071833516751
3.9061437666634116,0.8405676223002974,-1.6337026068748617
3.771628505598205,5.341671206475919,-1.6465169320019768
5.257311188857839,0.6501532740383971,1.7041060079542607
0.5901153067994236,0.9144304652926005,-2.844487212520014
2.5619475568520578,0.29845809961501146,-3.0949804751764467
2.9747555700517196,5.071182437821558,2.324149278154188
5.844604355822451,1.9276839467910754,-2.0804450023508023
4.02321850661415,0.49830203310478227,2.8472702276389796
2.4269037849482147,4.58019746144035,1.9537445682871084
4.376256660264296,1.6144117509815759,2.6026925450891856
3.032282972121309,5.011482327587213,-3.094967188063119
5.792791421385619,4.647437871733914,-1.8826965089355912
0.3161245880709491,1.5910966625992988,-1.5732405964335137
4.175923773988717,3.074586403818315,2.986038269857552
1.147349647742634,5.45138631863965,-1.5799083220868926
5.199911640682757,5.571035942602469,2.1673619110761457
5.595964872228529,4.252281622624228,-0.19019182073918017
2.952678214438343,5.273539385180092,-3.015823196939946
3.8510510346398226,0.9235440906199239,-1.4354986777380854
0.4719835106608219,0.20833172213637474,2.7358219591218864
0.36809940958328724,1.7571385384631304,-2.353977949252495
3.133816876411281,0.2778747983849146,-1.748026208205729
3.997991752749468,0.28242427358669486,-2.3547361989602784
3.2072180293856776,5.562473086085193,1.8692694432591246
5.829644922458088,2.0415362139343523,-2.2872719144112392
2.5903139920582032,3.623322846852892,0.16178988705847885
5.397743532569997,5.024387855848453,-1.3203848716261597
1.6685879887494752,0.1759740122851532,-1.1462897871757594
2.982189368982529,1.05730083144777,3.0681623637077005
1.403886348738582,4.798210555376083,-1.6566215388167518
5.82113341720323,3.7398978373958967,-2.595741654142644
0.7462464883275413,2.302308704937155,-1.725458530699675
1.191003227808426,3.190190022230741,0.28591166676050017
5.035112806613349,0.19242764935316514,-2.824153414574317
3.0797138881809905,2.3398986638748043,0.9199156794078194
1.2186538773481126,3.2794002410218734,1.8441137955410394
2.769187872438514,4.97711992044,2.7623108866901607
3.106824884265034,0.9152044444564766,1.2375509707822143
2.6480651365116614,2.416701597758412,-2.2985996077527924
3.1030917174074943,1.0850363483520327,-0.4345456929188414
4.134099786082547,3.5700669459255283,-1.2219199123714204
4.503701334383299,2.6854668320931427,0.5357149430788186
5.549481152863024,2.5390702361891107,2.07113345980952
5.705197854462114,5.2553359863333355,1.4553337531628605
4.494810705627387,0.874337193692353,-1.6974940190785186
4.498818208181028,5.450719833730598,-0.8135283260376802
5.561096544662144,3.21535793957856,-3.042659060297824
5.770123012703959,4.040217009531112,-0.2295524898114789
1.0899187409020081,4.725814013785416,-0.528313458296108
2.3633281206462513,5.487655698882393,2.6839924358314056
0.15857395367292138,5.236194785385694,-3.0771693849546145
4.481378740461587,5.115261652523633,-1.6041589307252644
3.2266758759829557,1.8753233620052976,2.231335428121226
1.0036200461507834,3.7349714472684115,1.2737022813184895
5.29102186388087,2.4172776650636965,1.5597901722430354
2.634011766340599,4.95182635976563,-3.0063491184488282
2.6399684431709582,2.2919249782887148,-1.1024056745776178
4.978267458054301,3.2328250673776058,-0.1736903391346858
5.73321948883337,5.446814086959071,-1.9253088233148443
1.0506096816563388,3.3850470015142404,0.46103009853932164
2.189771236889653,1.191943213960903,2.84301128572882
1.5241389336263396,2.2439920964930167,-1.5862655816211082
3.9253862043311814,1.055318918408997,-0.5453971319012769
1.663106375787456,2.0813840485344297,0.6360132916769428
5.380774575487909,0.3609095856085818,-1.4627022030209738
1.0249670632427947,0.5743322187297648,-0.28122733863603644
3.964758203780231,3.7590499831948927,1.8280767902601935
3.627973000259378,3.8321653400486446,-1.2128154744357775
0.33482193233071067,5.665124681592606,-2.0817758034143026
2.2041928467756033,4.252778252842381,-0.8133208088100128
3.2116775960317208,5.616890600050391,1.137301147079846
2.620583259760607,4.048637617212202,0.6641676926502944
5.030264843186392,5.18997381993632,-2.8085604344004795
4.101217788173121,5.296176635344688,1.3925813924346313
5.095326521407002,4.117104023061123,2.6357160067325642
0.34557114514295617,0.5256903684861243,-2.8696911720086886
3.7657206081405836,1.1417174862729425,-2.497347570497955
2.954494138660177,2.4277101565783283,0.9994066381580105
2.9018295742788496,3.962569918233283,-2.8179609920520092
1.993971830600777,0.37864515020526013,-2.964904280618604
5.560765337994512,1.469799409387228,-0.9396640023115896
4.538124040805507,5.566427750406531,1.0065283738714559
4.5293636490103175,1.0356539708739771,0.7167085318958097
3.72559422469238,0.3259823293711579,1.249765166739489
1.834313466473562,1.338081214459989,2.849380640216099
5.273485071145926,2.7156649220663285,-1.4503897442829239
4.116562660779526,1.9061984318892407,-0.34218003678791975
2.8223992501974617,2.8508207789038336,-1.406896206338764
3.816234422398395,0.17394495177134206,2.9404225204398324
5.0929228103788535,4.138203002095185,-1.5862033819966743
5.528776090818013,4.319676126111528,-0.6009108418101743
5.170654476389501,2.9583577957710956,2.636756093486441
1.2292395117844361,3.876656366143684,0.06598604279521547
2.0768490804094606,0.5469257230187887,-2.170176545356349
5.649780013525243,1.5262488941500145,-1.4984894853791042
5.653923884747609,1.128043705234302,1.17871429303527
3.2380630276450946,5.504218750509664,0.6055744116734978
4.231848691559169,4.910195991908821,2.9260773900834636
0.3266833357249881,3.0648051434482,0.534350853358426
4.956761335618,5.066122185374472,0.940872277571918
1.0999136801826415,0.8994685790116423,-0.4896233061267936
2.709022390427211,5.663993233148027,-0.6897491174803729
4.126291279774746,2.5432148067897122,1.9797152607111856
1.2059696164974651,2.2937285383665174,-0.48445395971680405
2.8164587284113116,5.211190160177642,-2.43803682706489
3.207027753437698,0.6948994263715547,0.8352130573644501
4.089028073105177,3.0045776298602904,3.0258901943453864
5.583392802688829,1.2404276852770315,0.33657914284698354
5.3772348029345824,3.005652114716921,-2.7988534163170398
3.9632336252860503,3.600219454886256,1.3583159981817907
0.18381990899630596,1.369648399825304,1.9688681633033251
5.283027913193263,5.1204143359234235,2.12905539266821
2.316466956105486,0.41893061880276505,-2.272996735859659
4.089299994645165,1.1081086631247914,-0.8424966295811958
3.465425321450794,4.076138533620726,-0.06416343829675641
1.477524390405609,3.985944514659296,2.5223271848779847
2.6969319939903404,3.076816222585985,2.880516787303745
1.5051402366925586,3.808482684110425,-1.3184198218231644
5.7978942247203396,1.7527029088888646,1.510897011489675
5.386196476160091,1.480906188744952,-0.9215525522666712
3.8700420393045096,4.896208723581835,0.2614539925749284
2.6284236522459654,0.30577441703733066,2.2336701912841406
2.6085760240651843,4.813652064497851,-1.7434034145399302
4.080376177008191,1.5843491166257153,3.1036526687854655
3.103137766781758,0.9876067896404743,-2.9835203801771097
5.787113644694234,1.532334050109142,-0.8998025978764721
3.2591787895628563,5.061426950009784,-1.9097866812942574
0.7198792767248181,2.437939526083791,-1.2871883802446689
1.9508567647525608,2.225571663470844,-0.4824847965937189
5.494276110664602,1.4470154343169703,-0.8780682742227315
2.316779504788073,3.688453579350972,-1.018814030531328
2.583822465694497,3.1165722767486628,-0.32018502250297587
0.15120221937041478,3.4107950179600794,-1.946191169799048
5.232379716745344,5.080808064409193,-2.636988938706529
4.609322527256549,0.19409516645934022,2.6023714032949217
0.2266255351523796,5.45210992041204,0.7028395811878307
1.0992510389506767,5.425360972585533,2.9512089704222104
1.1440468734255576,3.133529863454706,0.08175902040793481
1.3043782085762308,5.38523846941387,-3.1223009774532677
1.0078480379362584,0.47750096631314487,2.865505002932295
0.8011865939413692,0.7439926831309966,-0.9604274964856665
4.13008449083154,5.748044767982451,-1.8242082761965668
5.822066091959402,4.6717888574975,2.8492592633729545
3.145771517008158,2.25144182951938,-0.9787742311339218
4.492906968660129,0.8520431883851489,-1.2204490436571807
5.735912828722264,2.6723582153186345,2.190090543477564
2.2111341428742666,1.0907443654212845,2.5133483951098965
5.389603488165949,0.5696924907530836,3.1093327983348384
2.9132971469419884,3.7339703466567427,0.9084067158525846
0.9028500819021359,0.6254047011615684,0.2116439035484654
4.0053350930664635,2.0722877447269092,1.660451085840653
4.320391506204774,2.1668926370079484,-1.7729943622991964
5.7352565041906685,4.712136961277813,-0.4661870941267994
1.7406707079182626,0.584208164487152,2.9438989403608122
5.828461693604837,1.7498734468856245,-2.3868420336281457
5.450223736204342,1.019186674235793,-0.9398421916597353
4.103070161062391,2.7267638969969736,0.7383898118479171
0.4636672633823029,1.9645975704237733,2.7900004546505643
0.6074197891857551,0.4775343595767505,0.9662202702651967
5.762077999573323,1.252322794152267,1.1978221908820528
0.501016416760212,1.0372654279288458,0.4514223149844563
5.756519534581143,4.431174292476658,-1.4847681386322045
0.9353844924507129,1.0201297090256018,-2.271710836383729
4.637889447139358,2.5493536036296693,-2.1213752170798656
4.375448591065599,2.558027771975801,0.6855103133218674
5.275156365650968,4.011629889549177,0.5440646101338582
2.8934125182719397,4.034144134219767,-2.2610077940826216
0.47828670503484383,1.9448423694879984,1.4875331351053553
1.301675476929495,3.20230403850272,1.1789001336921636
3.234333539511386,0.4863213826625583,-0.7097187820876765
1.7378973721758468,0.8083083109527756,0.27259563820024857
3.8361135369828725,5.704719337874647,2.2448978850999497
4.43391506978794,1.6764276210999045,0.5891923113404238
4.629390360556193,5.588681805697241,2.057906921003836
1.9108666609707208,1.404049272212548,1.4320000341073165
5.810764121771155,4.495767501111934,-1.9862255998478673
1.0099747620909008,1.1471836186623139,-2.7051555341951317
5.751145018946313,2.633971457175146,-2.641773182165338
3.373786226683489,4.8601184893740665,-0.09429360234023099
5.803796492957078,4.313618603936376,-3.119563114569992
0.6258022817657294,0.28204483131479074,3.1375203916689225
5.471553605785441,5.647787098813708,-0.5825203546207969
3.662818708916734,0.787693114792926,3.0554657824048936
4.3694236448243755,2.1308983894790217,0.7982191583135858
2.5587975178143347,2.9089788255415066,2.4188051319558115
2.8529559558070727,0.33868482019028945,1.2335484080896961
4.16360341474292,0.9518108158880323,2.789956590006452
3.948873061812849,3.246585766705424,0.03849680795411503
4.745757171941189,2.6519108081696263,1.4414328439684558
3.133545623103693,2.0545061048510584,2.5797743199570675
2.636684008075777,4.803676892279817,-2.2986413485608574
3.534530071402048,0.9648319677903552,2.2286699899703013
5.335454538701476,3.0878143436967065,-1.879165025938494
3.638915025177133,0.9391897641557596,-2.530412046923078
5.32407257154135,5.491429119883726,-1.0592610420518476
2.3294910386901604,1.3389984672425794,-1.8959219757881751
4.001279731008859,4.2061550862880175,2.6088117209818975
4.912104746426126,3.035639838990404,2.038496437959637
5.334187545393617,4.912680174495897,3.140681042466369
3.9906842536879106,2.997424901596525,-0.7713009321938795
1.0094599576658756,1.2686692567715798,-2.71185637104785
5.732717158401338,3.9680178042362533,2.5427888292526584
3.8785609175210416,2.4135265828511194,-1.7795663213983068
0.9732735216613231,5.138526910995988,2.047106274428141
1.4001183403455286,3.764652032059222,0.009564610493277392
3.0576164325517174,2.2497193467083587,-2.2392360413035
3.519560649225821,3.7432811822540675,-0.0759018581941997
3.770872029409695,0.26126346624116237,2.256265931098393
2.5377152002903087,5.134017951242688,-1.6006610186156833
0.40689953352272634,2.189630198507247,1.6441930247652259
0.9645203776261655,5.660703353994283,-0.893476398531555
2.5750578126585184,5.144806623071325,1.3025606182918033
5.527318587193903,1.2549786230318174,1.2819400890456034
1.022949359555267,0.7007928396011236,0.7883421210710981
5.7653306196543195,2.5338317007511018,1.9431880130286547
4.4834808658962535,3.221236516247189,-1.735902768969239
3.6136772464051985,3.779677476388713,-2.9334958465218413
2.0325891749492295,1.070403850701894,-2.1883223008668944
2.19498095522691,0.9095315413918315,0.229597599946346
3.1992179117873594,3.8377352486567142,0.09643154030546075
5.260873331575438,4.712945158257186,0.6083753802051715
2.9942940177775426,2.067702564592009,-0.4522287823756659
3.084725745531551,3.7719580602102747,-3.075359738693593
4.22969978492289,1.6617246391887188,0.07793370281414269
5.831891321489025,4.17561790540281,2.6482517227471822
3.7579182479209443,0.9103018883558853,0.9850041811140562
5.836869314056132,5.0562918219422395,-1.443509834839964
1.0122194227879378,4.014023752558337,1.4950937634184127
3.924926733815041,0.9032897239295359,-2.4886315336751754
2.7866151722890007,5.263561912599717,3.0954910989864883
5.523674279291123,1.4076324186756821,-2.4163829563561365
5.057775605800954,5.436253538609509,2.6315910175154658
2.7043242197482593,2.1098494561434626,-3.04827894321543
1.772847380689228,1.003708798754509,0.9192942386653415
2.792240213661879,4.8414090589144685,-0.1295686532327056
5.2085876072982735,4.4256943315012585,1.0899135241117541
5.814326986961193,5.688602665716512,2.3580626465573378
3.87778868792201,2.280911104467371,0.9913869970132092
3.791665067409423,5.615734656399099,-1.8847771242585316
1.0064929126016675,5.542896979640472,2.770889740748787
1.6902042354385256,0.8524709007518023,-1.0311344639611426
0.7192088099367695,0.8044444472667958,-2.0114238281839487
5.820977725154763,3.7757973455658607,2.9797682789090336
2.9831892608094206,1.2774450236198875,0.2205991465891759
0.34954700843518327,0.5755857835580955,0.36635582606969574
1.440988208152464,4.436310510338625,-0.8987803515795525
1.2239976698964483,3.6211831483905748,1.7063988547182252
5.122475874028341,5.815883112784011,-2.1606029675206213
3.7488119744315678,5.154355570366145,-0.6372626106823449
2.6576221954005934,2.2215929339315066,1.7872981917056388
5.577759548739028,3.0713635075182864,-2.793907081065149
4.865832318628225,5.639078127355348,-2.878821947199028
4.300040388883728,2.3729537970343424,2.593148164815009
2.2799289231092024,0.27470655023261736,2.433133054270037
1.0309623937994095,4.070911527420641,0.23609992039847594
1.1430150020011594,5.754630662587251,0.09832456401500345
5.800619805546222,0.35322423472952824,0.23589963753753906
3.9129182020839686,3.7705179703631666,-0.05259450358901008
5.704752735428686,5.553469498915725,2.6054361079918396
1.4625043723485114,3.3402477425878723,0.7782456926677654
3.8498502499181235,1.2330882545456217,-0.5452190339190581
5.141980692123848,2.8511619488337145,-0.4082645828897027
1.1206600127851545,0.2772647810132698,0.05813992136701884
1.0366917123338997,4.965221741897305,-2.4997366423410328
1.2621924070560973,2.2445738290952986,-2.471187446082444
5.239427069965761,5.67576958106938,2.5928970582592488
4.4090259273022685,2.4042546341284057,2.526466133414708
5.0260034736457495,3.197103966759838,-2.614909099048485
1.5861342877162368,1.1594047484257222,1.9138196072995939
0.27880637873709246,4.286127018769034,0.9233082385961451
0.7359780943527767,0.43359373425339465,-0.9540115594707936
0.6086004634162936,2.4015096175273474,-0.6277158141019843
2.8637463916832635,5.400859269401345,0.18550087012252892
2.5118026711169694,4.83333686076308,1.6145471421423796
1.845835472365297,1.3514210314006567,0.8073152259322365
5.142848064057016,2.648409499721391,-3.0264768567246287
0.2469456531540779,1.2402064278675848,1.2993489983003679
0.2928822775114637,1.0255228320124636,2.383679968655822
3.558925718299829,5.350572200200711,-2.9576927595498645
1.2394759570195948,4.458131536335236,2.5996051071351465
4.7137642491281975,4.983315436414706,1.226135423754556
2.7409774020256767,4.205804265925633,-2.053740432558028
5.005425530739489,5.146791478666014,-2.572306722936447
2.8608926404104316,5.584941470506568,-1.7199309683268416
1.1443268467616883,3.8432713662291293,-2.6012867441486627
5.778207643805904,5.796796591067219,0.661692823846717
5.500639320304014,0.6767733413857426,1.5306121308473637
5.6773742948998684,0.22981560797593836,2.025210176812365
3.4493836090672754,0.7501541677494585,-3.123959751693773
2.982831014572512,1.4424644002315532,-1.578986517777887
1.179080729557381,4.907583132684267,0.9990980003506671
1.1559206964507938,4.25313855282629,-1.6159301816292622
1.834932974376653,0.9265929009527365,-2.61637510882812
3.6586798639983447,5.196788455776092,0.798554062995358
5.257544775491534,4.92378928937595,0.3245726590534508
0.5176060504243611,0.2673429803938079,-1.7138749431493976
0.8041639945609937,0.9774651747063954,-2.50775057980707
0.34103753575219353,0.39956957855802444,0.7664551415109959
5.667196593357541,2.975961923200813,1.4630308002083297
0.29800520494236094,1.1991446170234836,-1.4730771999859138
5.599277870776744,4.879040247170261,-0.5707185905880019
1.2520384672211184,4.502670407677671,-0.6517345671034107
1.550067168883122,0.3524283206636927,0.8631039590853975
5.203826431790641,3.909321383101849,2.504186230744277
1.49181814908731,2.0747068177788814,-0.21117581055337986
4.845523382585808,4.4854494121936,1.472917463578372
3.420331083839687,4.09610518023204,-1.4031345188809539
5.184336089947692,5.136137543022713,1.2965511519961375
3.0050565376147067,2.105301108097562,-1.5582482721682096
3.6439957708879263,0.18698693087875817,-2.0608449409493796
2.124666876998173,3.0701213983638747,-0.4418303272199742
5.583475229541143,3.0019410780362055,1.7092161777519816
0.956888592777887,3.7207673748187573,0.7004346350482549
5.2398967812391675,1.468171342942226,-0.16998623755249476
4.100926428151158,4.888514605798292,1.4429868827825176
0.2974705678859413,0.44219084293448674,-0.7526794971904827
4.448592451584813,0.5900067090537215,-0.35187215956259443
1.808222763275685,3.2402603540540746,-3.1157713442900934
5.271329428770893,5.003182412841292,-0.407058015775966
3.0048905328929925,0.8738070318479689,0.5047454910973057
4.107760872284608,2.336382301800291,-1.0014351742929177
4.136812602246658,5.60534238410149,-2.3934772106355644
5.198400034602667,1.278818451166443,2.4502282113048937
1.276797580575653,0.7289641622499794,-0.8577598895181113
1.362007241122582,4.159263439858604,0.18390695311481764
1.5074482248817065,0.410687028875784,0.13789023476679407
0.3362477133109518,5.224970153860605,1.2694021696733992
5.367317227147475,4.768790719507885,-0.7777095497169046
5.598798540819173,4.979864165514934,3.1007115798599614
0.20725589112999132,4.1268636222542305,2.3472378701451344
4.698289910876243,5.22261277648913,0.27604763074953054
1.2241081850362,3.237221044952596,-1.1130621225063186
3.731151080327238,4.143838260137705,-2.583257050597501
5.819762237047712,1.0140082464555773,-2.105260693898911
4.247599682763566,2.615548645857727,1.3460142929709278
3.9481541222089964,5.283493337352006,-1.359134469686746
1.1441935657453355,4.695746641820739,0.6238554071696507
1.4895195072140959,3.8970484731848334,1.0158066376679677
5.7185860599750145,4.753692074991428,-1.5089104650682659
2.5009689015191165,0.425089201973319,-0.9808876458574178
4.182697249312486,5.582694910469215,2.394752486523865
3.1973903404995383,5.1509042416239135,-0.4488963495470246
0.32415820145025287,4.659271298779163,0.8964588660626571
4.564766530012816,0.42315731180459615,0.5513189585980101
4.123668139369053,4.211851024384365,-2.2130103842272755
4.921273994151372,2.4657693830407466,-2.7179775748992068
2.692445324246507,2.471819027498094,-1.1165438225954087
4.723392202046958,2.863787524191358,1.7135060793657049
0.18239677304594193,3.153759943452222,2.2829754612405058
4.042780602267175,4.110313690265405,-1.4254556228597024
4.863869528083497,0.25527716845236803,-1.3531945046781713
0.9324688898629268,2.3078054085436146,-2.858414066348411
1.2589693474400703,1.2917120836671778,-2.9460706747623027
3.6864356575708355,3.987847022899871,1.9310714642070312
0.9838736871465354,1.1309604057829277,2.950360298860872
3.0931803203746693,0.8469417466764544,-1.349779063606815
4.894115336217844,5.0058321262542735,1.3892531353114492
3.1427648100583463,2.6525698803242213,-2.159581750498214
5.545605754252964,1.5779158100467652,0.4082344833554137
4.113592736960072,1.8568410107979283,2.737734850693255
2.9525781025491398,3.7070552623740207,-3.1183947107252226
3.133342213624175,0.4256099821317103,3.0190607555136832
3.9896481962960033,3.1944078118324555,0.08077524115696733
2.2050479868960484,0.7935443477135966,0.1635573466717415
1.4439510341885693,2.227394548598828,-0.8849384186584834
5.6916902665908475,3.770593400456434,0.8465209450424762
2.6190831038570126,5.193188182719579,0.6192392132788065
4.347506346280646,1.0886086685000824,0.8587910059696533
1.9226366458317499,0.6705304249533035,0.21880091860647477
2.912146209411621,5.707593981783096,-2.7757545647266606
4.786729576605385,2.6438500648821908,-1.9145571125366407
4.4551344266704795,2.2994762284587,0.4146881333444834
4.472647958209037,1.060098935473682,0.7223373550957
3.6614036451229413,4.212331922520721,-1.842586290406799
4.5147211526348325,5.711638459819301,-1.3897723734683198
5.368094540441372,5.6131729830102985,1.8023747184624996
5.687992305120849,3.891167279272479,1.1443300495419297
5.416109936825535,2.999365457365049,0.043814068550168894
0.23033583666892898,0.4723327140705351,-1.866142080328478
5.700855187523647,1.8509410562589446,-2.030113467456824
3.1159886787712585,3.7691104770906394,-0.9534252597481974
4.873144189519018,5.162423773028584,2.215452158703947
5.555968579325574,2.975419674759062,1.4997885070551904
0.9153887732629604,2.093161826164316,2.812332595238755
2.712678133042856,0.24641084418842807,-1.1451590116641812
1.4875016426651826,2.174506638928542,0.9315454021305314
1.4937105281915593,3.5924297534650758,-2.6760678186515534
5.745067512056492,4.0584859134111735,-2.738228114760112
2.83695476233426,4.946858447127077,1.4943123420865554
4.8774146960123135,4.519936867911754,0.06959607677090851
1.553955922278412,1.337916222948976,-1.1197131359667374
4.966237517942054,0.29495916852091497,-1.4843836485231772
0.3880466646125933,2.37217919998208,-1.5140575218486503
0.6975969614419766,0.7086408884163633,-1.1235626499539348
0.2571393830179858,2.5761758992605053,1.5143525992732325
1.0673980304293824,1.1838115395376816,-1.088795824957149
1.406948058284672,1.136930987609593,-3.1381518194150364
2.693307007043705,0.44188547308666504,-1.0237314051499475
5.242396076484376,1.2650652333092836,-2.161894150443996
2.7189789915435103,3.228035954438047,-1.6912487511715726
1.6888004358892525,0.4469730367917226,-2.4383994559450977
1.1245256902717646,3.118293070960406,-0.25412656488784524
2.9694087925055244,0.5409631541762137,1.5556122432987216
5.656697763085772,3.293359425470027,0.4169204448405357
1.549036048676545,3.6680526810480947,1.3591718659998397
3.3919995649236725,4.158902413180559,1.134857610504743
3.9036657588363255,5.555777638341204,2.0222335308969193
3.5308454492213768,5.1754877080352255,-1.2360428029239567
1.1748568608795693,4.634354187305362,1.4857416637657472
3.7227876664934305,0.7368463712850453,0.32890924182081616
3.195986934032148,2.1433219906782144,-1.4995647970964348
2.5110907938811975,2.6966402526918767,1.8675170488471577
1.6208554714691814,0.45744075699345044,-1.4091518341328915
3.2766910020296356,5.155546319500976,-0.5150093781142626
4.027991037670029,1.448030055317262,2.283582827975506
5.759997014315902,3.3747657410689857,-2.3079551455045304
4.903142341808078,2.5186890553549697,2.7639727546938397
0.42884865523293136,1.344850631947334,0.47806942422435617
2.0482403749725315,2.0659168631887197,-2.277655343594033
5.064789716724558,4.802223482128827,-2.636642205015972
5.318801267112528,5.157533545002229,-0.42551510063371234
1.4512926990344792,0.5748021500173028,1.6542540313521634
4.962966136990206,5.3432966664685,-2.725579510004646
4.766215677719682,5.151440362932263,0.7841488619017007
1.4420749145314147,3.6638677852557673,-0.2672185202972912
3.139914056862699,3.8321839417988937,-2.3135168120827863
1.3059352540977491,4.772136512900056,1.8859119138646463
4.38709835117969,0.6875603895132463,1.7327377090737084
5.000582450973694,2.650566209252825,-2.736822153766844
3.8504250505442776,3.090171601924177,-0.31022164308403166
0.9047144477770563,0.4841694309926985,-2.6236367400035796
1.0487448788843412,0.9380970288803909,-1.353725685919805
4.8446415770326565,4.157738102142098,2.952872151845355
4.723593138900361,5.818212852696997,-0.8324323143460819
1.1854648059946866,4.802227875250194,-2.4443253104914504
1.0358121626663965,4.42002186335265,-0.6813772574171262
5.575296685758715,0.2604742627522483,1.4080910026152935
3.080229558322836,2.0958598686221848,0.9077212214312551
3.210633828560583,4.9026403145673045,1.9157338254940246
2.164590722998427,5.571669907323057,-0.16457029528379508
2.789444658402668,2.0622275654120603,-2.468591114045364
0.34503577491942417,1.629077939985047,2.0350826297142905
1.4840596265328703,4.445698253829516,-1.4043876029167963
3.9734073480679415,0.4448993859066015,-2.0297265808609737
4.8105053492544405,4.558305607274654,1.0880545630142553
4.2037433341807775,1.227632263837962,-1.4096028285013131
2.1428424700911215,3.249747526805836,-1.1601904787900774
3.403117664892278,4.165734068258672,2.2725968859918053
5.677195259300029,0.8628285400593161,-2.725204789051497
4.204001566639867,5.832540402186126,-0.970276490591635
3.3721011824030827,3.948728563853866,0.8739203970793463
4.0370427698478135,4.17699747504364,-0.9477764633213837
3.1156003569922817,1.5529201169499227,-0.47995397347622903
5.465051609343254,5.3506250767091785,1.1346932396728269
1.0230977617635677,0.3765285832044798,1.8739764884097374
2.1270456178377293,0.9126242090591055,0.6015754088470273
5.739691065392971,2.154634390908411,-1.3235738461030917
4.012783469040749,5.598778409719255,2.7041879894872496
3.906029170484411,2.688167459983851,-2.8064001019511373
3.1571785928375733,5.0072270060604005,1.6036823041508397
5.697010935359176,2.2260353853577817,0.416897306744064
3.248012320665555,2.0785812590468615,-1.9153725088387938
5.127367584006915,4.063854358671247,2.4621366381279257
4.1776811318896065,2.114635550413147,0.03630910810425192
4.2981384001365734,1.7612315038228676,-1.8298516114246959
0.28427582904902593,1.261195335735575,1.6543019141580135
4.175046762279167,5.452417675982825,-0.16771945206627636
1.2040452828019348,4.704712598348312,3.070532999163901
1.8744772970819725,0.30497169304747307,2.5223622580855904
4.894274153936452,5.717608591762324,-0.6885427786455613
3.0330644217128837,3.0104881411202813,1.3428452678589409
2.7841560686507387,2.8556256969368254,-0.3565726199311605
2.0672041707786946,0.6685399311163358,2.7869151274687063
5.229298707624858,1.276262757718813,-0.614954126072631
0.34362978981711656,0.2700861101240375,1.6099386406034535
1.749498371092084,0.984842968642369,-2.7738260392247542
0.44835517883170706,0.5904607036771159,-2.619822357872742
0.21533191458290135,0.6339721482758698,-0.2140501900472329
5.0994298144726145,5.311384928139886,-1.7058541631810833
5.6539033593362396,3.3610747528238565,-0.9819622870085793
4.96013012358679,3.2414672629122876,-0.9729727275889228
4.068108872105802,2.3515863100839773,2.712976400788971
4.433374086166895,5.241623748028431,2.622595175450102
4.232446942840054,1.8689085728842658,-3.087546375430842
4.470319361484023,2.338729245346573,-2.2367259137365
1.4339007514770825,5.36395873751263,-2.382056504790393
2.3118995632412354,0.6004943517681316,1.8728506428792926
2.3122895116462097,0.41355534965874075,2.6445258925285637
2.683841348763861,0.511648983142625,2.500463046766775
4.464783916777115,0.6251977032924549,0.896091818990203
0.9642091433225581,5.276536618706363,0.16943961010245712
2.3288592262289276,0.7937603343039188,-3.0491400332022196
2.4836953427652313,2.7410535434660543,2.1851025404890754
2.1455620743525663,0.21953868046647362,1.2718977277470032
5.092301335525646,2.4231887142669875,2.037774905269936
2.7178339889349497,4.305150466449943,0.5856015482351351
4.490789548569824,5.126525978552175,2.629350007193141
2.7475776014102227,5.722289274975189,3.0446864747819475
2.5063267295235905,4.738268156520173,-0.375283958950428
5.647762249412475,1.4767978641647153,0.26750479582464726
1.4419136962098074,3.52625850093839,-1.589420290626922
4.644327584427162,3.048910490994776,-1.0530884347894869
4.333290894407655,5.132665236630255,1.9805496667364197
4.401427548766659,1.8200673835924206,1.4441986679056722
3.4207653965674725,0.7924544665911912,0.37396311053952935
1.3374201462051494,3.2601247214975206,-2.879982463241399
2.5394183606960437,3.566807794794328,1.3571681697755817
3.964006012482149,2.6809579104892656,-1.677721789299983
0.4438252800064133,1.9967979828383722,0.08742345686885766
5.579658925841171,5.730635532182841,1.8111939822259195
2.1542857599466667,3.567030396233756,-2.6266334233193054
5.165431932478706,3.0476728215416937,1.9373817563732034
2.0684815923244115,2.4336414375530264,2.422191395031141
4.697167502604975,5.108100786708585,-1.093245135019965
3.0448097961516556,0.7535472019538278,-0.6909560810467847
3.23343388241301,1.458769896677585,-2.8585250765300803
2.366104885017132,4.133000884438179,0.16959879947798617
1.432593866938502,4.530259365819187,0.43682289378104455
5.7460862265676065,3.114010889753368,-0.46320717458361527
5.434815062490931,2.2627876758697427,1.5475368554663662
3.575219324315206,5.756270079499191,-2.6721674007423526
2.99401015113052,0.36691435925095184,1.097353141648009
1.7117837822677422,0.2855364411867174,1.8493319459874007
4.6814224457542055,5.5252605881958345,-0.4297932278100012
5.245195059064314,0.38381945503411674,0.30785595928052345
0.23399548655708147,3.919024522713588,1.2060780880864552
0.28267992586304347,0.7089456163176044,1.5587782833139263
1.3523770305018195,4.588763140007818,1.032546833008782
5.7544273571780575,3.18425596841027,-1.7461013163603074
5.621511890032732,1.479396390282907,-2.9621454929086415
5.329363329664178,1.800198977189725,0.2699301956229734
2.1009819210782914,0.9586064042899087,0.38807241205125553
4.153579035523496,4.864844168519225,-2.1874826042892472
1.2952299997506542,0.9336462122097893,2.90653261161724
0.7841069484104146,0.3731587544936845,2.2486079863801542
2.1969866985963558,1.4132610479736578,-0.7988384803266682
5.522739681089398,5.255736187427791,-0.20330354261667427
1.5183282311901263,0.19238928445351466,1.015714286333293
3.092337825872569,1.3607556914564085,0.025757609675694404
1.729029817620552,2.1257741219923494,0.7180880984061426
1.153237711258985,5.351710610639733,-1.7521405126028284
5.2954530609672945,5.307890726873765,2.2339588415988736
3.117006363609118,4.22873888145344,1.9175011696285456
1.5962555517877506,3.3339942099371727,1.4611309205601586
0.9716461835462615,4.038004238919866,2.7515886216684837
1.9400848809955384,1.1665045259783362,2.0596913043593634
3.299382223022101,3.703501701156899,1.9743381133114442
5.218713347199158,2.2753723091305806,-2.042146807759932
2.589207487023705,5.401674734936247,1.8845336188938742
1.4103099848764775,5.584791418322553,2.255374239849976
1.7368661421042288,0.867652179536123,1.3023699719272122
1.794021766622927,0.6761861616712885,-1.2667084485213949
2.0134528203078603,0.4617928831345868,1.506334569164844
0.2132115215229362,4.4157873366387514,-1.1691217961572127
0.9144091879717566,0.834651279414971,-0.09727496870252317
5.278259967238563,2.665023318289515,-1.879385095156241
3.867933563588263,3.401172723259,2.1332125202436645
0.28314147877426676,1.1801308813815505,-1.0393977394539697
1.8929850500174414,0.43461827676219844,1.1538978123089958
1.4867680452617513,2.2249660767175876,2.594101093429055
1.3851575649163683,1.4164397683498045,2.9083920293882777
5.839969907507286,0.7489142818407422,1.9977348567724516
2.1653348313875895,2.1334625312338167,1.3343479063076957
5.453716240043565,5.714819584328034,2.448015743686466
4.936217579550723,4.975733013918438,-1.2941858641450532
5.1316912583873995,4.162897412462224,-2.6402951926713643
3.701993948401455,1.0800766204857144,-1.3234539735676392
2.9078195400487674,5.54529359464801,0.3846444422746709
2.0265323063230567,0.39621351093668244,1.1779127581098292
5.686834560470653,3.875416440794229,-2.658584925519233
0.32167819614682025,5.467380333417658,1.3035492786037937
4.066536433987567,2.189930801636458,2.781972842710843
5.666211797641989,3.1866075059277654,1.0150925145646124
0.5500796009632656,0.3846833203625244,2.8753663503652795
5.339520907817822,5.141849495057076,-2.032116606048866
2.4285442738467555,4.5592535062185835,-1.8608375730565705
5.175324386977053,2.8808077584698384,3.13308580844053
0.361559519798498,0.6920180416821553,-0.049539738399198896
0.4162727420096939,1.0549289242558622,-2.994424102062926
5.268230651374056,2.2959005596836306,-0.3197424399656068
3.1730903607854746,1.2846776456592086,-0.089026591023452
0.3119932244372601,1.3421953821514172,0.09461112251158621
0.5523148285610042,1.941266979775452,1.5898858975036916
1.1565906392306795,3.5221994542953228,2.3414003958122542
1.4998149742583073,2.189170842555586,0.5683087068533679
3.7586971690292534,3.970018427563684,-0.5213779653155397
0.3079849155755965,0.6824123053320927,-0.4253910347955441
5.727380881777279,3.505595447643283,-2.4254066428167027
2.6562159318623193,0.47769579352371605,0.3808583689735823
5.7278754960338745,4.631957434155376,1.0144087123315435
1.303578371713338,4.2417212410262035,1.3955277947099667
0.24697424352317143,0.8744290852277379,0.5771859098354319
2.05987547435718,0.6787739747492134,1.603692825031576
1.2842049724546758,5.120808126885471,0.4364607741430251
3.993160337183295,1.2010954757568808,2.7325396074647026
4.248394066371477,0.989215361966244,-0.027289657514589116
2.1931487109500694,5.085527804518916,0.2297148663328139
1.2862552455257257,2.2907095473187917,2.197519631462871
0.3268935076676256,0.8046687153978098,-1.704332881534068
5.254697883847459,5.413058963376148,2.940002584614877
1.0118620986031674,3.7210314009932537,2.041912604126898
1.4177600234868966,3.5779135420245267,1.648580994105754
1.8809560205146425,2.1169989000070357,1.1175920357337157
1.352272126476936,0.4191597694681026,-2.712807778189633
1.2253390486530387,1.394126912414957,-1.3791369387783574
0.3214515613171871,2.1587090607753847,-2.7673326611940587
2.3086586118111168,4.344268491951204,-0.5831134152204851
0.18635200063307966,3.37860767016768,1.6371544959157855
2.4423086263270966,5.468728856722569,2.3139963054829398
4.8171400145845515,0.16682913837442226,-0.03396013679781307
3.187383805408561,1.4138795760640344,1.4265269381316488
1.5775646392756455,0.26619702437947,0.5053141970825656
3.6662371751597123,0.4793599687781658,3.07503558976737
1.1589955189531727,3.367252859140972,1.6977380763296974
2.6773394548465275,2.634134299725119,-0.24407200313731048
0.29915297190511936,2.400145546757095,-2.8888929960311027
2.555631669473242,3.726313154306826,-0.6085000614550649
0.8160388683677124,1.121670048518013,3.0933767867820396
0.42647472118539875,1.6973525522647934,-1.4136896599527768
5.630878441103596,0.961001075844002,1.1256273510927075
1.265593121491699,4.5829910314053945,1.5274196335657209
4.151051684144557,4.922863380536139,-1.2639880660508187
3.9108879550491293,1.105618028489301,-2.978521915528689
1.9568490931211127,0.689689400978788,2.6956623746260933
4.676461936059281,5.521128919730954,1.308093150494554
5.729278563008861,5.563593778133848,1.4041913315727088
2.751466708185837,4.335077956620071,-2.878707014893687
3.4461737607966914,0.9730728868508496,0.456110674340906
4.247780357227576,5.016885856604772,-0.7841026241577373
2.950270120402479,1.1887016805842328,1.5357106155206761
5.427258774077386,5.030735795326896,2.6890171676479433
5.676392311275402,1.5170608509069794,1.3881767920281831
0.19278952663756943,0.4617630333427758,2.022915140776184
0.15427084186168716,0.7538412162981081,1.989430396174419
0.16122068136764,0.1786712386936571,0.9086752194699184
2.2079018686079483,0.41069909244221314,0.6467993411186863
2.9678394229256235,2.112496620110824,-1.0506522101940767
4.34735878178696,1.3106461408684416,1.4259075367818674
2.5875692605718146,3.4028885782379925,0.3312095232743051
5.676616850468818,2.623790229828212,1.8775778394724156
1.991972647298592,2.385286494793492,-2.194602560145656
5.50871939499229,1.539214532925043,-2.8296035409210267
3.6316173068364677,0.6688114924460837,-0.3117848554856
4.8366085196705875,4.904127363393769,1.4213767995131619
0.25756293539504704,2.384269952682744,-3.0641365859351533
5.331155336274632,0.4824605826574362,-1.910709348488476
5.506041257320926,0.7972962522504221,-1.5083797748754353
1.4091724796762595,4.887492707627344,2.705911730065118
1.9969492919354472,0.8985278576828715,1.259424946343012
3.9767514660239724,4.906295486010183,-2.479424669330705
4.252176865957061,4.906073379743505,-1.6766196793809072
2.4667017500450297,3.1467741166534546,-2.6466746358165882
0.3877284156576961,1.2620490533909827,2.24401945337541
2.171016358470524,2.3334482430140397,2.476213858519479
5.535946763049797,1.830332594131091,1.4856002429829651
5.528249171915183,1.7803285151500576,0.37260555965559305
3.813977759880851,0.18131755304010144,2.0135946620931877
0.9991372371912883,0.5727749100426878,-1.8573928763472587
2.6811729919249734,2.6446549131007018,2.2493090955498705
2.555605231436801,2.2362377456100813,-0.6700847816565059
2.6367871829826153,4.959783057189864,3.1271659336818436
5.654740282491887,2.294017405388187,-0.9822758155686424
2.0492102208618173,1.0837920188232324,1.2502013605504043
5.574531734244577,2.522293122316105,-0.9074919525954588
1.1107915563403734,4.656713221551488,-1.647549845960807
3.5138834173166003,5.145816054234318,1.537481838701944
3.0875861932622373,0.4738114059253473,1.8968699340400397
2.145233033648216,3.1014986563413123,1.5172201465392465
3.2144563228794674,1.927814250929805,2.9120460873364475
5.4694540827644635,3.229114281283164,2.539846310469673
2.938536761167111,5.847093338588566,0.6143863458042254
5.729697562106343,1.9625227569567087,2.4086449009428446
2.9857647655935233,1.5861648089991631,-0.2703347145313093
4.17643860536682,1.7987112713193882,-0.10508828096228706
0.3291044026744874,1.9698093504950391,2.591257165572462
0.34428546064962706,2.1835992037940777,1.9871964103712276
3.0557298850770804,4.240787469897601,-1.0598710956577237
2.732749023897404,4.1367328424945375,2.3882713010349184
4.3364452111580825,2.6626404301395423,0.9801084111958138
5.675812237398603,0.33241235481081444,-2.3364184336855147
5.238552908270714,4.974234435660512,-0.7018861667387215
3.867772254106134,1.2764868186813347,-2.1582044749191702
0.9331728470156455,0.5114579221078477,-0.03451188530385174
4.496044448957462,2.494071486099256,-1.837847629738541
1.87969163480266,0.6914176818944744,1.7859144114516354
5.375895598920216,4.797177383756621,-0.1505067290891393
2.9052527125876586,2.244673903441444,2.408006371966491
5.449724654320347,1.630797554005408,-1.7081274421833268
0.8377222672443494,1.301169369790655,0.23655739995134395
2.8562094875672743,5.329312055799946,2.8076918459616866
1.9310771986607191,0.3114991199644346,1.0364572460739767
4.345597132874031,2.1235222135276373,1.5128202678242193
0.9315473017788045,0.6244135888959776,0.7634629770537371
5.335476417241731,1.5824505867313634,-2.6796948920812578
3.7555092701287833,5.175843184557013,-1.9968365651760438
1.1477865719408862,4.106414511184422,2.0254977487782124
3.954173359271973,3.9977166816894814,-1.7903904463873508
5.406764695388309,2.050289278010352,1.61632693230702
2.163800338415541,4.688365162646068,-1.1796337714379714
5.53091032986472,2.723129993609672,2.3635219036821997
4.483716747518298,2.466981660478319,-0.4181362588423134
4.3989072485042335,4.903182990448826,-2.699199975277543
5.147691076030841,2.9474844953137884,-1.6635255536164348
2.440570363444513,4.223224874850685,3.005777506394426
4.746760889648656,3.1662204417782145,-2.0310130036443264
4.407456827260049,4.90129090593577,2.034950944662355
0.2601302321607408,3.074759630204057,-2.7088749268935555
1.3475162017773066,0.17417570619401723,0.8232263073580643
3.8373483479835055,5.293834050664663,0.3873192581514764
0.7982588399620687,2.1234399589272956,-1.9167163287712758
4.728500346701471,5.579916420868033,-0.8151406515504873
2.9863278946816045,2.127417450190096,-2.682537773139389
5.071161581941619,2.8705756347105664,-2.162021024577511
4.4009196570349935,2.0106665096327823,-1.0521673977620036
1.0113123976743537,3.9914197457318283,2.98194259065498
4.183219250145839,0.6790212118061054,-2.1839704313353767
5.285347844315181,4.440542716031894,2.3799531294255134
2.4026468942954056,3.178728381110528,-2.620698367857835
1.2262235188810608,0.2879016341928986,0.821517655994918
1.1553262849262529,5.805947736445162,2.456446354480903
5.820675262891916,3.086579061078215,-2.36345094061232
0.6641920893226643,0.45841660800230555,-3.085497077930125
1.0254540131438372,1.0676606270390447,-0.0184553729553234
4.140829510955465,1.5486299548713933,1.9068522344189018
2.758941139831655,5.705941019964321,-0.4248401348603026
5.825949387275557,4.865374024703269,-0.6288811410100861
5.841211550210732,2.9847760492139113,3.0658568911221247
3.9453858439262532,3.3101036118205673,-0.16184065106945456
4.497358796532726,5.470373191587032,2.422874238584914
3.0863826592844186,5.6529021213909,0.6419218951147734
5.785658227766314,0.6761716829390334,2.4628822755219515
2.03339714528925,1.0474059328723193,-0.3850569397367085
1.0792459318147214,2.3695114103605794,-2.6530614048921537
2.2269167414104167,3.4023783556604736,-2.650954019988449
1.2235703816756187,2.156702298151547,-2.666060183503749
0.15021650256265318,3.1696947500632904,-1.1533657117659444
5.666911537042166,3.6231976126856313,-1.7708174941227155
0.28693138177382527,2.6031240968904976,-1.658670515417298
1.4833123600814082,0.638547275893768,2.8820883259737293
3.8721083930169193,0.9596911491249067,-0.6639057263272719
5.559010806638188,1.1817408841333752,-0.8915555706718412
4.475901555035688,5.1874752968157045,0.8681496823117962
5.59133546919266,4.817462965617237,2.704176904955376
0.9637608863777773,3.0984520321241145,2.618223363421154
1.0897922582570785,5.5776470194687455,2.601241593152391
5.656403540324794,5.2563671723601075,-0.5919937388208121
5.562996038974106,0.47456733336236745,0.9844514762103422
3.1368562586616635,4.0875827289548825,-1.2524568757127474
5.413755637224486,0.9655916170107468,0.2248204680148076
0.9164290696898956,0.8132142611429276,-2.6261895569588094
4.113180774987975,0.8570172650280647,-1.6147243790049053
3.0546316634989608,5.6823563748707056,2.4078031392085517
4.620928914555494,5.530811633168389,0.32646970064590874
4.494340869330421,4.894880614267663,2.0183283587894048
3.9798849247156065,5.327563319944326,3.0124041865126427
3.3930311981381607,4.901473087287749,-0.8823669508710599
2.8828373715915063,5.6372229189468275,-2.642126250976106
3.8982779110507018,1.1461972258230122,2.317961149211844
5.546615233089529,0.8294668306261284,2.6848489155403827
4.282389539846648,1.6451217520183552,-1.7756595706169802
1.8343165174538651,0.2637881911993569,-2.8080333425841304
5.271420382290043,5.78211702809663,-0.7612442440962197
4.907347990684964,4.487776995730387,0.24011007605028833
2.691445637548785,4.410648946627026,0.08651859905201853
3.3542565965461333,0.5748326492057576,-0.8696696482929327
1.53493697190373,2.2914777324586812,-0.019018184001056593
3.751278944155688,5.314159400495587,-2.365351152854529
2.988078661769296,2.189754433643099,2.2210447324179823
1.6409017002768365,0.6291424538749895,0.7811206517942266
4.05029644637749,2.615514004841488,2.448059900149847
5.540552167817269,5.331432599704867,2.9819904625119777
3.9302860540988984,3.6882606167622534,-1.229994741708518
4.027769138663926,1.000402958300954,0.3418569528330351
1.9893666460875248,2.1147049114304632,0.6915493535579333
5.760283438898481,2.9300955902260073,-2.1466923086384035
1.4281026827762537,3.666674376490218,0.007848752580047691
4.422901821718278,2.970814803492809,-0.7016981323504465
0.3439970007491904,5.425856633151968,-2.0850652911321497
3.916628894107596,3.413567582280984,-0.7309334970088437
0.45652672420143414,0.5935109184255756,1.131477144416582
2.2737872443703675,1.1485985654787296,-1.8243598183910448
2.7229712844931235,3.6195487477464363,-0.06115513096579672
3.5480668037750926,4.978034256865394,3.0255802188318768
0.3323670665154239,3.4108370677119684,-0.7821703140852083
0.6943048291238036,2.0688699617863078,0.622400717113579
3.0787929710429616,0.9348227910189044,2.569282298795291
4.5540580418697205,2.4558333063168205,1.5917453044453493
0.2463491559254669,3.319272022708362,-0.6283119643223367
5.294545291908402,3.9748023120799916,1.8448079718036459
1.5637935341887925,1.3942487695815136,1.6348844573126176
2.707185547894456,3.699794555877321,2.494725248154194
4.2321601301700476,0.30251014977912183,3.1342607085075285
5.3837759574148585,3.0820772068146924,-0.8098181706657313
0.3333267279084504,5.120353156458001,-1.07241712854642
0.5782897881495803,0.2302031629063721,1.2481672523709575
2.472462230995003,5.346207586377909,-2.1523172711483207
2.63571547444681,0.1824752864234913,1.0938349882574672
4.698249367536976,2.838838910007771,0.6865840321372181
0.23306640702650805,1.2413249644473272,-2.375173704458973
5.069613023284106,4.164009577967622,-2.751877145461248
2.940356569980054,3.0404802684945773,0.4364612686878142
3.20421425970581,3.8511378667090215,2.379689877212642
5.585180751716418,2.3339690925777505,-0.5605613022916831
2.5157562862236444,2.189914490653823,-1.5112113187485767
3.1942587359156676,4.092834390550976,1.9471302434796884
1.3055792713960794,3.1964338023047723,0.7397504865497431
1.3432147072095468,0.15495339364977778,-2.30135752210636
0.7359774281069262,0.32503218666732425,2.38528972908507
1.52549823987171,4.220504798770643,-2.2422366296214413
3.505005236699658,5.421322224418282,1.7235811544069088
3.965439671888154,3.5903737698540965,0.07324667635097093
1.7225239947545767,1.2264941597733026,2.508861659826885
3.958646921367663,3.815901242130285,-3.1222701877194843
4.258517804094943,2.86853482012205,2.5422331042081776
1.0621898982610636,3.453374675387037,1.2705598183185431
0.31269488932533607,1.065188397590343,2.7717792303933857
0.16598673700823818,5.27126186178795,-1.0569435163756347
2.0802290090070743,1.3733294912082228,-1.527510332871074
5.696626894160749,1.3140479985093902,-2.748604469036477
2.968848470128585,4.2243916984255225,-2.9639225155742426
0.2828843964907901,4.496385395806989,1.5806682455233636
5.580256197571666,2.740075595243704,1.5643180267083876
2.55235298113648,0.1995705588378065,0.9344040336457988
4.34801258424412,4.993185353740514,0.7532839022975204
0.562817618863175,2.135992093312435,-1.1254892728476982
5.66958687144891,2.9905840319303185,2.6752388569565904
4.783110957541207,4.46803082409071,2.2827910093375943
4.474674823503548,5.087997559573694,0.9079935250788482
4.269105979558146,5.10657616042886,0.5551384059037057
2.5351032415845367,4.532296219705777,2.1169869718193777
2.3507484568311425,2.1438331191586384,1.6643652901513724
3.6853265521884984,4.883985250274604,3.1369007726812104
0.5289149101552355,1.8950651799328322,1.9145928421258311
1.582063368189131,1.2216306729800566,-0.8713419257206461
4.46485068774018,5.206781138711653,2.802046925959271
2.3481317444393355,0.41568421015775114,0.37939418402768466
2.2984351659441913,5.325825840423022,-1.5799816496520682
4.497727630666091,3.169261589950048,2.6597431901751243
5.132539268807115,5.134472230708552,1.7149718571377246
3.696171281892114,5.578917216906059,-0.680913379252841
1.3819980833582703,0.6049378293479228,0.2577243138427301
5.310783594925775,0.31560882833647574,2.532025631334564
2.5249217770929073,5.589671152557486,-2.0631109692995686
2.829167440908919,2.4569717229428196,1.6614765669258107
1.399313077947464,0.19373278773256697,3.0522796025468493
1.7624854565103785,1.4487550674723237,0.6949335190039765
2.888925869069557,5.736094282647153,3.0283537933530704
1.2453025195949614,5.418937604478873,-2.434497441076852
1.1994019802257485,4.07542684319546,2.4246977298291537
3.15557943326786,0.22753630305692552,-2.0120791147820656
4.257893340309044,0.16935801874769152,2.6706176080211117
1.5349113383733763,2.062693886527315,1.3642990862189999
5.140085373356577,5.328282798290981,-3.0023100043868527
2.648911682435032,2.453242469289533,2.7185920317667804
1.4168877961690194,5.6431303502252295,1.8491405422319254
0.3409861543349686,2.2103112419242246,-1.1301310461987724
1.6894727928947357,0.9938583952721423,2.4311386052452493
2.76538825326195,4.8742490563632375,-0.8144223858010604
4.503437194539986,5.8121968642180075,0.7199516943465856
1.5604015120045176,2.4242008779891258,0.7425968813585047
4.779334539262919,4.33009501599768,2.1153018920153093
5.724479528292643,1.7159298582134972,2.4698155702549016
5.820218006500015,4.312610668508502,2.7430323577480653
1.4250300992298481,3.5243159431820104,-1.4675864195659278
2.647772419831334,2.1115655035860668,-3.125786503691401
5.359400354950255,4.579580859854485,0.8002554711306562
1.536063596373632,3.7278616414240924,2.620748431534209
4.510330929300663,1.4873921391553229,0.34156310169704573
2.524458839059487,3.4577250206609307,0.733048653847935
3.4104882440995006,0.8969155034494214,-0.6923356387249222
3.195953423836605,2.9017006450136527,-1.9828736989682054
3.5808895299242343,0.18297761366472098,-1.9118377270245535
4.420772286173485,5.498536307822862,0.6444656180835451
5.784108499070254,0.29769035728886695,-0.19724810948741567
2.1433728839038757,1.0071198233958738,0.25504296923774605
4.534016076324672,5.60000821711008,-0.8753491194911467
5.529078861791778,5.344651660331941,1.8721088163253503
3.174956276560443,4.198843513715791,0.5482368474928729
1.311210158029902,5.790281912937495,1.221078872144056
3.14885984639301,2.4370730709432484,2.625981918192478
5.349131179359281,2.0242545141949133,-1.9423019614397747
5.556778853931981,3.0279837647594636,-1.2399687027091546
2.5376636504253565,2.480065051038146,-2.7971924846306324
1.2343878013549592,3.9162829048312164,0.34268246769196553
2.006206994331871,1.3025366961744562,0.4658913212718896
4.423406504379256,0.1651658617864511,1.6419017065527672
1.8405400761089432,1.4092079851229755,1.5337720591700403
0.3363293434400687,2.752135896175017,-2.302322166546773
2.813452854639385,5.456173585883504,0.6959736709171351
4.123926255527075,2.7193439667251456,2.671074775441295
5.234489316479351,1.7895276194032352,1.8912335550869823
5.672952650813299,1.1206299707606064,-0.47043155260059555
2.178331753493368,5.272578245589201,1.3490790504685153
2.7783500344677936,4.107646678204684,-0.4282600479999612
1.1293121481006876,3.3208389228583934,-0.10033089404892559
2.968249680029354,5.36837291063264,-2.1252281341695074
5.431864002409646,1.0866649396881112,2.347451226528098
5.812629621694089,5.244009744877201,2.7736608488408754
2.9265799490952187,0.19355348429445063,1.8110247150278198
2.0912798895915077,0.8280946696434885,-1.7633450134031945
3.0234730013564244,2.7214639164913397,1.1947217258754312
5.327168308704207,3.1016249190999927,0.5486744153280143
5.171500575772168,2.5269962470003877,-1.9682023707201728
1.0404193718689203,4.107457043299224,-1.4658250370556587
4.0459064842433285,4.104243022698908,-2.57278319403769
2.4189734235982034,4.387973422884087,-2.4280894971734397
2.2269767225218446,4.078884420809694,2.102454610427377
0.2683140533194073,1.1053437595760822,-2.4896677250754933
5.290325695915793,2.3265420371174717,2.2046170709096957
5.012996953813056,2.8442584573508065,0.4773322680248011
1.4259590909492859,4.225320430107492,0.5983969418204929
1.1420659759348388,4.679142853548907,-1.6717934483547334
2.494417208990794,0.48060316038216233,0.009585565455501488
1.0476726108491865,3.5149566885310985,-1.955614881607701
1.3491046462954737,4.5353638848044975,-2.723475461704772
4.904434046546276,4.593033983020494,0.15667678875966784
0.34268941309149836,3.207331933614096,2.5511935874312854
1.51270539097386,0.7008753597510515,2.4607066801748703
1.4947670164526858,5.600094160528714,2.2923960071983753
0.4273725349965567,0.7913413405307395,-0.20751266411642888
1.8660273540260852,0.5171982080748847,1.677699257593619
3.370015271193296,5.473360425896843,1.2614609050449124
3.641222631157767,0.9618452169173624,-2.54126425797373
5.340290285830348,4.987734094106648,-1.7770406966196473
3.144437786468593,0.6559978306566041,0.0937955868585032
3.6579922238341798,0.20343825362922519,-2.3309728768323397
2.8958094271118586,4.114200605476215,0.553075169077851
0.22429887135869486,4.931298268630052,2.7319032603338975
4.686957688450644,5.568461017169232,1.3687374462487663
4.082799671274632,5.333024854295656,-1.5145197141862607
2.283200335143412,4.066835461456899,2.6529806867258827
3.35136601667681,5.3304038925677615,1.9455199668110907
4.546467124336469,1.600459587956516,-0.8766783522703099
4.35358562791032,5.538527046966444,-1.9072403280491264
5.1046013060176465,4.073437944963668,1.2071534003890187
3.372038723983489,0.2363449196929046,2.107719527881378
4.030557228040521,4.210085023909139,-2.4577245858661945
1.0752213014182375,5.808491730894772,-1.0797617135216577
1.0455047955917571,0.603918858729215,1.711899036560971
3.921309586502608,1.9411738250247281,-0.1817182397924566
0.841224973041506,0.3022618537538848,-1.327553727574296
4.12979616371,1.948312988741874,2.5993744215976466
3.101065679587678,1.180949160281492,2.2719373115004498
1.3085298998119228,4.730211965275937,2.2575628264855983
4.232008445496795,1.759409850027659,-2.5241351610690614
5.393795067035143,5.343704857733872,-0.9003317992551709
0.5045923873964981,1.880350339812739,-1.0536064581392073
5.227767348100986,4.706818563990471,-0.46875438483871656
0.16468522125468033,1.4828243853132872,-2.960253387731709
5.709326933702759,2.191913320023161,-1.4518240247560183
1.1206053622665486,5.027514581303043,1.1355719465155492
2.8728206189593606,5.829792605398653,2.4787897787382214
5.1224881818456725,3.1047777143717434,0.7558277284028336
4.043843111193418,5.402309146756952,-0.8923568292956352
1.2173983792168848,0.2792837568015356,2.972491584710353
5.283135030111884,4.7521953015559415,-2.1674701815481203
5.673691370134923,3.807034899000537,-0.20442169836905633
1.4767081724697022,3.2763163370017,2.9601286926135426
4.9572540781185666,5.780457102136805,1.8795548279851984
0.37840588040429046,0.3235453723712971,1.2744662941752312
3.164550612105789,0.9953720009236249,-0.8929248266976257
1.3025004700140448,5.708922198876195,-0.4247050021022263
1.0639508069881034,5.65264084592526,-0.700178756188234
3.381082905494476,3.7068582844639844,-3.127615190098041
1.7707619509061,0.6682953316099858,0.08526161965219714
5.8058050950240165,2.150360297282536,-1.9349975095411764
2.235796652899648,5.359489163714825,-0.9945155608425198
2.86803804710549,2.0872163736462053,-0.5880376959071376
2.3834297516098646,4.014023788480335,1.3418591638682615
3.7883802056706433,0.9628119278206697,1.2022120162040872
0.22420107066069672,2.8663817020894635,1.2975888981573016
1.571298273660672,2.2411639121643834,2.895897278269346
1.0429808533445726,2.217276830839866,-3.0126005360047254
4.525443556951311,0.5273787343261294,-1.8079149396916994
0.35736678161942903,1.8927515674045245,2.822020811321747
5.2699285074001025,4.0482619379243365,-2.593974966362584
5.23819117407246,3.0375065409385607,0.9384150847854604
3.4378170110112967,0.773604928696138,2.6553002783516444
4.572116963518988,0.3187272830748755,-0.11831684946164334
5.2040102802516,2.5073649786095,2.2994000630524605
2.517245524050989,2.2977241298662703,-0.14080643854876218
2.6184715286885916,5.646808649646544,0.40992156711654903
5.81304933366804,2.177385199091322,1.716181750481951
5.543531313827417,2.173399336717388,-0.6348108625702591
5.211764406093206,4.391033196110322,-0.7912555598110176
3.243349945464939,4.040142394796121,-2.013729347027033
4.035808548410921,5.757102982023462,1.092781783701021
5.748600543769321,4.756542060172203,1.7562218070387141
5.152122337073293,1.3543570148947774,0.5579535176118613
2.865029752086625,2.4092989510205425,-1.5832674391590598
5.0346251170384235,2.82580673477902,-2.302752342862713
1.0966203069289961,0.36374189220790654,-2.384812950569903
2.8174742696785846,3.991240099821227,-0.09770010404144847
1.4841040514733699,3.4419336986874685,-0.585258467127467
1.3763831294424607,4.788642639534219,-1.519784212566446
1.3505247747295284,5.490610448707303,3.095359040744806
1.7889649257729328,0.5259722148584152,-1.1171079693360961
5.422776322470089,0.9141105103028953,-1.4481350343313943
2.6096547424952297,3.500696675633842,-2.0472005202636328
3.3367182563679973,5.315782972133257,-1.6271888620921051
4.5308927616499854,5.040485380900185,-1.361332566754388
5.266391723576593,4.903612167000771,2.30798779726332
4.478462767426807,1.3811372964136412,1.7514489210761104
5.233208378937337,3.1854702250304183,-1.385892385015244
5.01886145797039,4.776307120698545,1.2605491512555194
4.346820493475002,5.619444266803982,-1.9884489953620255
1.326634723630883,0.37525453010035115,2.5904081090952147
5.281866381460576,1.7956054520282823,-1.0882234734622043
3.0789347695827223,2.8778947534065464,-0.6261253335017418
2.577030696735603,4.52922357890918,2.619543020364639
4.557216737346106,2.581760404340696,2.5148660474382014
1.4721576716971276,5.6237437227404845,0.6097603581418989
0.3456160819814298,4.548234344593711,1.5534221765952774
0.17964410451276414,2.4430672728586638,1.2132641762878125
4.112348616310166,1.754598083799631,-1.3404900415128533
4.134423355730651,0.47888940441853833,-2.0373856014867
1.4418729326265798,3.5401314893289406,-1.3888835786589395
0.300446655414502,5.2193359125072885,1.121900300177697
5.571119837332301,5.70962930380074,2.0241906842524804
0.9516937626379189,3.4984449720477926,-2.7224901735406046
0.4778693277978938,1.6443871774797678,-0.522184272797332
3.9067478802375852,1.5914005636551645,2.516678667108562
3.0305186636279204,5.431938964921412,3.0695117418102136
0.29215046511176723,4.049661979739004,-1.7141275462982322
0.22298870356712563,0.7944821794612744,1.6925383971918846
5.327094739747667,5.035543936094311,-0.6153980525548368
4.146043968806235,3.50644780645299,2.1811356506497255
1.0632581998353559,1.207161944252609,-2.58772948026731
2.115487060233792,3.250696809387908,1.3875265596020459
5.59066316951817,2.340488621401832,1.843014733276136
3.6599142454657962,1.0655605631546712,2.6039344288013133
5.771851412836783,2.6905482566223693,1.2547599275153463
5.158623726576332,1.4933873241697733,-1.639507720961906
0.5072232165043771,0.8602653271178837,1.2631237200448426
2.628755541614027,4.019979199776545,2.896011853700492
2.4283180402065936,4.326092711711185,1.3980730757471624
5.847728709086239,0.38388100270448433,-1.3770162758448967
3.769278563902005,0.5018038863714034,1.1907761382900972
2.4195497524311635,3.6700969830294734,-0.6242297505188903
1.5020781918314867,1.20202385228417,-2.483747783726985
2.5141325169198776,4.285647601224329,2.3296512979329247
5.524695283902448,1.27634960583447,-0.7405354027318842
5.684371650054708,4.902262596917197,1.6294796034205792
2.268698952362438,5.267905809386768,1.6316177895030517
2.74984609991915,4.888654536071041,-0.12151615952541928
3.9711611881859685,0.3869647287314981,-1.9618029783782933
1.4759629829838643,2.3854754589968703,2.19111158139384
1.5065588640033303,0.6005318910935957,1.4802582483879325
0.5310177534734695,1.5005524713949583,1.6789494867218986
3.039074515274783,5.632006956143845,0.8278798583504168
0.6603437968893058,2.07097245029219,-0.6259216861675001
1.4181611085311243,2.163520970073506,1.693245600335878
3.207590171493412,1.4683874489156623,-0.5206427904851982
5.378964941483085,1.6558419456051228,2.726670761209877
1.7967640017487387,0.7318547350214413,0.24854567691046459
1.1900287242353045,3.607941520209148,-0.5408998020104745
0.15989689593141687,3.9074227890463282,-0.8822783053618761
2.330232931889194,5.298497022157197,-2.1604256323989626
2.1921661551493976,0.5307784469773023,0.45818869754686675
4.459960277798357,2.26511095820611,1.838057611014734
2.6272045739182115,0.41533901939105977,-0.36729106836871894
3.9739795862816463,0.5669196314853908,0.7454298578192904
0.26301017350058364,1.67623553063418,-2.951410991830035
5.123937914756955,4.226581163265433,2.129703011857658
0.5360055151143388,1.084807940384982,-1.2927783377961586
3.8343017764433585,0.7607546754861001,-2.119286480994485
3.546104288657866,0.160223030349677,0.019386612876309606
3.186863837517584,5.320287512627572,-1.4626432719636129
4.635574001961565,2.6766305582956624,-0.4172869475334511
5.0223646509817215,4.120496355751055,-2.3543567970563006
0.8217129780785799,0.8212925795687214,-1.0895582632274765
4.209592979330616,0.5409806665580377,-1.3002792401001357
2.204146163957778,0.16532518127176488,0.4249732733325615
4.429916368075825,5.817785527891439,1.1239866309841444
5.134930165640988,4.504548036902422,2.696525211896093
4.021024972106801,3.076434073452253,0.64133682412875
2.4722567251650567,3.4394664082922253,-0.5939882994927381
1.1779581921863878,4.234572534638961,-1.6821340337620712
4.4390178115566705,1.1470227327700433,2.8015200282996036
1.3601785836832987,4.552415511094437,-0.2908114863984439
5.308846992114314,5.163523734000794,1.747819566604396
3.886866234904105,5.638451658198977,1.339876438624593
5.729644252187489,2.6963684338548997,-0.5156925736790119
3.911396463123146,2.2682610802462775,0.044832454849354164
5.535612125974909,4.065192167621503,-0.5511403351198583
4.08706385337127,3.480122590501562,1.797991382249335
1.3247150830006824,1.3785272301621645,2.0048411676903957
1.3325522761946988,5.156510904746408,2.981783506784101
5.562213260547854,4.4083089389444226,1.4637151694992303
2.6703113180704747,2.4973394428843787,-2.1519615822396814
1.4976305273078752,5.676533083462114,-1.496962061462622
5.657942973708732,1.9492939331183041,2.128043477920218
0.3865854746432933,1.1548718224827805,0.7473373454745422
5.406111766622843,5.490584991998922,0.7870363973282419
5.289673713344001,5.198633057059178,-1.664643288810614
2.5626837531361915,3.4756565335412244,0.0616296410510353
2.4046402431082505,3.148453672325778,-2.7524784003441862
1.6406372530988476,0.6917766340479019,2.6713480708767428
4.007403460686694,0.4488255604921134,-1.4268970849509195
2.132376660600636,3.427903070709219,-2.1167176683960625
5.1742933020617015,2.1768546242642586,-2.916924614404946
4.113886029366098,2.724030410198292,-0.6917252915429724
3.4453849849134563,0.5647337484806132,2.052456627010308
3.09680522792191,4.190361458486486,1.2213408838653566
0.9252219346285715,2.2843096795491933,-0.08395921408113827
2.861378118677516,3.778993609391149,-2.7745021584359972
2.4110477089112825,3.1914233194076056,1.525288699893773
3.797655332016682,3.735466429096598,-1.3717492920359502
1.0073267536967863,1.2192947292690346,1.1152695732881712
5.023407039463272,3.072798672207784,-0.7799659700127659
1.0318149285929288,3.770875122075238,1.9627845920469404
3.2458067426789494,5.637008092281163,-2.9561930742014506
2.327745999314953,4.492545262367022,-2.5117640238880985
4.032433074011612,3.6895989728736884,-2.255032512108949
0.5614393086812928,1.2080246183915102,-0.2779191888247907
1.3746216480749824,3.596970051592367,0.5962810076275873
1.9792854575521832,1.1324711315855642,0.34442208737842783
5.400353478889759,1.4931473512776476,-1.4875030918919572
3.2063749220869084,0.534103728492811,-2.443533349578347
3.2760673814926844,5.723870841324094,1.4982745271612146
3.664625819832424,3.8088175271863136,1.8738223220281576
0.5574986355681277,0.5504066201431843,2.2589356495528152
0.20911569497805416,2.6227345210656354,0.8898006270576211
0.9735675935415133,5.320970738993662,2.931110157245418
1.5602334242508105,3.2263199283509585,2.9059999729766206
2.7821350501220232,4.177096506461199,0.9786969469917626
4.85988661408376,2.7979855097225883,1.5473772770323322
3.927679595691245,2.718885599652798,1.4074432805694679
2.7287116661721895,3.025874298376972,-1.1697564877127173
1.7033343126126914,3.220983487854955,0.6376804365899322
1.5966928983737503,2.2431090042858024,1.6864322689683995
2.7805771586936485,5.349649254548844,1.52510537190033
4.424225046377545,0.3907523618686166,1.7533229234999208
2.7627868704852485,5.006497999501698,0.738979369242839
1.1128760253328025,5.056922420876429,-0.9159719598465581
1.4102740764258186,4.115721029917612,2.4912484393481975
0.6636758311844113,0.6346332025617261,-0.01323103734209985
1.2967304492124199,0.9240925907997268,1.4494805008124665
3.9572576296948787,1.7163445138386066,-2.074935849249864
3.8517570272066037,5.434600242546061,-1.0187640639628874
5.755634412648497,0.8239015273040677,-1.1315533728512546
5.361448535803053,0.18444602365770457,-2.370258821410644
4.044820121698738,5.706753222699596,0.7855148226062982
2.230551719553759,4.477919412788834,2.9640299969663424
4.805487532131237,2.6564313983401204,-1.3243105379998352
5.702634344163654,1.9824816298923824,-0.0234581591982872
2.9245231983045317,4.877332559511705,-2.166927163341583
3.911452300176633,1.362120951565082,-2.81130471490121
2.160057011312958,3.9186563154461593,0.5184975988391938
2.9276697543117787,0.5386731701505232,1.6466734965841
4.409842290738053,2.426281156893389,-0.35926123540038857
4.8551712940089224,2.898994021078386,-2.0287338902819263
4.293431794291357,2.7083884430345044,-0.22291616564299233
2.3837780642660826,4.511453608615876,0.35796367452489397
4.691511809318557,5.540457338695974,-2.702722005532528
5.835600845712639,1.8895869612783107,0.3537537036778078
3.8787305327931443,0.8956616963371218,2.066592573511822
2.5033106604522413,2.959125229699426,2.9125513620201664
5.6370156483684255,4.999580687056601,2.6002779266048623
3.3656781077482156,5.745358445526351,1.4451267204860265
4.105183533684782,3.4479131579670517,-0.40458483594124184
2.2154853903184946,0.6280003208666174,2.70358862973489
1.3396514201630918,0.3659666038576974,-2.0648339876621122
1.46628124148626,0.7916349550646689,0.8157221161405461
0.35783776939347534,2.4801653765943206,-0.5144430201914623
5.164757843006722,2.403903429227771,-2.70151443770575
1.3502679317796533,1.3769770443227625,1.8411719807202038
5.66011830662416,1.033558148997025,-1.1990617998312751
1.072504052726301,5.210180928503062,-2.067268135974743
1.1253836463572653,4.450311328468348,-1.0424027147420887
5.802098943341671,5.322334681241644,-1.8970154387216025
4.02759709355859,5.266099221446824,0.40495811127113246
3.3424459431764753,0.560261380646659,3.0153005104669326
2.882575276973471,4.1474599085238415,1.1059806471994564
5.46458591933856,3.908516606812677,0.8418723280281086
1.0606373755341667,5.457404747385558,1.113920707168493
0.24154958967458207,0.7669898726429678,-2.1744756234649754
5.17375138248857,2.8353869545666113,2.1057031420092285
0.25237346755505774,1.1344496486854072,-1.8103940915151662
3.3507333200471017,0.46225025694861643,1.0787261929195449
2.1572081318500445,3.0674963744771433,-0.17090503912912025
5.181714377127854,0.5263031489829431,2.813717196765978
3.2432427513232827,4.889931512739578,1.7404028658601591
5.461377379388697,0.5394450994499518,-0.3708991851655652
0.5794821780349151,2.2815459872905755,0.13438357668342515
1.4377309749607,4.298543228862011,2.1721270093369256
0.9317396189401472,0.8838484092989813,-0.2075629674568238
0.9741597244962252,3.4840459545099054,-0.3379507415074259
2.6418628205108674,5.617242005300136,1.6525974094347635
1.5436706366160136,0.7429757560918504,2.194321661205481
2.9871782857860465,2.756943900859936,3.0881305963725865
0.3147429540461233,0.4053623114777496,1.5182322478734447
3.8993882432693123,5.780821428416595,2.095196922179001
0.7122757132420994,2.0695596648660564,1.372592269556268
2.728319511770326,2.1477991220497037,1.248219891449902
5.666254760844869,4.4791418785043975,-0.24613122698824252
3.7802722955160872,4.903621490165194,1.1010189254399805
2.718904344426548,2.6053963136572924,-0.13232917911311226
2.158687119620165,3.7905791838509457,2.528122597942274
1.0479836154448465,4.495097095265524,-1.1156837604358314
1.3706860915824326,0.6986210581499575,1.2711579522400482
0.31077109886488463,3.108091668833411,-1.626030485038183
4.506964001927185,0.7140914751471237,-0.3048793868434614
4.573962946825854,5.159644013236166,-0.28107652890536405
3.307793455970075,5.6040501070762,2.679340840635705
0.2861672472516257,4.0378233561467045,-1.636385141877868
3.2173886268346066,1.0353466353430125,3.0414537918637574
1.9953227087412608,1.145706529785229,-1.0093681525036118
0.42524972466665334,0.9360337560540342,0.04191153957829785
5.712369081370957,1.8486479083474874,-0.82679509152885
1.4026101570708058,0.1526291619657134,0.010208949770329045
2.45637249431778,3.710273693967264,1.5291979843167232
5.366809827526858,3.2240602329657175,0.5454289485538575
5.639050863319445,0.19704984486870414,1.5315222760083476
5.738760126973527,3.96381125467807,2.858383004928011
1.4182152791583196,4.334241579911105,-1.2147934819631632
1.5022871928025499,0.23367668226451377,-2.719006194523759
5.70034731460742,2.827815006918239,2.610779651084676
5.294490582180676,4.4185659034470595,1.6821743132541922
2.8336411651198796,0.30436486023714027,1.7166765501791907
3.7219946009807248,3.813401741248418,1.5231664924589907
3.2555696567316232,5.445489424275577,-0.16273834992542024
2.640074819561662,2.345727341296621,2.7753405714817365
4.885470603775116,5.3098084699922925,1.9694498755549246
3.3116095683334605,1.0405543827313222,-1.88466315582239
5.65253796711373,5.2083134876356985,1.0556446901781475
5.086261354490597,4.4577819945661155,-2.0642199933472547
5.768838040365706,4.55709544769788,1.5829233727418375
3.0646382389231492,2.329860874565222,3.117040488294103
1.6781531066980941,1.2689869065075512,0.3798734309000613
2.02491667024492,1.2151738461173338,0.6336693656400971
0.836901937432688,0.28344035788728883,-0.029375126308643917
4.330360303144531,2.4217905147989036,1.2166477170388532
5.749152495379597,3.537866244154408,-2.1764494946913375
5.704369995612142,1.471378134312839,1.9454320254292545
3.1982406649319306,3.6809281679213717,2.534937852487052
2.627330231581153,2.643189190471194,2.8080497839909615
2.5936605759596825,4.5374196134941345,2.927142152259256
3.3583828746924764,4.900996779921403,0.4319622550662352
2.7724040078401475,4.950074963115878,1.7981141918818295
5.421455690495723,0.8079808281127911,0.781583324690883
1.197069337422531,3.903178956277409,-0.9390970111312749
4.749012324159542,5.3893600087632665,0.3879857999434062
5.430533307088211,1.7213819352388833,1.064000661331324
2.8601816028039106,5.82992479784319,-2.5210174696355874
5.576413338761656,1.3113910141598915,2.7706917040326164
4.17702714970046,1.3254914082540692,3.1109519429027666
2.2867278310131676,4.018661383254685,-1.5644680496704844
5.438095078645306,4.2981345774866115,2.6284694284724797
2.1030686989583947,1.1434593108274413,-0.8336010569451009
3.365282672172234,1.09602698837012,-1.0813078165519947
3.8994524052464805,3.925427128838235,1.29849227182953
0.6684107728981146,1.1890665257372985,2.7934695913079137
3.10927231060222,0.8756089010685377,0.4243958928846432
0.38560457396144776,1.2739047735436666,2.961860201643205
3.392661470750894,4.212576637898232,-0.11217459598140467
2.734399762112366,3.7400518480192564,1.2558574193385912
5.050028216995132,4.074016998003821,-2.773834843694708
5.5770840295960085,0.4664839717052398,1.8791679691846666
2.8286779124882244,3.6501968601330423,1.9851854998072902
3.2968110793604817,5.468316009211385,1.6635437023389734
5.1596904276525155,2.3249870272532567,1.650617396512458
5.588020010373052,4.552957267878501,-2.61142701889856
3.532590645808325,5.843820469756855,-2.0499899272151083
5.633140056031635,3.9996255811169346,0.00948007726522393
2.4411945677396183,5.362285027826624,-3.1405350786552138
2.806426027324915,0.19352876562190113,-0.6734394268623682
1.151784890355682,3.97640657651488,-1.5743615082536715
4.266736542314797,1.9159299567160173,2.062048834240965
0.771315454691405,2.394056698232441,-0.3135287883635063
3.050044004436611,1.3100905319104599,2.7952840689769873
0.27737547607514057,5.511514773478724,0.7642853335809812
5.799389093566674,3.4877218082898582,0.1313804907918641
4.056933621775247,1.9072400429232876,1.9449737045973663
5.473276366575341,4.763621897852792,-2.9448288287406803
1.8726415858604828,0.9463894119038905,2.882006659851788
0.30504582907676525,4.327050599202082,-1.3114538994058362
0.2607152800144976,5.542641260960689,-2.877925228818737
1.1574072184969273,5.3873137194127905,-1.1688412427240613
2.6867283759824376,3.061185716858671,2.4440060449900773
2.954112016617218,0.2873889569582919,0.12584784301076457
5.301170994465058,4.013320707192062,-1.940218583863073
2.7400789659803806,3.0438201810304966,-2.72016526181192
2.261428717998229,4.174855899815619,0.7150155760302108
5.237961131283071,1.3496548168456206,0.5999586060711208
5.341268144948259,4.590962176089429,1.9437231046559376
3.5851846906742812,0.6294313503009705,1.1545204186672269
0.9275461697430245,1.011636091790979,3.110115137859288
4.997694753199773,3.157921357547618,0.3089995178254501
2.075458519426593,0.5474995599904282,-1.7532430622472532
5.727070157026457,2.4390615134722338,0.9868858876162374
0.45490237684847257,0.943921026048762,2.9934688578864765
5.838799997485397,0.23666699292900018,-2.625450673298305
5.324873764637186,3.2294688333680996,0.19893237677779085
2.6402102073408917,2.479681860993458,1.0940636676426667
2.674107451598437,4.795927728490729,-0.14542035169290513
4.091055475938341,2.991836531643907,2.83264823087259
5.630236659668098,1.7856319514464059,0.5473683329331154
0.9757289623751053,0.9949278705376827,2.61433833772705
2.5467009953347874,2.431114675421342,-3.025097021525672
1.3801734147091878,2.388939626689506,-3.0045534725567693
5.321151248987604,4.412972078620566,-0.9819339204667124
1.046366585735877,4.605432413172897,1.9824132559035919
2.4034234900827474,0.2991339004426061,-2.1842284547952375
3.2149083523166375,1.8138258819384032,-3.0614085209826856
4.582870475238316,0.38005794012905003,0.500067930401153
3.0014812805322935,1.0423509092384033,1.0303269028192021
5.69827552768486,2.1915002186119112,0.5494585337501028
5.458642716578976,1.6544930196008063,-2.8187238715077028
5.556675095651886,3.0315533420344107,-1.0122027167583783
4.149785001473759,5.798634159198405,2.3865093347495536
5.031147753658484,5.200639026539049,-2.9058526079714415
4.202312416258607,2.1711737609048996,0.2219159934245698
3.717032819419437,0.6960410340415886,-1.7007279193283287
5.44500700483724,2.818128729022356,0.8916492466292878
0.15591474138224704,3.6323473474540195,-1.0266162555446776
5.5647497939359,4.095536686173251,1.1200820260557585
1.22171361771298,0.7681560323846941,1.9638086518580398
5.806851285381525,0.1570330314540167,-0.5921972254716272
4.176832049111317,2.2938622025292563,-2.7638923103477424
2.445968235879414,2.1813421846256995,-0.5656949995729548
1.0893996092146911,4.322766240650082,1.3249404705084062
1.1412419258135411,2.377305332380354,2.195270924171971
2.156039925002821,4.433926268990218,2.887853503764803
4.336426762015261,4.880751704385046,2.9720536918442155
4.2952863581657965,5.473135732092136,0.5802914585034862
5.550162209247097,2.495477666734528,0.9197753326893947
1.1400589785483801,5.479782190182738,-2.244480592818304
5.020939245472493,0.27264732704616534,-2.5982660055886386
4.20993972191978,5.52553931858208,-2.9703978572438774
4.4108577473868475,5.427071523548619,0.47669904073047276
0.32812005579796955,3.0687512716795196,1.307364232066191
4.179215168110544,4.867350399956438,2.932505494775862
1.0149621199861891,4.053800539118841,0.004522178100104579
2.22099074400722,0.9625704990615032,-2.512759290163812
1.62241897605151,0.6920475110006541,1.0399869094987775
0.6299440731313164,0.6685460034242223,2.664358732624044
1.9161172331200318,2.3054108208339965,2.9336396674991825
4.172249752430119,2.1197362139467137,0.6906539075243083
2.368219615425443,0.23537829317114034,-2.286469254005696
4.037811426832713,1.0270679173875268,2.9214191993768797
0.2539740588101338,0.6687133657803688,-0.32799047714950014
0.5913323480723056,0.49139899929327435,1.2500489515202533
3.841171530527492,0.1514857668538796,-2.981209039233768
2.556423940701085,2.983067780312304,1.3796851266914825
1.1018422918874993,2.4349320902127354,-2.492162503414403
4.319119652134282,2.2674713093008325,0.5798721626405765
0.9577990380707555,4.7841589645818345,1.6429129771842437
2.5421465709723465,2.935586733578707,-0.9497756509834328
4.022376776634495,1.1822868964200879,2.832112667083897
0.8095958900567564,2.1034384612582357,-2.0007503535440287
3.220548765280479,3.8448008664391713,1.964702033650684
1.3953981216608227,5.185211152426734,0.5783873493280915
5.542904169170238,4.659572536381322,-2.596675124851155
0.3243277612653275,4.622175937571821,0.6649356518619749
1.185232689783209,4.696122272274207,-1.2908760320416568
3.1177858713217015,0.5460125764736263,2.903353077565228
2.86605956364268,5.692102895186252,-1.372127793695928
4.923248168816911,4.1322862671615885,0.8786811148677041
5.244376607685241,0.9991192925578538,0.7044551894812439
5.4093120289451875,4.695476036359463,-0.36706641937170126
2.4131493772234736,5.054444489601617,-1.7172575929578977
4.775533782160426,4.040702271889932,-0.0888864846058679
3.752507066727341,0.21512408829098217,-2.1161497558227884
1.5561332172719435,2.1925660254241803,-0.992364488875348
1.4448577093117807,4.491390556076373,-2.055490772894075
1.4369362434946211,0.2304538590774199,1.358098254251244
2.8723488051822863,4.904797860992868,2.7631812911505413
0.17732653645810736,4.284393349303802,0.11821762826105209
0.30117423075791727,5.252916207791357,0.7513282420417688
0.3194842530904618,2.250536650829228,1.664800226175199
5.5880241101116095,1.8484983189527542,3.0264351679764356
5.172823679158563,1.329188397993753,-1.7301070686839608
5.321839014197941,3.868205492310337,0.7082939595800131
4.671356521321167,3.048859502446584,-3.0489461015931747
2.468921198589822,2.568425599765437,-1.1208452603911598
2.806439305037971,0.24682256825923488,-0.6284574927183408
2.22953982823916,4.701222325374722,-2.2814618081070943
0.28366026732740734,5.6755132614513535,-0.6983702032982011
0.7815307079497595,2.4463281617376147,2.879921268698297
5.688232128376382,0.7676059093631595,-0.08502150867928693
4.187783827905646,2.9980818475507416,-1.6412751153443745
2.7595046586579635,5.433138038062808,-2.5878050712326126
4.425227524330911,2.9783416070187823,1.4685553266712432
5.230698285997145,3.0392758388761036,-0.8117763421292605
3.0154116037854855,0.8986961481116753,-1.717667635809933
2.272071314369388,4.026105892101326,-0.583782192123933
4.407729539471241,0.5006743264798557,1.942229970024564
0.2117611309106282,0.8318138423324493,0.1647617749120034
2.5955079607266365,5.104873775446751,-2.0375428776664797
2.4905666977125787,3.6359597789317277,-0.08365643944165013
2.4708340875172903,3.714433994603927,2.4872540928894633
5.554826524990316,0.4727852574323965,-1.6793212139942264
4.895759618773651,2.785864965168031,2.7083625626815353
3.0515207525111308,3.8590561006590214,-0.1257172299163174
2.6981871574076592,5.151831798123225,-1.5023843817006441
5.266870675236449,1.1761138608096717,-3.0481147886868802
4.030181409665742,5.785634102754971,1.2356077999048738
0.19737112012827152,5.765792131695456,0.9653612858168792
1.2938801443485497,0.7985188919836941,-3.0947985822111086
2.9736236077616383,2.3984205029822943,0.7181630976422442
1.9228010059975107,1.1190923911605815,-0.9010526662657963
5.337356704819622,5.271194137559109,-1.8924807270304222
0.2991412283654207,2.987963610916366,2.681733914939433
5.1597871492161795,1.157897518381449,1.4661881780197374
1.0835106712281077,4.226737466021502,2.538908621435435
4.192669233667508,0.35822448947259233,1.960674356761535
2.670575569748228,5.033734952921133,-1.1381140673581656
2.3228461453155407,5.0864427188615,2.0350138789464847
4.18486583234071,2.0466807805880682,-2.506986907305705
1.604882604046496,0.9302047045014918,2.5102269918527664
2.304541183106389,4.3989519426981385,-2.8920854726407854
3.8461777884431774,5.2385816098230045,-0.9565611338496733
5.757326580052371,4.483868005263466,2.785583888108558
4.349805252027032,5.343159593550695,-0.13161719382657955
2.672808576448377,3.0494916091126116,2.5579004312471323
3.164233107542583,2.0623289107254497,2.483147432035712
3.1401921242570987,5.773493218752397,1.4253591409335344
5.365555182392857,1.9758637180083505,-0.6259242700523
2.266344561045711,3.087400267843182,0.3174156602235989
2.2746070291895784,0.5783075769640351,2.362787704051615
1.3158549643652655,4.959557566119136,-2.3981128483483163
0.34633135375867585,2.5566426645061044,-1.8474307818679012
3.6572635928758435,5.5481719318301685,-0.21663265944719745
2.6041032076633988,5.056373439586219,2.2612150697479674
3.5732875638136026,0.8788462851028263,-0.49813867898488384
2.8060109498118786,4.050212815360744,1.4119918556789175
1.5820218220220184,1.0278021869720495,-0.3256443406518619
4.055095626623959,5.226536469764238,-2.4144667386848657
3.245397812224306,5.574737379464234,0.9714651478681162
2.3529580140370765,0.2839848623666099,0.2028041925697548
3.23523660494702,2.291928496145927,-0.30350964666614555
2.829325303542623,5.293614943546704,-2.520877720069863
3.4943409375012258,5.542772801973241,0.3376377327697546
5.717445460666523,4.41120142681099,2.5423009674804007
3.990121696880793,1.201429966767116,1.4966566906659153
1.2967461025852618,2.248275205615303,1.2664763547251345
1.5147342561730532,4.302255694892658,-0.8497584029541563
3.304978288859697,0.24539830711554367,1.3171369061069589
4.195633269413209,0.3989819786506066,2.2188873332726367
4.187864249838642,2.693110871476077,-2.9450747647124036
3.1878171928173646,3.712201420963924,0.5410632365054937
1.5265218793364423,0.8704008801744121,-3.096140131067569
2.882630198210885,5.365662618379753,2.0723671225400295
1.479787025366165,4.759008456148196,1.4724432167034616
4.410932216177136,0.5091166580929043,-2.6082559625568646
4.607813022802868,5.701707412789401,2.5133043825727706
1.7818128444278896,0.5164775680815423,-1.5312152537655495
2.536460309415349,5.641290543469542,-2.6844642773753526
3.1112089875121987,1.2093435602924292,0.6832203117111724
2.4357991096917324,4.186110506094053,-0.4204091261050631
0.862792200509692,0.19727082856757394,-1.3991249082216355
2.4087439355420917,5.6249419019046645,2.4333968711541667
1.1234078562796703,4.49004786687405,1.3493363660135582
2.1321205147045554,0.3711781207488116,-0.20769119466069474
1.667065468362145,0.748533673528671,1.4061299545804005
5.357077670994319,3.0329558962495335,-0.9555634005319731
5.7809583001565,0.18481226837739495,0.9631559258085156
5.530097068719236,2.959777623268774,-1.416227150040499
3.4323781813980956,5.156552720393847,2.5470871959047745
4.062995685762521,5.552652866277977,-1.0532543576269768
5.25585125514827,5.351111450407004,-2.214729497005995
4.79177240568057,5.498587855921385,1.7913294665661272
5.69974460962738,1.2863180553466533,2.293871621873926
3.596649399540859,0.7116470007212825,-1.9573666270677454
2.1686013779990816,3.1045358068010653,-1.7706893569569329
2.3054179471049228,5.227180239604194,2.159088021001736
3.9321212131709276,3.5021597920941234,2.588239693661622
4.069966518580495,2.3091279114508247,-1.3743317613016988
1.9862257712736968,1.4042384356191693,-0.46832901759625445
1.3858428304331987,4.0795695632368,0.2518170476378696
2.6114763680882107,2.796587077928727,-2.915832411077046
1.205331224673017,0.5537473606424501,-0.3003710375483153
0.25584053480864877,1.1217623951729794,-1.1765738618733912
5.777312291948445,5.701629396390006,-2.780553197055168
5.760152933673621,2.1649427933781222,1.2041384935952868
3.019415533336483,0.1517478276819728,-1.0139932021712905
4.123451670767757,0.1524299776637419,-0.2272678675368236
3.6665102849712827,5.473117191584812,-0.7727541249894978
1.2738522570153366,4.563909650608509,1.0320740020281773
0.18260078717553063,2.638381448115129,2.6909853141020497
0.9568214021178665,0.21384002183097506,2.22040742740527
2.423221257786567,4.911794480680009,0.009811825611492075
3.6222240419197185,3.8379563676268384,2.2755372489661454
2.696369407887562,4.482773757765431,-1.5903393103775594
4.647630481548048,0.35009197836071926,2.223326453950766
3.265084992676297,3.8331917661090253,3.0927236623923022
0.5943681759013468,0.6199362122234349,2.365817541625616
5.7556493652250715,1.368478641090622,-0.050208247159089225
5.266744140887784,2.8588853619573653,-0.8670826915656047
2.8584259678591333,5.649354565295321,1.747939959825353
2.145620907616398,2.2582020444403756,2.5286039228191752
2.688531505396147,4.468770515927734,-1.3922491529555001
5.66376708266159,5.825594089837516,2.73249521098409
2.421243213358122,2.216334498288287,0.39306701773426056
1.5392132043877462,3.8362355291868324,-2.1486221972997313
5.672990988716765,5.46285825805984,2.782157793788816
4.494212661668705,2.1880509726338175,-2.9585853627699046
2.221927883689559,3.439912921204436,-0.9826905445164678
4.268479794691787,0.23506582266192644,-2.002800735626117
0.25274978704573026,1.8276439594670637,-0.77945965145756
2.4901987816164035,2.2746188875349294,-2.4449341234463926
0.24828651728088613,4.666772006224029,-0.4328320782209589
5.13144197364778,4.842850815991518,1.8960554067844795
1.8250512168324153,1.1487705960024992,0.2957440420787858
4.244981567756152,2.4069557825385637,-1.2627718238987724
3.8055124993215763,4.20178443878976,1.2097858713928717
3.2118748645517874,1.6138641507409448,-0.8406079365877277
0.2988458014963433,4.357620899297262,2.1727925362253
5.800982263436575,4.208525463851174,-2.450361104497438
3.9011039516077926,1.8212691629772546,-0.476376516756988
4.657045906102981,5.414617781637409,0.6942681751718669
0.828605799188644,1.3514498596162834,0.799285570723621
4.157580181260426,0.8230035074969368,0.6545385640379893
2.332304130918245,5.24586392620035,-2.915239875350324
0.16299513750312355,2.4898713735391906,-2.6204922069601664
1.7357387849244428,1.3647234237213468,2.443507595452168
3.6905742391368177,0.30439055823996997,-0.6785481124347612
2.6230871256549877,3.6508196713961514,1.7677545532126278
4.346362474096427,4.9830343558116255,1.15391089084107
4.313076887257097,0.3876524502554335,2.80609870467699
1.4226341162692648,5.588845162554005,-0.6666134505543297
0.15356381927219132,3.6772356175333973,-0.6497623748882031
5.545528019905975,3.1008267492148107,1.2905841550184016
0.9104012264763721,0.5958400159337209,-2.098477700278403
2.2055111899450974,4.605772055325437,-1.824216080454444
0.736166794256494,1.2102455911713974,-2.0124151225386537
3.2164901266635653,2.8010311895412676,3.0704547325708784
1.7869258732089444,0.4508216828283045,0.6969577451732913
2.1372363877030827,3.409461872020919,2.883156939317761
5.800228549258668,0.5320039912101624,2.9733159530166553
4.122013732921346,5.582991422168748,-2.300422515363365
5.350053195229691,2.1802099570916136,-2.183907852510948
4.377650382372436,0.2964749032521934,-0.2090053861136263
2.7507444676200254,2.267125779661594,-0.7907137497595498
1.0828409735782596,4.310236149137251,0.738093116448375
2.407855798092897,0.4342372298353274,0.5692752344292229
1.2740196515787938,5.187051693557794,3.0156925243289274
5.021828376443577,5.004539908324314,1.100548721274695
5.805619642111285,3.2467933135870233,2.404112322047525
5.352562376912738,5.411756445212617,2.1212822939910208
1.000583881265755,4.110162342436671,2.5877569329355152
5.239041175160247,1.4167608328792518,2.7539132926401155
4.487676659459639,5.32953164291278,1.9451302323655106
4.36789958880469,0.3338074000549487,-1.9103779869283422
0.17882097610264447,3.639505290820396,-0.3924924330781101
3.9668696079966774,5.248567823204364,2.0102797852246583
5.2083259637140245,2.347068568194369,0.002094607981440788
0.15269879637101003,4.046834613077033,2.3053472885241515
1.9079490329976785,0.2429668021682816,1.186927022995551
0.7617437663640909,0.6154794781107682,1.9522015835601012
2.7682194748056608,0.169566117744556,1.1715764054239255
2.031323141527916,2.3854131327245676,2.216885423574463
5.058828085211618,5.308051835071215,-0.31819088767124715
2.6180022288036113,2.1864109904626394,1.2203309631309516
2.6733267640798997,3.263179184611939,2.43469215145499
4.144125931170186,3.7075931459733624,1.7315189440816248
4.433490294162671,2.586309336834163,-0.6396570003107969
2.326732514364637,4.133665936660907,-2.916444214003251
2.3572502098401475,2.4364059765044717,1.8719971681610668
3.1998464583234036,1.5402217953512174,-1.7249675676110336
2.4274467142937945,4.236239301401129,0.7636405430000242
1.118075252864823,3.1973353564009512,1.2897205283072655
5.487319499398744,5.813653192065315,-2.723060574433841
2.504240203281519,5.2884717007032815,-2.5497612801538687
3.9637020396094123,4.021608064042487,-0.27563349598249554
5.183225577538146,1.9503825255960139,1.4346211450750674
4.1590217164363095,0.495163582415195,-2.2583749937831845
3.7385119305923786,4.97627757603008,2.3382967383460773
5.46883696828544,0.7386377141223051,-2.4282447106411778
4.140543549288929,2.0168863537420654,-0.8553933335867407
2.6782403325031847,2.302965684325965,-1.3692739678867625
2.191672489531071,5.055585865265001,-1.7212914653435336
2.362009349528271,5.125215138409695,-2.0747639246892966
5.728642778917338,0.4718919085562223,-1.7010848731753916
3.9728069211950654,3.2972550897654127,-1.8649491392543533
4.999955786511524,2.847643084091334,-2.8774476833533407
4.5384110041425005,1.7605815172949408,-2.0935737354256516
1.243698622344897,0.8029205121305356,2.5479962682995474
0.4331795818163737,1.2102703315106054,-0.34814231399889284
4.018332022306177,2.3573894524516334,-1.4515327143053933
2.3428532793977674,4.3643495759637645,-3.0590738601199674
1.6804049989991168,2.2699694388892766,0.8005469256898898
3.4131981356162555,5.634675982639389,-0.7641749105410449
4.220328920348734,5.531662251990932,0.3126193480215256
5.771763839060426,3.128728164808665,-2.8559049091190625
1.1813052018465326,3.8370742666435094,-2.6188772947808534
5.808275647864062,2.5964244704824324,3.119915390654155
1.7686236366068568,2.1120712205033727,-2.8874796820065307
5.674848261810094,0.5977864659591354,-1.395332081458712
2.556529976610573,3.0390194509979516,1.1215760118134916
5.1298245264195215,2.79381513548581,-0.28249321995380106
5.477199172294131,2.4424843106756216,-2.3176356673165364
1.067470650019525,0.4309406883898339,2.109169764946973
5.138567850047795,2.5449142721044593,2.79269888175455
5.422170375608522,4.13085929496704,-2.878607552606516
5.336699332818762,0.20035910559137982,0.36752743371875285
4.951656052575521,4.123784104399615,2.7980990489534863
5.423914437737177,0.27243215314178304,1.2468111617965612
4.843193135380461,5.1510646200785395,-3.1274505259144294
4.051999251929029,0.793204399898604,-1.415149586872202
1.36941849340709,2.1965232021644763,2.3553907028398076
0.9101776345283104,0.373872307386254,2.185441926529477
2.64071366396804,4.045000276746471,1.0941287404611737
4.457656477600236,5.742144638674324,1.5677759568643017
4.713981009105893,2.716511597733634,-0.5873049517979352
3.1210379219955247,4.190559327258882,-0.11761635805432835
1.3332848197433766,4.599397993366201,1.7962043311764795
3.720779254809183,4.019526234065843,0.299710209872043
3.5228301088009903,4.170093358068787,2.3339942223298724
3.4757523649473328,0.31113775212676975,-2.0117497448185824
5.253821118444174,1.6339147732624912,-1.5285703484059627
5.756948871803682,5.805986019280484,-2.3146376357817373
0.7040946025403731,2.2794964020313397,-0.3389105379452957
4.200245913132826,1.072393843183681,-3.123710402003481
5.798998614166038,2.9757944881851612,1.2977215987084847
2.8566595973545166,3.823044147839327,0.8333398906836464
2.2911568075414763,5.489179056544885,-1.668945051436957
2.1731585014221357,4.567176179214535,2.8056480303382223
0.7124950770857652,0.3866285346038252,0.8772724005286765
1.143814044594101,1.413818862311493,-3.1059382277819862
4.048891673237298,2.473237503597074,0.030607834934697653
2.152167413892096,4.172908080629267,-3.034408122421134
3.19710502458436,1.7693058675167914,-0.4298153640149751
2.3098278380757282,5.007274187100349,-2.2705046243221174
5.091241766731396,5.197462940884516,1.6140008790488833
3.3299400018609884,5.088923286990301,-2.6411231389099883
1.5931836743170462,0.7478249849963374,0.42683963328702346
1.9669815390432532,1.3416681026264876,0.5605030336906163
3.9176398734508493,2.0909912218907087,-1.762656838212858
4.041453705973518,1.2541582378809202,0.9316379363324732
5.290455739943612,2.3960109921559702,-0.07350393627003138
2.419656986933319,0.1603765348841113,0.3100243019650901
1.5402597752403357,5.481453001160238,-1.9020631300612434
5.567409083840628,3.91517326906708,-0.5032485494973922
3.9690805465708716,0.6332393601894193,-3.0824533128391893
0.7962393002642671,0.3775183854271238,2.262412650690017
2.0407747679340966,0.34124725872689354,-1.4439455877035046
3.9643755522962523,1.7343808031132153,-2.207519160643211
2.230204833281329,5.7978291494445635,1.935140476935782
3.0621169770233783,0.5683564428694403,1.6435588988264112
1.4678182854447652,4.325647131022652,-2.3988334162197584
4.1932045758728815,0.587846855759411,1.9733211433777749
0.23434783254896052,5.335308023755083,0.4808139441621315
3.319516661590915,0.7305757335632068,1.2836954663919569
4.2119723520565024,2.9797704714519515,2.455794689014607
5.402996844151051,1.1835621892634565,-2.1878859106364335
1.3627693793730784,4.609804962585295,2.927771331234938
4.121875747810064,2.253355495605293,-0.06886234984268436
0.7309859849713158,0.7783713851324834,0.09034377570148999
5.177381549332667,2.212558747436379,3.0643672703981473
2.87175965660252,5.276334372148325,-0.251740735773049
4.684287728293969,3.1386720240415533,-2.5885216815600165
5.259351709166861,1.1399791750924686,-2.521880773964088
1.1613046133937117,5.132857075367399,-1.0619527100404689
0.17523408139517005,3.1004752881889885,-2.6029275182625486
4.001362768186998,2.199035174716018,2.7802402839962
1.5420489860437694,5.198917200144093,2.798539932957511
4.1036371259603275,0.4423690329908716,-1.7171516116507533
1.2268171767506646,5.708094193525867,-0.1691202283147999
3.651590996411873,5.491689012611262,-0.44901776568217766
3.2329268995192546,1.8408548517984278,-2.7388470863860546
2.73812443645238,3.6284444791190236,1.9324995170519657
5.832872708717298,0.31798470604028095,1.297919087890362
4.192471380865488,0.852996796002562,-0.7055299785675588
0.23678040427488467,0.3214287123934494,-0.507114307223008
5.248348012920238,0.925211426637329,1.014171072894042
5.502457817349632,1.4227394663474846,-0.3344243214418139
3.1217148133008186,4.962037479198999,1.8750286285722675
1.4601939648521982,1.1801228343186099,-1.6050132341283676
1.1222942268532703,4.63270900410836,-2.8432586943641693
1.227437097789106,3.241545860569495,2.704956663129771
3.973754081689899,2.5594942075246685,-1.3900735727309075
5.437358423468232,5.105567019957707,2.4598631071159094
1.6307007543311858,0.25264687308632716,2.184457452285943
1.1643615405306218,0.5686083814422096,-0.5559819302087874
4.471589737299713,5.399804015708886,-2.465010480858279
1.2872113346401313,0.5256671261691925,1.9667102810914558
5.1248636208152725,5.2699580932892465,-1.508964490052114
5.001558259192936,5.721828647921088,0.005722612527764515
0.8476220066278886,0.6033123584182569,-2.3721824787322774
2.7231676011796218,4.185178913301449,-1.1953999413499903
0.6519048826149665,0.4876506163842016,0.2347475801127965
2.52439031695664,4.607164845222165,2.541542738898057
3.1470183560715688,1.1582372884322742,2.649845073390119
0.5541922131987438,1.120594824751915,-0.36776521108822324
3.8335489097365176,5.771034005443202,-2.322633704719534
1.1722894965431012,3.171147927585554,0.7752179749967008
0.39472741735796246,0.3241530203118439,-0.5639462987689967
0.2752541552295438,1.6096269002103092,2.8021559644694065
1.3370666380496683,0.4936798794513897,2.2077655277812456
4.435351603545874,3.106535660375403,2.0907039402794254
2.9667165974805516,5.848796810214662,0.4314947136465661
2.9481468291042794,0.33245543318681414,1.42843505226538
4.741008078632321,4.939427310059741,-0.46300805127424427
2.2954220584522185,0.6007699599357177,1.623602293301401
2.8699798665043184,4.048048670114639,-1.9480349430393866
2.994821690030664,1.9860219400089294,0.8688623473974939
2.200073185360754,0.5811386190748966,-0.9468856020940746
5.7549656350566405,5.530649192205884,1.7996833126874616
0.7783909465118317,2.167924693900875,-1.8539492321375928
5.776142498920303,1.949800415598919,-0.9296457843405732
3.246983563541691,2.052282633246783,0.4730201366622504
2.180145094244751,0.5476615479022531,1.335311389183624
5.152077068297275,3.8531272334015765,-3.1065935234217146
0.1533377548029098,1.480573971362135,0.7828726107487824
1.4841481566220178,3.8033713464188645,-2.9679710097029113
0.26012348491316084,4.560338463440947,2.6921269820132174
5.398443237022881,2.8495350565497364,-0.3652751525864324
2.39894745011186,5.231202054927058,2.3219499772575416
2.104729047920126,0.5743727025843102,1.5525107021021096
0.2915392083486896,1.7177318367285268,-1.91586918268386
1.9259865168835697,2.369618857140967,2.088701281182347
1.2456653142603495,0.6157127109676019,0.01348125537872047
1.4214245517548465,4.469520163499439,0.742322049771539
5.20290313973321,5.426366400423455,-2.703995201495265
1.3326126358071617,4.369848859229423,-1.0967981850057607
4.368688060157549,0.5085325179145916,0.29495188478983403
5.687773640210214,1.7851949161559408,-2.4479242158057692
1.8396651226576104,3.1115908672101575,-3.015563892485939
1.6835247238863134,3.263004197909778,0.6699934878134823
2.6767300396110643,4.493884065826368,-1.3178532810960324
5.1670921512769725,4.123982503277439,-1.7284054477789106
5.354655635146549,1.599120462000583,0.199575384919493
0.3066204541980768,3.354490518998669,-1.425162120148238
5.261559001905203,2.1265006275170046,-1.4039302246840264
2.885556806966488,3.0386675571183117,-0.7540642294118238
4.489823407900758,5.209545798339839,0.3352419656841108
1.0006714810822923,5.443904181082027,2.1113379956308966
3.251912479189115,0.9930237365696557,-1.1492258048756216
0.2880059593197619,2.2727188719414437,-0.6404337121389281
2.6292502835053697,4.436198149365724,2.1580319531111156
4.354509645987214,2.0179894199970487,-0.1599266927058549
5.830639221364624,5.0493012509439215,-0.32101385552552664
3.3353480809844775,0.5039704536908325,-2.527581229404313
1.0840447810739169,4.416609433515282,-1.3407628239662415
1.1562873768649093,3.9501907472388127,0.39545806213115275
5.638522509543324,0.6885115572748972,1.2650959078218023
2.307506432101902,4.0077777596465864,-0.12859386264429906
5.32836294637096,2.1693299291439794,-1.3727818595232097
4.220122432635451,0.947660470770302,-0.01036337520162256
4.003178563851078,0.4801401013441817,0.6263263735195781
2.3189792123725117,3.5889648342498686,1.0901285160514531
3.0890593077597615,1.1899880802937581,0.9177512751713213
4.117401121625653,0.2528978120485861,-2.6369206667839116
3.6194780385049894,0.845749319122997,1.5648596058542141
0.25647892926926885,3.468285953252109,-2.8038592002774596
1.550063135262611,0.19915603566561502,2.8629974365175936
4.033670295595549,5.335950200572083,-0.952891184001667
0.15483448506722075,3.1497851061341606,2.7910585847627996
2.5091647602067724,0.32939431507633254,-2.516381040232579
5.586717509978132,2.591861147710187,-2.6166192981025578
4.464614498807242,2.485224725778025,0.6620872030728799
1.365139672306281,4.0677952213639985,1.1032676770662313
5.054179097001355,4.174442172088609,-0.14423728454317875
0.3649269725069497,0.31282837344232517,1.8256641332083694
4.250016646296926,2.367686539834447,-2.096902152513267
5.233247663866001,4.300188811621797,-0.821554396793243
3.2763407741196744,3.7073847207316954,-0.9575620119050878
4.997283373733596,2.635762873374954,1.661677664674177
0.6619239690507073,0.709337594951996,0.4473216777883757
4.777831423352126,5.739607296629295,-0.6219226737470684
5.284893501557603,4.4358274921620335,1.7489985556712675
0.24864775318421417,0.5262757572391292,2.8649080925329216
3.7530739076603057,0.5202882653464598,2.689917615941635
5.646850591483638,0.6424572700193287,1.258534680699758
4.93523217749077,3.9057485824534224,0.001121964202166037
1.3330322743478673,3.929637972822376,-1.0667467798708756
2.7613634609161757,4.18104734050575,-0.5995037373938681
2.5206788310761303,4.488409764640653,0.754413957711646
4.056505502271084,3.752582128652322,0.22384367502771463
5.652361500786355,1.0011731779489121,-2.3698889625983264
2.279472511421304,4.668530317081576,2.1950660801943407
3.632494711373241,5.210503119952972,-2.959550377946526
2.3891185725754402,5.656483561484063,1.4666968932734283
1.4983457032229144,3.5910074614282363,-3.0553033882685607
5.085207174893004,4.894478654470492,1.915113902964773
4.153997969913052,1.1104714732454124,1.5296976141124379
5.55822432314495,2.6966869700172347,2.734678643849274
1.4495218167456303,3.516630352019779,0.073557281311603
3.5789325060747275,5.2124990098542145,0.15881704951134212
2.692167444605799,2.9639831161954024,-0.22669669386353863
1.242960897352128,4.400776190523505,1.321603886062503
1.9058757629080918,1.1392151560764476,0.31682904859573524
3.0451772796362677,2.22964320591733,0.1702296056867434
3.703202913856394,4.112589481801529,-0.2952745135263948
0.45578127550393543,1.163677950518958,-0.051163300259331024
5.163445179536987,5.817583424653484,1.6130713355942623
0.2614109542508962,5.489987768547087,-0.4980056499666956
3.9789907477481963,5.218972060026666,0.13676606221523047
0.8592807281896291,0.9590271082656492,-0.6577375590587584
5.781270167900686,4.559200612773935,0.8794479704521407
4.1396740409470905,4.884693542805393,-1.1151735786516936
0.2836763485708189,4.1530040132592605,-0.9502258616979202
4.4912928979953515,5.403382644864902,-2.849613161640454
4.005352042194447,5.0585226079524945,2.179067999651364
5.630072882020009,1.9484817278092308,2.079197724563726
5.681504966898357,1.9302699400337924,0.47777663840396833
1.5495817974548667,0.6781047981720003,1.7063436065593907
4.6581933395610555,2.9675399814774583,-2.0585078874730693
4.675237599874508,2.9005877990328477,-1.729131084123119
1.2009686678311282,3.698917549098047,1.5695090463182222
3.921823806314438,3.9614396627160593,-2.144458306904983
0.30629676733498656,4.912488567611882,-2.36883155032376
5.430620648665259,2.298012951769098,0.38149859520323304
5.773884496955681,5.282331331666096,-1.951592568338657
5.162322762500539,3.017298131787778,-2.952221587289019
1.5020781852273282,5.107808011500018,1.951245447743359
4.225127972974935,2.305485021287824,-2.0262258111596525
2.1824690669620397,4.033985693426679,-0.9042066875881916
2.781379782043808,2.770933213914878,0.4364450308315999
2.859444220469766,3.8234177447723874,-0.4500383856246448
2.318382446978944,3.921898554140182,-0.840208149975874
0.23740543505210554,1.250364023688401,-0.26708526505378627
4.862424819430283,3.139961088832446,0.7676625951095479
3.8649098092054306,5.193222291307145,-2.45336989709678
4.3084468594273915,1.6615678253994497,-1.706994576697663
4.941876874437468,0.2926785472195157,-0.6921387387719626
1.4296170806321977,5.374890408277945,1.3253944237879374
3.0498574672214,0.9380756974346804,2.750978062215789
1.9891438888056185,0.7391813323545078,2.073493930642158
5.175101964135571,2.9041077722331776,2.7726354176509513
1.9967424209098268,0.19277753967252687,0.9012887263961611
5.447335824956342,0.5835595430958749,2.000978573119446
3.9806098037969493,5.599261688572051,0.8623233700189372
5.5678492673157525,3.0009057111402138,1.2220909628858125
4.77739709053567,2.5829338112222135,0.12937669534056973
2.8796712586500295,5.565657517031235,1.9735255221322987
5.816675005127121,3.796624983908351,-0.4209883847148781
5.034875668096993,5.549659826519509,-2.27710355434012
5.822885939882607,0.8673956524324304,2.4878921914873047
4.212551123828498,2.7587113815936632,-0.44024125867335995
1.052523929722391,5.591891955824963,-1.7592309830627477
1.3559714178290192,1.2075511213039822,2.418248177171729
4.420022742712494,0.5406373078827076,-1.1647295111964042
3.1538279100254476,1.5235379230402881,1.1212867837113514
3.199455033524337,1.2859165794519123,-2.5932992322874817
3.9431334472641724,0.37662987771807543,0.8948813659689714
2.9759227788032483,2.1877448368084336,1.3532005860039105
0.33224829123434807,4.8448325430991925,1.7755603585319593
0.16407151948954923,5.048638375904247,3.0152492087053577
5.415341732460081,0.6551245751318873,-2.067409518334995
4.278440241826684,1.183297744284789,-2.9144117540514287
5.114386583883744,4.833796906517045,1.6291907168228992
2.8691321936760494,4.027365570051986,1.0189612487969821
4.32362604885031,0.7346329765705593,-0.5931298045457445
1.0543309254357547,3.4368683473551,-0.8010926631027675
3.791316763644481,0.33570682794615214,1.0494735796271621
5.000910470415668,5.712216401091323,2.0580482926063217
3.253838322302708,3.9023872995162057,0.5462615606778192
0.2679959150820259,1.0441680980493544,-1.8234870806086512
4.211213016032094,5.0530891242929385,2.6863451899854542
5.808424995478038,5.231536933455777,0.1492079083813862
5.1246869429702455,4.255160356877956,-0.386342504010329
3.878384073755881,2.556605888713739,-2.408214099244101
2.049780666889154,3.2115656311928475,0.4475403580471986
4.159609348020154,0.614220306094728,1.4111856168282628
5.662139834243964,4.41998726081803,2.6671158879262373
5.3819693586208714,0.5692497243704504,-2.198475392754597
1.4442303928407496,5.067221313139973,-1.3500789153040467
4.809785917315459,4.7981626908854835,-1.4064756157352933
4.73781589588118,5.146245118743959,2.5227869490761288
2.8173483919396323,4.0390859528691365,-0.7150680373430238
2.943635829679929,2.426460711319386,-0.5659221410927127
5.746556075833158,0.4067816930334245,0.6681075095484545
2.911335840441469,0.3928740183121835,0.7508217677566154
4.468310734644978,1.5245953225874893,-1.3771405038974471
2.8477120048067954,4.243543536992844,0.9907898656511316
0.259243233773937,2.856887631012266,-0.838978862001742
5.635557420720449,2.473831081279195,-2.345966643815901
2.873137831045202,3.888684998748555,1.7141709468934536
4.083071601589858,3.300722387912855,-1.4999836302739011
5.750449892373288,4.706969220465302,0.19701919594644712
4.482911289536107,2.887140389164456,-1.9387351914580842
2.3129027197588985,5.007390962225205,-1.3547393565931114
1.9938038734922932,0.5263039945190089,1.4734565933813473
5.6443596672456895,3.9667373362462524,-1.2884236098120718
2.1878833362739076,4.704347325585146,0.5626010102050256
5.024101967541346,4.100104478667584,1.6284040742842025
0.9617552871378319,4.104967745275802,2.3597030009148803
3.9522085128704356,1.5754134358554106,2.091866059148427
2.4993301620107378,4.797177457206282,3.1324938869361585
2.2696599061829175,5.164572474225909,-1.6062388051375862
3.244139930980753,0.38435441093442235,1.9218405601733242
2.67066797121894,3.372275699238992,0.9869596209933871
5.401806911704324,5.598556597643775,2.7982936363488387
2.1314496963623024,2.2940240445206603,0.2211168054851913
4.002601743428963,3.225673558872937,-0.04645086419087496
1.4217200361466658,3.9937725633593257,0.0981039961801442
5.404505495342049,1.6004913236644736,-1.8288163356252025
2.3168344888252106,3.51396507178641,0.7588781778353191
4.517376746803574,5.128607571004358,-1.274003063932849
1.448409919312976,0.18505175346621416,3.0480412491135116
3.6668862345474413,0.4902287540648764,0.9495476096158937
0.7682326521542158,2.0961783784966492,-0.8364648718112506
5.665267412348651,4.9936149299427,2.1635486583225276
1.5081567546545571,0.8957567317952415,0.5790167685980312
5.3305251684573,0.45421682802096597,2.917006088817863
0.17092157352830628,4.24284578706785,0.1802452781040751
0.73078134060202,2.279142697729207,-3.0574970466194618
5.071470825736014,4.025488112588335,1.6115758472546382
2.539099758210197,5.132974666294551,-2.4439442805708333
3.4823818261243757,0.3396227500441744,1.1408009045691907
5.70417209627349,5.393566754766963,-1.6750810368208449
2.577853286223375,2.6362854498717905,-0.33390415074167423
0.9451071045854251,0.46488307961323105,2.039353889932939
5.79171998326547,2.3234225752606736,2.839035288904224
1.0802126814573365,4.520049106185727,1.7828283910084082
3.695440542805623,0.456095004210465,-0.598570550421679
5.178399845657507,4.862440592495972,2.8481356319705124
0.41066325211681165,2.386067052208243,-2.723654475512874
0.277146520304145,2.118355831738093,-0.3003432789927478
2.592500721608854,5.0537144332237744,-2.9720534552617326
2.576673903498543,3.644743627326217,2.7507967987701942
4.894432259018931,5.324956838561829,-2.5303898661869617
3.0148347152825896,5.645546963210795,0.7965741485779629
4.984198729763538,5.126556442092845,-2.2506752795086413
4.4575530676531345,0.3958755622082648,0.6072636231593789
5.335917664221956,1.1917430467926051,-2.2741613698403684
3.9593793440589042,0.3166829021240454,-0.1643251345876675
4.23161785794025,1.6734938990580073,-0.4741675563892196
4.846169259942365,0.2517306485693993,2.287662750520105
5.789723671553022,4.501107656044785,-0.7664786838572448
5.5814751244713,4.637198302796952,-1.682470213880547
2.6766399236924556,3.008867217183436,1.2950830704312617
2.201803963429893,1.1337579542852672,2.8324950903679724
