x,y,theta
2.5478467492858172,1.0791468550554812,-0.4268788268404964
3.2530809568010897,3.651022309110887,0.7015894857215477
2.4265431030687195,2.9179862439359936,2.097835738615622
2.1744999658616915,3.740289695151073,-1.7589322957132234
2.9186217857197763,0.7026224824102361,3.067393714332246
3.4527156893995463,2.165844880996367,-0.033540671436019576
1.1988475621495391,1.6907488847906338,1.5770324220107037
2.6824976587745213,2.5887580462970003,1.2476048274436717
2.4615404459250154,1.5347102170475337,1.5174195513257436
2.742167937922779,2.601837105071265,1.4605456613059333
2.7537869222837603,1.5556856959164151,-0.04900515856130516
0.5403860200896449,2.885953360776327,-0.3643807850231715
2.1014172899029036,1.2409675022358226,-2.140686317549255
1.9433414353271563,3.557951337396001,-0.19006106003578083
3.7361740638249987,1.431180786836281,0.19478470495086064
2.2861193229190437,1.2874775643037686,1.8677911023816023
2.377200120798787,1.351644902028533,-0.6403315683596413
1.566476002112645,3.5610974080191693,-0.46397097480253313
0.9086303741335189,2.4927485787441697,0.33063673316480147
0.3360613743295393,3.330576590613591,2.179608957670254
3.1483932299547335,0.9574777719718086,2.046422179716079
3.5059369232428153,0.2342721392207774,-1.0458056836734966
1.3444682421826415,0.6011178675793563,0.40318016444830107
1.801357466597148,3.185297081149177,-0.03527804150052871
0.9225688359749897,0.20808520425763843,2.0604315300842053
1.6182073592861128,0.7940521780370213,0.7820916787461485
0.3630121824764876,2.3213295439474027,0.939944555127882
1.1947845312756904,2.6879795118254375,0.2291076145526434
0.7980617758728532,3.7684524420259913,0.623267055517883
1.4604406729793142,0.4219811182809181,1.4768837216501645
2.516432606158837,3.7086182122714697,-3.100589379972599
1.761508618863136,3.818361974762949,-1.252445720620418
3.7957746997510613,1.8401805572363843,2.7822230941974766
3.0309153812331657,1.9896907819504759,-0.5468978990972739
2.1172486407870816,3.14314280285523,0.4081922609558637
1.6586233974226832,2.9379342871549174,1.2115030970241758
2.8445715119589994,3.728238746453513,2.5392134518574316
0.4597305331236208,2.9160604683052376,1.914865421527213
3.5597422228820825,3.2894953101722817,-3.0820356559072186
1.9199516952313287,0.9294916785572154,-1.920902148538051
3.2075223148732315,3.694120639133878,0.5528675365632991
1.0645210891691703,2.1557376304887477,1.7938421092924886
1.771011315898126,3.72406926392462,-2.9987222963150315
0.16204284475373854,2.928024782626243,2.7448497217087606
3.0318040094257124,2.051034893048312,0.23435784776282453
3.7164168831880247,0.26432998689629894,-0.02524214365845623
3.365269118449533,0.2667600350684056,-1.6888759034396073
1.3772399152165007,1.7211949277913332,1.9330364470641115
1.035458372683729,0.9667028563773798,-2.1903460874060485
3.5524732826367194,0.9034777136692975,-2.0965935293566877
0.498218823341134,1.1533230280303104,0.9503763931073683
3.238843103651111,2.2419038080247433,2.965774989351451
1.153684857724842,1.6515853707235708,0.8137113263593019
3.2724838838836416,2.506025849679014,3.0364739945785058
3.836310570789769,1.4776176443667235,-1.4972914195618692
3.39316483310024,0.581894152746127,-2.8876348574625847
1.6260413469925066,3.639835846649188,0.9442781045361492
0.1722675542728167,3.2908251207260077,-0.32810615342467875
1.6615361494848986,3.319215941112411,-0.5351024785397214
0.3145201486625595,2.6104583053465538,-1.5634973265601781
1.0953963943982288,2.810608282639145,1.2274193395643058
3.775205707768363,0.507268409044991,-3.1132500066366195
3.4591131816030964,0.23785660640135387,-2.675267837442767
3.1027647524073134,1.235429450877044,-0.45661298671885175
1.0793471420032006,3.452480816757271,2.773567099005878
3.5252286909507595,2.042826022174581,2.8556853117586227
1.2637741814708008,0.7308495157062498,-2.0948743155718543
3.520392485216279,3.249341592445016,1.5983856961201743
2.671557622285405,3.8336545271118077,1.6406235179513118
3.702858308857675,2.9929940132070163,-2.4439660299509205
3.442805638190711,0.9885869612884299,-0.023504256982513017
0.5649862276041264,2.680247397259744,-0.37694849013610066
2.858474146619011,0.6682117151290887,-0.04000133491497637
1.582229092419504,3.641023064864219,-2.26023556787712
0.7765190915631743,2.1040889944715007,-2.9570880854033925
2.0937389095796797,0.35574256098508794,2.8278640996532562
1.27872654513066,0.7500308629111396,0.32480728603626474
2.690106535667477,0.7804295938272201,0.496365592473893
3.849692372497524,0.2890610621195071,0.8934147339833407
1.999891294634474,2.976389917130593,3.1333892668900862
0.7089069618986352,1.552266927138077,2.7756501963544036
0.25158199381988533,2.903523455103107,1.3657330713259128
0.3510715470379471,1.5803668334318703,2.2459249459277686
3.4940905244829286,1.889201347000046,-0.30008028984592094
3.6504877345635425,3.0636684709554896,1.3389689815782777
3.6612958404470635,0.5096120361956253,2.0848067038828386
0.29425162132252813,0.28130501427687227,1.2283795501932202
3.4754171773892772,2.536279917389773,-1.9033842973081818
1.986286775195412,0.6541736647859211,-1.56505200243903
2.6949337509090947,1.272069551383192,0.54170163248653
2.8435194530637795,1.841421315469299,0.8462561845362173
2.0298794421781086,3.1586629298394815,-2.5901722164970598
0.370981902093523,2.31503401329401,2.1640101844198893
0.7889397891834742,3.2325470072542726,2.8154439444766233
3.203668146434436,1.9250419863010744,2.1092649507013794
3.254136256718542,2.4113956209644654,2.1437018568266355
2.620484255965521,3.6547630508295557,1.682131183840875
0.26108166564516555,3.3399528158336023,1.0349480985792194
1.5272591198649552,1.3021824644028177,1.4812956134267177
3.5101156234871844,0.3472594888595766,-1.6880817020174803
2.833675027655464,3.156618494820584,1.1737095903403434
3.196785518864459,1.289146898959327,1.6782336588507532
3.1865567309842184,0.9013137675026606,-2.906650956931902
2.1656399345206583,0.45045466216222874,-2.15239896853817
2.977522905389596,3.407503648937028,1.6544590070717353
0.5557267164807902,2.8151430770671912,-1.8391248408528078
3.375162249474907,1.6964259417760514,2.794698278199074
2.014707916802316,3.013786154335621,0.8709824557028654
3.6553506706926515,1.9045882878750122,-0.08387363145724702
3.4551449643883396,2.806274264247491,-0.8478117138384
1.1756970238982305,3.0706090799338943,-0.5444094590537483
2.2827391434379964,0.37538061373322495,-2.636404171290074
1.5655217052186567,0.2949640535912237,0.26283698198539174
0.49076264070429376,3.735075639827371,0.4516596373247288
2.736201792300132,3.2951254335710867,-3.0591494834434583
3.5872049290550394,2.3332801876939038,-3.043314813903893
0.1608728836184028,2.845947296471032,-2.3594423554839965
2.2761034170534327,3.303828888681597,1.6879367881020428
2.1286418938973766,3.2529763814567696,0.03523632929126963
0.6840857600826964,1.5666991978156113,1.8375684235364496
3.0121999594627056,1.7569157274332259,-2.880267277041576
2.3535204377168593,0.5094338876866842,1.2666667288910096
2.9044940437359212,1.1203296074659979,-2.989011975248726
0.7624702416160729,3.451799994332778,2.012242538805726
3.595295060993938,0.34404974424401047,1.3759954446986251
2.784617801363571,1.3119291590584101,1.9880322233580952
0.7016389999403243,2.6991945998691156,0.04172549191923114
1.4512878034517445,1.3195833299757433,1.5014258130380878
3.774711060916751,0.7971933627179446,-0.023294167480070627
0.6534723645478246,3.5336749345342477,1.8344488843651625
3.156990193010705,2.227341960215961,-0.663659299894158
0.8898135839654411,2.2309903304852257,0.36531809823454475
2.8670027222549126,2.5841800942654194,-0.23735971635120157
2.445354737100805,0.2948657304981501,-0.5371739231558652
0.9856238762039022,2.2975121923917277,-1.182956293193379
3.694981429500725,0.6080316100901482,1.7367842999775691
2.359842370598123,2.7848604244138264,-1.7706164176011658
0.5461736572035445,1.250382588404685,-2.786630623983488
2.8636713877019773,3.6044323736913464,-1.2789738475963435
1.366970600824541,0.9557748467651224,-2.6777769020534192
3.2871680109208583,2.3399307209027134,2.568639117200843
1.9063536868230817,1.0246000857115694,1.6353703287526447
2.319880722256379,0.7644410938402992,1.018034993191173
0.9292459011421239,2.9950229000157402,0.7154454489889037
2.5748190483212414,2.9030307402074795,2.669782508935077
0.33123430358597883,1.4109736627856204,1.6228761841599164
0.16247024749098093,0.7761098196031728,-1.2239347090122192
3.780098593218506,0.6502788990132728,-0.16292139650302762
3.408209329851101,3.2885486362577603,-2.9820406918932445
3.296007230599677,2.72274530228085,2.4262304556579197
3.3477749457162838,3.030386343328495,2.1818325171794823
2.7650859177624185,3.6518964240275125,0.9586815785654768
3.291228532378355,0.716250750331973,-1.2596961093388452
2.9928971003249796,0.3467252924581712,1.5607003162190445
0.8086723759019385,3.751620434543957,-1.9946661961597019
1.0587805135537596,3.322777062070924,-2.9396706189109003
0.6924545480818618,2.345513419193511,-0.9715909103989815
3.833637340717568,2.8660529382632283,-0.5209327590264063
3.112992904407713,3.553959547646001,-0.46684610899549206
2.5259660690464667,1.4254581855062858,-2.506047077452447
2.113129760227972,0.9060015827294543,1.9555248652133752
3.1101764955268214,0.6803140064594659,-1.9517119132106668
2.687611213910762,3.041946394661,0.16168702127867318
0.4393115442556357,2.499763846671934,1.084557292027589
2.775938172585981,2.3419183430424875,3.04975622277328
2.931544307434861,2.080101028818592,1.2565545734645402
1.851471236517087,1.1470754617941408,0.1978056558032768
0.9166066799868262,2.7812084243672737,2.7006294393001493
2.7828454112498306,0.7819300519063854,0.8121217273855663
2.124864492839305,3.3647014061798703,-0.6476556020570139
1.0330976003101475,0.6245419255627693,-2.5208080637743038
2.84648231552367,3.37644387295617,0.010007728645994085
2.711195112383836,1.4752860667838008,2.4362528073820364
3.7462643338971757,1.5506968478227572,1.3368925730041346
0.659130608264014,3.5077315733160432,1.1758383676816528
3.5789139875474736,0.19306238000758125,1.9215003737761558
0.7928961233579295,2.5451346143978393,-2.621607508329066
3.1553806225393517,2.4267700269622017,-0.5649941854644993
0.7663567845062329,0.4705663010487964,2.3400605018817116
2.0238905362607342,3.2620416266360457,-3.0806302130687984
0.8682687242885048,0.3005307794911345,-0.018067877152291523
2.2041799831732187,0.7672685925410185,-3.0793910504789195
0.26969488193707836,3.093058392165073,0.9245670374219959
3.2849064243116897,1.5933422043929415,2.5424413755439135
1.1763054406731377,1.1084835577478311,2.0011583604398933
2.5496839169527257,2.70306976778984,-0.6329272778042294
1.3612954295226656,1.212804050656981,1.4049717356347031
1.7120980761758067,3.372058858359962,-2.7471926334876544
0.32529476522782774,3.5009130148078875,-2.6413786831936217
3.7668246221195454,1.047456063415749,-0.5002819117834485
3.5907937404701933,3.8426595437210866,-0.3215883456365174
3.3308713975209234,2.6093958627560845,-2.7119147123385723
0.9942307054689805,3.7371441530314486,-2.4393213467573562
1.7587977998621254,3.094224913237196,0.9969821227458917
2.003751827953947,0.7334249724205102,-0.385639298954779
1.1837073880376532,2.2976430752112686,1.0979309629763918
1.7355648973997257,3.0487886874368786,-3.001044344445905
2.456629094971552,1.2965855032295042,1.2546856581842976
2.868963757181973,1.9380585324394932,-0.25637875083298844
3.322525765087036,1.0381956245551125,-2.397553178977885
0.6091798513952558,0.7972156364280001,-2.622507504257921
0.7784373909289379,3.1197790839543265,-1.24191910579629
3.4737246176689185,1.2640199430409633,-0.928901031283206
2.8895126957244948,0.5898898178614256,-3.0731010150849
1.1234842456126257,2.922823983433611,0.6734172001886196
2.2727692571705065,3.5997831737557937,-0.9071986616659382
1.2260288701228088,0.9254902906189821,0.7602472073712674
2.603065339053593,1.058744007290782,0.9880196722874528
3.4491020825721894,1.0825935826084332,-2.2992612053687234
2.693438524900591,2.2727365676069278,3.048242348750822
2.5138351915156334,3.5816671025273523,-3.07549895813179
0.6799538058776511,0.5992621835018483,-0.6356912681221485
0.48760888534122504,0.3057560836728679,-0.025249283557386093
2.1369240944149626,0.6629246078090887,1.3496220928002813
0.866113202707298,1.423624878069162,-3.0703429453369733
0.8911657421138086,1.127312425338903,1.8523737388101438
3.707484242914366,1.6687014652393044,0.07633604209548883
2.6565674269940223,2.641106179710739,2.1416559897511087
0.3390358688960555,2.327610316138757,1.3299327634075455
2.9436943995919025,3.182273464573798,0.9001536819890088
2.3541370077574104,0.5222922329382316,1.451950341654265
0.33496129558711596,1.2922147724232715,0.9053540192057712
3.710235237863851,1.8904701153339296,1.4982679576272666
3.5818956285905923,1.8386998131080996,-2.023583665675559
3.020472426240508,1.9405087027585615,1.8813429792384841
2.834809045729535,1.2687171066687184,1.4258254002578807
3.5594610545468153,1.0628322749463326,0.8698239986302267
2.7064178529783183,2.6276057997027085,0.1100972932324682
2.749660009253306,2.3450568440739326,2.796773029429306
0.46111581231405774,2.6768148895202053,-3.0504682140880393
0.4758606496580704,1.7078304161595494,0.821560309271276
2.4944689744933695,1.509853726129736,2.288310198256112
2.8339979331468363,0.9236883815131081,-0.30186951727765
0.5753010890836938,2.995599377953946,-2.318619825265179
2.6749125190482195,1.71748277317905,2.764193924014341
0.5470691392708522,2.6547349573159087,2.204212941539584
2.999822999704857,0.6557706128313039,-0.2688840617052932
2.7572069477207366,1.4225483455271437,2.7524839566312593
3.660474459558732,3.006158750433565,0.9874721901001458
1.0949246809335853,3.752105278551216,0.1972989304157462
0.96761188458854,2.928320333479537,1.1489654149330564
0.890133355088734,3.025868441438445,-2.1661485652311034
0.46842563220637157,0.9893648816194234,2.4428833676717083
3.2254412782999045,1.804189857864368,-2.2338788972904724
3.5072709463984357,2.406656416929024,2.18928599318218
3.158178587833528,0.7496130917164843,-2.9346786804826435
1.264887470705867,1.5068242072027305,2.4382194415511984
3.2898646303298875,0.6927621276481704,-2.9751477323842637
3.4059436585186083,3.5561851765736385,-0.8595593894149789
1.1710118912781406,1.6029790710462573,0.2674982651249018
3.1252210609132054,1.901699814350915,-1.5952598493403143
0.5194940990925385,1.4643212346826342,2.2420332664069784
1.5236056283236428,0.9742900012085833,-1.2981349724394013
1.177455030095519,1.6796753248103,0.7961218389979781
3.849045579659017,1.835442275926332,-0.7033167371546152
2.663778553049417,0.8809307644551807,-3.0073958290242366
2.305680725172194,3.1814645424216983,-0.7775040742965187
1.327255674634015,0.9827099708363471,2.448547209587862
2.9016343485622995,1.9035911731982815,-0.39501669626195257
0.5968405841972024,0.34978046987875455,0.21362720747679376
2.9486700045576826,3.441649339515699,-2.3233940208427115
3.5614483131340515,2.0403560299388146,2.8140721432744167
0.6138182654585886,0.9026296491139121,2.3090682012945516
1.8140955560837404,3.4074294944224546,-0.09707936170444897
2.600789675341075,1.0968278278132968,-0.14021394130813514
3.0237545662287175,1.7417607012824408,0.7023083286867062
2.8728850603726728,1.5939137711396483,-0.4037606027118952
1.9960372319593391,0.7953032014623154,-1.8854970214688676
3.7180460549079557,0.7985800535247498,2.030581008772666
3.4337737091980465,1.8666661587424396,1.2779260403111543
3.319565124643795,2.0955862569076187,-3.117480479289634
3.8253386376904754,2.8664313349290746,3.044743564871
3.648421043936061,3.769442129234618,-2.0889276441476765
3.208984625272235,0.489470186382027,0.6422534214100075
0.4977143929373975,2.4649670011882048,0.5221653718917354
1.0848267310478636,1.5406092969050897,-2.540445322526012
0.6953127064945095,3.0486866522415506,-2.524761798565209
3.4179908145821885,0.5312185082571528,3.041977610857728
3.1600612719231997,1.8599692007019089,-1.63837016662783
2.923236196592691,2.2644155063176274,0.34245860192235966
0.7306746055632352,3.12832424174964,0.9083695977437944
1.0868760094126353,2.2630189233402236,0.013638934212288678
2.5840603195653067,0.7987090326120394,-1.8318991196637453
3.2695605723116254,0.49482101983790816,2.7016674802805207
3.3918777204926336,1.0325208070064358,0.5776051773768107
0.9891389615533042,3.09046540153265,0.6530681279829538
3.0294480494284883,3.383829375728163,2.4827064864675172
0.5466080315466351,2.9903447009003425,2.5602146454140238
1.8792954970928246,1.303533632509542,-0.9582120633356728
2.9372115101956298,3.380572323832806,2.029385806930252
1.2898430302526904,0.6192462266418479,1.1443743363490233
1.1593645992641495,3.2576572319986603,1.9543619828524825
0.35877288886554615,3.650183629814619,0.7588103907311763
3.0986089410600153,0.7874524590421061,-1.5186083269361204
1.1827489879907969,2.3822194193639974,2.6931614235926222
1.423030656925572,2.944935263789818,1.067546077877033
2.3694514773759745,0.8281146102719585,0.012580208402034554
0.4469912612121769,0.6448312684266067,-2.889973541157213
3.7196300946547134,0.9580358218890455,-1.6627556256465434
1.0825542017802272,1.5025693028210165,1.4398958933317862
3.7629548629137677,1.4072773165921522,0.10532331047111798
1.7245314248183892,1.1940290900097934,-2.77880509544001
0.3341496839585272,2.6319295769563067,-1.5043088120351842
2.8664196828619053,1.4889640967800757,-0.9037820509052192
0.8455406217995498,1.6370058047343123,2.6331718479623936
3.433741302216749,2.4836355936798054,-2.6384820924283527
0.7756717914730187,2.751658085556136,0.701370212764389
3.035996009128254,0.3015549547773908,0.2739698704207125
1.5179460668086282,1.3073911901832354,-0.08733756712839957
2.2817252904458667,2.612212873473152,1.88650196354698
0.7255511535534453,1.8786377444548572,-2.782367151825597
1.4839744473161476,1.3372498554252195,1.4135475309468957
1.6223320800901977,3.476774862098726,-0.3185866723658699
1.7532201531978955,3.5323120059839908,-0.4244982604639742
1.0092123506309831,3.294455421286522,1.1630302213049744
2.5768020720130997,0.8489042795286372,3.0214731268404016
0.5202819738203339,0.5017253146126119,1.178831905596633
3.6362878513972205,1.6135661503842331,2.1763093864562544
3.281231177443823,3.5814483710391074,0.8929175952522783
0.7213443461827311,3.0919148226444246,2.959733881740272
0.7650670623521871,3.0666427295209373,-0.2205873274681771
1.173633027601134,1.826314014792549,2.448920673340859
0.18285041178319306,3.2380785882796808,-1.3980744409499348
3.629995693504536,3.0105900788734656,-2.5978889317331046
1.982489089791406,3.375137397776107,0.21751147088349754
3.0695436692622007,1.3066249487690804,-0.5919338856899845
2.5284808457545496,1.2040959239224622,-2.8057716268196002
2.5145116950406097,1.0054346382011734,-1.0487864818437873
0.839119480347795,2.50464154722214,0.785946313579776
1.9877392824647195,0.7491227532361275,3.0759538558321493
3.5446997196492043,3.529546647949439,2.500951672612694
2.198273620117937,2.824384110148236,1.8760160236095151
1.8055469402141444,3.2057734574834718,3.0759512535053215
3.3354249851240976,3.0566387971354696,-1.3832057112855636
2.633012313165243,1.6450307779337123,1.0447426932534807
3.5770433804556188,3.439390110186835,0.7632760159583771
2.8519581637014215,2.837478782049616,1.6797699417935492
2.7291315725520575,3.3696962173613425,-3.073401718945519
2.0676325344296065,3.555922632077386,-0.08388753166717411
1.4670045337105124,3.3676634392416194,2.792122006981188
2.019558255032717,0.34135580307730695,2.9564124741736055
1.7959279492503852,1.164785590583492,-0.14806704854337926
2.111540178655361,3.4132394213415784,1.8860571977531757
0.7178221088818293,1.9008984971680944,-0.007137025573185074
2.3300090069407644,3.0792812460032764,1.5965137240086555
3.7639078500054985,2.202431524940307,2.5845555988832185
3.6864720754495157,1.346235849382162,0.12792699704705113
3.05727908527064,3.0549018332709377,-0.9466177612560678
2.20511592308511,0.6951548749099641,0.9993808587263562
1.5448171826411001,1.1634004729569067,-1.7456471965459741
3.6361513470479667,1.1846390785375491,2.355715743348238
0.3719618402626703,0.9683776085791869,-0.5103503439199826
3.2159672842360547,3.361126239398391,-2.8339643335485603
1.5509330170814586,3.256894922164907,-0.0830887845862045
1.108561012128571,2.8244328892539268,-2.1370703073986874
0.6497737708334212,1.175293857551826,1.8406758864173112
2.7222504390783926,2.824941253445497,-2.5075398675306277
2.7230432967441067,3.0704684262549695,-2.185968319680408
0.31820624405493847,0.4235556336614188,0.45736766679003704
3.4214046410484555,1.4273510118445376,-1.517509516868903
2.5066502853504984,0.3077868449118091,2.5096079387322954
3.0791609054656575,0.49360931265261465,3.1258712500171715
2.7254978473361406,1.608568396602843,0.7801005906772986
1.9690465442485534,2.686774937442978,-2.6828512778906317
1.4840110027825473,0.18414988540588872,2.303860929349139
2.9685785642434435,2.12517933489669,2.316108958817991
3.278747610679889,2.2584647163509035,0.7589942922444326
0.4910275135487838,2.5676262586232212,0.9203042767746439
0.6909626777479372,3.29461654006651,-2.1561592686720727
2.7242464018912615,3.7592345525724307,0.6413913486330696
2.516323158166042,0.9006523898190841,-0.42161234063903086
2.2285501833011323,3.087089107839588,2.17125516226326
2.8475531901003053,1.3691868240059404,0.28929888356231936
2.621404602415217,3.7410762452042974,0.1350083152594359
2.7392401723981417,1.469205609009875,0.4783808510031369
3.643033321533714,3.3104967709126907,-0.435728539431389
3.4207350410686708,0.4273655067732065,1.8800437485809631
1.163315334562752,3.1605112106408093,1.5669017188230345
1.099229983538737,0.2948237422314244,-1.3588528332082268
2.7330640498903436,3.197079825916156,-0.32387399331901223
2.5670712325614584,1.3793733457000181,-0.6232291149494507
2.2506466230122326,3.4272046988603124,-0.47730333543102743
0.31221294005828026,1.533277586191328,-1.714971106066462
0.6594548701059466,1.520031586533026,-2.2588788196640626
2.407178862545805,3.4001128170196018,-1.455196675413006
1.1650428992975508,1.070067889621118,-1.6513321592528865
0.19797683084864692,1.0655963749331634,-2.6495602499047592
0.26484739281905156,0.1662339486955493,-0.35548988205856125
2.2109222488414684,0.7353395496142183,-0.591876980389531
0.29703088826168544,3.666858965653361,2.662759403815155
0.5949355698824932,0.3793231628958713,-2.385458617395622
2.9030161666793246,2.252815983280782,-0.49082759531196496
0.281558856480717,3.367508961650178,2.1632250057647298
0.541236976017557,0.45287954332512204,1.1100303523881934
3.5105738523497605,2.0168193797782155,-0.9429683761917622
1.5165907147994742,1.026290810321711,2.308337276119813
1.227386569819699,2.243228213436137,1.950763314110234
3.181489364665456,1.7644841197281584,-3.007328608595267
0.1630493092344576,0.7526180149710808,0.33616305454941786
0.36260893369983505,1.3333736561191132,-2.5702803349316725
2.7375066322837704,2.362858927619479,1.0100645954643364
2.648510359832963,1.8183805236818364,-0.5878887844929923
0.43912214780442804,1.1850238201573715,-1.7607849402315978
0.9746455515317574,3.3012062326674343,1.5046135111222805
1.73325334394816,3.381824500642721,2.494142693583716
1.061970521326046,3.76775834349252,-1.5724546723736073
0.44742938560490053,3.0767299620590225,1.3632076768057955
3.482213217240773,1.4004199992451487,0.46628014178604893
3.7299179722351443,3.717668002491427,1.734875113527445
3.2007703075740213,1.5844217968992629,-0.7022056709155029
3.4330740137439095,1.8284173477152774,-0.06570884356560835
0.5046887803425113,3.4078334756767132,-2.355045832479255
3.2649868176875834,0.5422617618092174,-1.1686730209626934
3.4661060679138314,2.075852212415005,1.6265575667620276
2.974363034048704,1.0727040831986376,-0.7415143465566723
0.8618459352865986,3.3932512596307123,-1.888272212430312
2.400855192234389,0.590821862434606,0.5057488552057343
1.4634803450068268,3.436143272885848,-2.018862411613365
1.873134326856586,1.3474115824495736,-1.62797301416776
1.3638154595361236,3.298576808935871,-3.093967155887075
1.8171961101591596,3.7934140109389047,-3.139911067747207
1.2488006036062935,3.025921316676341,-0.8672397981264357
1.142821970762745,3.0713552079032715,0.14232403678588534
1.0370276261181157,3.480367858525744,1.863279789956363
1.2899935053863714,1.9341021648032646,-0.40341544752565417
0.428178080178955,2.2667131440786745,-1.1295560035416923
0.3839781357735337,0.5664093512924939,1.8208216418859076
3.2038895807643044,0.9756411449704454,2.994171222695555
0.24501484436591925,2.4072995209411068,0.9843349057000061
0.5860006240827196,0.21126689497519813,-0.6274322918729078
3.322209266115262,1.5887312838166414,0.06592950597481062
3.4619003042869503,2.9761258722115573,1.1246498645683305
0.8038561199597956,0.3392451835439716,-2.239668883908045
0.6854290096278937,1.9783206578687063,-1.6330499327136867
1.4309925582903946,3.3279281726762537,0.6147339582956284
1.5498089778296071,3.0196013534599793,-1.427274780063841
2.755759165144696,2.7430893363008937,-1.6653560349738754
3.0863775536095517,1.5944245148684226,-1.9988418003288213
0.4763433649590487,3.2717337765930194,-1.4679404261310576
1.3820899422442938,2.767050464225832,-1.7921026416855705
2.4148698794136805,0.3892907687527365,0.5761004363317705
3.4900185232977616,3.840991012125141,-0.9234529313502757
3.3310441405975824,2.747545707958467,-0.7842686628675191
1.5360071456307502,0.42661279806041064,0.4828321888829734
0.6599044463004811,2.159323719274275,1.5308154669115108
2.439629664895901,0.3288566370913011,-2.825251547107718
2.545511501779767,3.3648845934684415,-1.7274938147623469
1.1471345036477252,2.0853231145608433,-1.4551937432369997
3.6244770996925912,2.811838740983067,-1.9551450842047642
1.3683001758495212,3.296809763315718,1.2973775589323973
1.8100699028939728,3.1590702488139786,-1.4440890252360912
3.683690696522996,3.6108933356464465,-2.389892799434522
3.218409842617069,1.2918893236004148,2.396095126470592
3.6505186578551982,0.6133590963683218,0.2719832564192859
1.0407799064907146,2.5854128962862966,-1.9997263631738966
2.9927244809677966,0.20134513278216604,2.5294597178789333
1.0754566880887602,1.4761328546390944,-1.342362520764783
3.559982320568196,1.3389222338731774,-2.6422858340156368
2.466294214971371,3.743043148913393,-1.8488484874721818
0.24639417958957122,2.1810138178769627,-1.194659585689029
0.8888699681989145,2.808989944052278,-2.069361307572976
3.271273318764991,0.984997775682106,-2.1917259740332913
3.439578285077778,0.7096538821258056,-0.14176257052065777
1.9202890766500387,0.5251304447951441,-1.6446884448692343
1.230066828868253,1.4965075517512996,-1.7629237083569815
2.781067660162351,1.2674004768046867,-1.3458929588985735
3.142941289272925,1.1741537168639717,-2.73247167938845
0.22539775624177594,0.9482083074968299,-2.05537531901731
2.183787908553374,3.510709031057106,2.0099966212209424
2.6301794756698897,2.429115241874484,-2.1303756822934927
1.3236071922540638,1.389665706598969,1.9777431158202559
3.837552182007251,0.6538696198795217,2.8911709447631697
0.3534708710340264,1.2203566427053043,-2.083437370206844
2.570793369149375,1.0784343391327424,0.9323573278360051
2.8232834416798505,2.7803674782202505,2.790754045597188
1.752776304249219,3.3387971712277937,-1.7535838976319813
1.2951341684777438,2.4927751742822957,-3.1029327213164666
2.160091889645292,0.28677649068481914,-1.8679027896168605
1.3889030762863501,2.252554209936397,-3.018297014473589
1.9236279844428887,0.7858818902797733,2.499187289686007
1.0798498804357264,0.16969608767491762,2.89851446974708
1.6671365527542972,1.4081038998285988,-1.2085831404461789
0.8612116720242242,0.544744986669774,1.6158661879932508
3.1777313484889063,0.606518657842618,-2.836357273962627
3.7262763508255246,1.2841615782580251,-3.0301486393525745
3.371513650815795,3.847739365384367,3.031586253999026
2.9098080832719235,1.0429674170148355,-0.1519902154732491
1.9685818989462334,3.130607756061905,1.811098757217846
2.794584628203639,3.3102867929232094,-2.2294108176646303
2.178296970887202,2.6300104205990147,2.1772211386746125
1.452784896210169,0.7656251489883927,0.7449345636460185
0.42204968319504266,2.368809167199958,0.1129544589658642
3.0313882530933913,2.1439678328667604,0.6563630261818978
2.6910422024629534,2.8346868508220013,0.36645931007415955
0.823639529541889,3.706466025653242,-2.6522320397979096
1.3101657961648896,2.334807824372118,2.5005793251498414
0.32412608011648203,0.5668035761827754,2.72874775729907
2.29230904467088,3.095888501364481,-0.19373815030732677
3.4114926411368858,3.4449131313688732,-2.5603829901976147
3.0408886256194934,1.3906309429868844,-1.496042390204229
2.326324615619896,3.2524924737626097,-1.296011118484846
0.5553833660578835,0.32568229261866444,0.5415359647390323
1.8343407833800596,1.2413613457142243,0.39518505715382357
1.4919111056883452,3.5325381773679467,-2.637197154342269
1.336704102795622,2.650684254325837,-2.74813173049288
2.2723135217132966,1.1986664405526382,-2.802333058993773
0.9503441998983169,0.3524901516372063,-2.9154294080370344
0.20848530325139691,0.8908124892485407,-0.9442161923092964
0.3332771404593191,0.602524980862146,-1.1248144489211644
0.49967954196601916,1.493195520939075,-1.6603878668822307
0.9805779341804914,0.16331040557145204,-2.7447778119528223
1.5554060768672642,2.933327334702132,1.273502793871062
3.7479316062207784,1.5854210095793317,0.8963577891611889
0.9379043988985614,0.6958956433618146,-0.030766354476185587
1.554724064461495,2.7080761096878674,2.0205506390665233
3.2324324854823336,1.328581166559064,-0.8031416538730642
2.2366236569034643,0.22197474188741895,-1.7945833959352142
0.8290337448457286,1.7915871941557922,-1.0546245462009
2.095249206009984,0.5012335579855498,1.515822524785027
1.8361467915713794,3.1219340061286163,2.9770029848729553
2.823149662129188,1.476318576772456,0.6011287978947313
1.9845787251727476,3.196011170361723,-1.7481423833767404
1.0527042503058035,0.5608819135362246,-2.224446924284954
3.496751389849562,1.9086890459659864,2.2457286566668007
1.3471924868233827,2.6663588550464743,-0.14180576296906722
3.60224118422468,1.0064724187199938,0.9997324751460921
0.45886234291753203,1.9227109644763045,1.4163123181786306
2.8758032661726687,3.7059757292051407,2.2157147599320473
2.357800369177825,2.7677959080456227,0.7672807820629024
3.611524620697924,2.368093703074097,-0.5396063620018685
3.6238717983283424,1.6627134633888478,1.2333282246565913
0.3150788189127325,2.828976147775221,2.620041853746068
3.6126394355302605,3.57796361738723,-2.0430475142921587
3.4910343620256477,1.1149886267265106,-3.059736428165389
2.641984403366136,3.0391165658239654,-0.7683312431588667
0.5867529276382668,3.481375186084475,-2.1999634341979735
2.0209160913174316,3.825183505955069,-1.0698397335369028
3.5587646291855815,3.789755887459502,-2.868385517954094
0.7312717802518343,3.338596267890255,-3.000587124801377
3.4512773924646596,3.7891132533881673,2.783988059299576
2.59818816531538,1.4741282512969311,-0.5043476764275203
2.3475683465867823,0.6315283828996296,3.1322663269624664
1.3582268383549452,3.6754988649374702,-2.965819014541032
2.849563499092223,1.3324981758397154,-0.9605983997761793
3.7175380218332412,1.2973674938028217,-0.7235760548402981
2.803632371466521,0.4320063078007341,0.6611078103132084
0.1946889865550383,2.624271025129787,-0.34784538622592276
3.0393870685687383,0.9146419681865674,-1.3175311882119418
2.3015618993347586,0.5268764741959417,1.4321222204180515
2.7231916494800434,0.6159005526719179,-2.0179634405202496
1.2734508526827022,0.21194288607720546,2.2416762907317196
2.7139404442162065,1.141052856201978,-2.0222255720368065
0.5688715079602447,0.7741382162690273,1.1796370403730396
0.6609599618967952,3.2067873035240377,0.041833567071017264
2.545555852950225,3.7911992448083924,-1.7752625406293128
1.1456101008760817,3.217556772687486,-2.7176103565023757
0.7500652594889274,1.5192035477740995,2.2218698565585555
2.637592149849377,3.653536552360542,1.3647417590112276
3.2513184650090103,0.3398504634916062,1.3168437943833284
3.4563179779227795,3.165302662825713,-1.8329105393228173
1.7728529506506985,0.22184931326288782,-3.0134888324406917
1.281127694039144,3.6523381007271363,0.921341316954285
2.3945531522485544,0.3927275687055065,0.8946205604010835
3.2449545195105953,2.326343049275942,1.2531741631746298
1.185059556879445,2.9014557331609216,-1.0970738251182617
2.7509017873854313,3.693106992999929,0.30597990955153787
3.0601073704591486,1.5508198431869964,2.811157038072217
0.19206969367161486,2.6253512273463824,0.6405680240805767
3.149770045839821,0.2810082366626667,1.9414801701067397
1.2771859650404922,1.5167180198398924,0.7236478382893914
3.5977255301613327,2.5853443165007124,-2.778760629739161
1.619003992246848,3.6880350350289315,-2.9478493796339476
2.748524832329377,2.688985875448776,-0.6837826527797315
2.848373107882475,2.167311551155666,0.12316519665062575
0.37430412213088093,0.7690373872025216,-0.06733237638312017
2.7155618585403034,0.8720664651320025,0.4182246466026114
2.654612074355928,0.8392879922232139,0.32658450867662436
1.587370606077585,1.3035447797856516,-0.5670623723641768
0.9859345963500408,3.100457693673971,3.1379542128743063
1.2152553088544695,3.6586206093021265,-0.4545589951357236
0.7548832344018757,3.5797444353441152,2.6256380303399665
0.6139542115870182,1.1837781063035666,3.063486822218599
3.3531779610237638,0.6547335793385312,-1.4937961434053137
2.076382987162186,3.8327999196951517,-2.5874376148313996
0.47571958272265613,1.5076140472001054,-3.112870914932677
1.3449524078119466,0.9949870699203878,3.0108213994134596
0.92412066733691,2.92652494081865,-0.7353273810854666
3.0122447807794113,2.0520764411469723,2.7814529076087613
0.831945381525022,3.569269162558129,-1.9950440998436054
1.8353388795097763,3.0697722062837784,-2.5608280688527927
3.624942511202251,1.5726041082492812,1.403893968472154
3.6955376565303846,2.7216577250097735,0.5151091494877091
1.7684459894829772,1.295946457463562,0.20853530658641706
1.1156140584581071,1.9405772439111186,-0.9348517793670723
1.6306419709560456,1.0492687042530164,1.6997788243039214
2.290925824646066,1.343868067055876,1.6053976394611018
3.361231258448257,1.9481907406506944,-2.669645930348865
3.3433867440599747,0.6590664435912239,-3.1303110477270994
0.5823893602707257,0.9410462468105569,-1.561783555135947
3.4409098222708607,3.0584805222920686,-1.8359517686986893
1.3121633869703087,3.734141693462326,-1.854916031724839
3.4414168256708684,1.5523221170222041,0.05570974505790405
2.825195331500825,0.7909622837717514,-2.7337757253737127
2.394520678058945,3.56500430284913,3.098420789159551
2.9815759621875406,1.8161769117967825,2.1270337676274798
3.0512439251340036,3.8441172421667975,-2.9055148565984235
3.3808873187815305,3.2668455585292215,-2.843678766929953
1.8943506643288335,2.941438066430329,-2.0707916658606353
1.9566364137817227,0.45416979191581497,0.29869945694647493
3.346521830912039,1.8806600210532651,0.21996519087029975
2.111433779828258,0.9936365876042501,-2.869377182696683
2.5548728766472912,1.1829148816604547,0.6213096713063684
1.7743750015093926,0.5655618322671132,-1.6162419442353535
2.1218850514464864,0.40869210406760903,-2.309340457820596
3.4401621102217153,2.855514413791155,-2.6524596843577943
0.5953252379552318,0.44101060454536256,-2.6750654546293218
0.6934568249923201,1.640972771828881,2.654494336612909
0.9793264727498792,0.9146042730424417,2.2532326410682133
2.5105926097417246,0.4776365222485732,0.334364609728254
0.8520406178761726,3.657797587615246,3.128365033362626
0.4707921430669093,0.8910935838056844,2.340151069473948
3.633981106396647,3.124253439780598,0.7517048714367847
1.3077129576254367,2.3748190258079673,-1.3975034487096345
0.8134693421876396,1.8369159315402834,-1.2541109549011857
0.9812144697129006,2.8830473161918797,-0.9263703631008657
0.7368093244320728,3.5440035667560816,-1.0918691291000897
3.5877585679597086,3.0742415844246977,3.0631733047325804
3.5437259115658284,1.2095349132885138,-0.5314715962645331
0.20715953815949062,3.6332567702109393,-0.23582654314120033
2.307482188101096,0.17578172116078994,-0.2961009004163375
3.103753395734403,1.2860601950865798,1.912661655413733
2.410563865738771,3.631352378027714,-1.0939929828300308
1.4281726215113641,1.0986139579179985,-1.0432020613777553
2.920688093401611,2.2354188340068126,1.8506254643874147
3.7956605280668074,0.8444404748819352,-1.7378111685716513
0.3364938572078642,2.424232594441775,-2.7321216088457283
2.684188296569695,1.283513004436014,0.012616017144318814
3.6618218403866947,0.618111989093804,-0.043957725916244694
0.688012812912786,3.3745357961673896,-0.009174025302930211
3.07115812114099,1.9020708458559068,-1.5784490831754165
3.5618293561215997,0.8956083357879803,1.6337035856135058
1.9581806809682902,0.6796240210562776,0.012395419987925038
0.9517160006356433,2.453554969680545,2.6982188012336845
2.313841933991106,3.542716049060048,-0.3311596866969011
2.765009278816971,0.36569812866464435,2.3506554944733367
1.962782937309385,3.798825929451847,-1.378343184935065
2.1254565445016786,0.5655417771264535,2.4715879989131544
3.049917369709438,3.1120295744603266,2.9931395809073083
2.938147361297701,2.6428690439035334,1.8145226525374474
3.403548331750386,1.7212750004811017,-1.3093505325382677
1.3613081701488912,3.582446390796014,-2.4317857902800992
0.7136247239991866,1.3372621959311743,-1.024065291734146
3.207441872798278,0.49966490198436997,1.3210685839530498
1.4915610206761047,2.5952797271880486,1.4516374724954693
1.3223515095914857,3.37991478077269,-0.13939245641061282
1.1776122401188855,2.359312601176598,2.7733349104738627
1.410503238596866,0.4386484110350177,0.9967237967705049
1.1137102521489273,3.2646458830495027,1.7112245982343062
1.267771673670706,1.3812319026355366,0.24805941412665966
3.55425693282381,3.6630239213744984,0.21709217424982707
2.2961558556033905,0.44160007031801296,0.07091284643091011
1.0368423814362848,3.166021493048629,-0.3798210376429578
1.516919720172957,3.7128447037093206,-0.07541550275182729
2.622238866766839,1.115019306965161,0.8188864064780428
2.1887790195087504,3.2013353945775385,-0.9298078739915798
0.9927527435788801,1.1809330982485662,1.5997964096054211
3.7578981869259223,2.588663745707364,0.2090504772802455
2.359404151526184,3.786977546940625,1.4746560699963798
1.6078458405143303,2.744796867321039,-0.5595006595528838
0.6742001911198514,3.3355087969886688,1.8663727350754726
1.3125843672483186,1.9124210455690895,-0.04275394014362899
3.257474006841837,2.7031178304984484,-1.097100293712372
2.5072471280721493,3.791945805239305,0.14671731914107067
3.7217831456557793,1.6871355134015902,-1.7805169478041905
0.4445625744314694,1.6780826815731444,-1.0686730885465288
0.9970923502657807,1.3049245716835909,0.9203595274486673
0.25610712267498936,3.0096349145078825,-1.0509148132472208
1.1173903251699655,2.7232930205691415,0.3675001308414618
1.1069132055976318,3.3654477664843534,-2.8714961553619207
0.9529832750699168,0.48241374714349616,-1.9119730380477469
3.124026325559772,0.9123610088085856,0.8775628042230537
0.6982602724291618,2.283820775070212,3.0083136080467456
0.2498683154525687,2.2340546179883782,-0.06619985054607502
1.6611560107765055,0.341761307759457,2.6877304485086606
0.3282798694064688,2.3481773790184275,2.4568845460479167
1.4742286646020948,1.0513028158877091,-0.2248693388819487
1.5280103736872186,1.2502363437190196,1.5755356251430435
0.3213679794914004,3.132759160865184,2.7799891009108366
2.287436929989269,0.30934538379788545,-0.9402742704690641
3.4252297933442253,2.7101826325666387,1.854246330394754
1.409110226969097,0.7372044115538872,1.262739928716023
0.18087570435032996,1.3140500285037047,2.6949692075056193
0.2513047561875452,0.7036231328175333,2.650166098009816
2.602989416041063,0.8062020746689345,0.4471992411316754
3.65070256297333,3.3634284798107625,-1.496711446970253
0.3784793629423575,2.738274485893757,-0.1878241533315541
1.9671467224262429,3.287567451295764,-0.4652280296254663
0.7149702896035159,0.7204172082249554,1.3773245488698844
3.816010831255963,0.8330539686030458,3.0246426994581723
1.7399715147439685,0.6688986837650281,-0.741197147578228
1.2999427632599856,1.3217857466351668,-2.1191563003064076
3.8271073085150955,3.231325310621487,-2.3651828791689313
2.973794245766664,1.186859236293894,-1.9653530362514853
1.211491582271579,1.8300176536617832,2.0709094574197877
1.1734649753301905,0.7431357572321367,-0.9751061333976438
0.7867216839786026,1.516391392757102,-0.19778650563144584
1.3448241971894408,3.7644005100207965,-1.5830751580549536
2.4201052351153227,3.4792955259226743,-0.686784170398171
0.3944754024882875,0.15652813691845013,-0.6890002923159724
3.33492384025631,1.7493014208726918,-0.9202341428208145
2.202677261453183,1.0908601893054626,-2.9837894637556355
1.7328599281926755,0.530796528012663,-0.8632523094983817
0.3952724944406847,3.4063092926750698,1.7282582872764625
0.6290058609473874,1.582354088321778,0.27091004701717436
3.279024377959065,1.9831577575687969,-3.127326922880371
1.2099991347700878,1.071020500945838,1.528041358444602
1.230807426139478,1.8893370270365613,1.111982466978163
0.7969445533173327,2.3126230157224503,-1.4629873473520907
1.0821339635893774,1.3273176516285417,-0.18480289256197002
1.0343110118257774,0.387093562447566,1.4028710053994295
0.7215729804634572,1.0179229051563845,1.4488255752438581
3.3573999586304772,0.8849028771622001,0.999597149677216
3.313591275519926,2.973198432838643,1.0412523782201921
0.4604522162758311,3.760171012598268,-2.2830955573173775
3.36837848406624,1.7745144066756073,-1.6550579312841391
0.8705661528004791,2.8595444615427112,0.5287057757193265
1.1848302894433602,1.8434608561235035,-0.4876789912384014
2.181885809247232,1.1582127443846568,0.31607404143134676
0.881990281162949,0.20227678090755763,-0.038493161802013454
0.502229903643804,3.439323354200302,-1.0186792784620664
2.8821577884693483,3.000901364706542,2.8492623166196687
1.551221841609014,0.23029964007143633,0.44696825280393426
2.7616924944313195,3.84850571439274,-2.4627856926497573
2.6350329867577593,0.9362092543245812,0.7987854637431115
2.1469410563972677,0.48670057220412266,-0.6399690572726122
2.871514184598359,2.6914567755552543,0.8621104523259735
0.24146428757389105,2.7279107454768154,-1.1642826348675783
2.769653373311894,2.300837307528052,-2.9273882707994954
0.9107648911504906,2.6525263487078523,-2.7516928130512954
0.42202080624080107,2.5107222995090495,-0.4742889456512147
0.8766641664631427,2.898330813312248,-0.11638146828279883
0.7239678200512265,0.6294186322691271,0.09231889886756539
2.531056476262921,2.6424981234818024,-1.264924595642302
0.40787639294650946,1.0491532281424343,-0.1219619706789401
0.394384136341015,3.6553258495263754,2.7475972918924736
0.6272840297252857,1.867979508063463,1.8350615248550133
3.6273494295571953,2.829505505266453,-2.43005772773007
1.4406950184508092,0.7466147817447606,-1.7892772510789376
2.8200485351192364,2.1676634919505595,-2.7987086282279323
2.8811598785923866,0.17942114433092993,2.0072166946759022
0.6925624966412269,1.2794932067197706,-1.9202881786988504
1.1152513952041625,2.0725181635251544,-2.455387545571286
0.4874420531012382,2.997085479075958,0.8053281729610884
3.8117428952840426,0.21638594980017123,0.09042593569131263
3.129308564444915,0.8953315646718933,2.881052336871921
0.32632572897670853,1.2862225382026629,-2.3555962585352286
3.671624421875863,1.1180417959988436,-2.0473811638869
0.3115484043961332,2.4985832288599306,0.7999597595190431
3.584945881034407,1.465662817233102,2.005741214483029
1.3864835944219305,1.0494780894880815,-2.6497970357293315
1.2449887539887095,0.27012693926603726,-2.13342260585123
0.6645691950200812,2.889480915743835,-2.94999056154798
3.572948554456492,3.2286176181227098,-2.95605459303207
0.5421861524500726,3.654160290437184,2.225699255049302
1.6352322491381104,3.658348455880946,-1.8895076707379717
0.3869580327371791,2.9816992320333395,-1.693569876165776
2.857651915802082,3.0286701441666524,2.9173152822705193
0.9786562178453715,2.9917186068767405,1.732309699211644
2.051604772303842,0.1881977646599058,-3.1383092959386434
0.3901163846515123,1.1209492279899824,-1.6911478632510595
3.3897957867007253,1.702331063633002,-3.1045761929325164
1.0961756453863134,2.139606078106068,2.8528316596798495
1.3208758692036184,1.2323058183838462,2.4002833291802235
0.79280817763274,1.4051866777495174,1.2831782465577843
0.6627741604979609,2.2964168164912593,-2.499072795193725
1.5073531225372956,0.15769904028301163,-0.26761576117033714
0.8644819712538916,1.9136509077403803,2.5785747726326766
1.1121123037161675,3.529337059945741,-0.004542700653353382
0.23295285914985975,2.591706385960596,-2.2992905140408784
3.443941967432891,3.68323662219576,1.5126913869576732
2.5996128984734472,1.3528878459231644,1.289253368882151
0.6469638700916764,1.8824904824395996,0.09691208454286526
0.6492745745925776,2.231737450123544,-2.849841997663119
0.6515820096942213,2.5408503185667897,-2.2622664420789125
0.7976612140137447,1.6738855523813916,-1.2001425758163113
2.989751219812426,1.9886403436875417,2.0955775143655355
1.442796787856607,3.556533010626429,-2.8962737493256343
3.488518357756776,1.5301161986257101,1.1414138912972627
0.3786519843909959,1.3714654937282682,-0.8545221126649354
0.7464708863049139,2.9794889984919557,-0.5777646830772301
1.726577498091129,1.047577048710144,-2.0108392544969904
3.5599883660658445,1.3722420018076287,2.7415295539408726
2.2604301342253397,0.5222504043267948,0.8432856407728915
0.20975585969072963,3.3609016450959452,0.4726496445533672
0.5154768262040048,0.5410141520587897,2.6408568266203343
2.6273576241537184,0.8596067599708888,0.34798332694165435
3.1234932067859633,0.29863145595957574,3.141500496850245
3.4678414394037826,0.5378556668296026,-0.27304542404638354
0.9194035512990526,2.8411269068168545,-0.5320031536999528
3.4066364055652203,1.8156350335535798,-1.2995637647131395
3.703634074219017,2.866758851627002,1.3438148775392715
0.30713226869074717,3.7617505938823856,-1.8073990524243324
1.5715594170073448,2.513062295330765,-2.7802426390288706
0.7018988284081891,2.08495184854254,-0.5918976224345798
0.8819044646631542,2.6192105708834155,-2.2018092222014305
0.4355704897353334,2.2560284584941006,1.9178783583203822
0.7342738095431036,1.181767173681683,1.4227576402704942
3.4414449566098555,2.0051036603970203,1.181346981000206
0.35604667959569847,2.914448566570352,0.11278370328283494
1.7763955899377866,0.3307426008880494,2.5514251411328166
2.4036067303757256,2.815359138518332,1.6077887973019047
1.7624696233240127,2.848185781591751,-1.513995285784355
2.1840342225846836,0.2071066376054027,-2.1086693484725574
2.6414918781982917,0.38611069261064657,2.2087927523780158
0.4245752100693436,1.6109326141485347,-0.1537529938730997
2.6548102215562728,3.2804821223768195,2.061945538692168
3.4154778816337186,1.5471166503156013,1.1465631908610918
2.6828546212211983,0.9265158120978154,3.035975213711108
2.8329296605937335,1.877359902858415,1.0426344732478467
1.1836109678831273,0.38966500620331246,-1.5362732694041012
2.7523025405847608,1.8430130555261401,0.8859613474394772
2.5760638175342834,2.6664046989420647,1.6741088676234082
0.18998742478961672,1.65833958387095,1.989540738577559
2.7315327051954696,3.6124623353005254,-0.34961254919981277
3.783994749206004,1.5308276934710472,-0.9786542765298849
2.305387731775747,3.7360754113919468,3.1275460882538244
1.8191571220142517,3.3973931830639454,-2.5508002238152048
0.6713243420028836,3.7433736251940397,-1.766937230822336
3.0978247823533094,2.611716740377873,2.8925285311103037
0.6922498437608193,1.753089440054163,0.5104476996802982
3.5714809440148287,2.203148255172053,-1.6358096776933175
0.35621314980060736,3.501345833053767,0.4948356364492601
1.2452297226714113,0.6862834998790053,1.6441793830334301
2.5715208141321213,3.231894332053259,-1.1334410669971202
1.161218035330629,1.949538367244049,-1.0393813806195293
2.828321487209404,2.5729222674965717,-3.08498257695944
1.834079545772482,2.8168838656131014,-2.1571019267755136
2.3946475297115666,0.6569169918991453,-1.1905972438488515
2.690897840858807,1.078784248397573,2.7028588103142415
0.765886185213315,0.3585627061377359,0.8760978436566376
2.2305477819815653,0.8444043143611188,-2.645824916042762
1.6836553160725396,3.0441937311057217,-2.2814824471762165
2.4262765280036898,1.2700406242749422,0.9945834902138255
0.37135961753352076,1.2327053257771703,-2.428838126740297
0.7892163054792163,2.18106439711957,1.8921923260918323
1.704856421212575,1.3085329687687475,-0.7782413355686
3.0387406881982892,2.1166882896246793,-1.144334464387475
0.9000039735462266,2.3817823285073225,-1.3734247887235405
3.3575175812080027,2.9734675139873805,-1.2511388943974249
0.49202858396449534,2.0020079555313846,-0.6112502736418248
1.4762364168284607,2.7467853967162554,-2.897502560057504
0.4867521680301068,0.1995593439425365,-1.0854449989957948
2.573899828896556,0.8021430879668152,-1.9510585511889278
1.4345649808228318,3.6882382471795534,-1.1929388673750867
0.5675916192072288,3.3991612528487805,1.9665915847867383
1.6230142766166242,0.7669733675854706,1.0170507548727716
0.8889489413172575,3.053661309144738,-1.469473047005356
1.4262593204654093,0.6540516725419585,0.9621947993218027
3.3117910011190665,2.826605521791191,-2.004526630114497
1.042382698102073,2.1107503110053094,0.1968384178900564
0.8893316074566813,1.2307523517225816,1.6384890066432076
3.562582968348914,0.7861620214796998,0.2537257550051981
2.7055665008874725,0.22080347230723119,2.6044994215930233
2.2888164404029583,3.0805529683370936,-0.27258455864340814
1.1840373945238163,2.5340470931725476,-2.9087493357364482
2.880994057876108,1.6318421353397428,-2.477099717415308
3.802066789339459,2.7512714532679654,-2.163330561619558
2.43849438752462,1.1587280334124657,2.978060421962386
2.851413212636471,3.2597981551798703,-1.1443600431981447
0.5422773927591926,0.16322134978293024,0.9414026927393424
2.6678841115570493,2.4387849944753133,-1.3860005425527464
1.7877658338612257,3.1888907186626683,-0.16593043907673177
0.2618888192134756,2.4699423859592047,1.264372206461526
3.2579425793015875,1.4526345729349943,0.03733634361185656
1.8017999340093485,1.210783885622528,-2.693294554130219
1.8247671343947531,2.6319157394813626,1.3675940962949937
2.088413712778056,0.7961608272310938,-0.505986735296776
0.8919104304006642,1.7530017009490662,1.9021166010872097
2.216382977799565,2.9696933432267145,1.347527031517557
0.8002242369445094,3.470565797897965,-1.0292167179231102
3.3904432676259644,2.3152328976824568,-2.8256498990052448
0.5237987674738589,1.7338588288874126,3.0808380273981957
0.6126224573724279,3.5132282306456406,-1.2981540482970915
2.1011933172826014,1.2646559753560083,0.5021132941181179
0.3206329084052886,2.2596734390266464,2.2893457288340837
1.573475259615622,0.4740970220232108,3.064871785299599
0.3244070915613131,1.8791600124338372,-0.9891793833883051
0.5437765448928249,1.068501509890695,-2.387043298398722
0.7386052785890529,3.5956941809401792,1.9535706196838687
0.32796712842454534,2.71153865252321,-2.0798651626406475
1.1048220354745228,3.363352493976846,2.6244679513988594
3.6184351490055993,2.1010037284203666,3.0825300525201653
1.563719962734412,1.4275960438313628,-2.2677738779081853
3.762295923180118,3.4365702783273564,0.29883180562530987
3.4909054443222836,2.7026802381947004,2.1361083671807686
3.6862667238056845,0.36376145233528323,0.8474617951950165
1.451766309305874,3.6308561041053173,-1.697933567771646
1.1250896587156145,3.1187800053923764,2.092658461909023
1.1638043709521133,1.6863461884525814,1.1722005212225595
0.7173755925577292,3.525581499548868,-1.1549603568065083
3.7343285199804064,2.5670530724819622,2.005693541170965
3.5530995109933157,1.4783623858938135,-0.658361728409504
2.8996831638170684,0.27358059039321736,-0.015409657537645227
3.604316398661921,3.3345187969568477,0.13214989209692174
0.30517936362020937,1.1960606727140113,1.5603338092929766
3.084939271540878,3.578683223139725,-1.572535224020548
1.6827702226826902,0.6531337172865608,-2.9619876509021132
3.6236902273761293,0.5744035660636078,0.3021906811623212
1.5996296475792136,0.580926573504942,0.6202222294071897
2.4466982788943685,3.6986751622775196,0.6086839268955506
0.9661450933908622,3.788695725152545,-1.2724566900896304
2.0927665348420224,2.8442189332970575,-0.8176527889592622
2.068492021909594,0.6556981629809875,2.3933470816894165
0.18458682601511578,1.7935096039860667,2.102164535024695
1.392591325845224,2.8653094168016295,1.2963946133579443
0.5404879679298435,2.876690129100105,1.7105411061381979
1.2228111728201583,3.0544007041878074,-2.376197557243472
2.735589988051601,2.5726355256455697,-0.37341696569949123
3.342969216818981,0.840889434979065,-0.37913409496061234
3.319141180818081,3.6795405058929247,1.677059798770287
2.0943809578922616,0.30395392464028603,1.7005604559875156
2.650282874251356,3.312680932674844,0.790232058150111
1.145964428278572,1.841852563074395,-0.4178469497831472
1.1338219943627457,0.720163096197874,-2.0367518244588467
3.4110316683346946,2.714109676835638,0.37801306299597526
2.148933557844405,3.3141716238106604,-1.904290532023523
0.9838698137698998,2.6966372894441673,0.25311332495865013
3.798862124026662,3.2309395151572904,-2.7745780901136317
2.8056726905998906,3.43120228723512,2.4675944665496887
1.348388563382831,1.4375201058440132,2.521871531951822
3.4488298876468897,1.68060399130652,-2.531193514697609
3.5366752287908625,3.29924755173121,-3.046619494586755
3.068669273559101,1.4540798979041605,0.15109769195880007
3.1519372088497484,2.4551758097706537,-1.0595775703733676
3.812311295279911,0.5732680867852813,-1.940159004608175
3.18279379559464,1.7558661188064995,-0.5463680892804987
3.715660953572628,0.16817096139967758,-1.948833600206161
3.4519414477989763,1.526044669462261,1.1251351051918368
3.5809907385109625,1.2547449101282386,1.400833536904683
2.6587535048386934,1.4600410458407858,3.017542831251709
1.3402956788253952,2.586893842147245,1.5554136857060614
3.1021379646785703,0.5650673757451021,-0.8495314997151251
0.33776112698875416,0.9502605804157391,1.4702613203879773
0.5849665996872768,0.972007233757286,-0.1620219062895032
3.693556985123928,3.6257288250923554,1.3526505751589522
2.471683339338958,3.625687006571964,-2.434037798931456
1.1706170617495792,0.37669685006016707,1.2972853472133128
1.4629058823521546,3.5184149348574674,2.4321140015573173
1.8308281988531991,2.9777835250837525,0.39253498338908877
2.1085545884777943,0.36108460582038804,1.214442327967837
2.9350763148736063,0.5103808704003479,0.6270834704665291
3.780108762331567,2.0467086612589815,1.600014598996772
0.5489453285407704,3.2696244073364373,0.24295751767576323
0.23261031592506898,0.16791347410655577,2.336281999220417
0.3464135255576184,0.6973336856259991,-1.558050709439823
3.0024388041587855,2.6605989403101336,-0.11172374579055289
3.1631119577099382,3.047260623875402,3.0608246638163292
0.25905470073837744,0.9889326440999318,2.235159781552821
3.7148270037511675,2.141788018199116,-0.9029949993793309
3.7076161611725618,3.7073539086378533,1.8578076275061246
0.26874380402896936,0.19089550080563988,-2.8073491712356775
2.138024244836447,0.9201582726269613,-1.0538645184399495
1.4093825605575678,0.997586451998532,-1.1987487071778733
1.8674305758937635,3.709255507038232,2.179590384410682
0.9212592259360579,0.32619447449310224,1.340043635815328
3.8130456609966776,2.5485010934935084,2.684914294276491
0.38756696268211277,1.2443624795289723,2.30758745125582
0.15451972437273875,0.6003313917302631,3.1146674782076706
1.8973341318935772,0.3300110630306068,-0.4264700883288417
1.293727761671032,2.3687184911741364,1.6087092751116643
3.4486858617743033,0.9141297160679644,-2.6732026280950802
1.4513741583277713,1.1090661477588215,-2.15656984894692
1.1453487237119702,3.8405939832198452,-1.271554015470237
1.7323385129812068,3.2377011867342613,-2.9496196434785698
0.5990456589856965,1.8455725061958907,-0.1965456988051031
2.6909483274537065,1.569385782367331,-2.793054212001352
0.7931455612990663,3.7789574315633407,3.1192945118555775
1.4817207498229448,0.4997939150104309,2.3387781800369183
2.1668540809654386,0.8275894371753401,-0.4927603735108166
3.203017258189261,2.762866340015836,-2.792029845155404
3.0553029591453416,1.3636451927103481,-0.9114315134080053
3.7425185405834287,1.785780720176875,-0.2017921966602816
0.3447203380135426,1.7439988358448573,0.4018374176668864
3.364521269699504,0.7523781704478165,-0.7055873004933799
0.2937355131445707,1.355559536427834,-2.3930256399781653
2.193713539090705,2.7401823109502366,1.301083464752777
2.00357951185021,3.4765373445608017,2.488800768166344
0.33681170602770916,1.6270098050092314,0.5679411833543107
3.6522574129418746,3.321214804954547,0.8515997308308378
2.953233580511189,2.842501440988513,0.2148274469464737
3.557899342849505,2.888853629795464,1.5489895506130438
2.4767145078043464,3.4545940828090584,1.221046924531537
2.1945934663334197,3.417437894071263,-0.7008640541220443
1.1148504806505182,2.462464146296326,-0.791162902679893
2.885153467123723,2.680889843806017,-1.7244038039900418
3.6254243956796763,1.860116113409291,-0.9352527235111867
2.84829930591756,0.7179720672955914,-1.606033711904729
2.6115273843235047,0.5280052796523425,2.2171435945204276
3.18391773595239,3.2479025362259666,-1.5837632365583407
0.5570860227302825,3.699779958947494,-0.9319850465512989
1.9565487213012087,3.6529278907628195,1.1469552138109167
3.4601975956589506,1.413614603886705,1.0247488066982857
2.9159362896102077,3.5261079180046795,0.2997666169905293
3.1559390293708005,1.5481221068826905,1.4485553084693583
0.27218885718058683,1.1231826238592317,-2.684167061506644
0.6368734754281369,2.888641241000591,-1.5159488438755437
2.1812061142978902,0.607944739484783,-1.6939423611921403
2.418679882299961,0.6433240275399998,-0.8974541234874511
2.288253345685394,1.3756423436134786,-1.7409465577985883
3.034204108872448,1.9743066378306633,-3.0529851694091024
3.29559345837628,1.4073711343898396,2.2856887580024106
1.6198238221963885,1.0921658370659215,-2.499949089743758
2.7747733348121995,3.7109821157695206,1.6609360009583254
0.28221969969551797,2.3356661325623733,1.0558849351581578
2.135963190740752,3.368577637725306,1.3309120662483522
1.1922113881939036,2.4671903211877257,-2.0565660326671904
3.282683580111083,0.47485526186831173,2.671054818776068
2.6867087331414856,0.46913151210820425,-1.2647191563051314
3.1231779312619663,2.0872939708493443,-1.2369456522969677
1.9260772978461973,0.7095539763532717,-1.8716342004911655
3.278949910046503,0.9863339608170145,-0.5818639986203893
2.409610886416176,2.741040518315846,-2.6056573454877885
1.183150445657795,0.48227266900508203,-2.5107032096546784
0.6358096000726716,0.5701477113760145,-2.1501184206086372
0.5913006451009313,3.571838595637163,2.752672171285056
1.260130914450615,1.0310840965867287,2.711613070004069
1.584121192923817,0.9465112425644491,-0.5907413539008859
1.3522786364516794,2.2252637252397345,1.273176337173033
0.2695279896401339,0.27307411227075784,1.6041369296911716
1.0194655600073754,1.762953576306284,-1.1424712100087557
2.1080884863943408,1.2164882643314283,0.0490050207843602
1.1404818756578283,2.002546044845509,0.25841651769968177
0.38645476627941555,0.5712880126130995,3.094983772652932
2.696577657078596,0.9534784713143472,-1.6035370200779924
2.1267860845107087,3.5997259622259974,-2.852780095454768
1.8917871692150183,3.6550970185831617,0.06067114469268109
2.405348150142492,2.9691487262761975,-1.1200619493729698
3.596220687811172,2.359871555259766,1.1702659091780037
2.790785385213977,0.7758214985998193,-1.2547028198672576
0.3143802764519523,3.811515877337057,-1.419183282110296
0.7326360192707884,1.2535896641327007,1.150273992193962
1.6303382089689054,3.2681424816902505,-2.7663928486179756
1.1866215250982313,0.6287270341652902,2.9770373223400233
1.7098623150877459,3.3006978938559444,-1.728201674083832
0.1761528575574567,2.1344309568278335,-0.863724060920624
2.8161615139573204,1.8660467676871302,0.05694837252951723
3.4901358772514333,1.5249598610557373,1.8547480459259935
2.8278600909013094,0.6750799952757989,2.0777378990980973
0.5452884803760636,2.5361013125874257,1.3664345103116284
2.466443825599714,1.1251300358349576,-0.3312199567334697
1.9548218322716395,3.364085163907094,0.4945667260123532
0.3621190606917346,2.2849052815805226,1.4333184580971494
2.8618421050690865,0.8073539564391261,-2.094051914880695
1.364534754500235,3.3409573920479394,0.7954808942521638
0.32073491380198593,3.6674105248013573,-2.8111799371444657
1.1402882194057988,3.7414726287766307,-2.183932988398286
0.7918192000719508,3.116352457208876,0.8971426774030018
2.1054145804170563,1.2609449584259997,2.503445567946078
2.713416798122896,3.171611727559439,2.487123045597805
3.514551625837746,0.24816978720598737,-2.2804098360078093
1.316058420623457,1.072806150506584,-2.103770446013238
0.7554599214497486,1.1242991729402187,2.2079357164060553
2.923988948840613,1.436574930384738,-2.840563059157014
3.2639295629529412,2.6657460767171988,2.532049524018116
3.287134355358359,2.2112017922887506,-1.0930588624967794
0.1983835542638741,1.4514065208810312,2.5483264853650747
1.1028685280650148,0.8324365729271253,2.7777262365772977
2.599629108962809,3.3136261240254132,-2.645130321833059
3.097632605055248,1.2247300272142674,2.495444416677647
1.815764969399127,1.177997060676161,-2.514034104510558
1.6347768357961483,3.6633356010269176,-2.6826241131147475
3.000337133725833,3.6451092069963096,0.6913838482883041
2.2564653212630112,1.2038487159716245,-0.4455202639093545
0.5399638780829528,3.7704954837701203,-2.299506591540201
0.7773517799421761,3.1818375279773856,-1.8093268205565873
3.623180412243368,2.252059026810226,2.282467635991601
3.0736377004310422,2.6375214293991984,-1.1012528119569924
3.568218242144078,0.413411164231237,-2.389142481426587
2.768890690320195,2.8136654691812244,-0.9364777896853758
1.8834812462880337,0.7717471533522975,0.38055067318661795
3.398303438459218,1.980522888992601,1.1298994271678042
2.85605517974005,1.2836926717906785,0.699813897596576
1.3799590835324507,1.530324599313586,-2.807648784061002
3.1161224827442866,1.4162196050066087,-0.178638358851551
2.4093341556617656,3.1758189720256933,0.02601710936287205
3.720682116225848,2.7952523063621038,-1.4878645866035627
2.1522969151606515,3.2625535899385243,-1.0465016814391395
3.420288418676476,0.2317960575707878,-1.7014120946672031
3.3507081431665307,3.1250826988312395,2.520459780653905
2.367583870910712,3.57381807291316,2.4344062747729245
3.262776226521122,2.602596637897921,1.336678107781589
2.3129229672317213,3.8277445957596634,1.761676113251922
2.819036570567266,1.7574582499563949,0.13162563005990702
1.7325422455939745,0.7529857614775346,0.4740833289706958
2.1981289426507606,0.8530817259389676,-0.4589338660181106
1.7818902826686172,0.6089833012698453,-2.739392963361503
1.9992582953711007,3.494106500466914,-2.537364843953216
2.8336903704641294,1.8613616214570055,2.5626576862334867
3.4517891818320243,0.9936861634063878,-0.33335365123236604
0.7267679648390497,2.607692373111684,0.14596607211116952
3.005027981661277,1.8883149967229205,1.576119507520632
3.7590948573744627,0.5882560953119595,-3.0267590067374446
3.356037872931232,3.1558373501184684,0.4448808907827142
0.4721535637436425,2.2049536391984534,2.0383456752019162
3.135796589470559,1.6592006347119592,-1.283370869742867
1.9408165174839103,2.9819732467962967,-2.9531084734295208
3.4462249756112873,1.5744160467602764,-1.400707959822209
3.348466050602187,3.2493355703664575,-0.2798478450872772
0.4744915753419825,2.67535150948432,0.060862447179101054
3.2951000159930834,3.3481764879917972,-3.1283368696084604
1.672620908492048,0.862068371735544,-1.4072473007969593
0.6831669694714013,3.4103292581026143,-0.7025875561605237
1.334091687514122,3.2232711324260834,0.014457095810497922
2.432937070250698,0.8691413899804457,-0.033971364889478384
1.6787772857693763,3.2270047918441724,-0.14301601921562535
3.4804864123167434,1.411062812068399,3.001241918475424
3.1218913146454197,0.22900788828984942,-0.16733207175325138
2.1150634985912147,0.5536327454477181,-1.566154458568253
3.849829361599372,2.7934814279588407,-2.041793872488269
1.4179832261538894,3.8455515379779523,1.5194737141570185
0.4007722294566465,1.7966862436305218,0.34607035549810217
0.3538599054525631,2.1103869287955743,2.7199594954935638
0.8913385597699515,2.7818841545652,0.6372044588301886
1.8825723908214442,3.411747243450946,2.579045179255001
2.864479031986659,3.0451380181305883,2.950440950088823
1.2588611471130386,0.6252635597703136,-0.828359765482332
0.9739157364091353,2.457154964451956,1.3002974167701797
0.8072626332206183,0.15465092896342325,-1.6201853675045177
2.2534975362566247,3.1220332464993645,2.3213312195641898
0.7565865414908126,3.6925437292175354,1.8412992869012674
2.33025825370737,0.41383580937044995,-1.6672299853329435
2.001125139487052,2.9993487350573065,2.422158132380158
0.5658817190166561,3.7149082642435927,2.936110407038549
0.2537788833829251,3.11996789625291,0.325046711752798
1.5478239771166256,1.1745789218325209,2.2988706122576517
3.3981511351256466,3.283601862994499,2.2883758735700708
3.158417014082804,0.6027434605808448,2.2372498439623216
0.6360784934489851,1.6129759870139906,2.172302067167874
1.4705588556706792,0.5735512568715802,-2.635820725055922
0.27502735004381984,0.4955176918369042,1.1883063418204713
1.341637884001214,0.41115759279023667,1.9234390266167027
3.8082281339391897,0.5133414890334058,1.7960187542150923
0.8306117961686041,1.2021145217445341,1.0068395880557315
0.6577091746856691,3.179881554596052,1.3095798926360267
0.694353120370133,1.8429853048386513,-1.4686074800566495
0.5173684070310798,3.1040621129854946,-0.38831183711888695
2.6850850306820946,0.1960095233224819,1.0522483110731544
0.7185951107580193,2.4989522016033523,0.19730465995807522
1.6900250355237811,1.2084467160056995,2.0588700647255695
2.518619664563134,3.537114610927962,2.1898493080209374
1.8782908560471672,0.8929840598148213,2.3516500357067693
0.8383039640745422,2.928587711410415,-0.4586219285585931
0.8405421355297364,3.5664833442338373,2.038049921996527
0.7894284299821797,0.9974809245171312,-2.420092856841526
2.2075279728804,0.5846659065964701,-2.2292442804484622
3.3581279969672018,1.1613635883206856,-2.5591020177591
3.846660206528045,3.5792730687035195,2.0580705648190847
0.1508282303799171,1.8475654146613438,-1.8602000031328547
0.7635107418265967,1.2132244884433399,-2.4568934089127947
0.7491645920628023,3.136168398586034,-0.056006258831338585
3.1513580961055765,2.722663372116965,-0.7208266996105466
3.4491108194497264,0.5093448886308072,2.7870495526783055
0.4365685103999293,2.9304804118797683,-1.0453474324709555
3.453478208549175,2.833738904594792,2.5769022013670453
3.0845354849144337,1.1712635079105769,-1.1506347547568592
1.7890589321936847,3.6928103800867356,1.5927405401415742
0.5203226734253295,2.6764367310868726,-0.45512332705356284
0.9049912470943742,0.6580953658285291,1.005837360928533
3.477820087434215,0.7076176803619147,-0.0707659982755966
2.3569611974186575,1.0646817244316447,1.011433035466471
1.9356376350868363,3.669549694345822,-1.936011500173841
3.09627842436723,3.071029195394994,1.5062169860164403
0.37026438798001493,0.4281074029331915,1.0132644879546318
3.083406939718622,1.9142245019990365,1.9482782896915163
3.3866386231646928,1.5019821276310852,3.0535659894347376
2.516776218626129,1.0703249493132767,1.1084035128146619
0.6991038448183038,1.5466164056381815,2.372148140548843
1.4232865805009243,0.9627874288859783,2.3016306657809675
3.0368578315283554,2.426103698377839,0.9277958653735334
1.7897448971903578,1.3284593551337092,1.1370373420935351
0.8853816299662594,2.7976792577146767,-2.4351643626175257
2.269051604738323,1.1568827387540477,0.7040610616671743
1.148918923925792,3.0747803287802355,-0.19273186858408708
3.023454814641603,0.7254071765786994,0.7747629212380871
0.971674877446409,0.8337022781681513,0.8560011864224202
3.13674014763438,3.7243397641677127,3.1133197279461005
3.2101208445079252,1.5353822408892035,0.4414024432605763
3.124411380438634,2.1832206078284435,-2.7996669792310245
3.2940546343088233,0.8340919231121244,1.701941765494892
2.5796568675472424,0.4208855321976004,-0.1881649016591851
0.3806711644631129,0.5862360184225435,0.6369483098316748
2.2812030982207485,1.2760244635424454,-0.5000698554456418
3.3456321321275295,2.4310558344435487,1.7937617826883692
0.4524922820018311,1.299016290520839,2.7441304436205067
1.6004385634157412,1.4634085957386564,2.2922861607741556
0.9566356928275059,2.8289244021019377,2.9704558702635584
0.7157868800440053,2.817544023831288,-0.7903125424555313
2.625741509337443,2.593298545818555,1.9301070534733835
0.9630814952034346,1.8640731245766675,-0.1436061091605394
2.516383634605096,1.3247978704272745,-0.5436193123362956
0.3186693924956363,3.248508527126511,2.698860723070559
0.9591980895540195,2.5688292636758407,-0.6161741580773912
3.8043263504480906,0.48339308186222496,-2.280706546656032
3.7367762275647185,0.7583733334511709,-2.1456091777085105
3.5409800110082537,2.914567813384906,-0.025988070658382156
3.2844244855571954,1.4237125485832478,1.8347736132728665
1.1587960138070845,2.366798286316106,1.3541219845827674
2.4727746085253304,3.4392885387968803,-0.4075415125461861
0.4871794536392491,1.6196345367353846,-2.469252813571951
0.900209865858804,1.4281048437726231,-1.1703786150023219
1.054341012238925,0.47952641138987273,-2.4758471626982708
2.768792789250286,2.3605194423438856,1.415496781319157
3.200635521023965,2.575786334780945,0.9670763891497849
0.1936939573071954,2.9745100169941985,-1.7354786853003135
1.4288186138229477,3.332702267054471,-0.990496807523078
1.6508572493878306,2.7267551308448685,2.55790006582286
1.74451786611324,0.6217509827830945,-0.4050178772055717
0.9838103208950941,0.76482454542862,0.9114791233463677
3.3726488008837596,1.5208819551577233,-1.486071916219634
2.326194296226368,3.2278941218689887,3.12857082662497
0.3313471372960519,3.5063153831232245,1.322057729437299
2.692109294451506,1.3349048905698226,-1.1935586994705856
0.709733476143704,2.1163764670385405,0.5324421810361346
0.6990030682404766,1.4623114146113556,0.15621803787270805
0.8614630886808499,1.7814837449919825,-3.032272736894899
0.21482730164809594,3.238585474057305,-0.11714503438413404
2.3422416463455464,3.703992348991785,1.266992715678878
1.3351736856275265,2.4181699346957104,-2.291728038802456
1.6678106373713062,3.2821021073110574,2.5181902602133945
3.4729485875487223,1.3516279565845228,-0.13338754606111625
2.7668001148996044,1.7231004143726523,2.8732144849556365
0.9524626787537209,2.641179978690692,-0.5918663583282142
3.0498142054858075,2.779616921262662,-2.156799395162557
0.3534834132909954,1.1442471587463636,-1.5203403461323521
2.733460997907354,1.0207495468159808,0.19478259978692058
1.722052070271772,2.7703808439915067,-2.4793769623495696
3.2010764066056674,2.631938568585788,-2.8122926315046444
1.96076813366997,3.5613823264602407,-0.40077997758638917
1.7389247823885965,0.9896437508385287,0.4321039422934976
3.123385274265925,2.2579417596488627,2.3866657754547047
0.5370892410087094,1.319269256009651,-2.3412866034815556
0.3571473202736204,2.1650752779310003,1.6852715250610695
0.5997524097723139,2.863558367597011,2.0509189715004705
1.2094643267611156,2.029320158861323,0.3893461989912148
0.22036348061001343,1.7087162370532045,-0.03362665120669073
2.3074317229629218,3.498841397447323,1.3992273833548587
3.3887221475954306,3.188862005245307,-2.253462611763031
3.6879742996386335,1.6723338357457136,-2.815367498184858
2.220726443044098,3.814871245063411,-3.018359272374964
0.3290131530075988,1.242380341081072,1.9474047531515524
1.7038859129161854,3.3081658197740644,0.8759616527247909
2.612652682729164,3.218775616802299,-2.0297814312915197
0.4095047592606247,1.3244330437803256,-0.48116773887475084
2.876324485743987,1.4407404970512498,0.607526639470684
3.1340421188092336,3.6725072150447047,-1.6720629021395823
1.028860388716434,2.8068811430366654,-0.7848081359218564
2.049709991208927,2.667087641976991,1.6106891276774657
2.3632489945880195,0.42790794372560415,-1.7639398000021909
0.35354441195987185,1.2530449240993002,-0.7045502071422849
0.35553436357110524,1.513650855683597,1.7135222889894965
0.3263186864545178,0.6645503469562715,2.4892311374404326
2.3555730270251867,1.396904184632909,-1.661551546747708
3.0070736615405145,3.2047275765957046,2.3349383072900265
0.46320239379307004,1.5989598300068963,1.3574954383519433
1.4179050981248027,2.5502964325379565,1.6006859445811994
1.2961457843913502,2.5868367180322305,-1.0865831468933176
3.3301072442141306,1.3438823757275644,0.9160108194186627
2.3548393794407545,3.26656444792343,1.103910126353516
0.257705448398323,2.3888294123275196,1.5507522030437793
2.6696691141681015,2.560370813625943,-1.9448531634148667
0.19957334724136322,1.7401229270343541,2.0054716830911365
3.1866721733756758,1.802156197391907,-0.23740007089359771
3.450838370739389,2.824642686180809,-2.3775857961261493
1.06523215450588,2.2003359270110647,1.1195915759800759
1.6058345908271936,2.8091236612924533,3.133602675565059
1.775647772380693,3.4909714701057997,1.363854970191893
3.708987747328683,3.4263654316295757,2.396184463910533
0.5137001741057721,1.128483791354927,-1.7859091149737052
3.6185016896122435,3.7537907566910045,1.9547167705419577
1.3775904105610608,1.7537192722062698,2.181312852864628
0.9799032294253647,3.7800318969739912,0.7516440080120028
3.6361454223821283,0.5200459362971959,-1.3400149049045804
0.19898049718152322,2.8467377982695385,1.8006562500127075
0.7047940157086554,1.190740532894805,0.7330014257119801
0.6206924504571174,1.4866665721493688,-2.1999789750600756
1.6289527904744419,0.2366927506086003,0.3696934726542245
1.9570352002939213,0.7654344927815502,-2.3433534632740596
3.268348115289302,3.549015675251633,0.8069952756661691
2.482157178996775,0.8901863910002188,1.8303245933948729
3.6976547167094767,3.7343776068354786,-2.6570230105341905
2.163793359129029,1.0399285891556596,-0.556533083683628
0.9948919685851751,0.7805488911371232,0.7534290807353674
1.782696903813294,2.8915788898510297,-2.04427027925027
1.2651758866485174,1.4456065453199454,1.0578374620850024
3.009138503542516,1.5644909120952475,-2.397611906441123
3.4725352205808964,3.205920880889148,1.978611670288024
0.9772898662780123,0.9980279213469845,-0.575650860859616
3.084876145707871,3.217559967245548,2.666673171058174
1.7552230852281614,2.9325577274258254,0.5066328214322136
3.8202273309475605,3.217761557246914,2.861384098906088
1.7903636848636477,3.462228164272395,-2.0386467318853976
1.2916153015982874,0.2470794282798887,-0.1739328117022203
1.0078966607612143,1.6246405076482366,-0.02279377335713706
2.0587413098559026,0.48487657095963677,-2.6378152925819363
0.5003325170627142,2.28191581282014,0.3239678488390254
2.9225564010781326,1.4462706037977862,2.938402755850124
0.8573276234126848,1.8734694972688999,-2.245771426713318
3.7351710934299085,2.549247657584833,-1.398849328074439
0.38241903761626705,0.491949645302566,2.608666298781224
3.0897736725273095,1.9593232004245116,-0.5081429797709389
1.638281216820376,3.560894763132535,1.4310007606858628
2.566782271554721,3.3029250042788387,3.045034692792605
3.0782270194376027,3.5398983926460184,-2.7035670200905715
0.4164454464354712,1.2801706870441705,0.6976382621014698
2.391634498681167,1.1720711481894948,1.667598041083771
2.3695740784927986,3.6042322209011615,0.3756867359973821
2.692781223224833,0.24668925105528716,1.4189163560647104
0.28179163891790004,3.369880864350792,2.7716775524591197
2.8162447608586056,3.232099222833826,-0.20332245644902036
3.8057486855171323,3.37238126954337,-2.8746995733404748
2.9950397149043235,3.0814380257986653,-2.6415373310399577
3.1124545378091493,0.36445089871222214,-0.009479850312826166
1.3511337620036818,3.4206417737762465,0.08853113245992583
2.951603307340511,3.8063863713363815,3.0318076192963863
3.365004391284183,2.6081493180328152,-2.2989681220488714
2.13339522892095,0.43135505991655876,1.9345099514562207
1.735279327368906,3.847788764103809,-2.175176284852313
0.37512279868102283,3.0622259145803294,-1.0447853596754713
0.5189579811873686,1.265223470578483,-2.9043717938757116
1.2251127518840694,1.4203931061645174,1.437765012916505
3.4349258878548956,0.7235257329467828,-2.3861846848876427
3.4853911649479556,1.5000834664624256,0.74722367009463
0.2861593490328307,3.512598234847815,0.2597468462841839
3.0685464912068072,1.7885871674069507,-0.1251340949639843
2.6156977283643696,2.709000076321243,-3.0591612432658764
2.8133255884457453,1.6602096973251745,0.5189627333366649
1.6162692718342035,3.0872665333428335,2.1181979326654146
1.169001917433596,1.383369377947604,-0.7353856940838228
1.7107134689169774,0.9113967672231542,0.569576752565705
3.483954502334298,1.600739782832484,-0.32723495886677156
1.3132747900992587,0.2486922584205491,0.23071870480441836
0.8945171065531565,2.4150997036142225,2.52688210369962
0.20127300617550503,1.6791725576414742,-2.364559583082812
1.063148008685883,0.6612142625371766,2.643362865011655
0.41156447450768496,1.9513082929771213,-2.2655025508009907
1.3552250687533398,1.5871030045339931,1.8115374527949353
2.6127167251958183,1.536379709514601,0.853551812857726
3.621773449513011,3.172635175477503,-3.1368852121539836
2.3634699626534985,2.635890218405376,-0.8962508759999523
2.8512090761653566,2.643414571512987,-1.4180364648561958
1.1821450344519717,1.1349050418065034,-2.22961648624422
2.696252531813801,1.7093965138943066,1.6091420195659856
3.3630456117622978,0.8802553867437086,-2.7579135960210697
1.04334374674551,3.4601371317034015,2.5397632206499807
0.5291205933887482,3.428600951751078,1.2924885910004793
2.1336825342626473,0.7297032935198144,-0.11745045846839286
3.1021894531685232,1.6143090622940455,0.7459729393770833
2.5050249085413667,2.5667689111484693,2.3663524635545157
3.470755847664169,3.707001341514948,0.5264068330320919
2.148876246268186,0.8242616445469961,3.1052497773377175
1.1684558288529185,0.9458509493133183,2.241626742937168
2.9611976933240873,3.5620521872029323,-1.956727618692049
0.7812653310360775,2.8513332008800196,0.36592141512239973
3.8140544005072208,2.253985523892305,0.072883948862553
3.539275668892668,2.736611900313249,2.1566246067337955
2.6707185348076887,0.540887023022361,2.179480110541756
0.9053056639970771,0.9595958245962302,0.8014309641201631
1.4872177479823563,0.5109944332237726,2.164343417222586
0.7792572142918202,3.270537978986197,1.6491966829869833
1.0513304816129754,0.2350840074234526,-3.0744973101137902
0.6791818903330862,0.988306248898501,-0.6779949083755796
0.6167441103611258,1.3258859209150313,-2.0274629539239317
1.1848257379761855,3.129764627738493,1.3308869252155437
1.6471535907246078,3.0312916780527837,1.5929188968872863
2.8619455671775973,1.3466473835174448,-2.498763579132255
2.6332386814802122,0.41362568037948444,1.518969051964139
2.470079893989085,3.4830214917927,-1.0665085893799078
0.2069392810239119,2.2357408969977555,-1.3263336515121125
0.24783086945460253,3.2948940179608583,2.8440828855335845
3.0957693137013598,0.596994432010546,-1.2647598103173832
1.3122299909307524,1.0906903119167595,-1.8393415709906735
1.106935099572358,2.841181970113087,1.3565030452835165
0.7760020134315835,0.20139424532424366,1.2488232182389938
3.230846330465561,0.6420735131812361,1.5155645260356163
3.815130579096631,2.719680906960513,1.840233210768238
1.408565729360586,1.0010537340358003,-2.9557539803998116
1.7250851857567726,0.7631705038784546,2.261696078979644
1.2638955202695072,0.7660892233804995,-0.44295236512194425
2.976479844226561,3.2521570183266806,2.5914622021999882
1.1433012021984044,3.3223420476840357,-0.5002232581410238
2.9036821108194,2.825648835994428,2.3820364733513193
0.51168488090239,3.4281135050085996,-1.8409019433576617
2.6228619609903028,1.4782499245929697,-0.6596137317277502
1.672430391984912,0.6863722293007215,-2.6770467861503424
0.9173999510470066,0.6571465402983319,2.8490505789978666
2.892724039722576,0.18077968676504508,-0.04907592579551068
1.7279471508750706,0.17276591424292853,-1.746651399556468
0.5790768859281501,1.6144996533273663,-3.0159401854716776
0.9577702271915576,0.7494156239219332,1.9778417570410607
0.7785065693414794,1.1177863441371652,-0.8574161321574909
0.5681997505948555,2.3864313588172577,2.80777202224459
2.292929209528403,3.468571472604925,-2.579696812107812
1.3909312645782674,2.2375862131238184,-3.0561919551398367
1.194242796589895,1.1725832546990165,2.286335029683838
1.6031429172577232,1.4105676142020953,1.8642947816675761
2.7509292793724773,1.6925516337303348,-2.1298618428200546
2.3841957120387534,1.36307926668764,-1.9460886959603292
3.482964391625601,2.4468662840908375,-2.9926483250051135
2.9171361316744857,0.6015886012052976,2.7871172295259834
0.954580267504435,1.6206129545251189,-1.1649724111829263
2.445002754608241,0.7101954326698268,0.8773497660239471
3.125904698859624,1.3052532875068268,1.899235848735862
3.0025029995846992,2.655368038251647,0.9869920890060273
0.3586991297802484,2.6940551577978638,3.086532334743379
1.4339600396996497,2.3405601622607253,-2.8591091835410576
3.5110112364629296,0.28557093631235775,0.499124465423753
3.3183569002302784,2.1445317253638194,-0.5646691724634478
3.530957693646692,1.4255489444518652,1.8125104811802348
3.2640174428690294,2.2275772528672806,-2.9664018371628558
0.6260499279735772,0.8043263380589458,1.7801445067709896
0.17363817741225862,1.7642568480354512,0.9105898878349867
2.3312325975776487,2.764674594513778,0.8347661286944192
2.552121546752331,1.2217965775641857,2.3318712538785586
0.7777274965522465,3.0501780905129303,0.28714141901180223
3.213896814743855,0.950563324484003,0.7516800182253149
0.23603656957080288,2.654085400836723,-1.9599126951052241
3.183595955846462,2.070795645332375,1.1017598384126384
3.2351070481265705,1.4452408978483895,2.0648558569506763
2.8606307778744444,2.1077328297155384,-0.553894601951129
1.3097837189141042,2.681920375877543,1.383084126445275
0.4906236309701133,1.9875530131182324,2.088319832158314
2.7734929008088502,2.865683327662812,-1.15974054248992
0.48136501309956037,2.9735793816442206,0.3875770299636594
0.43462932774765095,3.1896287711287763,2.6671592252758556
2.642945047925481,0.9550658338679581,0.49535422435049936
2.2781858918236595,3.6788123622920974,2.79306177593316
0.1999451641635761,2.8485433741523845,-2.0709166096101477
2.7097392896268033,2.497371242493238,3.117688780127965
2.5169539227233484,1.2659982649343404,0.7023978921303042
3.4413122423090137,2.0868859200856282,2.053759393820079
1.0923966059139638,0.9238290121581296,-0.4111855046742656
2.0916139529484363,3.255598998195463,2.0400311329598146
0.1703199981376935,0.3406656307139091,1.5596671194617446
1.9241437569615458,3.0947192415334324,2.9079955875002943
2.6804458048033406,2.5714778652709165,2.1546824190311042
3.1946177501245288,0.8468228161650271,1.6839943533442234
3.304894985804265,2.2578862940672413,-1.2988637531751714
3.6755327111760425,0.44077238379773753,2.0898876588899977
2.3175614450381685,3.573329498065489,-1.6208268546212343
2.5981268295237836,2.3869961073754298,-0.42575727379623096
2.0304329015110514,0.34765754468308385,-3.123889912263424
0.508046775955878,3.011889436665443,-1.3506070472846556
0.963091306678352,3.1999534441183277,1.1466322200295256
0.3773421719760792,3.085884485044261,2.4658869455176315
1.7737598835029122,3.21540016998628,-1.2743495822237894
1.006079735749299,1.6247082684516787,2.3133443112437178
2.661275171622553,2.823231783979868,-0.3829546245082871
2.7514603909197497,3.3253442955144097,1.6130418185068995
3.747530622561441,2.8903655322121087,1.9414364164643407
2.0537325362222374,2.9865661849443077,-0.37594834736044636
3.0567021519139814,1.730389229212229,-1.3079159392943618
2.735292846394608,0.8642972684056334,-0.2083331027257218
0.9151454225583877,3.091175970253321,2.7450137905276115
3.042252927144301,2.6558193737214846,2.8073257919893564
0.1759433951860725,1.7530729569658803,2.7604898915860536
1.0494447257754196,0.24711484913924586,1.7053667628370084
0.8073370928920771,2.539807001715027,-0.7766789353109425
1.2628175026279522,3.420624241833979,2.599712018955108
2.8541812471114105,0.9272219218827589,2.1917798193427522
3.490264328402981,0.23426091180460418,-0.5975229923855467
2.2992801638598324,0.3605223444226673,2.3357003335991946
2.881847741460603,3.7926212005819138,-2.3802838722687127
2.8865068364567277,2.3904076607095455,0.4941845120305026
1.1135350789611707,1.4138648441707837,-1.6226078681846041
0.4924884450616891,1.3810690130957073,-1.735450731445266
0.5491417053509351,3.323628518883038,1.2504734987986739
3.428073926063662,3.4333243706759755,-1.7278830221796868
2.554907106007774,3.051419890717447,1.0999437450975265
3.1606000130371714,1.9905058716785988,0.6674543128390185
0.6602209459989914,1.566178824113194,2.1346113602964625
2.7284453165556966,2.9613591594833704,1.3770569128467969
0.4458109842997695,0.4654053816080972,0.613945133698778
0.5606799697332141,0.1749228134215084,-1.3645690400735142
0.8092812935733673,2.9819129485943496,2.1267936378883574
0.3047852776546933,3.0219996200335,-0.2298224589339961
1.739215060457453,0.5925529939470691,-2.870383482774505
3.2699886594375105,0.4703730457398785,-1.0819503937307373
1.8323577293239963,0.9168545067441856,-1.2465315175687917
3.4138000056155535,1.7749634180072107,-2.39154104739857
3.771808180651575,2.6952560328807853,1.2330281867398716
0.5432296319776175,1.9252929876416278,-1.3766844298940308
3.3379061842723776,0.5596801799415414,1.298677954146875
1.0696749850852187,0.7315714515976359,1.2641069084061423
2.591730321990534,0.4252116958931196,-3.117965502655337
3.1666102109727627,0.7194765332647708,0.5524140359419145
0.7724506741956545,2.783315095856221,-0.5889808054740651
2.43628066041852,0.5651964141633821,0.19514231220517475
0.7605301736865391,2.9374974136013026,1.1311190916239946
3.172214832153978,0.22570855422731562,2.459202017039856
1.8857627185822259,3.69723801299681,2.7897960554503767
2.390209356510857,1.3977310767535376,1.6347923501099695
2.877604551772507,2.27853645096602,2.7308753730016937
2.0197259323556267,3.2502497175290737,2.779982115132074
3.119082977954354,1.7664826350699103,-0.14485594745684383
2.67589937237281,2.3543052064453085,-0.7955165890280695
1.351242221035812,0.7201892623661679,-1.017060380646352
2.2134178072047836,1.2946981076876454,0.9028389201804083
3.054751229607742,3.3783196058518836,0.8110314171187243
2.6392419986859137,1.0467013537158394,0.7694476254215838
1.9494926047037953,3.7431146681950698,0.7032256991982764
1.7228586945205762,1.1579910410361514,1.379615054635135
3.1706009472874856,3.837308774334658,2.9336236970780067
3.099000454626826,1.7025477656861976,1.9819047637275666
2.0466316477312985,0.4817416441879274,0.8613173383178019
2.050833985854772,3.419912761919735,2.4833041029632055
0.33946673796726756,3.6300805869526993,0.9465649893964825
0.5537184430625901,1.8162868662324954,0.6851563547744255
2.720007814733397,2.3793254570687004,-2.8541014332776435
2.5591399134270545,1.4519463262888141,0.05865034827295457
1.1187666657028226,0.22570250214413967,0.8278110018480462
0.8697723482265061,0.20503581653518088,0.8536519638436375
3.4425392382744513,1.42613778050216,0.7513185401173486
3.5864419240884104,2.006579180883861,0.03667482393983823
0.2415646931443023,3.500769619524874,-3.1192267175656627
0.8878360565485166,2.887992102197827,-0.18203643088217225
1.3674768627722917,2.184182441528249,-3.1008767274200046
3.2812564612326884,3.823225619179525,-1.0310477461517231
0.20165558940180794,0.7662752086874463,-2.9460749708559235
1.8362475790729822,3.4764421944047474,-0.9302254020409455
3.209931652535576,1.8106526986283558,-2.770621243206097
1.3951074105771286,3.111798874267009,-1.7704881871421927
0.323657917378128,3.145630964157015,-2.2868606356847865
0.755353899517242,3.6168746155026397,2.93471437090159
0.4928697209619699,1.286633930347294,1.25153507361079
1.4368436036555616,2.9757696372943956,0.545668325132894
0.9020182421906391,0.6676946204270333,-0.9469204599351144
3.774781204028524,2.4074390956824403,3.133808332074616
3.641043353770922,0.9416908700951359,-1.1292121521802758
0.8853200354255852,2.8425068585731657,2.838255010983346
0.9070966936527691,3.711509993063083,-0.7298282320575122
3.3003420251723368,3.2801110732677845,-0.09250518589027656
0.28442982718000387,1.3768453251708834,1.658726191780624
1.3000456970712606,3.404136408120657,-1.641156892256388
3.3689657797998223,3.339158806911497,-2.774894926289226
0.3396558094356821,3.206041983189075,1.9130268622527113
2.1154895918648773,0.6450666822219842,0.8650591574369848
3.3151156420931938,2.7040480282786743,-1.6244159880899807
0.2872844583329375,3.451255406723297,0.38950920272010325
2.4942959336447026,3.060128143024787,2.6484190603074254
3.4501992958986154,1.4056429976000935,-2.9399907802399756
1.6244570499532598,3.6613867384781913,2.9498072003322005
0.4319739707481056,1.7904335656181671,-0.175773726588762
2.575347090284078,0.5588505876589678,-0.06739865938079026
1.3433160367471286,1.0561346473691948,-2.1108626383060436
1.1710574383579981,0.8167054651368226,-1.2402100797365416
3.2738349452386624,3.1047812755903683,-3.049386351252764
1.302581876097456,3.329651757665005,2.599819391507639
0.6415559534601476,2.064156012365905,1.3390657206020906
1.3511965687731289,0.17090862104837434,1.8823817849358857
3.5702053706194037,1.4435135500919238,-1.3676573025679555
2.1055575840364162,1.3272944368200528,0.012709906145376149
0.7136115364935569,2.0561894945221595,-0.7821502678952594
1.8632392383502476,2.9642035602969425,0.26444718031437064
3.182131302703225,2.573740072291163,2.4886561415572777
0.3188020885616898,0.997364304188455,1.0845856610929019
0.7129739978379632,0.20689058042419806,0.9858458938858794
2.8842114148581532,1.3223377256643274,-0.7142729004201311
1.7361086986189709,3.7136930354570254,-1.9239573336664932
2.1479811660694166,0.5526481561659939,0.5170701457154196
0.3629049710273087,1.9240491590988786,2.7686461317634468
0.44917757883603926,2.410904176138513,-2.9017982589585913
2.016574410610514,3.3831732747309866,-0.5733447569003984
2.5975077297690286,3.6334814236838215,-2.6697018040673934
2.6395381736344565,3.2798579101240177,1.6791247850005169
3.2153822353144346,3.450108996122392,-0.7708559254554359
2.17663863530688,3.580733122889825,-2.0122325785974593
2.1094380435811355,2.845045926430642,0.11706372547221422
1.190681377907302,3.2740172605728386,2.2250228863941164
0.2518888484667787,2.6028871207595623,1.2495015992008147
3.3887178882252784,0.6792566433024341,-2.8205537065744513
1.5430175566568147,1.3270434873084507,1.2871549129241577
3.6069774576177895,3.6229996680231995,2.6406858127324364
2.6499342214489907,2.517594968964072,0.99313445571374
3.5180297175314283,2.6364247506733354,1.250799249295568
0.5817286327612288,0.7658769445659805,2.861820052655524
1.2942573234899268,3.331755150258944,2.622597911704413
3.554136547663937,2.9594068678836636,-0.6825333060980867
3.1287112106600623,0.3779635212974215,1.7584102904727459
3.110459070913505,1.2916208273196763,0.07735607773700348
0.3116251726871364,2.606206298833956,-0.14961798906233792
1.6775666348210936,1.1019507240050044,1.9755422074998004
0.48250159439182383,3.784269134468166,-3.0890599556714062
2.778195481513356,3.735317645345224,-1.9058472725819766
3.741597599585134,1.0449234714307756,-2.6441764904109917
0.31992458451894157,3.639627928008316,-1.2966755413448836
2.5282380014384165,1.1566728566337332,2.648030485384698
2.448403061202485,0.28579912337245306,2.9486765279940848
0.9336316084704164,0.5267934788837381,0.2914482878217788
3.510168247891527,1.8633472833659632,-2.1619670591950673
3.0057916991564175,2.843718398660924,0.050897416736590095
0.765876288751361,2.323480863818151,-1.3557776584409056
0.5361253456745176,1.0110905043011327,-1.8673906904490862
2.922144160964312,1.237108420419616,-0.17962112766672123
2.896929485506437,0.9298798535837709,1.3405252787448383
3.362984527697332,2.7278961559738573,0.4482982440697647
3.076028966195908,3.4819972634232745,0.6016568838556631
2.2209828786353003,1.0310919997871966,2.895397395225406
0.19229852838220163,0.38601718920289096,-1.9412573861371965
2.5675768441066804,0.21952239929253414,1.6540336234795463
1.5626089207321114,1.24255081479778,2.922903282127872
3.3081412221524458,2.9497222561491587,-0.9119685890785538
1.069013809534701,2.864047791433135,-0.8769721476130319
0.5586876728841097,2.916944071806503,-0.09468225658803942
0.48941564099855306,2.371083716002675,-0.5194870860867202
0.3238309081419608,2.3761610158755087,-2.551942001488659
1.904388656950589,0.2057393063895181,-1.4797015366842972
2.8175815576506262,2.0228566226794777,1.6717315229822258
2.5053686550275636,0.5435372367024258,-2.863107946703357
0.7723561558624064,2.8529275861635592,-0.4691830091162621
3.7058353471562087,1.4239411905635002,-0.8707944451367031
0.7521138216861689,2.9136714487778064,-2.532727810039841
1.0295663018336407,3.8172207085827177,3.0830317243084266
0.1886830813639495,2.2721132542243474,1.9238582067221905
3.2096483566812766,2.9645585634685117,-3.0549762104296674
3.8389249219683084,0.9152289768924042,-1.6835048304570788
2.4645714026788417,0.5207182821806975,-2.235437477371074
0.582078629440451,2.9603798756381132,-1.058667568049347
2.78171156067034,3.1000725470861195,-2.315735573851051
3.492123322541047,0.7472054622786253,0.06853654734904246
2.860621658001069,3.2456169266907873,1.2492445932575968
0.9721078030068089,1.9571875892476003,1.0557354309000386
1.2793767243840355,0.39318898393371216,-2.2537968549585594
3.4411847564391422,3.0087711790028853,-2.6805116485420646
3.2716615749932165,3.83431241504669,0.5381224624441505
0.9806028681666499,3.8078253399924096,1.8220724355644942
1.8701489170643346,0.19812296799064644,-1.5744100516793125
3.721526447843884,3.5824761337695987,1.2785669219809135
3.25323786429827,2.4585813037829767,-2.0960704505796572
2.7723713096608176,3.783807903268422,0.9128999527560024
2.5887843842137053,0.34406819603395356,0.014877646049802795
2.1278527363386974,3.163947758370243,1.194901960137499
0.4524801902423419,0.3118953785566747,-1.1126425650678096
3.396257685573717,0.3572331643921647,-1.2326375585171023
0.6152761501364661,2.067022883505702,-2.947178404013999
2.261680895077511,3.1436658839634943,-1.3178492739084857
2.899205352448291,0.2978862308886372,0.8548581635809498
2.2447670774586643,2.750716876442502,2.353142701656042
3.5990101192079775,1.3123683213387922,3.0972668482755337
2.0874425865754525,0.21845615863411583,-2.537841877368576
3.20067034361629,2.372548108018951,-1.6390295092539071
3.267381049636074,0.900936346948614,-0.2680344692781804
0.35263147784046467,1.3571859234643897,2.039614937726016
2.7063658481681268,0.1572846428742527,2.7036149459365513
3.2029740275124228,2.3958141646151736,-1.6983824277213944
3.321804463828278,1.3660453121902814,-0.8662941550188648
1.2953141820213148,0.471881276295115,-2.411122212938602
0.6281357878067704,1.1644612724453594,-0.1255276748947507
1.3078818949417172,1.6566549507274253,1.7985864770224955
1.85065406532058,3.771912787748428,-2.3304708846735624
3.6646438066847975,0.3690159774365571,2.98520961183734
0.6909219805007143,2.1992106725367897,0.44334588660948704
1.1190226475660063,1.34028040346844,-1.304261806380623
0.34665491430364836,2.6475724612247475,-0.5066204475886447
3.8157248111809277,0.785012551050341,0.9562226811580326
0.6841918622937055,3.0808500436508646,-0.5070923112704007
3.4464910695653823,3.4544146935414153,-2.446592705826305
2.007551139546571,1.1399982050715778,2.032125176725658
2.238505499369593,2.7124329174811934,-2.5265174615344623
2.011242401228074,3.4037118535461763,0.49371992031422396
2.326061263052009,3.6764863417780242,-0.6623333688336519
3.4621070622089687,0.9122478446775029,-1.572226563714992
0.9556803715296271,2.306716772503646,-2.160601142405994
2.9361477173167954,1.0950806821071222,1.5342612838369831
3.695650777554858,1.6156702160980836,2.4820518945541608
1.4579131194970238,3.2635876186252757,0.9472097395810826
3.7556066474494774,3.5295937193027864,-0.5240755968628057
1.962135775816741,3.5377093417836663,1.7841806823558723
1.7897377632336489,0.5717573018635909,-2.5726353777592825
3.4585868565457183,2.3263557224923748,1.5898332452941952
0.7830533674053846,1.0146854685109759,-0.8277418750605201
2.3774044580029474,1.1832700428005927,0.6672866687388539
0.7115931579727093,1.2033094033434382,-1.4032088506432563
0.35682366098689355,2.669197765206957,-0.6050496224832003
2.863275722799127,1.0199467334993688,1.1861903574419328
3.24538649813252,3.652303846833071,2.3143704080143017
3.6430879118157558,2.657933981002418,1.9247588593239886
1.7834528157208487,0.22614082400934699,0.31102826771372927
0.9958124592196884,3.199924940453022,-0.7871507355314646
0.4919319551668564,0.41295523556782143,-2.725083565318769
3.347402546724358,0.2769680870610518,-0.7292255400117704
1.2824536847459806,0.8821018660027282,1.0187099550334056
0.977103552677713,1.4833154309279584,-2.6762066245769196
1.6116710144571997,2.545145198916581,1.2451240493006397
3.047138149325532,0.428304713567103,-0.027138672460516045
2.4799315816423766,2.9097376735435883,-2.709247255301531
0.3827435856066037,0.873731308923984,0.8786940371641956
0.7939479696849236,2.756219854605862,-1.191405228045292
3.468430386413327,3.373107657861012,-0.18763579636279148
0.5802622180678867,1.3465223308233645,-0.12623578806904412
0.5183125891082612,3.4252452114748206,-0.7285551854417611
3.5515811054267337,3.060805792237097,-0.8056412481658004
2.7295738985953144,2.107058592884418,2.424289875813103
3.634143236872985,0.362951998211412,-1.207379266275701
3.37014131466951,1.663090915638827,-3.0544256608585534
2.546815701437828,2.7263387297201165,0.791646891127487
1.6827096795717926,0.5954086236065455,2.12103931622649
2.7433240244372668,2.0263147357873272,-1.639262676263025
1.802937561707227,3.4563452889244806,-1.038774309240694
3.5980124674417997,0.8574920056410127,1.4211882350168645
1.8712685983117,0.7108871114828705,2.767655826509695
2.797794526404193,3.644164343846677,0.1831363846606484
1.8069545386107468,3.844334320604052,-0.4425274700827564
0.9832679216614508,3.40188405022339,3.1092325099069686
2.463438332746597,1.4141707484466033,2.679676399014957
0.381130271233018,2.1920816981301727,1.5740994952153713
3.538010057229719,2.0652649293720824,2.025928622477794
0.8780117192772661,1.6304637035762055,2.4160061720275943
0.16476088095822528,2.288915578425579,-0.6740194717667887
1.2104805409174229,3.2621513122992147,2.2802283913454877
2.6335010238985963,1.6489159401279383,-2.062819156266352
2.391993081478614,3.232670971207789,-0.3312323499332459
2.229411919406813,0.24600238238711514,1.9256006954401057
1.2056556338955216,2.249545552999886,-1.9073570206952293
2.818826700644374,2.558169405734907,-2.057141740703824
1.3284822399379506,3.22834225069464,-2.9637415649206975
0.7462022148382204,3.803422262787705,0.13389292484946402
0.5629416215097804,1.304168588783528,-0.9323957772743703
2.5827322187810524,2.921732927053339,2.5608656530712697
0.4997461969327128,3.678716747025317,-2.2097667718011063
3.8272509357788658,2.7956556285980567,-2.7226343023130757
3.5500244190830808,2.8015003655699453,2.514366867888083
2.5094823852786767,3.355530231701921,-1.0242826402373408
2.884113212605282,2.312488458646544,2.392724049744227
0.4631430203655982,2.235569970995078,1.0036551287292292
1.376729718038789,2.2110032863994236,2.435076945959458
2.1201031433289663,3.1434834125304216,-2.497342254581403
1.8523816405830296,2.7370642260294717,-2.05967848774941
1.4192161923578102,3.1634145543190915,-1.780527078839885
2.1746378136345497,0.24449199158721147,2.5510813532578895
2.680002359876636,3.689631025594835,0.7497647265550538
3.337163815307938,2.8002830122908207,1.529561328918371
3.6546685154224807,2.8910657793601255,-3.0543735926147773
0.7610914615837667,2.699170462749187,-3.079514076819831
3.1199594343449344,1.0703208652860692,0.914300303764997
1.4255678836990362,3.190374954562655,-0.1243868649879154
2.133834385272006,0.9601831296682004,1.7267367443492594
1.3279873769052948,1.3782925995961333,2.9235013801900607
1.4854360658487895,1.0793402563825047,-3.1076814497175267
1.567567780320359,3.24229024167698,0.7326088834042244
0.30900142189387747,3.0125689677566596,2.5659609688993514
3.584091621254495,1.3088472518516494,2.1267687648823497
3.8010877045717426,3.5831643896437497,-1.1008147425514379
1.2675617922789595,3.752954594839226,-1.0693470793050324
0.8458770525485435,2.4906170785902413,0.7019787684476202
2.39350512676843,1.1168922082498653,1.6792187105550713
3.3077665158511085,0.2972737152119529,1.4680268690699458
3.683217211096391,0.3901796515403104,2.9901731995733574
3.7174223195352565,0.28596759548847883,3.0523180110986745
2.9316476354909202,0.5915662658064247,0.16584139731367786
0.4953116930702124,1.3923601963816226,2.3231512131999583
0.4120264872819077,0.3348521413135779,1.527523103485084
3.719102481830225,3.7813969391825557,0.843527946548726
0.9238968949017345,2.613744868629468,-0.9664696374687489
0.30551742502189727,1.8127140894823301,1.9284205252892574
2.44578408547988,3.1995548369708002,-2.9543088012916976
3.5580473703407653,0.3384221547938493,2.523211967499102
2.142527032531423,3.235690339991282,-3.138575400140852
1.0306628984646125,0.8787880051864572,-0.2580762139158499
0.6451287296043824,0.8131045220258284,1.7321398117865154
2.385907842246778,3.1320482114868375,-2.3772941950727247
3.812990989391711,2.2317329095410563,-3.047161581475762
0.9829114337295981,1.0072489195535987,0.8064875366576829
0.7724804839762949,1.8229907067926265,1.92715434590487
2.8696481235077633,0.887311501872607,2.3494417716162026
1.394269017472161,1.3488760105040503,-1.9492014768984303
0.23105798154463697,2.6349871333913106,-2.742454311850688
0.8819431123920891,3.6270988084225855,2.4671926453601456
3.2370833223687026,1.1567112749151982,2.0454251801144547
2.0528588470753375,2.853521247869068,-0.84494400300875
2.775086027806051,2.613454132561465,0.7917527790694576
3.346930813107083,1.5365583818080961,-1.5980049186258527
3.4637841363091564,2.767649416550881,-0.779639017475978
1.353747899157308,1.279544044903206,-1.1120317398193968
2.2181010919580686,3.0814753356328883,2.668105395005722
3.173623694906228,1.2810993367512524,0.6681730358196152
1.0966977955000754,2.053262323635187,0.16026465332849105
0.8402277502766529,1.981366857458954,-0.3428873679657132
2.1957206651575083,0.8432954745246066,2.814983662845889
2.35472608871671,2.5654125337830553,0.6972846370118271
0.45484507819144504,3.300708758068134,2.463941679192229
2.2325198709756453,0.46155251911527095,-2.755550682665865
1.9943835780853263,0.427889601025782,-0.6191510491390004
0.40103353213142245,3.5815522937275306,-0.3472415980830097
2.3516760477667455,2.96175884096489,-1.6149140143104759
0.5974167750067663,0.2300746410775938,2.7854997548756755
1.8455146837149758,1.2394642397651134,-1.4272976510743012
0.33615204142990596,0.696233228426729,1.3659742740395808
2.3643917686563993,0.3104211712620275,1.4208241953994296
0.7796391338263366,2.8377242481795952,-0.25087615264339647
3.8082340643947203,1.313728888509916,-0.9942562329537616
0.3190716842005883,1.190338902150836,-2.5920417498855493
0.5202652208204808,3.392625392717697,2.856208379256924
1.1457380845103327,2.4047024384807445,0.4253762639845253
1.0234081404604796,0.15140243526943298,-0.28852373270532894
2.086153205721318,3.03539394715368,-0.15988168746319031
3.3718068177422085,1.2000490239322499,-0.362441246053236
0.29265002822401476,1.0526490306099983,-1.5637127922904648
1.9292378418516556,3.586190694267978,-0.6273884738030153
3.3137855088925594,0.7331293972365502,0.08668538099938905
3.7261238624972126,0.4279492977465633,-1.8901586176728333
3.7562897519333283,2.1479162082204355,-2.7030181338347656
2.8952663562923227,1.4045721971947471,1.8821377880367072
0.19482204704654116,0.8115190831478083,2.5829744735780373
0.7399131497007065,1.9422334410553437,-1.979186002362451
2.1691687718819557,3.5916675728949388,1.7161434745840758
3.295686625280559,3.3378098990782497,0.6251174401860387
2.0028729888219496,0.7118869366466751,1.4850128617658358
3.6939499739930706,1.0096736297602091,3.010097547322707
3.3281030407412437,1.5778338160827965,-2.406621048075251
0.2787489477287619,1.7605996818648095,-3.010377220480826
2.667653783534947,2.500321741553555,-2.9640600494318967
2.014643466538666,0.67252733060405,-2.265645820637788
2.7112065287639444,0.6440174993756522,3.079303757948529
3.486305752343838,0.907752835355669,0.6702094320322205
2.068670313818761,0.24357216600779452,-0.905877799647119
2.5148322641602863,2.6910867137103365,0.1672159870849237
3.556695178014533,2.8151090481452927,2.866802660663777
3.33970267294966,1.2917940108061243,2.5015872097059653
3.748305550673544,0.7820678977082629,2.835701615309194
3.2123890421800407,3.39821323601743,-2.505595478050793
0.7753247416920002,3.613122412432268,3.03374338274235
2.5435475873917737,0.277780166738129,-2.9597635515352536
3.777207050612162,1.3940805412897053,2.9909755375029103
0.7482184868754809,1.5626739224175683,-2.4531933844493117
2.946930980439946,2.2904810405670855,0.2812882925471496
3.279326737939733,2.299946606128421,-2.3693123910011593
3.5091815950661256,0.9418488190688117,-2.9007038234649367
0.4522253304206494,2.7964247646497205,2.565512514488077
2.6749323908047025,1.1993331396137754,-1.128602284591738
2.738020720637022,2.5128052838232513,2.7634835540441163
3.697846163725049,2.6234812081448995,0.5091010437152002
3.230998309236433,2.647137814842933,1.8470417383312165
0.27281499586690794,0.6727171007961767,1.0802054076618015
0.22247706582537274,0.8692250403581689,-0.7355854779482067
0.2249783741062803,3.2052026739146284,1.4586470227288109
3.791559987871417,0.9174327891032505,-1.676382493658148
0.46718979470685884,1.7078477316870675,1.044910727400965
1.959423096017753,3.139402503909846,-2.0787085734456623
1.598209672021007,3.3644653691053414,-1.1665561495623828
3.839673897220093,1.5221683322038793,-2.819525936324657
3.7958543456174354,1.607991969951693,1.331349415292471
3.0369199363950257,2.8148676792635654,3.0442799731749846
1.0936997458004787,0.1586526166602762,2.4448015144277866
1.158753332462192,0.44730822187888153,-0.653203048911748
2.801185686257226,2.248943891658963,-1.1213837267450026
0.21387386866957003,2.4772916656245827,-2.3456878671681234
2.9308805538877265,2.699121153880382,-1.59887108403665
0.48053032823997777,2.89105806391177,-0.5520675995400084
3.331333233667087,2.528579089204973,-2.425792324245275
3.068033312695879,1.6316275217361405,0.29639858940992747
0.7226470801921772,3.1026654777706946,2.704737201900203
0.39978806270123,0.5034847463763596,-1.685480562758283
0.6771275937637697,2.583366906851289,0.364756097029467
2.077714746696479,2.870335441810231,-1.468672701185953
1.2398188679110147,3.249099298255465,-1.7172900489327372
2.8413337245415424,2.1627567872286093,-1.0072372261408402
0.7256095843592476,1.4046685267087282,-1.408758841027882
0.8017096554473513,2.4572133181456,0.057648088453892576
3.2861244440245487,1.0048855909701535,2.427138138347118
3.696398410428181,2.3751998879558753,-0.362497445009081
3.2574504777592845,2.585247382588443,-2.848017485991484
1.0949505904214867,3.7154002484333084,-1.472468632453952
3.673497017070523,1.6578194073870218,2.9906241787953594
3.034242452985803,3.1960330442264127,-2.2743912818221466
1.228042083738441,0.8708271902036371,-0.19738182103420066
2.3561379914210137,0.17477739938054837,1.8781035872355023
2.0340438961227085,3.3506633701382333,-0.608763507522883
3.8439489634514468,0.38425406919548566,3.001855271654243
2.694159806681875,0.7328854315788593,-0.7400304274796707
2.797423428364115,1.6965652986144981,-2.237767052736589
3.797161215428081,2.7588737325879626,-2.067483393697807
1.657964419393947,0.43951504678877695,0.8606685619443972
3.2120243614544166,2.591369140105954,-0.42385835514031367
0.8200965189876217,0.15554163718024583,1.471433585412032
3.281810119465212,1.860079644403117,-1.5752241584436755
3.7227516827868703,2.6106720001794104,2.890289631288624
0.8559988425133866,3.5346455506815584,-3.0172254476312457
2.9573444357207594,0.8303391696349913,0.6789305999195219
0.6840662164843372,2.039378655588898,1.0503137705212682
3.558236432736898,3.2732556207000942,2.1947061122865845
1.7991208242295444,0.5095935577787292,-0.103343778542071
1.7745179481616313,0.1988729975390804,2.075559112877415
1.6575948542034404,3.1185892445922114,-0.4290079112139602
0.7947791859118358,0.5248659516487746,2.7595017911222035
0.5077328939766956,2.6322978235933983,0.38339300896849915
0.7141603264047856,1.1166983240522361,-2.4928321147668866
2.734027929898969,1.9488443466435563,1.2065471967741415
1.0819095015084876,2.056914938785619,-2.4943998757966526
0.599162538845389,1.276395286607345,1.2532522784586284
3.25397132143991,3.533910204766721,-0.7008412586360482
3.7967939104625703,1.4862114538760838,3.1306431767312706
2.4876036741267273,1.3262230140753637,2.782613351417557
0.17530511349263156,2.1475499103233098,-2.326142011645308
0.6850129916408143,0.635775062680537,-0.06952873168521734
0.1952244485635264,3.6381600631214837,0.04144854406301368
2.183499808263108,0.5063696496100203,1.2188948230679104
0.588968421391745,3.7514188514663855,2.001669282242495
0.3024912688574597,2.4699961267421013,2.5459822921918827
3.769539018482713,1.4675826297544852,1.1319790492372315
1.7782613762769524,0.283535201003958,0.6162067664219695
0.2868452181832022,2.2949732230939315,-2.9002183513875304
3.8158253074232373,3.468632197971307,-0.5739415135026031
1.7269990477401764,3.8310924494348755,2.197261493686919
2.096477628869736,0.2538117291193007,0.6970074336183347
1.5556950123813107,0.6465700447082607,0.46689941813869007
1.0181245899034312,0.9587884588111781,-2.017880949594378
2.329852616342857,0.6376186431311202,-0.8849327063614298
0.46213394395041973,2.6100495083345825,1.7804602583268112
0.905872486474379,1.6211215552303857,2.3031469132344586
0.3113289067072933,3.0188742507039827,-1.5777551267722612
3.397504400969577,3.0338030244937073,1.7082196587841967
1.3145627746195174,2.164372526391791,2.861465027260733
1.7086016992584376,3.273519321972095,-3.1338644939300315
0.359344866095332,3.78823735839138,-1.6504457142538353
3.54081688791542,2.762581806158733,0.6548379071919701
1.9280282014432713,2.7180325305580864,2.629634509033326
3.3430350062599508,0.5329645077540155,2.0098267469944817
2.6992174890774874,2.211549895232934,0.7933892139896059
2.5345953958801593,1.0414070617118805,-2.3116527367337687
3.659215778850891,2.0373087334836617,2.0434390826222293
0.8239791804565493,0.6234823762178512,0.7677124439825906
2.514341866501591,0.8001523165639486,-0.876772937989418
0.5933692387710923,2.2691171610495546,2.0243596460086763
2.0187290043001966,2.8542790620129357,0.6568858255102641
0.8981049726939041,0.9203715824210525,-0.5775085974697824
2.2767955360379784,3.4860035415858106,-2.2916530363103713
3.789626843997707,3.485222747003712,2.375306246221009
0.8796440534053138,3.669834322589182,-2.6341310889942227
0.8331201297644157,2.4656751772132286,1.3579566814780843
3.1472328467834925,1.1199871107100017,1.1541147535351506
2.838656116074913,2.066417796182679,0.9494414945880845
2.616801625279251,2.982066283264852,1.38007683211546
2.5225093539976013,0.6703389048097743,-2.976872602435002
1.3846929034724882,0.33147124807368966,-2.2502393224769976
3.027835918086537,2.293350992361671,-1.9749037311901956
1.8347080541630887,3.311373458956864,0.4294003533616375
3.4826214312820407,2.4589722305706783,-1.165182875151575
3.6415173065067785,2.9884152728798647,1.7816607486803875
2.658266036346978,3.1284312420037677,-0.4216593597783045
1.1262141797269978,1.9914474510054578,-2.3413243388656713
1.9572101252265366,0.6358362732542862,-1.962768377332951
3.5338768681704473,0.18593227018200276,-0.4471535191226752
0.373702582763884,2.7924023441188672,-2.8123542021929406
3.46035037419283,2.787464405801242,-2.9833830918017212
2.8508415216842993,1.4948692478887082,1.0387906813596537
3.1349526480230314,3.0924297051096543,-0.45734300614582857
1.439027263321449,3.6881435465037753,-2.727683738692822
1.8285537167185213,2.690577645745204,2.4240794002398003
0.34440860027909626,1.6826357950302206,-0.05172587893529679
3.0513878513211226,3.355562727422656,0.12608867325113104
1.3635864174677041,0.21941918056644694,2.6436469865366368
0.6750869020279988,1.1319839007958992,1.9375208365678374
1.9793400936543164,1.0526274492091048,-0.6683999371974423
1.6566095456883088,2.785684260411835,2.8747526599370623
1.795616595473764,0.7760792069329194,-0.945622278743139
3.7213075511094575,0.7369071101719102,-2.7548836128647944
3.4733073774568557,0.7626359098801476,-1.9525546670288405
0.6036076030716973,1.9510290769251095,-1.2084359643521547
2.6412295307183378,1.8119086817412628,1.8114095764182236
1.93331061246261,3.827418417445379,-1.6277785694743137
0.6052832865298057,1.5653537572613168,-2.2342834384791512
0.5109036276281622,0.79022867341487,-2.483208998474501
2.480155716034318,3.4662026920526094,2.8065122317185267
1.4190910807076151,3.4190399836042613,2.975612774847022
1.5205677385114398,2.837191425585998,-0.13218763261484412
0.44369856038989486,2.206785237686741,0.7493602478726089
0.15455474776782596,0.5717296817979398,-2.0604615582548824
1.2172553296621214,0.19614979719083303,-0.9542236185471134
3.4896358411345676,3.285228854746353,1.6574443802721905
3.727294860997703,0.8989163782371237,-1.8189568977997306
1.7845439231897489,3.2359230019173024,-3.0572146824102044
1.1047575657474153,2.589345682043137,0.35167738321241826
1.381033326047525,1.5075781619672446,-1.42455819588066
2.7014901126063653,3.7573658281802382,-1.28547973067596
3.2398723913012173,1.3921821265396375,2.504299561850047
1.360895395140438,2.8773772401335744,-0.5162117175911418
2.566371260949668,3.456702836286427,0.8690965255656069
2.8117396045004366,3.3981853483040485,3.0796952973453697
0.36367299648845863,2.138135267471718,-2.6268798851909496
1.7691750646012308,1.3610303874804885,-2.6394037560238672
0.6881297146078884,3.4547935648441275,-1.3436066826150004
1.1551482986144155,1.5988892065542366,-2.2200542943727966
2.3392411177077443,2.744983216868594,0.9917927035606917
3.6606295267485467,0.7541149356876429,-0.6165316661045614
1.3435388200715805,1.711687318012305,2.195063459518101
3.074451225078302,2.0949036903507934,-2.769494573683799
3.478242905366183,2.696589308983149,0.8352501459431134
2.0641110378674212,1.3306696365766588,-1.5641298555712095
0.30934511438835965,1.2515247150483582,1.68594912914386
0.5261412052095031,2.2834846789727647,-1.0464996351106253
1.1693507369092173,1.0743631865234269,-3.0977705148113945
1.2353079004776166,2.7480422531212914,2.45274097182981
2.6560147597390795,0.3379100859779789,1.0680801041907948
0.8315930726363949,2.395107094840247,-2.595096789310616
0.3481270559076126,3.0497376527630466,1.7328312125283691
2.9705921062103893,0.7167401863885319,-2.4551219536546576
0.4667777191549609,3.5641523774176664,1.6031253833502648
1.1585117661544153,1.894865169007835,0.11645629731864471
0.5566592306323876,1.7879421184881203,2.2961155941628952
3.2790909246539997,2.2622753504662554,0.3529011337921619
0.29664695888661985,1.279721961029872,1.7598565220107796
0.23385174831287037,3.5468682084271013,2.456765611895584
1.6656429622256592,3.4359582766997527,1.4956512471011765
3.6793827970926682,2.162216063723232,-2.6136568660893875
0.4109622965692945,1.4660032317900349,2.176447462199361
0.28521646415246193,3.271927603056821,-0.8540431712860492
1.5258263007822994,2.972371780242179,-2.930434045263671
0.38411451700191535,2.367979647345588,-0.06850283337724106
3.4245298865142924,2.7677637050342176,1.8644559289771498
3.1737657257264225,1.8831509717804038,-1.3693030993503095
3.098661670545439,2.482055371466555,0.05126285786245299
0.7018277722233144,3.3279784882105408,-2.1477853031815464
1.3812102842882363,2.6986097212308904,1.8917344886049214
1.7160749582301142,3.6816141994726066,-2.5075941506003194
1.5008358469901868,0.5854902674639395,2.4342800225264822
1.527991200222886,0.726309635571821,0.551374268484448
3.4773357277608126,1.7079133020914616,0.9572145413666231
2.0041596230773617,3.279779611683107,1.7201765847622559
3.5713428622461576,2.69946858462744,1.1134712056655598
2.3211474575783333,2.580798848364449,2.592470820214981
3.2782078155109815,1.3883539584568392,0.8192226650966199
1.5552101111153482,3.1902371543538335,-1.1158949156830573
3.294614493049108,1.877156562002459,1.9850218472628036
3.178920894309832,0.21992534673294095,-1.5353720987642954
3.4380831546933783,1.5821200051340707,-0.939756862665222
2.935784505247705,1.1835283030648354,0.9098000098297687
3.4257916146873257,1.2255049178997979,-0.9561699447935323
2.755648990886565,3.628139872637682,-1.3484333521976957
1.6657814900551848,3.3911045187953266,-1.3683648681445408
2.7908494040347778,0.417270132853107,-2.502834677148305
1.647986392379301,3.2065311968921044,-0.7050696364658555
3.811469338391803,0.9649692120950335,1.727476849585793
2.770749826440231,2.288289300095789,-1.3169315295262345
2.6576148067835517,2.799554363060301,-0.32674500885059476
3.676206104504784,0.16652592247625675,-0.9481428417865394
2.490180599815452,3.7925541560461156,1.8729252198264765
2.487430958464241,0.9385069529437176,1.7026850417793549
1.6352046591141391,2.983267813332765,2.4417931866758638
3.498487995811218,2.0644795653921455,2.018241756943681
0.418572718314024,3.0399262350841627,0.41369085086326507
3.62557690092701,1.6367488490468278,-1.428758485225829
1.2945609129898128,0.5009030408732298,-0.6843277729367823
1.1942933861309766,0.8658718208332941,-1.9294883784924808
1.36539432746551,3.1713627811404104,2.7957563916246286
2.3868084799814255,1.2566386245290042,-1.3741590837721156
3.346141143761992,2.2046232978840887,-1.2497688417394006
2.6284036703158766,1.5589695719104442,2.4132245659998075
3.301742176151544,2.0640008508768743,1.1032212535457449
1.6236972870590947,1.3541922724126532,1.0671377897988021
2.685835425042763,3.6574479224410523,3.0687828579299934
3.848877350860976,1.1875120788826763,-3.0175849897702904
2.413279273557366,0.8504879746501324,-1.3746682278846307
3.5560551731128327,3.7485079610297474,0.5887645296073067
2.442650969271013,3.355435200061196,-0.24668059622486682
0.31938760182631887,2.7256613246387564,-1.4744485751868175
3.050736856293145,3.613028402654235,2.1566485824479997
3.3974118449318085,2.499901799238835,1.7916283643345778
0.6214471434011148,3.342081638170363,-0.3614825256542309
0.9301751733041161,2.613647762918608,1.7028633769562953
0.23039392546437387,1.1528291760477551,1.707255866386915
2.033131276943489,3.2526846162802387,2.6731592277221115
3.114987273161397,0.45662424747058195,-2.6809862873866903
0.6265843768162469,3.1361548343949956,2.303025688873353
0.8726410493663845,2.257146397255268,-0.9335439989972101
1.33409316666879,0.3215407844511633,1.2209254837417456
3.499225192934402,1.2294578719953813,0.17336565875742993
1.6961516278171471,3.092363638267128,2.64963190375246
3.301903152373224,0.532434757273788,-0.2688465207718771
1.2090264482730806,3.2294868790360822,-2.2790736605251114
2.586022496128664,0.8165312658670416,-0.5643337952180882
3.5239340110403483,2.15900017433332,1.5817469133438964
2.5937303937673657,2.302212625849235,-2.4234017125690595
0.6058719337533702,0.3944985428068768,1.0661297995872827
1.7543172970637713,1.0736333629378585,-0.7211966604964748
3.6234791217112403,3.325333506351993,0.7609628762511971
1.5287754526781927,2.8852993467341,-1.429149064015855
1.4018286359818348,2.4039469921385725,-1.7610356771328337
3.667852311209823,3.667002496075237,-0.28561573794123074
1.047804142953749,0.27585544691758157,-0.18003940002242835
2.7427215641834937,2.818514252014701,-0.6136252108160316
0.7850197924060942,1.6805349570431924,-2.8064337746291907
3.5322943693805198,3.5195533847328417,-0.5306180991908
0.45006450594537384,2.9368305668971835,-1.4210503057802915
2.0455527612930595,2.912932676297626,1.0245009661276825
0.4166157470399665,0.9666933641457618,-0.31485582788134714
1.2777584796827948,1.1747915559046547,3.092985572274407
2.653473756178196,2.4508668068249944,-0.4134475269347324
1.7797070676658673,0.8592319863365532,-0.5309088871095158
3.821225479157734,1.440793265404709,1.0692503319765487
3.4272033045568397,0.6187199548852371,2.913185699868899
2.296922555542772,0.9047451020784028,-1.7081433233919174
3.1068051212865484,2.7659102879883166,2.469247389477527
2.2395865938855386,3.7745210197579997,-0.4728756982133553
3.607881006710546,2.987476353679691,3.007312892517011
3.0909454148565563,3.1759153055314697,0.6378978806224849
0.6183035615702197,1.3168014276860411,0.5770115089682188
2.9541540128249006,2.411469091495901,0.020032526813247742
1.840832783904557,0.5454908237342617,0.8024582089558305
1.6557914594728844,2.8834606378897067,0.4822327290956898
0.662880013823739,3.6994574088090997,1.1357050211113071
0.51963592304734,3.0323745020409434,-1.5285087754507933
3.381578666350799,2.017314223781759,-2.190944715830188
3.2975780088807873,3.5865620639091764,-0.08682601524617439
1.3328749119590122,2.8009394808072536,-1.7342320160593732
2.3298769984325993,0.9679527994140145,2.506965112543419
0.2776976955122743,1.6874341253447205,0.14361257707958242
3.2031165621408286,3.332740021943753,1.5847222822295084
2.217073377736053,3.577352619421333,-1.4483584320874556
2.1089726576434233,1.1951107180914478,-2.0056671864251214
3.6539054030626854,2.1507799717446003,-0.9353131358848938
1.155797866642584,2.432082140210334,-0.17947888873207551
0.4470031583486085,1.5428958786481863,-0.3446581347617106
0.6890776187507308,2.0424805634205248,-0.8653909709350525
1.4784424256326938,1.2766082166148025,-1.2853724069545895
1.089264350318559,2.022886957135908,-1.326378182030992
2.9137159322191386,3.7767168310848516,0.9581305582972179
2.6720109726071857,1.9426489863827134,-0.5129917881638244
0.21185372786673362,2.1745786310554505,-1.847999763486412
0.9233879190617666,1.3139138870639404,-1.4441105491346926
0.35263182140187777,1.387228938796809,2.598377974019524
0.49325036590365734,1.8358082248428906,2.8871422802238857
3.5566729135088426,1.2284073938616866,0.9065308682828785
3.776383690434277,3.301341714846802,3.0769781615945497
3.1312518344502847,2.9795258830669473,0.3963713445655088
1.540437724162186,3.411480139422254,-1.3475133242593482
1.8020226075794326,0.896867838207771,1.2269849774259791
2.026090833706506,0.517509707653931,-0.806084877103467
3.049350724914462,3.628812727228223,1.3806606804933095
0.563390460508054,3.0737427332459317,-0.7902760048272133
3.255872325367858,1.145064435094855,1.9998590797546303
1.3177295823806991,2.8766085037805538,0.6214211071494979
3.048349278266527,0.7388962193364934,0.3747510983809228
0.4286948126998458,2.7654772304468063,1.2831878363681577
1.1799341719851486,3.2396740552822374,2.6172893958409222
0.17194352754343578,1.1035471269984973,-1.1963617150669472
2.893543632747955,0.1805056903812705,-1.5348493307691589
0.6505532142578172,1.7153031479671408,-0.563944269015312
0.6443515181125523,1.8999415632619954,0.9182815516407645
2.192141894585528,0.16299943692513796,1.15495534297522
0.8280794970227405,1.5184729966588582,-0.8828417152724373
0.5760584717065278,0.3618127388469272,1.188592881438863
2.271438600612598,2.6030188545810784,1.4566226209051214
0.33175540128153314,2.9031510989499316,-0.004635461300464883
0.32348325169669057,0.3405429246506744,-0.041431081812287385
2.719167708050299,0.44236442726286906,0.8032032027882696
1.8280968783842608,1.0050195333757794,1.4765788216018692
1.1168400485773025,2.7790171371348955,-2.2046989864574744
1.9576635240018665,2.7682828188029855,-0.41853329107363946
2.1794122635977806,0.8190948681250263,2.023549886459298
2.6436024620495475,3.474303276308576,1.3235965726488157
0.4138102144610283,3.0867849844708424,1.434936348888602
3.1832588386135514,2.7360482391190675,0.5593023841052056
2.445761608683372,1.3805842140227393,1.821096974353357
2.0503389737386755,3.1284521515873314,0.7734717344875848
0.5705453474699405,2.6370924345249747,-1.003995822722883
0.5563781377115333,1.3125246168486688,-2.2821944045680977
2.2396386249382076,0.6100268904502046,-1.7872294638908754
2.2504247678082683,1.2379066128393617,0.661407748880884
3.5108192596177115,1.4608446598809501,1.1466808391088188
0.1637303668994905,3.3734877091242232,-1.9299235836153485
2.3307643024030065,2.9370099974887767,-2.161970947236653
3.3561025840246947,1.1902640626584122,2.4307525239192698
1.459874928953249,3.7584720865068144,-1.3874836439472862
2.303328697935708,1.2403192795727551,-1.8779720640139368
2.6826422448113356,2.884689040305046,0.5005188286865163
3.4241530181826474,2.365045921176563,-1.3313148281582952
3.722620627356789,3.028576610095538,0.9688017175766204
3.6925654486875485,2.6512232317749342,0.6968778392651855
3.6619768767855043,0.42631165629755685,0.49078888286887556
0.3321700662877394,1.8684991166726146,2.8748819929126377
0.9689187121229565,1.3484944132090537,-0.42505423100382433
1.6032161088407402,0.8233600134432901,1.0376127322180198
3.4220782163766126,2.124894937679532,-0.2810019950138707
3.7694584236872797,0.9232772258224129,-0.8874595240675673
3.2940186072428146,1.7052309415342322,2.9444929847302097
2.7957033159137628,2.944010883395908,1.3252008064355874
1.1024274444195545,2.8325313960100584,2.1130773834566963
0.19564766204375728,3.2997635378590107,0.40069664052476117
2.6548016981272577,0.779007578284499,2.25353967684584
3.570425504717468,1.6792178631056656,-1.6666495342532295
2.3364663063849163,0.39105045443990605,0.6556798676891522
2.3628333994612523,1.1641956694209572,-1.8287984066056553
1.5097920563529788,3.34233342576665,0.8376548910249237
1.2550557877584438,0.9118283309982105,1.7136525390627995
2.0742264300898436,0.30540694440754645,2.8529103090697934
0.5478083418384463,2.9120212603974607,-2.538647951859001
2.35976861145483,1.2422547591532367,-2.4652278912183148
2.6407074895142357,0.20777535245942147,0.00618790010360426
2.8035353220227766,2.0429142273584593,1.9677245436944633
3.7071278941760615,3.3723816804255047,-1.2430646477400091
1.2138275416985005,2.0072654149217484,0.4829788707762077
1.8893964066228746,0.9441193506431191,0.999661354073508
3.3145216619742746,3.286567225007466,-2.2316892566442004
2.7954596001858003,2.6397676508309544,0.3444536010736834
1.2359788579109168,3.7602916812017333,-0.09887110684099776
3.6190692354493215,0.2546825313329357,-0.4962147426112731
0.6144451163963556,2.7598053883490103,-2.8081295034616405
1.9772514334158808,0.5514576680153711,-0.8778527986864488
2.3126026731127274,3.104630379107839,1.395961980939659
1.4341125279670148,2.669186808318666,-1.4047404045408223
2.656534156164202,2.142699665555157,-1.0850087036469018
2.375008416273716,0.640892419612193,-1.6928248448100889
1.9435586852790805,1.0203284611930261,2.353932215702658
1.7300072274237048,0.36396633012836244,0.004499466887553982
3.4913510230341327,3.5097765100736997,-2.605150754626026
3.679524125851897,3.147427116688688,3.1218156160601405
3.474201998468362,2.5272975064090315,-2.281969210779105
2.9629179138215838,1.8454174949786517,1.9877824611046941
2.5548839065443905,0.2552095744671976,-0.35051491910298926
2.2845885723801094,1.3488859473158037,1.7280529275397436
0.30585357672888147,1.7679833648683854,-2.060766009900065
3.1645993869806883,3.3602321508840785,1.3786337892349811
0.4876802189285061,0.27005966759776845,-0.22727662201287258
3.4134149595225396,2.349738612381985,0.5960567185564374
3.158157623664592,0.6445534329818834,2.426302801672458
0.20839976721025044,3.8101341339548274,-0.5607891758190844
3.82851654998269,2.698510898417547,-0.3208706181144749
3.241067160256286,1.219165763922328,-1.7080533220599308
3.2595024328166526,0.9962787932132486,-0.11093441853843355
0.8665126871394642,1.4045521500543776,-1.9205556519153208
1.67970211517334,3.1971185902424324,2.4559482763929035
0.608035704390693,1.8010778491298391,-2.2289560953238596
2.5749949386890325,1.0037994382300313,-2.6342028365301324
1.6656910504441202,0.534422232888307,1.5165107970507306
0.9983094806151818,2.2739164080183283,1.1665807560207986
3.550434847442358,0.3809040867255815,2.079599531207667
0.6384741062411274,1.5351727328204507,-1.1699139116583839
0.6505128670362228,0.9657469605660607,-0.5441074937057881
2.362205677009493,3.0869322409935003,1.988269796076544
2.8793901281600887,1.6061506064179407,-1.6137729195494335
3.204810005531592,2.7846307169783002,0.11214491266412141
0.6368663715222049,2.1097629237899564,1.0861635146401678
0.9094118222948429,1.3516940480264736,-1.815028076055532
2.3658724721149103,1.2944307214930189,3.1182547587251612
1.9581314667134335,3.5456275884059614,1.4245669320745282
1.1582579935653885,1.9201845972607279,1.108977932495172
0.5428799432378617,2.946226704195302,1.502210471760117
0.311936498697464,0.6272872145922204,-3.073308538963533
3.323398646516196,2.873113960932755,0.7696964168626814
1.721258593836505,0.2201660414553519,-1.9947912733505793
3.0226277259480248,1.2280120797747442,-1.9564898443916545
1.5948327350086204,3.696441313596126,-0.9814494962010776
0.22573121531352403,1.908999056983439,0.563655616999676
3.52169096208065,2.176313129731918,2.264455776946244
1.4162647492175373,2.4335578080857814,1.6337636506161175
3.258059626415284,0.9661641810197925,0.33601499191896744
1.9474723988293872,1.2639575152611968,1.640021307502706
3.521813306646484,0.4968678718906929,2.093766303847233
2.904360025587607,1.5859874752065424,0.23263926562721027
3.5817579472413414,3.4858869255081646,-0.8894781686324365
0.5493477587652662,1.3650146499497553,0.5446841919177037
1.0754913534800759,1.4429802771710607,-0.7702987209135332
3.058982087704144,0.7390362450229935,-1.982810580291742
0.23615287587637646,2.187374477494219,-2.3288003351382414
3.1431377449657933,0.4073532974293581,-2.465800111300659
3.340029584873185,0.6431860855399627,-2.66158066596591
0.25814847158988474,2.2713183856573576,-0.7553153382355817
1.2601177129273653,0.5293110582210678,0.9676395871492067
2.1707367145937284,3.10201251047661,2.633018261082719
2.281927667634488,1.0432293932100993,2.7447027882431945
0.986751959655126,2.619111168014333,-1.688295377987135
3.3394380895094664,2.2350621037155,-0.37869077681052543
0.3422644216974673,3.296793343058742,-2.740448340804813
1.7183827113963468,2.798222890432429,-0.2570136163088117
1.0389468220888873,3.791456030193209,2.9099933946379455
1.3404511876341623,2.690687125349859,0.6052584826003975
1.432079366308118,0.45280917218500916,2.9017155873948406
0.5613773027423394,1.244286839643836,-2.483274284597514
2.9092211977792926,1.542900492040867,0.612381320503141
1.9370571994273424,0.8637236899504113,-0.427193419355675
0.2663800983978204,2.068329437739905,-2.4867888852247355
0.5736643682764546,3.5609957165599013,0.5552678580243584
3.106282119152208,3.133369453245156,-1.4166550077019084
3.5793663514328697,3.2359967318570244,-1.5637311558532763
1.2330877909952744,2.3265647824627864,0.8849456179020052
2.308571786431001,3.0698257759702265,-2.5587776230363177
0.8638995920110566,0.9208115556715377,-2.004744283079851
0.41058050988982187,2.623024822980746,-2.2441577142274665
1.4917383442272594,3.5627689957366777,0.029290254629521506
1.0072907570503484,1.4016873943007857,1.871521485454756
2.7013681843144397,1.0586878460423508,-0.826431221070568
3.6213934623939754,2.8805519374330837,3.041248169689962
3.238769393441746,3.5436066673972806,1.650760070783269
1.346413676040509,1.6132814984119372,-2.4018384906758934
3.256368700187192,1.8830339621373415,-0.6443280393914375
1.5842725956983155,0.3495477541510179,-2.8446118318577867
1.2525445287968915,0.9615726431887164,-2.8365784341405735
1.558889737693454,2.8102548485506196,1.164254514815366
3.101719627070511,1.8553136445234109,-1.288389491394583
0.7181022589357462,0.5215829783978227,1.876384216349324
0.6784578335046905,0.4415354119662065,2.2662669125958326
3.4341107315011126,1.174596569428124,1.375404337836203
2.01722491303412,0.4551771184175304,1.9334781808263832
0.5311531018146756,1.3267572252012947,-1.7117659951040403
3.245200502314145,1.254565955053053,1.0016026526226112
1.1440476162212403,0.35384056395128205,0.7938523912567867
1.4488595950833738,2.7721352730013473,-1.3004195347859049
3.291267549984924,3.1428037908050857,-0.2500881608485539
2.8233659378967837,1.69287699654204,-0.49507729997146965
0.9687690780652787,3.6370196299078983,-2.5902287423419628
2.598878733173215,3.309094489545907,-2.9821596705473437
0.2665205686700096,0.6105064107052232,-2.4994524268942717
3.6563926182539075,3.7034308107662763,0.873039775613317
1.4633903649520663,2.4319011941322364,-3.05313822402495
0.2367457382797893,2.3198930509409466,-0.8160799195761452
0.5039928739180679,1.9468147965929883,0.38639205706705226
1.546715522557085,3.7214440606349215,1.3151428396400817
0.3191913407661149,3.6961424471791298,-1.1748878043165325
2.5977819306365117,2.375373433178548,1.0213553041536763
0.8076850088291709,3.6794022233647343,-0.9509724782681901
0.20825742677147252,3.363070872983011,-0.9886798604585958
2.676526351028877,3.441297691684281,-2.843891577410475
0.9890696570069504,2.4466105951415287,1.4920236553937611
0.6307180593423807,0.28822448820164004,-0.4288579202126406
2.5744085957385825,3.490409157754584,1.748001102421668
3.6124530174385256,0.41947640717734913,-1.7010024697282593
0.9773060920250094,0.6901349670638881,0.0968884816599993
2.3357818591287973,3.3631083344298056,2.9433224911753415
0.6481657246323604,1.7291377668145431,-2.984916180748871
0.44132676501466817,0.510978967100133,1.6638813343170522
2.2231204677938354,0.7850871556602654,2.8283241733948357
2.245739499118569,2.9999932640791473,2.9061665468411624
3.23256691041805,0.5096610301305611,2.1390245844491984
0.3237437964415433,0.17190672241222416,2.725246240934027
1.912918858758116,0.5659302569132154,-0.6870183816083912
3.3070586123673924,0.9312738021519484,-1.524087706979841
1.7889740325314905,1.1196270632813379,1.0538069662356646
0.7867095381973028,3.7662519520182554,0.37468650420396665
0.28881677412729756,2.928945620733313,-1.4216080895791425
1.018615299912581,0.40821902250873565,-2.8853018455717874
0.6772779810031122,1.5231958620080124,2.458563512560514
2.6064703942918395,2.748350758473056,1.9433123658496578
0.4715308509256184,1.6790587263746266,-0.26716754254066455
0.4653337594408167,0.7493141882609295,3.1340752887596235
0.924103215484505,3.7454191857685832,-0.09654816708882752
1.1165982171451851,0.7658968301952429,-1.0886763753223128
1.7278807730446464,3.8252498782135325,-1.9317111605200608
3.4434588779182094,3.7200160502130175,-1.1381039619936169
2.5593953755545757,1.0164037251726712,-1.2296141517970165
3.2764558777552337,3.2921559257427546,-0.1292395643497879
3.529506715503405,1.3897421016417408,1.33927255169698
2.68061896337963,3.6207147480633566,1.848007146795899
0.5915376951623643,2.746464423233761,1.1547774483853308
3.0271887619444113,1.0590164033903777,0.620726013717412
1.4625623869224502,2.3714572776512965,2.6859927684186786
2.5211203231572137,0.8036906313356313,2.044323247781267
2.914166682284308,1.1354903216157188,-2.8419659036509515
3.499937202249703,2.518091090973586,1.848605035755301
3.838136471660038,1.6397998487881433,2.738867108034019
0.8242937092523999,2.6779533534269,2.5285507566041856
2.9706121623054096,2.6071874619186794,-3.0215292110374428
1.0051595921100782,0.6789419127652052,-0.43545170039605186
2.8841313899813126,0.3284645317726085,-0.8373972384769388
1.4224971093692313,1.665340349837689,-0.4774203627165514
3.200111947614565,2.295817469381791,2.4424709398917495
2.7930804461288874,3.5153222574731746,-2.8218800511512914
0.3207033803081498,0.3964135535193849,-0.0183122792882493
1.1916819949149176,3.3212601143329294,-1.762605128473134
2.71442763540947,0.8777167535659967,-0.4744685132052875
2.940758687739973,0.6109864263932132,-0.22670056803599703
3.3477170659840834,2.5344995109129558,-2.8358705346817934
1.5517718754076948,3.821235576071314,1.677918190253914
2.1440358051681043,1.3599090433166658,1.8901067883703826
0.931532774841533,2.534762865213498,2.341470625692989
1.1522485526426176,3.6339602559949298,-1.841890725431555
2.774835765659914,2.802169758081613,-0.09994150806905955
1.080668922759434,0.6006377097280735,2.0354672151509288
0.33766928767577387,3.7139382469968623,-2.9226960948855356
2.357369022713534,2.592794814138278,2.3130480381894607
2.7526674475469943,1.4412968185802173,3.109155481957079
1.8356182216867793,1.0435915767818345,-2.142025420379224
0.5216014019941979,2.870936284765852,-2.0232045596088293
0.8055928834292714,2.0753066652095855,-1.1955044462368691
0.9818278132475236,0.5275776107524761,-1.4839646646685285
0.9185797356656376,3.494178661769192,-2.8020626509008335
1.4583289183437587,3.2404684069277065,3.1385975911342863
0.1864043918372369,1.676888094229834,-1.0244344754398433
2.827397331199477,2.849166791344146,1.846829495356074
2.6403557496783185,0.3004177245866204,1.5919711252912334
1.4714724210332681,2.7166349185855703,-0.5508171052566175
2.228930549457249,3.4471858520425513,2.639884212324189
0.6926635375162276,2.6457517889706885,2.3579942407868053
0.9534232201767447,1.697506698995865,-0.7617881681927052
2.417294776546848,0.9140930039547857,-2.291936944253509
2.459625888691909,1.1432007732306104,-1.294257590132144
1.0025538792695698,2.9409951256791373,2.9442321510281513
3.6062252928314753,1.9703602141577985,0.3520506749289778
0.6238421412575996,1.804043873193781,-1.7217419233987918
3.1737198046747324,0.6853027383747965,1.5321596044286325
0.751482776180266,3.513699353460253,-3.0889213149430916
2.9527613767893786,2.715096919631904,0.8773194870172478
3.785839616165191,2.9916811070090303,2.499314878117162
3.830794737560443,0.5552073958825892,-0.8163454577195957
2.6180637527252153,0.9434424599928781,2.4919381532937415
1.127126597014037,2.920046065793951,1.0405701230700624
1.167944588903917,1.0705354145060837,2.934044600188379
1.3297660456952065,1.7122259854738116,1.661980622050077
0.8762853092132432,0.20807219241667552,0.7807178602022065
2.841260494192288,0.3835850764516908,2.0943545842893165
2.057555601808873,0.7003675821691884,-0.7293783529237752
3.492288797944629,2.03762731284041,-2.3477798235078557
2.2367087442666276,2.752024918047786,3.0541316028038716
3.1549190728299426,3.8277908886314598,-1.2693510741508047
0.8258172201657046,1.5492932920040752,-1.1618815797273347
1.5257662169737785,1.4915939335145176,-2.2608984578004225
2.7719329032575737,2.4583699780366053,-1.9649776563362205
3.3165184287551153,3.1222784386094893,-2.152666365930576
3.6356752621933186,3.52224280075733,2.4713209201084636
3.477779374313137,0.4806095408470057,-3.0198228141326173
1.0362382477852403,1.4183578558262213,2.3152190891782105
0.23845005826966714,3.349842857335361,-0.9394444991205524
0.5394364742953863,2.5614665775895404,-0.37741289342340556
1.1270770811083781,0.34654026125288295,0.17149932998261797
3.3385648692624574,2.5716674087380875,0.5795908510067074
0.7440976153660626,3.7065902635202423,1.2758825420817201
0.357888913952106,1.5577342341955922,2.2100587920556505
3.287585903654867,0.6651624740720359,-2.395248721215639
2.0726856053605918,3.39905524171063,0.04522812133362519
0.21461136980626883,2.0576563260742993,0.28011706209085396
0.36382285162927896,1.4292881642502167,2.850627885227534
0.5856766507619193,1.6172707164631817,0.30480461038756523
3.0903695237156774,0.2233966892409871,-0.3144188876368026
1.6544344248280436,3.3978210453197217,-1.6879265798293765
0.8269871309181678,3.466740921908658,1.671818447151023
0.20239850745206756,0.6251244693051139,1.3667105442491598
3.051781248897927,0.8410548343387898,2.991469015799522
0.4176405975596511,2.1736199745685507,1.5262531770819505
1.6022359689305934,1.0959954263667169,3.1210582296386873
1.36235961180989,1.4930429045885596,2.6860660622437296
0.1758054370527793,1.3777026480436563,1.336284730747625
3.7094135512322532,2.045207345070787,-0.14438478173910552
1.3614685321018407,3.0573686081034537,2.5720276633186954
2.9016228669670916,3.039160426355166,2.135945533107577
0.3004174640459709,3.4251406772302846,-2.2693910052776647
3.4649397422130916,1.6115048857866552,2.3360508266829454
3.6592087804515745,2.5755992040428377,1.2686805472390255
3.0817097414382246,1.832028634643636,-1.2033355803431605
1.300693586294058,1.1297993204628383,-1.7298025511855648
3.835018302124341,0.8304400449979648,-3.0698619987697136
1.8343020522575024,0.7146656222648828,-0.07628941484020935
1.4957417878607395,0.3811665942171203,0.030796255379903492
0.288906036282623,3.432735785122829,1.5043011317532073
0.7951615476768739,1.3982027685732894,0.1576716946735197
1.2179816641718144,0.8547430878009266,2.724082973245782
0.35769847951789835,2.0761221299697135,-0.9498020702890084
0.8318944040610732,2.9269578185735843,1.5225282092784083
3.679014801094052,3.49271161956285,2.1112431698949683
0.32123544986400443,1.430859959391308,2.4312518184318614
0.5229202877951731,2.6112112698605956,-2.474310008742618
0.7152409708921419,0.9375175955971913,1.7770238499007407
0.28306563841335164,2.454461398144875,-1.8787180675916137
2.8166700156520865,2.6811327208880646,2.7335294540753647
1.1475491691759414,2.563899686672745,-2.338679853544499
3.5800412983085446,0.9969868242944706,2.2604998201105158
0.8730317391182374,3.2717533851840517,0.9656049688505677
1.3225066670146974,3.627352402240356,-0.8609104544182191
3.149062624509493,0.4672258469879589,-0.6758302779387777
0.16318935875067142,3.177423933183637,-2.4985070165936936
1.7989695181224805,0.31284245221882623,-1.0809315937720152
2.8522699706907706,2.0945253045517878,2.053772945676144
2.04708127447161,3.3439973506333756,0.3624023990669598
2.6368275790168907,2.4842667687603597,-1.2890947776845452
3.4703280691743488,3.676314681448876,-0.6763623340724925
2.5416055263704056,3.6307257758074054,0.2475514963055594
1.9250357863635275,0.40029454794577823,-0.5342589270938274
3.8421615213698956,0.5620556069337548,2.5493371702509178
1.619200052102718,3.823213278002352,2.2358968244781696
2.5075826539961037,1.2003901392451155,-1.8217000931671332
3.782962718720298,1.5551888173138235,1.9063453071080678
2.2034303346911717,0.21608657716566881,0.8181938933026873
1.059677211179109,1.5477365691032565,2.109905541573654
1.5027483482293449,2.8424318565250357,0.08686601408593342
0.6268159497532411,3.841853518758155,1.3172568103917666
0.29099089216020424,0.9282471483777459,-1.1966794781596808
0.5642860038354409,1.7636913997229096,-1.5615434241857578
0.39214702062602047,0.5279051714858372,-2.1142365701715606
3.6014223722206404,0.49326872081877315,-0.33297246584984563
1.2106778010072463,3.6376506581131443,2.9584593235393664
3.11460291082931,2.070360111130335,2.010620205716638
1.0150890205361,2.986814687165641,2.9143957451826736
0.6489298526048706,3.4633012266086025,-3.1241646717342055
2.9476863420663006,0.849962641099578,2.575342584562229
3.119070326505467,0.7182289135373341,2.1134786947400848
1.3292942927493594,1.5012214671096054,0.5896870093505981
0.21431506874321027,1.4292473226796374,-0.08082459523991492
1.9067387368160924,3.5828759579819067,-3.122720915880011
2.000627712120572,3.267233173351116,0.02359404558064604
0.4374109331424858,2.387612425035472,0.8888258061233616
0.19142016370605708,3.095236439564541,0.8682460350276227
2.8608203139334716,2.853384089651156,0.14158172944756142
1.1882458280044674,3.3453527137538313,1.5072651275842466
2.96757226670938,0.9940645883281363,-1.1534171669003879
2.5945336665327905,0.7728230593604324,2.440464983338347
1.055207651633336,0.6618421669903167,2.4614409408311824
2.714825539211003,1.9591744155520772,-3.012179924765012
3.3035906864623983,3.29217192158069,-3.0549645372073995
1.1127841195360473,0.33519076805212267,-0.1936974519137844
1.1774647308819532,3.269659821635795,-1.3535227241689327
0.15283043818050812,0.6431763141519728,-0.8446629407038344
2.0201092549148556,3.137764022891329,0.5756413986921611
2.227920459556436,2.6493152113490956,0.8881692133602748
1.6723322550778477,3.477822113254753,-1.5928887904816624
1.2397885965687783,0.45099483953638053,2.631550974036748
2.60618709136571,2.783487971371782,-2.8615664752245795
0.27717501994563687,2.918756550135692,2.9616029539888746
3.4190276470728347,0.4118163525319618,-0.4767651461089426
1.9438835943309494,0.5267461653017449,-2.5253788759983116
1.1446525731900703,1.6680971390348667,-1.138269279671519
0.2945926883518615,2.93803549256377,-0.5879106126140541
2.2050741320830394,0.3020629282604679,1.5464238669312715
3.2054353964068056,1.9452293882983178,0.00616651624638731
1.498452255350292,3.272714388010827,1.130551467587411
2.15247304839814,2.859815843683786,2.1571231368504833
2.524414369944084,0.3837488630309074,-2.5837985774743912
3.6478201598202404,0.9860754301817107,1.1447228288026148
1.2626570099119099,3.740727867671496,-0.21392733894184035
2.1131392766244255,1.3376876144639573,0.13875616516118505
2.141552256572896,0.8885007161819392,-0.42621810476325894
3.219371769959868,3.552746767944904,0.8805922485201165
2.340759584195376,0.7031890035564441,-1.0889259259315782
1.6351054018988584,0.9158228556223569,-0.18363554786484215
1.1308496900282616,2.338931744154058,-0.1001685890568833
0.9066675271754132,1.3111434605129575,-0.5465595927725664
2.291532136017223,1.3409442631374064,-2.0844255737558868
1.3081326507404358,0.26184691227840373,1.5930952428106924
0.24393234358600369,3.3245639328169916,2.445850364929435
0.16528235231307464,1.4133779806770743,1.1738766050194753
1.5433095659278204,3.0299689657976,-1.039625100874026
2.7209765843387177,0.8585349616873237,0.09070669062383452
3.186973340244606,1.0964211730338072,-1.9520568798815037
3.5055305627259896,0.9175345948462006,2.496092246558767
0.1784864998383675,1.9334383651992875,0.724636103499916
3.461336004772125,0.24042608422123735,2.2722976064765543
2.661083659828785,1.7130467954040745,-2.587265840211788
2.381642967421069,3.395672335209085,2.4400689379370766
1.195542441258656,0.37942710827013304,0.13928806178876485
2.818106996354139,3.2342561454670986,-1.8543275107135384
0.5082742242300862,0.3346609610860152,-1.1644215672863412
1.040366654039826,0.30092766716403174,-1.59156074918748
2.5576997532146635,2.9705510619044637,-1.2560389193638228
1.8070484199834747,0.9115025053027521,0.03738084607133896
0.7364698739587334,2.7165692349217325,0.06786823851265744
1.381588540423826,0.45220062685741125,-0.7320148970784741
0.7203854313055404,3.65579830950979,-3.049992649542325
1.8486149239499392,3.1215070282901225,-1.749948762438888
3.3827943918786776,1.2782821250966534,-1.2039819943417545
3.0345752327405036,3.1596407403499818,-2.9657847925828906
2.99955417368548,1.5971045811701203,-1.534410689170143
3.383855983242211,2.0805357963129896,-2.5214733375512566
1.299789675317475,1.5339348307311105,2.63480163662154
1.1019893294890992,3.0865895965528436,1.5161479245913903
1.1539069493194392,1.1733810339448243,-2.4896829802721463
0.5634852255928631,2.9883549609118374,2.3977391147445637
0.24866739429225415,0.5774815578053878,-2.4922015701155145
2.227435193549553,3.763433290515065,1.6992860979904574
2.409781541361303,3.407621131121554,2.7531312112383555
2.7529588968672987,3.6080300464711694,-1.5565468897925112
3.243523276623762,3.013996634404808,1.9198119498399207
0.656109883777872,2.473107887333037,2.003741026017134
2.979683673961843,3.1293813348102697,1.6226253983628345
3.3109333162109684,2.083853920766976,0.8954537208557483
1.2553959294469745,1.3821841147743479,2.6215067265092387
2.59132699299469,3.7188622409060126,2.746939692985186
2.848849714296304,1.721889896720172,1.1724415008357845
3.282184561250758,1.427252852349803,1.88956148012337
2.593819135848746,3.628925394001274,0.4196852132577953
0.7271706401794029,2.767904142880057,1.4630934758196226
1.7746301506388757,0.5671985489722609,1.0894138776806477
1.577890034498489,3.4385124482410787,-2.8276097464511283
3.686173671557804,3.6597202467637966,-2.290766038961073
1.1874080429209717,2.8501894442566504,-2.118854230180422
0.7452395872145767,0.8428075785566169,1.972025383973115
3.49776583594999,1.9360043774295672,2.805553052965587
3.14181500070317,2.687539807955843,1.818714098527221
1.5094416708809675,3.4667355189369644,-1.8908723372232983
3.600948525169536,3.7878373304229984,0.1812884243058024
2.126053628664544,0.20477561617205842,1.5910642251737714
1.618876535815866,3.4777671264795313,1.9167937373733475
2.042723664257627,0.427944527278469,-2.6921857266631135
3.2434124381026663,1.4633041043072228,2.3308115917536094
2.6179109693002065,0.9953490276340031,2.2154510299410477
1.0030114023528935,0.23130655488995533,-2.3784169013577596
0.33586531961515087,0.6662921564768296,-1.021295937712504
0.3505634244854736,1.384091608939122,1.9357517041334296
3.0362204010585554,0.8315910749657225,-3.0592923981820928
3.305260178097512,0.7543743071461213,1.7343519295844372
2.074198969819466,0.69062328517342,2.2050538869244782
1.770854410632412,0.19205644613147355,-2.401477889443419
2.2539962624081835,3.588606131607835,0.6989158800233928
1.4998960033651274,1.420506215632074,-0.6615065474667166
1.1783593335994595,0.15780006078679953,1.3746425653989247
2.0085508217260166,2.838137631287582,0.19735060031235774
0.7798209988029634,2.94584562760267,-0.7673975682396192
2.799654666196192,1.640036683460544,1.8139292272804841
0.6430708847502751,3.1867648201583063,1.6507495161984815
3.614663953615067,2.6108820106071358,0.028937618746448734
1.8918716052774824,3.6034590462430365,-2.046155579345761
1.2137743629795317,1.9541206683797903,2.256577615085062
2.749019437498857,1.8552547540247488,-0.5397775110900129
2.331976386567617,2.9466691180473896,2.816583993644997
1.5230181120908535,1.0233462677299308,2.9414634606160925
2.5154721718522626,0.7838051895768103,0.7106539936405696
2.7908337293632353,1.822897812782319,-2.7621435334034814
0.19349469743385583,1.1959968031711248,-0.6363342300093038
3.6726387322197827,3.647049414218097,-0.3097927658735471
2.846289389790947,2.1405651897344486,-0.7976349459392997
2.7435629644169977,3.617336494108785,2.223438191044763
1.6214884232525835,3.785943959852163,2.7085995161337655
0.3242597177307083,0.30523567048904265,-2.2572009596708194
3.3637620186747768,3.1728184987393053,1.7827383042770384
0.22791156349344988,0.27885423557916056,-2.335467241044317
3.2286419749183697,1.257318085670791,2.0239707584817657
1.4461277703263908,1.5632332635478385,-1.084528368620524
0.46526810864048374,2.5824678362407743,0.5630399594460931
0.3857241007616672,3.8274143563788945,-0.2019859690197805
3.378911455686723,2.9435990789938726,-2.835321774145788
0.9233518557267164,1.522220554170814,0.7159784399367521
2.2283621638918367,2.9037244607592267,-0.35576720455362176
2.3364643693501543,0.6848833090389634,2.87743665889351
0.712907735981327,2.274943439644161,1.8124758143966861
1.0553238385043673,2.517943538751258,1.0698581751031648
0.7023752832127594,3.3637195910047466,-0.5784260586918082
2.911871566196791,2.4309615009363066,2.3526971476449816
3.337449029562009,0.8375758960646116,-0.3133240382177127
3.211150750700283,3.144752796771977,0.8670989187661737
0.8331861223532933,0.23915314335441318,-0.7889935308125011
0.5079591119304574,1.7916559745485685,1.7746229294241216
2.212223493110979,0.9265901197810176,1.4264007189832215
2.6013898071412735,3.227423144621993,-2.6087542180036634
1.2364291436569403,0.2634485381213132,-1.1506877277197516
2.2005983906595534,0.6812408017984373,-1.6304060583003717
3.0166761493042085,0.48462063627322616,-1.4075482512557582
0.9427906020233316,3.038803636396548,-2.831509455829262
3.7114576929805967,1.5443423131898428,-2.085258777254308
3.1428707748530185,2.808726341149359,-2.6375371006855453
0.27966880696011787,2.7935258974740904,-1.7564028281173403
3.6131750713963697,0.7406168509997504,-0.7592309790170204
1.514978194161679,1.0995864265683046,0.8548454684499012
1.1679191737744956,2.542521912945419,0.7020269182967875
0.8948855481567484,2.08287722560639,0.12308098895737407
3.79959413606337,0.5726508163049719,2.138482127015779
2.7945015936015705,0.7614354922006261,0.17719512041347274
0.9345651801981885,0.20048100601044272,0.20811352919966675
3.155858414534996,0.18491955329049725,-1.7612399163680923
2.9852134569002717,1.4423499218970046,1.732595794585908
3.224969968703689,0.48577397992370175,-1.4673181536876334
1.3036687383381493,0.2627300019362351,1.7238477391419416
0.3034744395375655,2.2002820015400935,-0.9559913133710456
1.2584016963467208,1.7953918737458134,-0.770206360427443
2.290397035622571,0.21535898331347214,1.4240611450768972
0.9844751934841423,3.744340767360515,2.5470004979622853
0.5278899598211271,2.4066336848857075,0.7155966184437688
1.6580538729717844,1.0856425196581605,1.7163915876544644
1.5105475813419944,3.590332079430684,0.21569275669379806
2.8004960070442686,3.2893881147880486,1.6160975589170876
1.604897975242372,0.311748085005096,3.0888421606194756
1.2806040413210673,3.033464619708228,0.39035029588432524
2.1545705014809795,3.121628848801361,-2.6949938244056515
0.7913884598262841,3.078249362290095,1.962014473873035
0.8174415667931538,2.9716859590873814,-1.8178923210123694
2.493263547695145,0.22891773470562882,1.9726579321139752
3.759046637785888,3.6725991883607434,2.4653136230122277
1.7080092611517417,0.501966755681936,0.4715959438148727
1.4442399111082804,1.624423359638147,-3.0783502551056716
0.9678991949623357,1.4439078919922226,-1.3233338268318329
3.242926462037204,2.3861064249690327,-0.5639132347172842
2.201261495875886,1.2485021216293828,-2.3378068556588563
2.965656299481989,0.5447913277725811,-2.465732271225755
0.7601269948014959,2.1090984646051716,-1.6856959173606838
1.717464792298125,3.032955965580836,1.0662341189052622
3.5462402621609987,1.814951203378762,1.211263101569755
3.5803101754863778,1.797850752754857,-2.296564968008718
0.7489054469793772,1.1583905549711813,-0.6119010393099877
0.9886838910122195,2.138345395881023,-0.3898375506302414
0.9515147934185695,2.9968465485926488,-2.0870521197731704
3.511865579620239,2.8235673433111157,-0.18017958523123845
3.3445353617015607,3.734377336916574,1.6359078554696422
3.7079535388522196,1.2384176873292412,2.3751538465538005
2.8261523919895164,3.191692480763996,0.855459399334765
0.5281548404504806,0.9635664264334602,1.9937589475669197
2.4637513758913085,1.3895327182178936,-2.110024267865546
2.6515778658176714,1.675096095155975,-0.9804096769062483
0.4547111253134566,2.840813677719111,0.28936613456265814
0.9627980102835112,1.2095175259231152,-1.6083242806637856
1.9303088196804907,2.790494159352685,0.43237462887989686
3.04830709555856,1.816667322452962,2.4569335400452754
0.8450112369165499,3.6532156005715577,1.164152613581031
3.4324280494098347,1.4780515285091198,-2.607051585808015
0.6883864906799322,3.3946217745795697,0.9319811707717305
2.9103167542971486,3.2298045639867183,-2.5872518147890893
1.9742776720350488,3.4125703048854894,-0.6860585848344103
0.29033065427119364,3.317985239663448,-0.08582225472816729
0.2541214948572246,1.569494019558444,-0.5818441244756376
3.03287382899907,2.666732263177162,0.9877412198289957
2.9509793890655067,3.023173213842412,-1.994294963153721
0.790584122090189,2.3756162910622174,-1.3623783810515615
3.541501957619569,3.292835081204857,-1.1433121920715872
0.775944645364091,0.4780461040653057,3.0666429365606644
2.493078184686124,0.8283254441806673,-1.2942544559514295
2.502617628253506,0.5144378112105557,-0.2371822413350042
3.636175120389827,2.6201993853383634,-0.6535497240883759
3.4287247293048857,1.0070434798275145,2.841977108397029
2.754435002105044,2.2285286671540656,-0.8941392590382242
1.2753492425558446,2.058283967474368,2.8195875631708525
1.39116570181011,0.3399800783167928,2.605772805245035
3.3673227505025287,2.7613310694566393,1.9070068007700778
2.1641842410361107,3.1050033533137205,-2.6417254120681566
1.1352874948899956,2.1653446332798465,0.07430849629130831
2.334386499802701,3.5711111067381758,3.1117631252691353
1.577475001287803,0.4140570232416878,-2.2393823880373707
0.28892422848193755,1.2164374562428106,0.4766120377556078
3.2350758054847026,2.5127568849925597,-0.0555606487280742
3.1084051371533783,2.517319190213086,-1.4379310262559226
0.996490253981936,1.1545856175146332,2.286002963907144
0.9021705973812435,0.4315724680519861,-1.6953397382603421
0.48652059567670713,1.2857652645825248,1.1267477364957195
3.0826812955084595,1.044187159378895,-0.43766518603715454
2.0631527195929222,0.7547450593129446,2.672171486413694
2.17237313305662,3.815057939036513,1.762796868058122
1.192364247127002,0.7616594018081515,2.6657642627775413
3.1678079464038458,1.560337668102528,-2.4857206793587077
3.4828221972675517,3.0464124776845405,-2.1631255004891727
1.754952442483543,1.3292578269707969,2.1708121994573757
3.1012157798114286,2.958982317694143,-2.0615526378624205
3.362821502746082,1.4159080804274549,-1.1190834680289088
1.6473349359730638,3.491831333130677,-2.90145796920585
2.3147400809290333,3.126186561764153,2.733640400671346
1.5650319520667315,3.7083236019119674,0.5568927808430488
0.19379034013027185,3.4639973671930075,-1.2992268235355175
3.7559986868597752,3.0958314354001595,-2.04097542702857
1.7503975063559953,2.736428889442624,2.1438973564918307
3.051696622550832,3.146988921934359,-0.9264284040485955
2.706239354994704,3.0860619566822773,-1.1626708036970945
0.4632643051602128,2.8447652485016626,0.029515034044512944
3.527934067216018,1.3742196324211293,-1.7206539693081202
2.387280689709423,3.02078557626653,-1.534003400599568
3.671207863738639,2.7266050415136673,-1.6860510178051378
1.0582503141101243,3.5699349922565333,1.4517022880317345
1.3510401181557934,2.3912576977167688,-2.2803688276037386
0.3287964085566397,2.358423855378656,-2.6818330624526014
3.2484189469506273,2.8639742030926425,-2.056517549901086
0.8170158932963845,0.8606999622092921,0.407028523773068
2.900023304914063,0.4720350585538893,-1.3258711248385278
1.6762994442853736,3.313577613020711,-1.0060009068443923
0.22708093390394257,3.3843542121920973,-0.9537514853346041
2.5286900896283155,0.34574927714033565,-2.208689762814938
0.5955738863560858,1.3114093837572698,-0.7824306304920672
1.5564274671391942,0.6630913531537335,-2.3275722964727366
3.820932690082807,0.7915899947158143,-1.2080623960409638
3.6293942140022355,0.6622997470668723,-1.3651769011933543
3.4352272662097336,1.0488931384125029,2.129592811623837
0.6579737828138992,0.8309012259438306,-2.5495056955438185
2.506009108157382,1.3959402847121387,-1.001557108000183
2.544257647465374,1.2289517296737462,-0.12212944036308482
3.6880266244000333,3.2633669533174303,-0.7255230051817825
2.752270323763993,2.4984863459961177,-2.4658210466501234
2.793425476350894,1.2904797283300793,-2.040799960165314
0.9951763784904144,2.1569315974690926,0.7601068209040625
2.3774152922601712,0.6652702590944481,-1.8772657385659859
3.626100289529686,2.107444244161426,1.6463000310506022
3.419763749580832,2.479473039392526,0.5753033925241491
0.1839095985643877,2.0571420207944353,2.2604862502438365
0.872331568269189,1.0695058427875415,1.2092655482368464
3.538338551559564,3.5542261958626122,2.3819745444356952
2.6140877865671546,2.936381066751632,3.033776514481339
0.5726683354057651,2.816463984610628,1.2199543447300636
2.4733964944318485,2.823341928397197,-2.6519672047156866
0.9413296768936612,0.4393680340887385,-0.631978312540074
2.875823040710248,1.0661160964824483,1.915694279509573
3.8440356090140777,1.9293620650902334,1.16589608144172
0.20897676366790252,3.7503607359339957,2.1658178934772305
3.6402283688326906,1.6826413422932531,2.641815440747762
2.7127962333209137,2.5464105015076464,-0.07204416963902549
2.5248971825794704,2.9655682736598354,-0.6061576466446228
2.672094535025572,2.111597579067391,-2.1700614093380204
2.761110544213368,3.8306715291309716,0.4139914465838861
2.1320495612225225,1.0512816900034596,-1.076138647752812
2.0053196250775995,3.711189380886104,-3.0862325138382505
2.94175463411685,0.5202623081346349,0.5388823162985195
2.786977424946694,3.420517676243233,-2.3166828946651354
0.19331633820457927,2.3109722497374023,2.593572224036631
1.0040549864729145,3.122015964880783,0.9126551470281328
1.2013324892526174,2.3494731843795242,2.443320749441771
1.1736441134162083,0.7742510842155572,-2.5954405124816056
1.53075524622404,0.7315459036876177,-0.7046688355292403
1.1252340701029797,0.642557849204108,-1.3681826233066223
2.202203824360426,0.9011638118383187,-1.8401669899967712
0.9259283311891515,0.5018551800181332,1.2831864373189967
0.8543662685597577,0.9606129381885098,-2.2920752219332297
3.4485878509438135,2.987817905964806,0.33836539279900757
0.34978438453094274,3.1231807540729153,0.5143114170703371
3.1999380679305003,1.1507441762037054,1.5486060912648236
3.3295379391905855,1.4924022211733199,1.7358296149996386
0.4456322764141576,2.0624713559766206,0.14217380746277675
1.589911922527448,0.5409630575711648,2.4210037604622343
1.0227742923936383,3.699809379456638,-1.5410302845422699
3.146534925632815,1.5024733528415863,2.625898724062764
0.8428144822934223,0.6101734566409212,3.0152712954591383
1.6569900742765493,0.16801310326494656,1.1295275938288993
3.0740612441303647,3.5201719769436175,-0.34864030307125127
1.0607672128202488,3.244976752306698,-0.01847122881523333
3.009052778679194,1.9951957474442459,1.445708942193444
3.5855446323099276,1.9489894036898665,0.15195167052417746
3.7378104440878968,0.787943218575883,-2.5702930586148547
2.245136663617012,0.42893941458465656,-2.966825133096929
2.0918042014991913,0.46596126505380653,-0.4188719587144729
0.4506948773636896,0.6037456386611564,-1.7549024887371842
0.5355822902064005,1.5254129564906158,-2.237700895480179
2.3693648492984294,1.1425223337357053,-0.8681002695267725
2.0503741376581464,3.0335061757501274,-1.7303653046277274
3.660901317683875,2.281542474337269,-1.698077122409552
2.46504655007481,1.2518413517758034,2.5988524603002805
2.211058807410971,1.3552423048182214,1.6367923011865013
3.8239581384106853,3.262009768586158,-2.2847039052283304
1.8396018816293238,0.9896648649991566,-2.05883623259928
3.6532169869261226,3.753308210856591,-2.540532612969405
3.6051566915468483,3.740214018194702,0.25288268701253225
0.31736518170827166,3.118908565743941,-2.924231805938438
2.825303540569608,1.0890344949132258,-2.1427025924371206
0.901386683043059,0.7377292285860655,-0.27205599591558105
1.6020119377059294,3.6787971724606625,-2.3307990689931346
3.2286498312092267,1.7606000250259095,-2.3789696242860847
2.9743534986019666,2.8552736075904206,0.7842372467847265
0.9368481222496672,2.599212935112237,2.0140263261437923
1.160869962808575,2.4892579245195754,2.0373142779929205
1.945104034249331,3.0375664822709756,2.2234041392757984
1.44062598314121,2.807973367578019,1.5571163212368901
3.606437839764008,2.158862342554399,0.8605108982201894
3.430682719101918,3.473142448941091,0.24558915245663915
2.4765185393067166,3.1963878785801163,-1.8062190486843583
0.475910258005698,1.2804324403964915,-2.6020796455931157
3.2604950044417498,1.6853843397625767,1.5878733688891975
2.9689908810771364,1.8765364289706823,1.4186609722982624
2.622621802005926,2.312346829909744,0.39112475033120164
0.17316778421024281,1.17369826760225,0.4058682138526386
0.6345775934902331,2.288775121921834,-0.42527253591209524
0.4310875046670861,2.340178759823829,0.4527525812079958
0.7340202486264542,3.837453573822987,0.6234774821100677
3.118187872355325,2.6745573341286644,-3.1358662835968807
2.05914271782859,0.42320601460768925,-1.5785654611639122
2.5974585766270737,3.804406090569871,2.4928598983293346
3.190641776836947,3.4988812577417043,0.8763885794283981
1.8492350268881679,0.904597356281823,-1.7184173487932632
0.15581246168934237,1.2025752143001842,3.0196925505624392
2.1785580767408934,0.9228710135330278,1.98490182911946
2.74231165117819,1.867035861587723,-1.3884821977484492
1.1098655949898801,3.3997040348146483,-1.6350904452406894
1.865620421340624,3.1047999234050447,0.4916090942447182
2.143183836840639,0.7927945722110308,1.526754716131956
3.768564381610199,0.9087639309666051,-0.07614428532542794
0.9732526642808255,3.4337145724479403,-1.113440120172176
3.5757445339062377,2.819286357565324,0.2594268985999606
3.5230234582217275,3.7787216544908038,0.20886086854064256
0.30436647701006736,1.307478878856736,1.6517963020325839
1.1267606925673923,2.905438659440699,-2.7861374633915834
3.0178527628427068,0.609448264161228,-2.6265832381212286
3.6972499458520676,0.6442845300762943,0.24418944544078114
0.25103616175832233,2.020767748014313,1.571732660418541
2.6398180709766885,0.28457985461699,-1.9601947093521044
0.22771166778512697,0.6839280728653594,-0.3220346105064382
2.9387401207369543,2.568405448836073,2.9935752603350227
3.3610578177398165,1.0688649827717862,-1.0511834062637808
0.17087043568823335,0.5505525230739532,1.3910946435117406
2.0445482623853555,0.8612903692657166,1.3406196026700075
2.7580692316632,3.2329127402568534,2.0409650296319466
1.261398137453333,0.21350778338258802,-0.7128772842156761
2.0861892820419468,0.5659855437963421,-0.7142055208179183
0.40173700207628116,1.7184537364519068,-2.060837285116138
1.6137342670911408,3.6494356160637977,0.30981180652774
0.31266699847396096,1.3376540736728266,2.2056960009937088
2.410000138454973,2.8199117682249284,-2.132539470722934
3.8431491963843754,0.6005055345377879,0.1697121570649065
0.36499311861840766,1.1963810666727164,2.154828286874123
3.4837886539700476,0.4940951822504993,2.2848560149674135
2.0939820641257927,1.059703285376516,1.0876214948350977
2.467561473894376,3.0726425935167687,2.7821660022482497
1.9772083636347442,2.942675534765826,-0.8856325266853227
3.4564162312343587,1.085989985350523,-0.5941483114399273
1.1830216766106734,2.333912102729809,-1.663670658925753
2.6370934037242453,3.8032688310236358,0.18507429336293013
2.834532454025017,1.6877326172770437,-2.2477789945926863
0.361100073386992,0.5253393627974501,-0.16647527170177412
3.47900246030997,3.691294739645409,-1.302197189108386
3.5842758116626756,0.8568896852032504,1.7981552496542879
3.437496632114083,1.1560061095682088,-0.42154787464321064
2.53516158706656,1.3065183960172928,-2.204486714995356
0.4301759609132252,0.8131767946990189,-3.0580484266623675
1.1750213224720714,2.4291184201411897,-2.9949999041891453
1.7293979279229705,2.98621419466437,0.9870547299887926
2.385371354885888,1.441504332856741,1.5510712291392617
2.1777841020911244,3.2001841435911005,-0.43973615856891257
0.6258043925715406,1.7369842653208383,-1.382414650360561
3.631470827163556,1.6863081722965045,2.61742173976229
2.2616061557456026,1.0557202614025223,-0.2532439483961024
1.1933937076048782,2.3402092044142235,1.4029941713085607
1.0029456231365574,0.30392690458942795,-1.385308052106081
2.5506435368094644,1.4103677251902638,-2.971283683794859
1.4534945917712294,1.2102904762246243,-0.3620483253212279
0.2464497093555793,1.5828211832822028,-1.0836337701145005
0.5715056965944836,2.534328857856594,-1.1068546118528486
1.2761507196238928,3.3707890671040586,0.09677889100280135
1.8958494417903355,3.234037591945346,-2.8510709710454427
0.7672237540026465,3.1375428870848667,0.6918463628449039
0.8716648898060533,3.793875504628975,0.10584978688914948
2.307489854821973,3.4246456471463693,-2.674462768217146
0.20976991199447115,0.6604407953649827,1.3188363869513458
0.9758693119153778,0.37681656006203745,0.4335178677108904
0.39036061157275403,1.7878592381960772,1.787833153865499
3.759061087575916,0.5679442215619974,1.8619452254751403
2.8693980124922343,2.854257750697957,-2.025148263272089
2.1517541797098936,0.9866455091364976,-2.2270289679474846
3.449059736928157,2.1632516020469352,0.15316532743961897
3.245291429009482,1.2845858519342883,2.8872824198715668
1.2939623482225353,2.646213766462158,2.3908440726459634
3.5063084686488586,0.34380369086280105,2.598620103230404
3.7252490755113277,1.7416770572938405,1.1021056107081888
1.37423644727324,1.7035953251178135,1.7136942222684057
3.298280281863537,2.6218005298370306,1.9776930363917984
0.3473305848037991,1.4678553636917546,1.6921183687505321
3.6677365798040573,3.017802378764577,0.7261414464368023
3.817472695034221,2.022056041495187,-0.5265018142877156
2.8695239313975596,0.8827987389793677,1.9609445864763568
1.9511211268782973,2.924301240999833,-1.4744410877170646
0.48208340975689046,2.3678575806846207,-2.886567270601966
2.9352871079682665,0.26795771329481655,-2.5927383247313776
0.820750915666955,0.4551162577729051,1.4009620103124352
1.8365515936662957,3.840904363532109,-0.14820604261198467
0.4406319187885481,0.8330664158753391,0.3714796120268691
0.8478749663786456,0.43276057064647455,0.32199689856999125
2.8192385768613404,2.2759946862078118,-0.07621609659192918
0.3917381294894171,3.5416528787494506,1.8690350688807298
0.1950811891886195,0.6520186684008196,1.2998767403246765
3.0858264859184796,0.2504737141158202,0.8311456501366599
3.5357572767496532,3.6002267417316354,-2.465247395008182
0.6008542607067935,1.6880347800442208,-0.11284026970609062
2.6059817827135063,2.593202248449027,-2.6692742035786425
1.9435838440032716,2.7481625585964697,-0.6891553914161528
0.5632319992723245,1.800891490981435,2.863374163807486
0.15654001555307406,2.26978326434093,-2.183418774083032
2.0427903805520145,3.658362711856078,-2.2523550254281828
3.7864736666375673,3.3675836267419714,-1.754525025571645
3.3688962870885817,0.6169811758334935,-0.40211118444670246
2.5280274144495762,1.1664363919874914,2.9362611676217796
2.5124392587373947,0.6281198860480628,-2.7473070932640553
1.6584722651047312,3.042795075934418,3.1146534244458666
2.7146356112408307,3.8308150339963016,-0.795017360262813
0.6325123753914235,1.2379359383361765,-0.03876817657592735
3.217406395862802,1.10100946414157,-1.3165718469825467
2.331313210622726,3.7952458195427803,0.6717886004665647
1.08879136064209,1.4107880638211863,3.0433604956814495
1.2351352070760906,0.31900630291934995,1.40778000186911
2.427324638646826,2.577894685106715,-1.8993799152068598
1.4539615201151568,0.6152037404635937,-0.5642127635522054
2.3083871154913775,0.1547947471715192,0.8742755142202885
3.204357443101928,0.5885648235916059,2.4246440010269152
0.3130172926491017,0.8886037594554401,-1.026322387251008
1.7480668460051647,1.0520732368504073,0.5717161952983858
3.0455755475541935,1.8439004588213281,2.4504994054834626
0.3767569161340054,3.205808165999068,0.9562157641482782
3.7889340362172295,0.559012155781637,1.4964386255768547
3.5537761607362963,3.1283556829465256,-2.1362184575875296
0.3937488892720502,0.7880485334553633,2.2025239028578536
1.8919126564361295,0.7093203787366837,3.068731249569675
2.4366628659209564,0.6179829895946063,-0.6742275043094894
2.649270672986617,0.9214992994014533,0.3925558962046263
0.3071478940431813,1.8479349089910944,-0.4210230258063383
3.2607862064704047,2.8778907834951557,3.096844378444154
2.675865517042372,0.8603582911427847,-2.306141090971516
3.76400206827266,3.5634285485293504,-1.9802421235031604
0.5134284342650655,3.6485336962692054,-0.6702519977201797
0.8106787721342719,2.067295468887994,1.4828033163105259
0.5468639292126478,2.851941068370537,-1.276429082470512
3.084284418024153,2.803990351491702,1.7721642363384218
0.6191197776469299,1.574274481247294,-1.8535899124858364
3.0583792926357902,1.4906344105310718,-1.894430036463974
0.46433522084393397,2.1595081449125653,-0.45464540496848604
2.474145273029628,3.6847762523254732,-1.909570536452683
0.2851655890730842,2.2595865410368137,1.029061666566439
2.4304338103703924,1.4130861489120168,-2.6380807896820104
2.8727111120452897,1.0091476148044989,2.0219501127523376
1.4186724320927575,0.4985451545564561,0.08156388065446629
1.7623740931562968,3.7756762819472853,-2.269508933289919
3.833704257121443,0.9793289659224724,1.1308134608451512
0.5369198599821745,1.3107606462882369,1.3883461130795336
0.8732490390281105,1.196540177778382,1.0194074835932287
3.8004318909806964,2.10166788865673,-0.29897780729987034
3.08494757488089,0.4603902131633908,-1.273510987799446
3.7376506428237155,3.4852320865590696,-1.5732940319992545
1.0812776622517877,1.837220897407926,-0.6371558841002192
2.720835150219748,0.8015658808617205,-2.950978172556546
0.7194916829305074,1.4100048363479094,-0.009775832343104973
2.1858224932442396,3.3901025612035722,-2.8155170796450038
2.8062594747646297,1.626508160659684,0.791026486544415
1.068030340786584,2.3746497989154616,0.3780176940765494
2.3771054950392365,0.9875095005583319,-2.2673702840265024
3.485941216209237,2.3704494718327513,1.834218875034427
0.5339489221278808,2.7200846293074483,1.0275774571413034
1.4121993036046496,2.4548151352540644,2.2853274030219257
2.0445849245121286,1.1362241836188902,1.7784040465847024
2.746710347902453,3.3773101892677,-1.9612882191452683
3.1544929425097012,0.2900181417686043,1.2650669174791762
3.302616107718679,1.1141926808954095,-2.7286071552911264
3.5174121986619014,2.663008644257235,0.9340747563048382
1.5895595169508887,1.1628753610519391,-1.5797041553091347
3.4320180502359596,3.8259218851756494,-0.4654479790578625
1.3430314220509287,2.699021073050567,0.611722894003222
3.3009402510546395,1.2488302048028341,0.882095760766509
1.0350908116414637,3.4955520943802147,-1.3818252370027295
2.688482780069953,0.21800320726667177,-2.8544998697729413
0.19002892395648274,0.6495139323261934,0.5923051029569333
3.3486653866375784,1.3543973839783456,0.4188182915860903
2.1895060465772564,2.929189262217614,-1.4909116404506755
1.867910923899598,3.2088282411112785,-0.8430796191071157
2.683643908206279,1.7052351647544035,1.3190895538237637
0.9266062403473847,1.2590103188812471,-1.5492448582881255
0.9985726909024382,0.4075698755785573,0.1175484176971957
3.101592877443037,0.9203535973508505,0.49817069623862453
3.40378089165657,1.03117793906967,-2.2018368672505213
1.667364503591371,1.2141521899407453,2.658509127478336
2.7711458437864858,3.1575901978096734,-2.0720396598912263
0.6893095852189131,2.3077940295076838,-0.40479193489554044
2.7737839400358064,0.8728127597197948,0.1821829417686205
2.309220099590993,2.7736489802420516,-0.5978468916146267
2.6870442623754625,2.621894001270516,2.9937618862770767
0.4610854098836752,1.0177979628991514,-2.1766006970016463
3.767257380676408,2.468955294829637,0.42256575436962285
3.697655835400363,0.8125102817731138,1.8344656567283568
2.9993472910067536,1.2915991008114127,-0.327918804651409
0.24698637272365698,2.354082649894316,-0.34664752499821283
2.95822586306458,1.8987081475284264,0.7788438117412988
2.747259696749047,1.6505445104587828,2.5246431939747147
2.0876201133151895,2.6655603746353025,-2.69767752855467
2.336353563831082,0.8777428423800302,0.5243078749216199
1.247604928838915,3.5595271396624875,1.8891794352199236
3.73036383137777,1.2489946094739426,-0.6323427302687623
1.45517744318534,3.1826360913778093,-1.7766798819996876
0.35186547176828853,2.297064202824856,-2.724265765230463
0.9081292457380017,1.8165833015634578,2.474079091869913
2.124521952405197,2.9634244341471865,2.544046460144502
3.1387516742095394,3.510696801805742,0.880541858868682
0.9819502963823412,2.141073094850723,-1.0859421773126767
2.9977182506155353,0.8504061815725517,2.9236749781720235
3.6599135861873187,1.1830067487891442,-1.8142964832410349
0.45012141524506744,3.1950530786049023,-0.8401689074756393
1.0093507884313118,1.0024616174373366,-0.9530038531811473
3.43889494479036,3.144034131753765,2.851347548397836
0.3247729387639735,0.8136094978866075,2.360832412818552
3.3363573038705963,3.494878246871639,-0.04154651651567898
0.16068452221007545,2.1961557115982595,-3.029679354454723
0.7133935563030129,2.035267286386932,-0.35474082146745856
1.3169010682258677,3.125587734726744,-2.2856339159545946
0.28266620977690904,1.5361726421778044,0.7390303294429117
2.399144568029185,2.75313056446496,-0.04037017429622258
1.6227013274304505,3.693674852488906,-0.07419540687169235
2.8221022190027147,1.342069415425987,-1.7455200187091924
0.6182764735352988,2.985622454960781,-3.0595888771769997
2.3746001273375166,0.5302911092881959,2.033626865727534
2.611144417649665,0.9952927651197601,-0.1966347151787735
1.9503468655799394,2.8720006597492285,-2.114499080815389
3.111882702172488,1.8005227629375686,-2.3742598243925235
2.161424374480398,2.8643754395410954,-0.9551769439897062
1.426977294225325,2.3116581182731357,1.3986922430856774
1.3884813923153336,3.6133617690948387,-2.5298392842398614
1.1207025154178036,2.5950206941902865,-0.9993948512701141
1.2826447668307912,2.5922894641169028,2.8101305031175814
3.1211944716334457,0.30911894222869085,-2.7154562517722214
1.3872742524087922,1.0320725807823887,-0.2563699478039898
0.17144832051260428,2.0858223449129216,-2.6971359966248674
0.5315439174078347,3.7400050954113953,-1.1997210376032894
0.4455241491869315,1.1339968077070894,2.441280706854738
1.8118464488572448,3.3975663717330353,2.8496472289111656
0.4934103828756289,3.4652017980190237,-0.22236276134453536
2.815285289289959,3.5493116201082398,-1.200305210407175
3.2965316917472287,0.5090103097291139,2.095855457834923
1.1482624256278577,2.866936144036577,-1.844540439783321
2.567084005077476,2.3291472770949557,-0.5103698230797833
0.3250525327480318,2.6083757249791137,-0.8462968440291112
1.6518471083220212,0.7090080595586463,-1.6890520249696181
3.3762406305139714,0.639446193816136,3.1073588949116875
2.7601227781886997,3.38398425918017,-0.8762819293793513
1.7288328444412833,2.7446251010575304,1.4864585665807386
2.996862893926943,1.790882144920051,-0.6485720126564232
2.643715683915858,2.5146617064099344,-0.6137086898725821
1.9381720028057807,0.23907059697500754,0.01497152219243958
2.885147788045541,0.6497155879432848,-1.6366349501829298
1.1040725631962087,0.3244073538629655,2.0161123642297962
3.8131249368692535,2.694368235802924,0.31563565761662504
3.0513278938915547,1.0987689385230066,-0.3222986111985051
0.711057408532275,2.5368211405315697,0.8613213025530344
2.633884253515624,2.8594355710640413,2.462107233448868
2.8329008494855366,1.1199817941301116,2.338821428578002
3.790268094370721,1.954454561995484,1.3842180027911688
2.8407403197187433,2.7982557493263025,-2.6899234289555807
3.6055879292105355,2.497630673648656,0.24048756566466079
2.7354645316660737,0.7365453843209799,-2.98533347120943
1.7339379379271245,2.8730713245865793,-0.2813648308398706
1.116505892661364,0.9225614266523539,-1.7783767568537059
2.755337426102237,0.23049555262635835,-1.5281675147621385
3.244699843337415,0.2820159513916871,-0.4391697468744096
3.11494416026688,0.42358457997270804,2.1091146196175226
0.5054584361492527,3.482368638808028,2.6626291507079767
1.7585805132311392,1.0196925477236198,2.6090218562264704
0.787546992094041,3.7119674826164304,-0.8684122908174117
0.773308611959326,3.2815870338621917,1.840008048034453
2.3872189327397177,0.5691089338106776,1.4660873984855494
2.6347378868464824,3.3114679946946017,-2.9750905426123957
3.1152410651075657,0.48880633100332904,-1.620517400611956
3.3288546245135655,1.9003140723860157,-1.0282076515991974
2.654302605596529,0.29875188755662707,0.10214885875753321
2.151376740519072,0.9677457585339027,-1.9613091184085996
1.5623768215751666,1.4752475340613032,-1.8562398272020293
0.37305588073818896,0.7774061484166319,-3.0074592019321185
2.228274369813479,0.3426744406614146,-0.06717608008003761
3.6358301545816825,3.0461145686292848,-2.4665140642080816
2.875218912746034,0.7356605506210165,-0.9803101359871187
1.792000860589261,3.3364092515408426,-1.6818127650001602
1.5842688507711267,1.2590249713484432,1.0357023656375643
1.4429823446588732,0.16279858179513518,-2.9708114022047014
1.0322794905374049,2.9121186786937567,-1.4623214838104077
0.20511471986014884,2.602090175385259,2.6353187284204784
0.38507972584488215,1.7501199481139769,-0.2663543967997759
0.9062285273549815,0.5636595955917181,-1.433248230258862
1.2977471525692557,0.5313330222777402,-0.8533987630767172
2.571666057955756,3.545887662055819,-2.291737238441507
0.29219571132312927,1.5658167130873957,1.4522139105002427
3.1934987601537688,3.1495899226748745,1.1694890046734878
1.842495900821624,2.8795776676082547,-1.2058818099322464
2.3809602669338905,3.3606173807263784,0.9193993180192539
0.6497440058576398,2.5746952341139346,-0.44614794697785376
2.097550909275624,3.041418932296162,2.7190412859732307
0.9925779756881283,1.334641626995483,2.087445924411152
1.1834693650942145,2.2901604040001997,2.7683684800274717
1.2037415229418849,2.026203322600785,-0.7729975228727834
0.291667182080376,1.078242966904333,-2.808010144323229
3.5789699048911254,0.8529746054515939,-0.10174572808662008
0.5377024839304059,1.4775543552345067,-1.9514687714259011
0.6130768787440344,2.6391389709128728,2.502418926728664
0.5995918808100589,1.778267981973083,-0.869821603476828
1.935276610535289,0.8560367873612935,-0.8418814441978979
2.720283253825442,3.7839338804159057,-0.40344765785425896
0.4456618785372459,2.7107918357470364,-1.3105224646821436
1.9400079949603732,3.6575633898884203,-1.127736652272398
3.4400068738583225,1.5517595767581684,0.12332155767552688
1.0092679991608593,1.299155459367582,2.1986662898000624
0.32947123089719677,3.2038575338125357,-0.0741476068880007
0.32951938119655644,2.1509230593717907,-0.8514884741403281
1.0800460222092827,1.2977137415075024,-2.7724130650470284
1.4711519785382978,0.7924776846944828,-1.7367772536628883
1.6917375403388082,1.1362422276170485,2.181842070458215
0.86476997399514,0.7831824975113704,1.0627042423831332
3.04891109972737,3.700647566252859,0.6460357505839442
0.9694698512063615,3.1643648152860373,-2.19391110348753
0.2848464944354645,1.8070520547648705,0.17933909800987635
2.495411611372667,3.2111651671662864,-2.5143214779773757
3.104655818530328,0.15793001223737058,1.320764396758845
3.4958827738982867,2.2201347906418505,-2.0735132806699323
2.9012154729583868,3.2752123572631,1.1881304228279834
1.0106195119700185,0.3696606765707382,-0.22776705463073688
1.7859231178724766,3.3925213881871787,-1.8178571068130345
3.825329508548044,0.46962050992359483,0.591027723292608
0.7730768791648055,1.1134784298096787,2.673912887280231
0.6804608286653222,2.7876429156049785,2.4610211123595693
1.5142326575935443,2.9662339689186306,0.6015809069752063
1.9656183456977097,3.5960226536784954,1.5557505682073716
1.0891941979032844,3.3051212189379204,-2.3707111051158964
3.711813304999075,0.1574228100013677,1.2178663457351275
0.40622115006485293,1.3466155898025285,2.803362907922847
1.0133775098730227,2.931178406528707,2.382571697895237
0.6425207952180174,1.5179836916478142,1.0795667024734126
0.521545712393682,2.233252979584487,0.6185760029200296
3.02088466294984,2.2530241558988156,1.995937727515999
1.443204380456943,2.881394061485081,-2.137400760984316
2.1483949685998223,3.291899471167575,1.5290321479700415
3.119997102702806,3.1343862075945794,0.14501950725432122
3.2987976749040766,3.623444742363355,1.3530484896484625
2.7671326696896266,2.2179399568993854,-1.6074513480335242
0.38213507471686414,2.480517769342796,-1.189773089169817
3.2210565176016783,1.9158003592274353,1.8572059306114994
0.23609550284058978,2.422245583358298,-0.8211084698427
2.5651144916063324,2.7903881640377732,-2.3503196934222124
3.347281823586917,2.9892705320873323,1.9636493265696924
0.6208644564499695,0.15991639828871262,-3.0072490155188487
0.20749468466693255,1.6179968926019943,0.14600650640340973
3.061795068127598,2.639651021131676,0.23659109364392572
1.4877809121585548,3.823746751845471,-1.048758709421039
2.0001350276488896,0.6444971548033029,2.611237090374382
2.6053864628000554,1.7485835869554647,-0.778754233596417
2.80163050543993,1.028696496508724,-2.955170113682906
1.3082767105628381,2.2972739072092807,-2.2627103121654235
2.557769677510401,0.9236987740929177,-0.38395760479622476
1.4392636998963901,2.8917797826222578,1.7851074262613853
2.0860827529548858,2.9473848382871712,2.697270600541346
0.7640752486463325,1.5463718771448143,1.5341754040701918
2.13079688718821,3.5594987151726363,0.0717186212444858
2.815948129048058,2.8609899080427863,0.20300302220677802
3.6382328724127886,0.26634085381659434,0.9594553320564776
3.69823391971251,0.15538844901574578,-0.3779830904513455
1.3188637479384857,2.8383930079462103,-1.6528781980269438
3.599539797774874,0.7441794748356649,0.8084969364635635
2.4212199262703895,0.5307197123866838,-2.3583051209577923
1.2722889410269076,0.8661668247653864,-0.3738592204170734
3.404732937522982,1.7893194717671141,0.8326276226768554
2.9339337329581126,2.103087497901401,0.8491313425355336
1.051941392211699,2.4501640730317655,-1.801021788415088
0.3686259787124322,3.5104835752897805,0.9014852858920834
1.1907133948901767,0.6572058944959607,-2.1304186071016975
0.6952355934750378,2.67965636867596,-1.332182262441072
1.6051957612939054,2.921633935718691,2.742702470673013
1.0082947846606518,2.887072030607151,-2.790624280741675
1.9634024571070827,3.03030525667953,0.8516380125320988
3.0694715364253016,0.8668074508706374,0.9678528471047914
2.3118478352053558,0.18451516242466015,-2.7866285797529655
1.1965852054517345,3.52524798521374,-0.7845392720449564
2.637226928607505,0.21128722695499436,2.3382422275571697
3.666123772002286,0.7297388129243902,-2.67800741623347
0.7063367616312974,0.664349536785299,0.00012829212793352696
0.2608902433144529,0.776141483820064,0.17658998117183078
3.4144721694049265,2.5749587164025063,-3.1130450706477797
3.182756989014006,2.933224189452989,2.0806947064424532
3.5848770736664797,1.5825677066114427,-0.39581949177407294
3.8066649410479516,3.2099562683898717,1.2776605578098854
1.5054176590603823,3.6193054396664235,-1.504451582295345
0.35218587892859254,1.1109962947052296,1.6488386953271084
2.416902193092814,3.0248652376714653,-3.1264514910389574
0.9957254201804648,2.1068858150814114,-2.382593810888708
1.6434741849830568,3.099825626160292,0.28500254126229096
0.9110448934255713,2.2674025200440395,-0.2198151154037098
3.603305602645062,1.122331461410206,2.180424965702688
0.6698863411001312,2.734000659393171,-1.5564487818032962
3.491758083240436,0.2119651855355036,-3.008660112675569
3.309766626218696,1.5495756922787196,-1.962657051197149
1.616298812451256,0.6298700687565515,-0.6846506403020345
0.38718547992769903,2.408981906438277,0.1194613817046255
1.9680717957663392,0.17485718629313185,0.3015487934562553
2.9890213774314507,0.9123981036311948,-1.8702964024155802
0.8433246401980425,2.6678543311324723,1.0868852109490454
0.7648441401452302,2.8730359505322443,1.282411637167261
3.031437846680844,1.3303781331069406,1.2232120988410777
1.2011034699819092,1.0040437025752875,-0.4272746463512469
3.1837876177317015,0.7007580802189532,1.5109707049792824
3.4913398007974186,1.468723816104358,-0.0893081654498813
1.7934235862239074,0.538925201242042,1.9379023805290387
3.5324138283773014,3.1211153704033117,-2.9913688248182706
2.13056336582333,2.86767961259541,2.398909144081407
0.5485353882209352,2.2859175983193234,1.8621255769437237
0.3558558954986535,1.30851835238279,1.424477558148208
1.2845370431474445,1.7286076047039605,-2.09172899767408
3.497607928580202,1.588698106670492,1.66805631643778
0.4845647410675151,3.0221259718751634,-0.015393108274986744
3.5253878680666375,1.4497351150392443,0.8281159219819791
3.270867081643626,3.78470000624095,-0.34620932940844407
0.6275517904271615,2.913672417425622,-2.092887370477092
2.205710483922068,2.658984050003724,1.6974121606282324
2.0242653250485705,0.8728323578426225,2.1963425044543463
3.2786555146318204,3.282997857135467,2.159004657214525
3.607397312196124,3.7183784820472954,-2.536312861006767
1.411915176537415,3.3125187994486796,1.817833534872591
3.7530438196679548,0.5945533009555843,2.327791362376189
3.476580907628492,1.4304399569395523,0.8325096862799359
0.7068050891942952,0.622557423453673,-0.7493341502008741
3.7403755129066174,2.3234728605299795,3.1337616047189982
3.136947319705582,2.6886378361858156,-3.0517522197051186
2.331316085598497,0.39887509896113826,2.595236656417656
3.7621360808931366,0.5204026856148629,2.9735756256167036
1.1334955708646168,0.5436131980139534,2.7173996811443475
2.076963789730159,2.848581063301599,3.0752118854393427
0.9326324742354477,0.35608705544859687,1.4516076506378468
2.6689194970761965,1.1842813718152039,-1.761619642963564
0.7997042469792057,1.04105841274967,1.6780394812911492
0.9301243439636648,2.1845671893509135,0.043067429159175497
3.4691365615404472,1.9458925104251996,-1.666785724445474
2.964412840269199,2.833284772254377,2.9109542245786617
0.5785880078164376,2.04526452219644,3.099551008276485
3.0901520321870377,2.8749620941699385,2.684782630484631
0.6050806711180674,1.2318594711494555,-1.0616505893747865
1.8912817031804305,2.9175439569996895,2.5130172287348804
0.5044761309197416,1.634054506863245,0.5804045668075992
1.8418869027187696,0.6353743089778425,-0.5525563043593102
2.6129034201018118,1.2288160682118567,-0.7734841211660752
3.57001815388218,3.2830474191163024,2.0927890956495228
1.2986549748462624,0.16915577931595482,-0.9903634579818625
0.4078611903598741,3.445574858075803,2.1419157123757833
2.6835417215724733,2.853933668978708,-2.4727651454124495
1.367979427712318,2.2318703297907776,2.768269680723775
2.8183627572951884,2.667588398641404,-2.9463728639138034
0.4320720603984922,1.6414548500337744,3.0226836958464487
2.246884293549928,0.302468381293024,0.5687664300140449
2.406291815879643,0.9825431382543242,-0.5169380872994722
3.3238409310433856,1.0496954017380484,-0.7696284622197331
1.2231381381481214,2.1956703589560895,-3.100234885412183
3.528467213220146,3.8307263543605785,-2.5281497007888243
0.7283493130295562,1.4408554924604267,0.2663174838549103
3.4892199497027856,3.2841008965171765,1.2805095164123017
0.750808015324409,2.9968741466890174,-1.8706229600576332
1.2443312298460891,2.3450703886101394,0.8548351920372217
2.7029943540865577,2.8540290391811522,-2.938197157834141
0.41019425406359344,1.5600224206734863,-0.8373708501900263
0.7616204017733925,0.4810109250800312,-0.37124982049383703
1.46688044079047,3.292908666796863,-0.5347958796423105
0.4635871268123739,1.922678525871186,-0.17974298779166942
0.7000255642012054,1.1943626340531854,2.286020232969193
1.4368182085207475,1.5301771846687964,1.7656028776884174
1.1856541954812538,0.42750690667363056,-1.132943217426368
1.6983225088219602,2.665584579655309,3.1213796753524186
3.823212100299018,1.7741620309682804,1.4557682541136883
0.3879646898033755,2.955853696441254,-1.6319704572306069
1.5040275246013013,0.6753088623343184,0.679910330152524
3.190470633245717,2.0291623655306585,0.126861820974987
3.6421394262546047,1.5479963610872907,2.1118593383578466
0.9387272864676572,3.61369731030169,0.06068197858026636
3.1539075228793605,1.3457354336269902,1.128020198069689
2.7434207879060515,1.89119295848595,-1.3704637918009213
3.2869899956830593,2.3980019044678618,-3.0576626060210645
1.2498460882720606,1.5583109444066103,2.4578621234292735
0.9504130212602342,3.4629330864590195,0.45674934924680644
2.41397549729264,0.18516417432598775,-1.973032887452143
0.9976880025760404,2.803749647892049,-2.605406220458038
2.8664569638857538,0.25051124666845714,2.427567115405399
2.205771067677311,0.8002710015965793,-0.4210048561709909
0.364751492387116,2.97122121927549,1.4202122786296298
3.4758834145720456,3.120975747593718,-0.3383125340023687
1.7912448831126646,3.7680728234465337,-1.3947157963291792
1.1863647624082074,0.4992273053341578,-1.8247363561733436
2.3160788255201563,3.108143813628306,-1.1773736746956367
0.8618306108780556,2.471344573777925,0.16500490345192587
1.6698546443129048,0.4635944921007318,0.3974363647401762
1.2861586864848915,3.399700051703799,-0.7649470416119812
0.6886099530274659,2.8554509263516965,1.6241152831876011
0.8769525342162114,2.482385190713912,-2.5508101557314835
2.5341805030366946,0.8931137899742652,-2.594424444448727
3.3836826771680455,3.5906949612605334,-1.4730940174541618
1.5116852006334862,3.2675191720453576,0.9200724110168066
0.6115191547781142,0.18136800731645408,-1.97932074440295
3.8061070604562626,2.6900030940084756,1.4508856661482223
2.914402389076387,1.6127040145243918,-0.7844916552523951
2.143483256205438,0.9101212505888436,3.0475727090576994
3.6714469207553178,3.5162893812626352,-1.7179852050676143
1.6268625778692063,3.816146082162733,1.7858831605904681
3.075765058717462,1.6573207606844167,-2.0487372586721033
2.4064034079521077,3.2160630425507515,-2.138464597659939
1.9544906607760293,0.2661847994574882,0.857740845906132
3.330912330030985,0.8640145059566136,-0.22067822274249327
2.453193288242101,3.8205135056898127,-1.9897050993456984
2.668268368974562,3.1887396828841936,1.0621297849861246
3.6917322828202774,3.4215068939817033,0.1873381128781646
2.7942643660442776,0.822122859401488,1.8782672863125294
3.8091041606422067,0.9951229451939567,2.62903908709598
3.4186319874814703,3.7696085153411603,1.1971450885030803
2.0359034238000415,2.803159744557078,-1.4630225833964645
1.6576630641100047,0.20765888480760486,1.5777125673016972
0.3675021381584367,3.107719285348091,1.591273834471476
3.459237413649149,1.2345017184076088,-1.8998754444289983
2.3942001659212697,1.4534687711084935,2.6979767029343282
3.3257472769127836,0.7663505021166594,0.9450067145451229
1.3136965807576955,3.584270193231557,2.285898812107628
3.235276459127673,0.35974239635181604,-1.6453251678508314
2.448016697251287,3.0080766219268646,-0.3826983600867866
0.5854172547558765,0.8491858733718032,3.0394035327139974
3.6199036461702665,1.1446732986281742,0.005397883784147073
0.37870035453326034,3.3597451784212278,-1.325733679429446
0.991983004494239,0.24980508071228824,0.2403232543425391
1.4202441776157388,1.4252344392608554,-0.6583881571449255
2.4300794250568756,2.9779658878307833,1.597236088513963
3.5792093284537323,3.693431631882678,2.741670099221385
0.6161832393885431,0.7848156136750091,-1.9592182009525125
0.8113612330243614,3.5666057529181114,-2.0545605978852457
3.0595584113701615,1.22218280633294,-2.7004122541939695
0.8688525046889235,1.3072581430456691,-0.06127571027714085
3.4471712098546705,0.5889956064936426,-1.5391788923528653
1.2051286304142836,1.7621925626758421,2.2254266433768457
0.9751717550563952,1.4381131600990225,-0.18880570143865993
1.123789055841446,2.20392549991247,0.06564827342331014
3.09467245002023,3.634506930136788,1.3823189821499406
2.8433643318118187,3.323786501991163,-0.20199778678449798
1.6274619602006242,3.266763054156104,1.4794212508624778
2.810965610355563,3.4506931525548,-2.9237208504676597
2.6673040792991976,1.88610473778289,-1.14856399950863
1.2562496375979881,3.147399364117316,-2.1798738705991
0.46019377694187913,1.16892341994506,1.121094878365656
2.611683836871675,1.343953193267863,1.9599117048975616
0.18474679437961994,3.289455809163028,-0.2986897916330471
3.1820938907795124,1.6551972376886623,-2.138056848506287
0.3816425595086832,2.3968872173547777,2.760878602814227
2.532767367325004,0.7421366791412023,1.2183926999029318
1.9185901080798775,0.7060262587160766,-2.824883126166179
2.6675244030483474,0.9057934129732765,-0.33325309012559057
1.9006847406676495,3.1564601419966696,2.8147569162754893
2.619503645062462,1.551301865600625,0.2155114691375286
0.2394303203865178,3.0743563948616957,1.4174659190623267
3.038138838919888,1.7720051155509515,2.577892191730024
0.5584750785708756,1.1231910855816527,-2.08372304751179
0.18362789242977318,0.9709457470321232,-2.3298472396214427
1.0488074170409738,1.6067217108716503,0.9545557154446129
2.3907851199526813,2.6086567400214165,1.2071457105165546
1.2039903134389789,0.494978262949489,-0.9258914158812233
1.0751893332657123,1.8143442977549205,2.868096302872442
3.2765794251774496,0.938752197828149,-0.5407852119200043
0.1931680428485234,2.9993071743377624,1.1759592170630002
2.9660515133286673,0.6162799758040682,-0.01258229331923122
1.3221196066895229,0.6383022363147424,2.359575498121192
3.1030272635598624,0.2626881666483971,-1.1823931173850393
0.3325560283145257,2.7026108012965526,-2.641429801846505
2.303865905847642,0.17158587770530875,1.9939706151858196
3.023202557196905,3.4798320752234706,-1.8003424543756843
0.6553401335462219,1.728947324260687,0.1292202766729309
3.773508499785613,1.4343883342605612,-2.1275458360920716
1.821288311924611,3.6539737957927283,-2.681099216752407
2.3756318841258492,0.665168827858829,0.4221120761680517
2.386731508769663,3.782837086207212,2.6808436856546427
0.49566880909567335,0.16274384899824534,-0.10151502740395957
1.472355155163282,2.621417145301624,-2.551689852250474
1.6469811698466486,3.249720757983107,0.2102515767310993
3.205449958128746,2.2531274703617794,-1.7905119114183001
2.366232950813557,1.2441381467724701,-1.927570707423897
3.639750355433136,2.46676479614116,1.151401099266181
0.20348774517899626,1.9859451252750095,-3.08568256202964
3.770672520081347,2.873406266950433,-0.18579610319504525
2.563531535710115,2.965038458524803,1.831407588412711
2.66456800463287,2.657459179428718,-1.0638615017629558
2.93155299606184,3.761931765350404,-2.53165153100218
3.4434988219553233,3.548395390771175,0.2657307530954407
0.2770464281902414,2.7585874674031907,-1.9096321491763923
3.8463779455898353,3.1211415797746063,-1.8301600629387444
1.752776938452779,3.025392076653363,3.1054866249380497
3.7996271423173114,1.9132914262122873,-1.049381854386895
0.9888135877895379,0.9160098094731066,0.13006636800833382
1.2233574110049554,1.335347864923603,-0.13025337729732378
3.1676579422518403,2.440484239021068,0.8671158440606597
2.6971610200676412,1.2029924692806717,2.496781566970232
3.726282932687056,3.358947618523639,-0.25747610473190896
0.5433550993326617,0.6521982572757086,2.708537013938109
2.348547398561624,3.8217209382283164,2.397478749456371
0.1531481848687899,3.127443456703957,-1.7065194418275311
3.6608594735378968,3.061117365035774,-0.23528868615821708
2.9865083161300547,3.04471049459815,-2.874185815978254
2.201553268393103,2.9947009913320994,-2.4951943077081356
1.0696154140599843,2.599496742338174,2.6888584176560917
0.23020540460127714,3.2731381560171497,2.0690518172583294
2.8683059734053677,1.6898567001501248,-2.9378857860544882
2.6345611116989875,1.0089752440745166,2.171269361744632
1.2377767387250187,2.567787282160402,-1.6892529073669698
1.0731745137863111,0.44250967190743395,-0.25919646456199175
1.139714994587988,0.8916117232474123,-2.5306523805194328
1.042184856870764,0.3545714738016601,2.2009080394112397
1.51647026562316,2.8449716552744513,1.0217704218971946
1.7752948287064143,2.822265722228398,-1.5364109634689094
1.0233730437539208,3.393569785509267,-2.6081851698392295
3.084823896247409,3.275165714632714,1.5483240025605038
3.5300348676909965,0.5415448366962736,-0.22071780158043586
3.046181806880661,3.434964330416354,1.6863544379602482
1.6082116343307193,3.1538858028847288,-0.7860855568330543
1.674259261631974,0.538353457094447,-0.5344982874107371
3.4598857988827465,1.0983333413078102,2.200888984095643
0.9103210284140792,1.4194524883104425,1.5521519201618332
3.2870554828153704,2.433955270295145,-1.8143427678456094
2.3305224009314474,2.7871232186796604,2.8613773924006622
0.31324839845691166,2.2042896010873454,-0.34971528869213797
0.7469061676928783,1.8654895239465974,-1.8288288393400323
0.329196651952278,2.389057128728509,-1.3950356784091664
3.7757441554135256,1.1162390621280411,-1.641134324010949
2.7126369571244493,3.603816122258269,0.03619878713881608
1.4782001568933887,3.097936098418031,-0.1799817306516207
2.1857786169886384,2.750000768677791,2.842141381015871
0.2515626176178092,1.097738628263309,-0.13304782652230118
2.078918207132271,2.7165643023356827,-3.038659809369397
0.5219748251549459,0.317371963652191,-0.9659733535651638
1.0611290009512149,3.0077347239024315,-0.2646008183808286
3.5031493195328625,0.2658970381873247,1.8037892946059513
3.1326233047459304,1.9492900233224129,-0.08866707441928723
1.8689784914052234,0.9826197720024399,-2.6889869936061883
2.8003425790226406,1.6439034306164988,2.7305611991992667
2.980454634727927,2.060091770118294,-1.8139858244209743
0.5385590556678586,1.0989887927789819,1.5984071063822727
2.639612473893632,2.468982056106123,0.43143041957164874
0.9850303578136312,3.773142754184554,0.9579678275298837
3.5703967071503864,2.0314070371014554,2.4863331137160873
0.43118302496597405,1.0121436551331908,3.125056752708841
3.024286714598172,2.6095318309770112,1.6620099689528072
2.4590962127507887,1.1660503336669747,-0.35502959632127107
2.345809334576733,1.080347412964075,2.2673219904007276
3.515161984450305,0.3474179345634898,2.8201625945249704
3.803789460772424,2.7295559953307356,-1.6748146569991451
1.1237349473016938,1.1537332930101845,2.5838300536397414
2.5514576155761044,3.074378620860967,2.38363801452211
2.6385291620519347,1.477521890212587,0.7308481855763223
2.0011607876905204,1.1687025416913404,-1.417416359305189
0.33444866262344597,0.4933741663369928,-2.4026517792998625
3.69719968446254,3.160918197063894,0.3830773915716219
3.1014686720578335,3.740913765527629,-1.2828522410710945
2.8071814109559994,0.24255025852625378,2.127165244597977
3.7213784080507217,3.4741999913957544,1.2258924337707322
3.642877115480423,3.5120517537067424,2.655632933202739
0.8727604072655901,3.553884898871725,1.1213723552774706
1.3042550859440252,3.1420980162184273,-1.1633017566008566
0.731516991203077,3.2139399735262995,2.5488370456269633
1.7985695326976034,2.708241865290927,-2.0136944714136655
2.3528736457123443,3.7902344094259095,2.3043285079188447
2.044667816837137,2.7166346508636483,2.1512248021267624
2.2754152520371838,1.3726299681345244,-1.8977215384854895
2.794214649731444,3.1904582715567726,-2.1064164850350933
3.55325495098786,3.4253939643737654,2.4149143270899636
2.201016897322005,1.2583437483940787,-0.67966550173408
2.0189281363923075,2.767216562683089,-1.620760474674606
3.0709850463142994,2.925042543539851,1.4947452611784406
3.768676053535012,1.0428708925711465,-0.7175498923655077
3.0807168674071392,3.452104720465806,-0.995092383667127
0.771549461259815,0.8062253584188293,-1.3343063623689535
2.0446481641716145,0.6483177615890279,0.9035214521398318
3.629455781421187,3.5477399707310457,-1.7421035312162185
2.037517159291001,0.7190436656108021,1.1379365013118479
0.8121893397264972,2.585553715504884,-0.6606758528722572
2.436800371083452,3.665971601307461,0.21757156298751212
3.2116647021182665,1.906341811008459,-1.8187890985730204
3.153197769337877,1.4024583377012503,-0.05062593791994985
2.7334975446847443,1.0625578938293678,3.0827046929713706
3.667665384232106,3.0146418323551725,0.12438173010519327
2.412240551866133,3.12974227811013,0.4403307489352577
3.679048531216895,3.374004863061101,2.5077231444634362
3.5173506400159664,0.9656091475393307,1.3614000389936525
0.7647701179981605,3.4782208209513743,-3.041196281454967
1.2507525942975528,1.726576794374636,-2.5984097466980685
0.9301678302126386,2.0147496397775764,-0.7204475084958868
1.5372875337723655,0.5200022471822816,0.04772292774839615
2.548750214421499,3.421117884949229,0.5985017719455881
2.4783638944241977,0.8731304184428286,-2.7365127216714478
0.16931435842875953,0.3717722504451668,0.10203360163261932
3.5318688536087928,0.7623664801698151,1.0971020784358352
1.6320330194179533,3.455334251477355,0.2779569592645257
1.2475367209772212,3.344090791550743,2.829465851566356
1.5782757947790929,1.1910067654957768,1.5907164205032664
0.9593240965215633,3.3365712438538293,1.3708014174611476
3.8239057521952544,0.1937305745715081,-2.39346812743716
3.5703826163779784,2.17647090299583,1.5001939925700016
0.9193444649768989,0.5786338556550161,2.250105968197448
1.9468049023637084,2.933143999811552,1.1030350174519983
1.5764769372481764,1.0831251019284172,2.4633464208339264
3.4690624800381107,1.885133870380756,-0.47568212775341223
2.2809812514535355,1.1613765367670417,-0.6338984050483831
2.0430196331559376,1.3229066752695613,2.382720740948347
2.708712192477028,3.5357110730290824,-0.06071807723896061
2.77887309863006,2.705368045400646,-0.900802759948593
3.149346085972108,1.0788631343228028,1.965878573779123
1.1592058161953225,2.251726723907003,-1.2467023676701428
0.6443985117244564,3.268920973523507,0.37904497346127997
1.4936897539178995,0.17531513248960984,-2.846228053266911
0.4411412749121246,0.42384754322399854,-0.19696083044346002
3.543383168370904,2.9931145054356936,2.6645535393596447
0.7778607314044494,2.8280423273858504,-1.2218514248500354
2.8368582511670204,2.925330546012645,-0.9491158276930842
2.805402068007381,0.2103850338674884,-2.836485783280313
1.062343406153465,3.4079768048638317,1.468234775256092
3.4790729436890087,1.8594822437639507,2.720831391745051
3.623672562672697,2.1453400832252414,-2.217210677933516
3.815858920718455,0.9890202389478913,0.18528166796463097
1.2050816404249627,1.0410309152045483,-2.1824639539909425
0.89018086918241,2.8732843555207346,-0.3576200922439017
1.1008862559794075,3.3301379543013203,-1.5462698789559812
2.6779235955709773,1.0996835927953126,-1.767365315930598
1.6488862137896447,3.3019664195595375,-0.021570902309209217
0.3113091764698215,1.2015447169593996,-2.7185093057556156
3.55180930587903,3.5921373919713337,-1.8120763765258732
1.2629851367718707,3.1940694657972,3.0643565035736886
0.7159176963494134,3.2814262547937365,-1.859816760249683
1.1447179861854049,3.2034497794842065,-1.1562328290071944
3.72623718307675,2.187973549006549,-1.2772219864064143
2.8527525586815563,0.37560273335738614,-2.7623570069709045
0.2953550993818692,2.3508154425076273,-0.0003488587799393983
2.6416695278783267,2.2231006875011916,-0.1136554664650049
1.2726514080937692,3.3983873908753033,0.09589239267758742
1.7165683696399374,0.5611375536903509,2.2339971011784874
2.5975242389750828,3.344098138055805,-1.8697270813853055
0.9360801514113524,3.223771560547032,-1.830899780557021
3.538289127257723,2.714768020241005,1.0797066590014417
0.6828206689668503,2.387767372248916,1.8767523354769677
1.8799880863388263,0.8249822265668065,1.5215620094777806
2.3364304575061303,0.9325145224189697,0.9666089543450394
0.20262376461435716,1.2652468379265125,0.6150389850963949
2.736710239473945,1.3312380394665206,0.1809472231887339
1.3551547291924746,3.5735983659109887,1.224931367814075
0.64393745441263,3.1389844753442424,-3.065460529742835
0.46563160173681695,1.1053346291758936,2.2886390236520553
1.1739495368295878,0.669654393800307,-1.704593993541557
2.218438447875183,0.6888158420835229,-1.3090447631828224
1.483165430970864,1.3163721700474915,2.777646640881219
0.24603931777262744,3.0233522562298254,0.15750256888134784
3.3397316176703624,1.1194591413619066,1.9145021081272189
0.8906478591547557,0.3967509549841206,-1.3264732560095467
3.3789681261810003,0.184079806901968,-2.7326226342762654
3.7018948644861056,1.9012519307110218,-0.4584169841198342
1.418552571881556,2.8021547852101953,-0.11158888675794199
0.661013640284831,0.18790126205714186,2.9877236608443223
3.0777545108223863,3.7450744538897673,1.286856837795356
2.619760603555605,3.6111112408838757,3.0786746793446165
3.7995239603249953,1.2848379428093661,-1.8679998856912676
2.915402991018069,0.19661483979797145,-0.9250943994639744
3.335921804876094,2.9819470881886936,1.7990143906780416
2.6523100071053594,3.2342309480834155,0.9821992480170145
2.5434643461150084,3.4719758006102928,0.6928994436501061
0.19034870751680844,2.005348302132538,0.4886480246229876
0.4436014592848627,2.4766284401268663,0.5421832865515284
3.5198214645561117,0.40743596595396303,-2.476626031297477
0.3454189145001587,2.5896264498648067,0.31417530620310785
2.772923099341181,1.4609355333023162,3.007453325463006
3.3966233970221364,2.2170857792992957,0.48950726372095277
1.189697822036968,1.033129219914199,0.19966767597541457
0.1654123342890257,0.41364630591171503,-1.2245658963746062
3.3148651016241035,3.431846885504235,3.109085942437419
0.24132161095240523,3.3965370175027827,-2.198546823926626
1.018821187926775,3.64108738216277,0.8752555633520753
2.893390672748163,3.3926210993102615,2.847648576422965
2.4905964275702246,0.5083016108107459,-0.5322533817838266
0.6119866676227055,2.4233444310164343,-2.0230221500948407
3.820339658883367,2.735602230434552,-2.552963531524435
0.9813642192450018,1.0635184122565624,-0.6744236921759428
1.0427334941724777,0.6715036556899734,2.636913619440482
1.868800040759007,0.31052965672825117,2.392281974516691
0.2182083810106641,2.077360531613993,-1.1451456139711087
2.511984093310687,0.24207077025491008,-0.23433115542004535
0.6526762545283633,2.5888377342645907,2.454329166495042
1.4569742607754756,3.369860326857678,-2.907212799736938
1.322587281922667,3.3316479012054403,2.765891607235236
1.1109629722611847,2.489484363591066,-1.8369523147554647
1.9490327453270577,3.3658912490646666,-2.0174228086966726
3.0342701871763356,2.2539845683974833,-1.3857578556862291
1.942204341876507,0.2739024639103942,0.028154371453446903
1.83415783404873,0.4679727668580109,2.0804146358269753
0.4344166920697048,1.0148767435154906,-1.1965353027327537
2.724033279004108,2.109957519672182,-0.16115070595221814
2.558869257620145,1.1776815209712326,-0.15642103228592097
2.900260115887469,2.321274349522032,-0.6283594107861337
2.0278765985748177,0.8997392891356233,3.0372691315707145
2.691013548285606,0.1809779531040916,1.272527800211809
3.2830677983650114,0.6533711195611507,0.3951453310695108
0.6743000912673756,3.5702608297281144,1.3342406586031181
2.5494849593478928,2.9696967914143992,-2.3015464303220714
2.0569796938432168,0.2150715567060204,-0.6689665134566232
3.4405588946747745,2.1647222411808262,0.45687773028695355
2.6950523896707876,2.32678647388829,-0.6013529547988692
2.2353656422847052,0.7220405724863475,1.677487077250773
3.6094078653120114,3.3891652675039765,-0.5426558638365577
1.631303898234357,3.395133059290728,0.25373217057326514
0.6059637348697331,1.9607652172530772,0.4754659356134914
3.171139968833298,1.3661231792409252,-3.1276335725469813
3.6617185021036307,1.3371948639213818,-0.7611905101652705
3.6768017512979303,2.1382856580551297,0.03844587213538908
3.2869131114471672,3.528493243743226,-0.9008280837018945
0.803427682473036,0.580705360084695,1.1761237532340676
2.918722999949148,1.6113778306083208,2.4168281263141225
2.180865372110378,1.2605663889106764,-2.067862067591877
2.7114478193616707,0.26471716800447354,0.8799688230887996
0.7643684809461715,1.841983953731165,1.1404213563811991
2.107139336098419,3.398527254415671,2.7672123867313214
1.76150502610342,0.5085146619946106,-2.379764717459325
0.3143626147610168,0.9540082010275217,1.3664582929478444
2.6309619162558575,0.66596394326409,2.655616101370059
3.7855665137070975,0.9548436636104838,-0.8972014857154704
3.4928574143388507,3.663526842543213,-0.5938933112575859
2.8801156019710654,3.3096820435833516,2.115935131842339
0.27906051076570604,1.8258167095353963,-3.0125745087893994
3.667672459365602,3.282217849821825,1.3299138602657425
1.8456093901558295,3.2307701035803085,-2.003159816167673
0.3730055001548549,0.8218106430677503,2.7461000808503258
1.2180169323138745,1.7112807568881259,-0.44353108804605546
0.7792624518826718,2.19416500750031,-2.2305655296894153
3.0046639931082315,3.0472398908765257,-1.4749536289911627
2.2459504031313164,3.3007265367851977,2.0843801227662375
2.126302611587247,3.3336743451791095,-1.081281001555789
2.68424990490516,0.698512160061711,1.195716214981382
0.7516102458512415,1.5206196007333568,0.34125860114885676
0.41354929895618486,1.547310084822279,-0.27285489562144827
1.2338896132704154,3.0878530199691583,-1.5579607184701054
0.2021069256857264,0.19809609944016415,-2.3908597737050687
1.5799302443782448,0.6821620479479549,-0.6897910488309855
3.840118487812139,2.6956535081731356,-2.711507444294008
2.2678125081309433,3.8448455349843047,-0.9732242667945927
0.9451614334064513,1.7400785643670837,-1.5490867110786462
2.2332506446303686,1.2770875191653812,-1.134057533347998
1.0981050144425977,1.3327460398795736,-1.451074790593688
1.8674584355522947,0.5499795283063151,-2.851655792597513
2.7379791106659113,2.6405935219589027,-3.1092967200687798
2.974285131515573,2.3374568427522164,-2.2737755166114693
3.782785034111538,3.4049582938205907,-1.7117057361642214
1.2799805375850837,1.527513243498329,1.4174235929900059
1.5521003968302214,0.9904402005585506,-1.9306543774530656
2.621656672243515,2.6372363553373948,0.45272938718775535
2.017602920632563,3.6564484066949072,-0.7569548034397511
1.0572093527121322,1.2753870220120693,0.8902253065457391
0.3395156109667705,2.8747832155986965,2.9581793786124155
0.20501725630422118,0.8493616983138685,-2.881604145642633
1.2065905674989108,1.5778137608329152,-2.8402738915160146
2.7650725819331026,3.1358608419957505,-1.4094878881471316
2.4494701063367676,0.75091011748541,-2.2454139860180513
3.4178291010318875,2.1034992266295767,-2.970016542936072
3.124909416991669,1.737899078841945,-2.826888854300901
1.0578842960862338,2.7290525234180305,1.0718337390931847
1.1867937859847246,2.138340678564094,-0.7714224851188347
3.0355071130674354,2.2498743899445777,2.9360905300934226
0.6478708303056151,1.4157719718807753,2.3265796208170197
1.0532965594953216,3.643602336122485,-2.188728354986728
0.8012855232319454,0.32338056890625966,-0.985474317755346
2.4302876281142036,3.2688422388145977,-0.9851972632326707
1.990738597492197,3.555319448873038,0.499179303353678
1.0538319451674418,2.429211559361351,1.2077111517605843
2.8358482506667375,1.499612190291971,0.7297142279750104
3.2843274128634934,2.431920890916657,0.39360100061632197
2.5049582539739452,1.0645333163298516,-1.0424983984522873
2.5976876409129144,0.804157741310759,1.4069103439095274
1.258150673324074,3.552554033544638,2.8239463526401805
0.9117834411138666,3.7982198585107776,-1.1740324833245896
3.1950775938418086,1.6528184871404994,-0.29812460501228966
0.8920700749287289,0.3170352578404887,-0.7268753245962176
2.9565986184511956,3.733690506913503,-0.5395361508485572
2.315000496703571,1.040560842039985,-1.8600173466367163
1.0537736666278565,2.45083365256225,2.0677405846106964
1.4991568982213277,3.451581656282549,-0.23089086833521844
2.8275058577187755,1.1939853363364707,1.2502141435012684
0.2384768529094865,1.4729915337418733,-0.7557359022544476
2.7402568021906566,3.2314725991683373,2.028508197045409
2.376123653579145,3.098913500943081,-1.997282794186025
3.3915295417710456,0.7038079031782027,-1.4376437606563857
2.274015870997839,3.7514025920763356,-0.10235797714679684
2.6637008527830663,2.050685958405738,1.6709834486146775
1.3119629502543524,0.9468435622454106,-0.8039361087213579
2.8099878852060147,1.82990203884781,-2.025678631829379
3.437525543811541,1.0847439874303513,1.1903494554008223
0.4710952762092968,3.299063132815048,-2.4980336946752977
2.7006691545370827,1.6229115931259601,-0.3311144639081953
3.2438004975639716,2.855408564074716,2.434136485017505
0.7211734543947226,0.754201032424286,-2.3466439311013025
2.961742988624588,2.976865486931256,2.507049038425701
1.1899522292241898,1.1133489673157384,-2.239581527536969
3.335295753336812,1.7989866529460858,-2.1871949685947722
3.727544723904789,2.1418144492200675,-2.4469755121744554
3.3387976278007843,0.29815255238830707,-0.5031098806348884
1.2191894061574313,0.27848968727127454,-2.968567874658588
1.2295807981456228,1.832890222802027,-2.7727329586956957
0.7805775001690716,3.5283314103423993,-0.34702574101210226
2.454038501819276,2.849390614052873,-1.5454624081842567
3.155865457217634,3.101865559670958,1.374805126463956
2.2130252550679907,3.4834211361514367,-1.1533205789060157
3.6564745766987095,1.7933803524953227,-0.25869694115221176
2.703464117941588,0.5796532662609546,-0.9953234379873312
0.8566555890911589,0.526179057361364,-2.0032501707213224
1.6213022747890848,1.432464537228662,-1.5986211084586106
0.9181113910250436,1.1501985672150554,-2.125223178526703
2.364067500503626,2.7086685093437395,-3.027344106757301
0.6717728656078075,2.6448150211238346,-3.0727202571984518
1.1691668578352403,3.351793623868384,0.9395917447823718
1.1717327854402448,0.3163823498991385,1.5928812920196647
2.101990113454636,1.232274824996681,-0.3394073655675558
0.25133775756966337,3.180332779911673,2.460698573568334
3.0153882265027487,1.4298141208503017,-0.28957554342237035
0.7360274698582296,1.7475492741204945,2.611981052999953
3.078206405964985,0.42783236884327636,-1.482043075897651
1.4114661879110053,3.2841991500760788,-1.4960854007827078
2.7188555522395634,0.33558038176015437,-0.7921570886222944
3.5129852345350843,3.207355312692341,0.6137243049872034
0.39075553869788626,1.1459520805715888,3.004269912792533
1.6260662213686223,3.2559153018370464,0.3675401998174479
2.1631252612834997,1.171699752806573,-2.4595742732191948
3.67197842260721,2.2991338497673848,-1.6930306648188262
2.146720470577694,2.7308867590509287,0.7155172272726347
2.5418332231794687,0.9690473271648279,-0.5899610915515012
1.7942266604655006,3.656292975821435,-2.169098065764466
1.4432374784520592,0.5510239029482951,1.2792773397380515
3.709990663857493,0.5584333931369985,2.0431069885414077
3.7900387161039713,1.1732680890652252,0.07855153654206681
0.8530340296655834,2.8372592776077314,0.19270236817082553
2.717880862849123,2.9986995945706836,-1.8881812967150158
2.1087128085635514,2.969183634121829,-0.14803848424590882
2.865320549268846,1.6702123172971608,-2.218463914468972
0.6489359479247181,3.1029087078106596,-1.9468628593397515
3.60953551850478,3.2296961778962032,1.918401645259669
3.7255073122968203,2.1153100057170366,1.5739130294653085
2.7988264206321647,3.4382391679167235,3.0586049775521573
2.5436703364362376,2.382510234381618,3.0190694202438086
0.5373525257402041,2.2283079468526013,3.0796810622532487
3.297553663822602,0.27970270685180676,-3.1394387689242857
1.129937900203711,3.8410444524645944,-0.5287332324983631
2.2322775298632127,2.6416512570053916,-2.937670168375921
1.087974305017073,3.2280870184778943,2.3925875058832107
0.5459910512434409,3.2599399417140917,1.0732808009630412
3.618448065667803,1.3842908054786358,0.09157423127138076
2.6220793483899465,3.0424331103812903,-2.635062457876468
0.4213247784117584,2.923148519737534,0.8341662960340837
1.6800623342990915,1.3442580357077123,-2.4151035368847187
2.8589780486845315,0.6968082278740835,-1.5288849813851504
0.6426640391270824,0.5528141852013966,-1.5584483013112949
2.6505537280058595,1.8460912214445386,-2.263650294784137
3.703807184601576,0.3039558717339448,3.028965919263837
1.7689149132294792,0.5294292687814788,-0.8355308741097907
3.3052910371728874,1.3247444105070865,2.8965865904039276
0.6895979932447069,2.3407490812087097,0.28422386198393346
3.0666957366707166,2.0895626811798267,1.1958201819296885
1.4905874874931802,0.7829582441341465,-0.24599099402534952
3.8389681425406126,2.4080877760080175,2.6718672714221956
1.8778983457740686,0.5839336808246505,0.3117863937730596
1.8037247164394143,0.9014984800219894,0.06303019171038216
1.840078713858723,3.769901874175328,2.735791518207953
1.2443860411009737,1.263796580386932,1.8561375764188606
1.2709326149603553,1.8795167106110005,-2.780172368369474
3.120088934634315,2.2208982718417287,-0.506527474693677
1.4925566572203257,1.5797065848581768,1.0456628710947182
2.9051055718078103,2.1484039887950748,-0.9270146738667595
1.922258501586251,1.1778741086937323,0.5424246075159669
2.081061390187623,2.7741883533260343,2.387300709155827
0.4799850245734478,2.9028064800721327,-1.5331339402567588
1.1812895156843122,1.254696764404089,-1.7264956271514749
2.626636908836485,3.325789806763533,2.4795033213789583
0.9635256418633888,2.6460061413819744,-1.3389294158907736
3.2345780254846637,2.0025180932893165,2.9346544531938985
1.5789525593437945,2.5198018856955207,-1.2382492132324148
0.6900042441791094,3.2153458593882522,0.10883690354802322
2.2742707585583144,2.995776728940382,-2.1660738099711763
1.3645010519142362,2.5715421270391503,-2.874050602280514
1.7502695052306776,0.687902846351959,-0.28329046924185697
2.2348139474953013,0.324728461757378,2.3926454710411154
3.0586414040163903,0.7533319153334843,1.9144618758111314
2.4426640063347707,1.4246919270670109,-2.965538859938651
2.3352229633298927,1.4112846987042986,-2.4590833677341717
1.006194163789131,0.23070764568914504,-0.8769592204310905
1.0537024760092568,0.5911596523466169,-2.664236737773373
1.8988706960340949,2.790236360590209,0.8450509463640983
3.7889845218673064,0.23940517882979329,2.1339295093435284
0.4260689530483486,2.150127567684231,-0.930760062967178
0.3338087806221983,1.8783100316832044,0.41056538019935074
1.7540280898056548,1.040508543852761,0.2745552856028901
1.0352201820027433,2.8544165002641995,-1.1067918675515762
2.708138692657842,0.2724642475262873,-1.2392748799224034
0.9787573660090643,2.6973883118421855,2.486151428123807
1.6618285241066793,3.1331057720080753,-2.2561462989507644
0.9172289184298892,3.358922116373934,-0.8106256561591301
0.7312919105963722,1.9150781075899252,1.7688124977935393
0.8023003540677096,2.4882598299041145,0.3963690574559755
3.404524347290794,1.0133291746700936,1.187310257826649
0.9354450447115403,3.2879844533990896,-2.751971252560866
1.573062667744522,3.798334810520546,-1.2478358119604205
0.45465856464330967,2.044161275641987,-0.577462347778877
3.650470182804513,3.266006269347916,1.4800735320118399
3.4431907068021195,2.695357418197488,-2.3364699183460873
1.0834329250970662,0.5536910673269984,3.0076792203175984
2.920402873132045,3.564381657257016,2.2150863571763075
0.24145137173731523,3.6926651721153334,0.09017207645266323
3.5765152121573935,3.527505695510299,-2.986985175571605
1.0934806263880734,2.889578516040965,1.3387154821538436
3.8216622008502874,2.4285149389984015,-2.9979400609322013
0.4352604911688376,1.5910505385190237,1.4760746153170095
0.9016609543304597,1.0241902501304327,1.5074715875798672
3.364085325485432,0.5131861534480793,-0.5154380101055045
0.6157345914037236,1.686396802713685,-3.092800656545223
2.502430222176923,1.2548616409135795,-0.04050465642867129
2.23543433656937,0.2540156011410941,-1.1807469865206333
0.3174709709846759,1.92073009667685,2.44313448379239
1.2769083964150738,1.2533023145976738,2.6296490220828854
2.617470520977617,3.461962157232308,1.5069593210833059
3.2263674432874656,0.24476904600347638,-2.9349510643057433
0.649083911958031,2.751389883279408,-3.140714750023853
1.2015109311872516,2.160506392349433,-2.999859978676001
1.80957929997513,3.7229319333246744,-1.2731262931850975
3.6507149048775434,2.9329029770849857,-1.501606215374301
3.090238140274421,1.0602267049564538,-0.877118864176401
2.562648398210054,1.0290921647489557,-1.7155850859469448
0.668874545754226,1.6372415775528157,1.420672243822616
3.120505268461885,3.1415009063811175,1.5333183238070696
3.209656156314747,2.17676350706942,2.388947236830303
2.1698924964687367,3.1438863694625265,2.502887102984798
2.9376538302523856,0.7420799456373879,-0.16640259330400387
2.272027655708556,3.8499442688023535,-3.057166438071353
3.0648206383259486,3.3325290469720668,-2.578006221244732
2.5166508150474454,1.0637497123215423,0.8819708199572878
3.1928474420665256,1.4890411191432182,3.002483462292803
2.920189214716011,1.1160316952486316,0.15647860620371778
3.474085300866658,3.537406064504771,1.7643348526359395
0.7468918740396693,2.496500272078519,2.5413897982015525
0.8797317952506694,3.521543891708955,3.0524112459351516
1.623317020833912,0.157302698171772,2.7562555889928557
1.880257184824473,1.1129080620339211,1.1473195150754156
3.446536551152455,3.0390096922863115,0.27998444956407686
1.7710645115183978,3.5392307582357962,-1.0097378853299546
3.024827662356059,0.43456812226492403,-0.2015221662954132
0.3462684712967299,2.5832307184844856,-0.1304208755015841
2.986884877382484,2.562955031272904,-2.3499482010762813
2.7533850226453342,0.2314119085390729,0.16619424107564384
3.587265850543283,1.9379354829294746,0.2906898989974951
1.1663634785507728,0.6008246930704617,2.7197139913989394
3.0386645189327317,1.5352875082815678,1.361294590531756
1.363034176904275,1.278754132488694,1.1264799740923088
1.2895604514925845,2.760219025663161,0.9792358253982414
0.2704888058777346,0.938063636937899,2.980915110372921
2.8084670308973925,3.0192351082700983,-1.7783023670634863
0.7584682082128409,1.5347549748804057,-2.048709654447917
0.8656435424920179,1.9033993804146592,0.38024165473734106
1.9393320995496466,0.7145827864612588,-1.2837805043065071
2.0653299449618228,0.8970851484430065,-2.89632351022946
2.3167060671053443,1.2348971210587179,-2.319821066954144
1.2580304077039668,1.9256697260064262,-0.573162277202405
3.7739527809082993,3.5332083102868044,-0.05966507735915405
1.3827908524964498,0.15530326871284839,1.5000846255054636
1.945289565253304,3.3225766263512004,2.514813345603832
1.2519346131709126,2.07443173451036,2.5695789109460474
3.4282405334275814,0.7301874006484423,2.386408621391835
3.636616092972716,0.5481171869703076,1.5824515846039295
2.7685143131587977,3.8029681031751768,-1.6266509305837225
2.428337610860906,2.739858609586429,-2.1551483108776
3.0700599341460375,0.965168066041548,-1.8302465184095928
0.397907387689179,1.7470388675945547,-1.4306789322736309
2.319367644129961,1.0794960296917258,-1.9177279215627117
0.1752008370852134,3.3507883146441375,1.6189664291647965
3.004393554308409,3.7849094635549565,-0.21657407400677542
2.9554342424449906,3.4653570088824237,3.130420891712939
0.8885215138791058,1.509391496876066,-2.69668592517436
1.0683195672737757,0.5190592542741213,-0.8393398017065459
3.7913954809847255,0.177263932686897,1.5348932379850408
2.130964687118779,2.8076850326346228,-1.5099966163426601
1.9006619643195966,1.0510900167027222,0.017365894512400892
1.3234261472757889,0.89314165371179,-1.6286005453642474
0.503404254427132,3.4665769442703374,-1.864060677406121
3.09395122768526,3.5405369956555677,1.234883369334649
3.2864711227082664,1.6820329911095335,-1.2627026140945894
3.517838761116153,1.834875133072448,1.079883776277379
1.3963461279407712,1.5107267958459163,0.8067658316842969
2.948855139010906,3.025491368409483,-0.39183837080049067
0.34205194247988,0.8534795966961508,1.0903366199576734
0.5143571395076632,0.5950475538963818,-1.8681460511614438
1.167274767973323,3.0517463497991355,-1.9305653213257818
2.0078535572134033,0.9596009387542179,2.8668344522312985
0.7905040505689076,0.2591599683008372,-2.8524460088861407
1.0917730128383183,2.519280361372586,1.3110269677082877
0.8977861797033211,3.09076592249109,2.313653614629966
2.9710966623431974,3.0460042272097456,-0.2911103476798744
2.291030675640984,0.34442836567041324,1.252918799127717
0.9673033179016453,1.6341280939666838,2.3955462573032307
1.225003759248994,1.996652126332886,2.709160270119728
1.480919874457796,1.327441173320298,0.43648467297690674
1.0533313670735618,0.28807138640098273,1.3394633219569005
0.33998447842601154,0.7165255115113567,-0.4013262879619499
2.9347942022769575,0.6724636232380083,2.397532663280291
0.6474896247756292,3.074946450720423,-1.389354794849214
0.7996574112894659,1.7073416652806643,2.6452995067761265
2.309402667273347,2.956238174481559,3.086008983213377
2.85666164978363,1.5202373754308312,-0.6182261282531938
2.056957984829834,1.2131637208708397,2.325824602183551
2.697491046877431,1.6874967109676229,-1.0739750978342713
1.4742603163117187,1.6008448815944343,-0.8257125816291513
3.2334272772802,1.221602908760258,-1.87215098991123
1.2592196191195453,2.158679296440851,-1.9509868466464935
1.4815606536952273,0.4445861926766761,-1.090829503165819
1.7694715869396518,3.3934765462635155,-0.07538378019377667
0.5114736243726412,1.7686237966083018,0.04250416460863393
0.4518791893387566,2.9001090971649734,0.7817351108656343
1.3177011084450978,3.6004693249342643,1.6834576268544401
1.7022970554299421,1.2413854109527565,-1.396226393888919
3.157137948559062,1.4864199886787204,-2.323454947986628
1.3400632218581805,3.544745794505909,0.3713156372501598
3.0440919437423655,1.2151695997703582,-1.2152525586397256
0.6792519073657264,3.358390128828245,-0.020963061333831412
0.9895250960252588,0.7855201081562453,2.400254282151149
1.3238746142423263,0.5163164149637058,1.4210794029290286
3.497468717965204,1.860059892932025,-2.0146095901828924
0.6154196445926217,1.9683738910304491,1.1080831571689078
3.3531319763877154,2.2155514092556743,0.5986055885099248
3.0352760472391918,2.008477798494306,-0.5516097058879139
0.6868836252531714,0.38431745402920336,-2.2940937869061497
0.9087074859118704,2.9840394418671403,-0.07388382654305703
1.8410068737447327,1.0153859184744372,1.2510876592083937
0.8359547766210569,3.4025126433518125,1.1747310575028118
3.236130488904685,0.37308746720220753,0.9529637171007348
2.6047555457498532,1.5011704277291846,1.9109224152079767
1.6930659328664373,0.1913871983760278,2.9189617710805287
0.44593807273247377,3.449312113050871,-2.936208861275887
0.19452812528002195,2.7354923019147113,0.1516437315465451
3.6606677161452432,2.4038221511623594,-1.9272505223695375
1.425757216320322,0.5441006707276825,1.092152216393254
3.2711312258907057,1.7015732229008829,1.9439562790661107
3.527542266207343,2.9068554469749484,1.435783192963429
3.114170852826162,1.3208343561531195,-2.705565187825143
2.9791166662040296,1.970057881265466,2.2330195020861145
3.1890842595099964,0.7651037112382446,1.1260117410693988
3.226554999326525,3.098266780132363,-0.4174906329403232
1.5306374399838805,0.5412263763882863,0.5238194674761516
2.839419977541084,3.058359082974046,-1.2330119175108927
0.9423170786416768,2.6641379422583267,1.1492732586824959
2.356382097062116,2.6375531324360546,-0.7378567279375545
2.446758103881847,1.2062746237194437,-0.7689672766958973
3.22058618190546,2.1299962331271822,-1.9138740799060183
1.2556736823166839,0.776569563380126,0.6102193189111209
0.8926604801970428,1.7442191224963683,-1.9903909202790204
0.4077515520450712,1.46947789686718,-0.00043206177866350615
1.4464312497776537,0.5289394878922611,-1.2610002437114092
0.3433922392400399,2.7635940820879,-2.8731801357128983
3.042350728788733,2.0323592221434463,-0.4406837294788044
3.0352632690161894,1.6345748984652282,-0.712386929301184
1.2209907381134188,0.8379931322969298,0.913563322300111
1.1811107100582219,1.0952857715663802,0.5866334049580479
3.583675679661684,2.5241340689111693,-2.3412625882026887
3.5853005204331874,0.2047408254302132,-1.058512836489855
1.090679314813562,1.8468656546938234,0.6886096219643001
3.5647849888924186,0.3923424430431268,-2.926427830285403
2.7428851558646454,2.2265128238009706,2.5564216754671323
1.7168744298631462,0.9431854227165064,1.3580564894396812
1.356413114005114,1.5657254152874303,2.100901238219267
3.806078803708057,1.0468348845894413,0.2295956199603575
2.8882346814852253,2.6576802395735,2.6614307584428794
3.7195698327024527,2.3914506082781797,1.559764566155291
3.0329398070948423,2.938872256607241,3.117138265169766
3.313220696517922,2.21999718454027,1.8764961968075564
1.45962276886043,2.4314851619202487,2.692831907772349
3.738944169338075,0.5771719546079743,-1.553930122893937
3.8270597243709776,3.4759477430243524,-2.5325469208409683
0.15424336668062066,1.1355156519641114,3.0042821356017724
2.759479753822183,1.249609772528749,-1.5508729228506455
3.7363370813956,2.028904041878438,-0.3166820737094729
3.6215899747905067,2.8667108444013043,-0.6686377251781499
2.7153682441759157,2.1725638017093245,-1.6087482089992382
3.8033046541878344,3.012996079278392,2.8536511459060323
0.37672926684065855,2.5100721195634312,-0.8732811991697988
0.7100999456586119,3.351296108858835,1.7663112622363366
2.3965444772231805,2.766934908047786,-2.6353020781421552
1.9707632326934443,0.4989996631184437,-2.6998222264667655
1.152548056078901,2.957042413648293,-2.5291670529256485
3.2651843773573352,3.1923995638429328,-1.81420373467894
3.0220598585802563,2.940347282948397,0.958686943446776
3.3582578563692396,2.4074010885112087,0.4819255251935619
0.34178557414825095,0.5608082389198645,-0.784906440467299
1.631282082059113,3.4609516369686335,-2.193700955639452
3.393519944751934,2.524427193070053,2.7325767777426018
1.3591096162790959,3.4799756421304253,1.8910980308254457
0.41162928190812,2.6145861396217795,2.4460041005534228
3.040229464255613,2.1877369257508317,2.3396083306356354
3.3874715602644407,0.7812482118663762,2.4917148499410366
0.7130639168615938,3.254997470888787,-1.9179667135763614
3.196560279672066,0.6156169474656452,-1.883729502608954
2.290673230129532,0.3504261452503812,-0.7701106457665627
0.7703906442547246,2.6246991829247084,-2.35777882850117
0.4830966955346523,1.194723810814991,-0.3237234179095769
0.8134230582294983,0.1672124077581012,-0.06961311437452222
1.9997228795437012,3.0943788369685654,-0.270532001636127
2.064316590640995,0.29862900202723575,-0.5455075496089226
3.622585236345233,3.4390236380707493,1.5045980859393637
0.5698061823653271,0.8965866193051606,-0.39904403544898237
0.7808239228169143,0.257841550199323,-2.747786441911453
3.3469133805400695,2.8802804934982618,2.3269280265156507
3.403953765830754,1.1283397722378932,2.178483083325758
3.180319545864735,2.825470320246921,-0.06878223800073258
2.732988317476482,1.7081383497612754,1.0262126671583713
1.7067063103050115,1.4054305785339234,0.8512222295626262
3.1537775985433605,2.077887271634839,-2.36772042368684
3.7308649307127073,1.038698726713358,-0.856498901486412
1.2965436386041884,3.101299202681287,-2.7137507191733996
0.1934597467381094,1.791540883981121,-0.16440520381616963
0.8649325893961013,0.8328883602165096,-1.5929434624671137
3.0493221598975166,0.9681243066807279,0.44012378556796516
0.7250129136775656,1.793051267382173,-1.9833840321704628
3.477142974041314,3.5459603226104375,-2.5159956768448533
3.2518448077535593,0.6849306371118238,0.19812745442045276
2.873410518902898,1.9172174184338657,-0.8013957643886802
2.954739079973979,0.9492841990569549,-0.015654173155783546
0.16357766853116518,2.2489730708826094,0.5173276908460154
2.743792896464379,1.0790131431658878,-1.1084860702617116
0.7298047288755587,2.036502614712178,-2.0655367948885996
0.6412192576807492,2.7570297502423595,2.271809929566369
0.6649344672553004,2.2874876850974863,-0.8182456811947074
2.4767340860718323,3.7955465412778384,0.9654041231097432
1.7558181711982606,3.7589570449465772,2.796820980365643
2.8155746949876064,1.3840171209599177,2.5689895283338506
1.8381671348009343,1.1179313282920051,2.5059357949382948
3.346421340292589,2.75350022384145,-1.8135138639073494
3.1737281784902662,1.7750968266331788,1.9057787355509284
1.4006026530455618,1.425574805144982,-2.0374457854169616
3.057624034391716,3.8461522381645805,0.5016386674958464
2.18860597625467,0.7135586957248208,-1.4056162443958489
2.4694201238794533,0.5379004885554974,-1.7908047412427524
2.3991286587136362,0.26600729877681006,1.1586502482412202
2.3263783216423106,3.3128035400786553,2.364924149323521
3.2258144332153247,1.6025240726932002,2.2254350052714047
1.0482426324057421,0.9666321738285104,-2.3902840467879014
2.533411575756088,3.300180625654413,-1.8453297902501267
2.1641416951429626,2.6717880200926496,2.7888775474966634
1.0647359220216188,2.754361857977779,0.9650251457940779
0.7066879668129276,0.5046214626907499,-1.415032003418507
1.8128328654962877,2.8868529832181133,1.0955397670966436
3.369138234287628,2.5950438401150864,-0.11020894344053778
2.6353227372808323,3.2297453473789597,2.6073632352517517
3.472945451207459,0.8843282487844597,2.5815548060188487
3.790707935087464,3.551493372416568,2.296469532398085
1.283948820364536,0.650035214552747,-1.4260429492936555
0.7859707951926507,1.749277661914003,0.8957812466201123
3.5198978116268336,1.8852821552786234,0.5171588261833011
3.7155031636830547,2.071755470835478,-2.314689361620828
3.4981603664713443,3.254173181676695,2.743912554036207
3.5523444842751632,3.5617155013641955,-0.035878515335862726
1.7392295402424431,0.2957894332259148,-2.1804507925530805
0.9312934244497968,3.828084159526995,-3.100809173107678
1.3568022465583565,3.0064321713073485,2.8750148027875655
3.7066688814698785,0.6415125430257418,0.9830365174271609
0.34961699332310836,2.0465938935896286,-1.2167679744638413
2.785076738307538,0.32844186878349113,1.2757290704558315
2.302868664036451,3.3669667350286643,0.7206198113727895
0.660337878888765,0.3713415456615299,2.3795682989461326
2.993188701156768,1.2554942514913514,0.26447594244421513
2.6173985678441105,1.3385534762087068,-2.249035612345373
1.939153220169997,0.6420704068755478,1.6924151661637463
0.8659165460454119,0.6523781812336851,-0.8023512028651956
0.2713892327992715,2.8156936049400825,-0.2911815518711709
0.21239861518742753,1.4880415404450336,-2.032787775498754
0.8763753368150442,3.2471139565249194,0.7106943739514695
0.2565085658093915,1.489732618398489,2.8653867173574596
1.1768602414937641,0.5682558227103782,-0.7545957529076901
2.979654166254502,1.7838854188308026,2.4472595032819955
3.101823024477579,1.2834643541256336,2.800206558186911
1.938103528309115,0.7443596508045696,-2.0752875307185015
1.2705002876906106,2.947548480271871,0.8712099579275696
3.386014851293551,2.6451947181844973,1.9173785013215685
3.749658401817521,1.2293799874808484,-2.358209338495956
1.6387238786982756,2.628093400425621,1.7747882705059794
0.815873577417332,0.5188349948320705,2.6022240752215087
0.861154567962783,2.419677084443903,1.7336816110193531
0.26599637399591813,2.542963831130681,1.3187760151511307
2.3451153845970603,3.423389720879732,1.063182005261332
1.2485088851128534,2.6622318594254666,-1.5043909592082159
1.4857683051580621,3.635954106775011,-2.41623254982353
0.5891469327499848,1.777336767665957,0.6323587010601797
2.9768923051219995,1.7309150660639303,0.45663071602158745
3.705956567942301,3.118579933245458,-0.20195915382450158
3.2888772261262953,0.9632539811708138,0.007851927627797295
0.49687825513711825,2.602757175194626,2.128723293917435
3.2954898533286716,2.4419406837483972,-2.837045525721491
2.4857185938760833,2.6208244413748845,-0.9083490063958783
3.690666552401966,0.7814119838806697,-2.277825089672947
2.8009951699579423,3.125113791552818,-1.9328415073185385
1.0752659256107053,3.6977722916391165,0.8879345435553674
3.543106514960295,0.4758205159366051,2.648348708943443
1.6105506069957487,3.004863680710449,1.0555520419850355
2.728491832321554,1.786759975993796,-1.1961299570318815
0.590115206876829,2.0259061847408986,-2.2148990421963806
0.46422789391112707,3.4367668168334258,0.23413569406812584
0.3767092359522253,0.7743213874410428,0.03521228658935316
0.30855220913537096,2.997994736930314,-0.483456249568587
3.3115860058547693,1.3291066362504584,-0.3022166979658647
0.9061679878741953,2.238444220011885,0.8146290471328528
2.458788771253835,1.0046897760766846,1.4096018199235916
0.32330972332172747,1.7500169936319487,-0.8968142854054029
3.6399498374651436,0.26925488940682607,-2.5407430870156613
2.121802901374958,3.0069329922314023,2.608202343808082
2.9829415201372247,3.5789740444614853,0.7211360653332775
1.0239374215497872,1.4634521813988908,1.9803992681616753
0.868814748601404,3.675018709140652,2.640092410749597
2.1468089146251566,2.722561768379437,-1.5500284381268137
0.26033807702739953,0.19335994028137327,-1.979457514280987
2.112801737360758,2.922940894575284,-2.2072755940776205
1.2137520818941825,1.6754149038261779,-1.9595351580603393
3.4884732233527003,1.7249611291591251,-2.570925049610775
1.4730707206097176,3.0337029968324485,-2.7599272516008013
3.4792073415963283,1.3765625122100063,-2.393040460265132
3.2706433731027187,2.0371360936779443,3.072767173754203
2.7814811168419276,3.645332861780148,-1.2472657353594243
1.6630367170764,0.24896065073502793,-2.083757116328421
3.2148375188462217,0.2963876685412359,0.9137218988730069
1.850513281761362,3.58441656092003,1.80103193412383
0.841925893054674,1.4672711336067072,-0.3530235433283857
2.5522364602544685,2.5110297066190737,-1.9404477729993912
0.644161694465879,2.5971946362296863,2.2953342154575846
1.4045263561888142,3.2731471292617225,-2.6215138025117724
1.024842761144075,0.24804814988479285,-1.208270107487249
3.339193098601495,2.9956410818296186,1.9296773690484699
3.299416718039107,3.5273548225493827,0.6388271212143004
0.5861932459403585,2.500588669310164,-2.7756133316372504
2.0036113415065677,0.6520031754576272,2.0640853409185036
3.3778334672926893,2.679567010985191,2.558805111962469
1.8951203621370247,1.354276108497516,-0.014110579714616822
3.7705538802267333,2.4412558209754236,0.8280455293648119
1.0525916203784877,1.3106167000508613,-1.2254080265213725
2.1385574468157085,0.6353836683819112,0.44735728291616583
1.9206562317890188,0.288643983471625,-2.0412032536948965
0.18890156554725346,0.935181044098671,2.1537039502429236
1.5167706974702977,0.32973407665664967,-2.4844470180008305
0.4920319581974595,0.38488929754565104,-2.7598446917671158
2.498120537637329,2.9983904714035132,1.506498225938035
3.837867542672484,1.1059984468362032,-2.5744201178023522
2.7026202962869537,0.862716794602421,-2.933938931317353
2.948807088667784,1.7166331577857714,-2.6146080648069256
1.4667483445397673,3.7461591011523914,0.5174378651905283
1.2387049799426322,3.276892807486844,-1.6353260186998928
3.7519833890307637,0.46604782281696844,2.7907957683999864
3.2421711770588226,0.5447915162689907,0.9316437062147687
3.6926339897799076,1.9725832126483813,1.1351050153198718
1.2812753786780156,2.7622812264528744,-0.4813611282778929
3.5493425866753636,1.5089510922471705,2.200951209850823
0.27253325760392855,3.6777405919713786,-2.9423600235128733
1.9881068613829176,0.3750942862273634,0.8713130502800173
0.23750535943165252,1.911913542803883,3.127228129045326
0.524164177753009,1.0715676766445608,-0.7468370582745472
2.7029095980938522,1.2322644586300253,3.038773588752006
2.3577601294909356,2.7895320710309472,-0.48291143509360657
0.22308110454895536,1.2135452317720428,-0.11538206809075602
2.593303167154485,3.2258637387387417,0.10641328714069997
1.4565157695297293,0.6510552918116503,-1.0893255208483783
1.6745736715262307,0.18831956176988962,1.9995269619010294
0.4237461198459389,1.683575568537008,2.988146568543888
0.40820090897334893,2.6582132121600783,0.6063547945912573
0.49794341981556434,2.3638574874487457,1.1812692396990787
0.433514554036456,1.565788685705531,2.536793784596343
2.7634030748250846,2.1301055655445587,-1.7697225907509264
1.6733083264193285,3.5265356815783724,-0.4685535076709879
1.503467586788667,3.62638492326921,-3.0639579358027786
2.0933837059061524,0.8575312978730767,-1.137264005975121
1.709837979784195,1.112461922539309,1.5528684825889378
2.067307475607296,0.24045263446595433,2.3145692567905813
3.0116187765700437,0.3135748671226959,1.2201816895952442
2.7588872572185323,0.8135202070211274,1.580937697510806
0.9569423892648747,3.665560194091173,2.8111230170149266
2.7452064400435146,2.7362812323801253,-2.6259383190758796
2.7235279929521994,0.49530326306041106,-2.3839443852909765
2.749865359794427,0.705533690870487,-1.3757635553733087
2.435536357930707,1.3367297124907074,-1.6374543228787701
0.5483225635260949,0.1928110969117025,0.2377492507953063
1.1929047916680977,1.0405171108113036,-2.3761198032233217
1.0903461742034835,0.8516992290668162,1.6657200455635204
0.2223875071024528,2.287638179993806,1.110091774338004
1.1282202055014632,1.145917930241069,1.6354937914418342
0.8570131253920588,2.575712220040761,1.1770620342077356
2.624031606334889,0.8644348733180518,-2.143058843066599
0.7569294287022257,3.1952356131306563,-2.6499369890331907
3.4157303612384804,2.538322318718547,0.5582925649228407
0.9315106149262369,0.6219900725167777,-3.0986222837130075
2.1195296325046473,2.6739619159177805,2.1397838218105587
1.8019012325127401,0.9006211616734165,-1.0595236121411182
3.6733647505485556,1.485824084325826,2.326561807824957
1.553500111298617,3.339991623901894,-0.24139789430571135
3.1927174583370697,2.7382614850573868,-1.0872726451613959
0.30962991811671126,2.254849643683302,2.7339970708330155
1.1080356965089102,1.2939809359290466,1.4825650782091264
3.285326910345145,1.0355570218780943,-0.15165486414445128
1.3050880041346966,0.3786219376535196,3.117723041500243
3.1252252167286074,2.221319746254341,1.9112948897618294
2.764654658382959,3.6473580619385157,-0.7555641061373604
1.1688112071578862,0.22643347567276617,2.0271026649775443
1.8550541308899042,3.83565440395153,2.8112267035007896
2.934798734564251,1.8388953646365063,1.0720990898755423
1.4381679448131917,0.3341357331373671,1.7549532912603576
2.7756416573475935,1.1419759847502946,0.9440655951600494
3.2329387271891283,3.7564235761538285,1.9057116372282392
0.7233009867866795,2.7580810018978936,1.8205570085486826
3.0849500251208153,2.072750556444812,2.748090810887918
3.410601089846255,0.9022603479713696,0.9750617359153653
0.35264132111078306,3.1809988095392066,-2.517316748109538
1.4591646081753864,3.4820042746670166,0.25235809733223524
1.4177306075764906,2.5470557352737027,-2.649669915056879
2.6253771256220944,1.7004505311955742,0.04731681097449414
2.9660922522708293,2.733663055886801,2.2240959517964765
3.306898780845384,1.273438068821811,1.5135080071267861
2.3007785192892984,1.3385066293051522,0.4157378201730415
3.7949634661834644,1.811721679721821,1.5615875664782894
1.8087716139579446,0.1808697101440524,2.5726531713986285
1.0397614314087473,2.0581753977003574,-1.4947614913364307
1.0148626577871411,2.264579105504825,-1.8928601295773397
1.297031182720061,2.2653788878978287,-2.0823195231401064
0.197238697002466,0.8280053731718762,-2.7819844320562286
1.6970634485693021,2.622265911245588,1.6895299769428407
1.347394723996726,2.661222374273046,-2.1918238972336197
1.3905922810036193,3.5918812237243194,-0.47264752288330136
3.703201158059328,0.7314151555570501,3.026323012348503
2.668755779504058,1.4303540360076146,-0.5283361327400744
1.6039331652503641,2.611024963410111,-0.9053470047084788
0.18184914349026293,2.853260204518835,-0.8506029854350747
3.8148802539427256,0.9478394815063984,-0.6174304621119542
3.1191669188385407,2.9661504598640684,-0.9159459046899361
1.880975355444134,3.2911886445671312,-1.8709737862992502
1.6788813381231336,0.16462799180356802,-2.9704471976519655
1.1842054425585693,0.9624139617904865,-2.5882358439713835
0.6197764624414965,2.7103684666675365,0.7879161821549725
2.0349038044250185,3.5945142576721483,1.161092825691573
1.4350689543342718,3.0940608102698968,-0.3146667086250541
2.7069514299502933,3.484896657219963,-0.11246791783046861
0.9804370191069696,2.630287877624864,2.210559703160323
3.7844324222387065,3.2614718141002372,-1.9147136768726798
0.8157844753868537,1.5659479210475373,1.7708805341144158
1.7456570454004972,3.0193448360195165,0.46101507340856873
1.410659039392586,2.413613509757453,2.8611844294985875
0.5379351336439666,3.291129172269331,-2.0071147002953182
0.42699884432368274,2.161407531795322,0.22043785050053666
3.4768451406894463,0.7980555024577898,-2.147896296328806
1.6988043319888186,3.26819101069065,-1.5275422627740416
1.862274353509255,2.970259105598963,-0.5223469271797057
1.1461583526797474,2.387512523659648,2.2458821572292074
2.66130616195564,1.5190692515064081,-2.748037321609079
1.2397382652516917,3.307697700426417,1.9056805282866458
3.8242507977685043,2.5094237093198535,2.8313728734352885
2.5554677769129364,3.428742698152555,0.06288190499398283
2.3663609921637327,1.2029347474676264,2.6747687874521207
1.1193171190473112,0.6692836773064204,0.02708841918758642
0.3405264556536096,3.7719205665858904,0.9870608499531164
1.1449028992385402,2.187856669130445,0.03491859609377501
3.134842180496254,3.563691284285908,-1.1798639208561148
0.39392100566565214,0.35797440235778444,-2.77121350230339
2.708081279675229,3.7873221737939593,-2.1065429632607735
2.714852122781916,2.64370772999539,3.0496070640402886
3.4877099954403303,3.1047793699243504,2.663895795282155
0.24961141762348182,2.239025681610263,0.8888563560765421
0.47775177816215875,0.3300201702265855,0.14725940640784074
1.2001005118492838,3.691333671230172,-2.0627119879556295
3.5317680758823218,0.27920455060103677,-0.6823807691214814
0.550144108374123,1.5224386437604842,-1.285639350879239
1.452701577861082,3.35629412252564,2.327469870717227
2.7283866470756593,2.9360731976723717,2.8438381543484184
2.420857943060717,2.7771943312575185,-2.3356518793904257
2.943996697505368,1.6647454534371637,-0.07928499738641293
2.991101252072968,3.4769497490666033,-2.395091651226215
0.1606008651662485,2.2145669270725605,2.6716296527022667
0.18111450630966486,1.3235941946505814,1.5589042721365516
2.3056180109721187,0.889913510273026,-2.000134035381839
1.1598687757850237,1.219756876723995,1.7002338057414326
3.0735415781565094,3.5638779661206232,-0.8009501694177148
1.1365186734546469,1.4854238335698704,2.429097391642471
0.22202550758434736,2.42493912788692,0.9974024184924
3.154740810425256,3.746437114104223,2.07445252217173
1.4379890212121715,3.13833962856933,1.7449196904793736
2.2537105954165564,0.17840087982190544,-2.8574566298217254
3.3660383191355807,2.890157555078814,-1.9214931762100358
3.3565938839980958,0.32877749255232214,-1.0829724609600815
2.1369951562177896,0.7988946683200422,0.4111974581743465
2.7982506256819226,3.752421362779618,0.6761532150041205
0.9735645770630601,0.18538640645004234,0.1815735106561971
2.5500741428962406,2.62352701136705,-0.25868347825893023
0.6403168649400657,1.581714732691907,-1.4568250673471033
3.274957579265134,0.7834066419498646,0.35017027754850405
3.4019982660841976,2.8606987551619447,-1.6019867107245134
1.77128310091501,2.865256380582527,-0.3412770337988347
3.58572839432935,2.904739114240007,0.5743733572631382
1.5059923506141764,1.5241518562524639,1.877493317951398
2.8618772333030122,3.145141935502296,-0.7917293027579766
0.8804559577408564,3.6833304202639474,1.216054891540197
0.5607951451679143,1.668531288071304,1.4305257941409426
2.5986344785481506,1.192730330688759,-2.24794748345634
3.1529671396568357,2.4489556850389578,-1.4414139612636254
3.523074087225266,3.5611344030296497,1.5652273099980079
3.2171027090037363,0.9202642304006083,-0.3118429474667139
3.1550248610831244,2.173358117148677,-2.6937010628672944
3.711581692044704,1.0475094021404452,-0.6338046228616894
2.796353569408662,1.1441703279521298,-1.9033446412532558
3.04702566633154,0.7779590010444486,-1.229385982631771
2.114277026156645,0.3831171652071763,0.18270460436540104
0.22284973468735014,2.979396033013403,-0.9307273071904647
2.625086015772948,2.7067382402748774,-1.3076205010659452
2.7184311437126065,0.829000644425566,2.1915100299658743
3.196746478993605,0.3656073962249544,1.500363524779324
1.147282012446282,1.933211976008077,1.3802759688785597
0.4816049854924218,2.82505726238718,0.6250975254010664
3.3081838099033285,3.561848102780058,-1.7912813811473622
0.3728018829610118,2.6085367119431697,-1.7828627677520867
1.6969989768110065,0.8613968045618066,-2.184508339147185
3.6679578945147404,3.1401654853378678,-1.0528892934159289
2.2530962917404294,2.7418508535392654,1.2939531002796913
3.390770543991047,2.7088727780842268,-1.1807727138107666
3.0420888230151655,0.6551347599858497,2.7723850547693285
1.7549184759829295,3.693289426507888,-2.846442277989705
2.9312448562530693,1.8549836953908323,2.2246636947776404
2.5443559086856964,1.1249758828756593,1.6407868695849261
0.7657949627264005,1.4464913881362733,2.1542176721513773
3.7132016011874165,3.566253716345703,-0.31942689756750076
0.3392781282447017,0.31216592938109633,-2.7105433273789243
1.0599301259730352,2.674968227406224,-2.727424991282136
0.9248270625144395,3.176767181478622,1.424243653473165
0.9927280994090939,0.8802963304235716,1.2469117811926713
0.44768980207459563,2.8224259208128744,-0.522083390536856
0.21469649893581444,0.1980969146925906,1.8622076132804626
0.26328689711748465,1.0181102897466245,-0.08796292312359055
2.855759162785771,3.1083852052830676,-2.7412371608881965
0.5454043012018057,3.377858815013674,1.5364289714149448
3.3240993195590467,1.5324670805039062,-0.27547018808729806
0.9484077309563874,1.9460372524310805,-2.005262460412303
1.0072466376898483,1.290015004863398,2.2829783608822662
0.7548078330247519,3.1994366760124953,2.5280206410488715
2.5541217207759144,0.5606095439963408,-0.29549117228521427
3.7930571421099333,3.7746429696496118,-0.7404139250421915
2.3219721120707937,3.326784766852211,1.2924296102778285
1.0838184237507886,0.4815880612313963,2.1313946435805313
3.420963254608923,1.6000933392151317,-2.971503719695738
2.158793289654638,2.978055112767014,1.8880645794394741
3.8193080653784213,1.4610240876464644,-1.8632327672989504
2.126164577139518,0.28588727125993474,-3.0111904565001217
1.0097066954712361,1.2344610189881289,2.175858061745158
3.24938655186197,1.8868094467893068,-2.259549328725993
2.37075260965871,0.5853240014263332,0.8355161875124639
3.0461668999913663,2.9247313505276886,2.080171626745954
0.246834344295765,3.016455564856094,-2.122938617029896
0.8157901000892913,3.841510107595649,-0.2912540225521867
0.5544460026970666,3.4022379366242057,-0.9062634229348059
3.7078724025594685,0.2852264278543619,1.696684364152123
2.707811777023058,0.8205669211563835,2.5043610188419896
1.1901201030993098,2.4688602203384438,2.365654008386569
1.3481105771237738,3.7008819469673933,-1.0538440592144007
2.8100701415199154,3.1818973482087296,0.4596647276631889
1.6565547396768854,3.0020958138842317,1.9617166047617554
1.3005960974262782,3.643017174485923,0.11667923251346446
1.1384107510400168,2.3082865588454555,1.4428137055186845
2.7926533896859786,3.700339814755694,-2.620813777174434
0.8476511046163293,1.619947009967316,-1.3865493655382803
0.6656864271948923,2.464379887144133,1.7120869328835777
1.6532714865782996,0.17902409801621788,-0.18717914089383791
0.5225692360797929,2.0144974538425964,0.8916277412985183
1.2116124379225068,1.2810357067245008,1.1177832960303702
1.69142571775979,3.708835002205175,1.1676117774815546
1.9034508061089754,2.8631572555203677,-1.5768758837782133
2.8312447303268904,3.282910429602057,-2.996170821114817
3.5938862369800084,2.278138469744955,-3.019042112111457
0.5764697339488634,0.8569620872349342,0.6513836962914703
2.66062737906255,1.2878877273741587,3.121284579817159
2.124597480652681,0.4237285190478284,2.596685632408323
0.4478574084975828,2.382257821507276,-2.349583383378356
3.4956909885269076,1.0355028545774347,-0.25309773017500037
1.9752863694133747,0.5575015584291312,0.7255274015571866
0.488180239173194,0.49433603412701066,2.6686315184289437
3.108836594251968,1.9200968785683505,1.8178070370707404
3.2355250449787305,2.646314334147729,-2.265909126193107
3.6951615627809464,2.1793411264284006,2.465275013171169
0.16352825902772583,0.46978298610406277,0.4150367622722415
1.2980150905815413,1.2662795594676783,0.7258946091420868
1.6598602749823645,1.242434983112224,0.7658780915933785
1.928131021118776,3.517988416919195,-2.1957567567028358
1.0278972285172538,0.8002319966576308,-3.135484655480757
3.217104060168275,1.8237677670306365,1.2099146811146744
1.0821204393973147,3.250123272984497,-3.0169597581150165
3.1121863970186006,0.6800389311192303,0.5337993624527257
2.7681142239130136,2.645971534831133,-1.3414282229461496
3.675304833976344,3.428614458300219,-1.4959112667600516
1.0464500766147506,3.7634363008334177,-0.5617918749373674
1.391414917992981,2.354102503805804,-0.8655701097585329
2.057501219798714,2.845306646861145,-0.8474020935113429
3.137617326306725,3.739451667264651,0.9211152628810577
3.6421782516746553,2.0897266411148014,3.0456686289602324
1.4701133312056633,0.9906885955180225,0.6250168603253399
1.4019826006936111,3.8274305754217273,-0.15471917477394248
0.37478473586697447,3.0147402950419613,-0.05300077588681429
0.9224379403961716,1.1248239525298507,2.0266361051960535
3.759668548975748,2.4137714512314568,1.122059101974001
2.7022841725547107,3.0219183249868378,2.7971394627223507
1.6202025671934446,3.220492181869256,-2.2409445069781806
1.1986458378806888,3.5389638509156094,2.2331155945155405
3.354621113195825,3.6291137943525205,2.812679760106339
3.6873442946274166,0.19977695405231932,-2.5625112258202343
0.8971735996271866,3.7960873149764036,-1.6736453354899004
3.7841301943898222,3.2450968869645345,1.7488490591991184
3.290831213876262,0.17338452407760485,2.933049032168764
0.40894649566303665,2.4511106284763864,-0.6634857199627318
3.760403967716029,2.663123904035655,-0.10924861630655736
3.229028531225882,0.19076294675929972,-0.8313508486271579
1.6032555700619078,3.336507224033138,-0.46686284194824257
1.6748996511411516,0.6560183440376175,1.0873414207197039
3.599284884324861,1.1795852390600028,2.447625111021442
0.17316925538191308,0.23669858007682265,-1.5370027015425178
3.0998975999634886,0.7274872703543274,-2.5373905224781272
2.4673793316345223,1.5436365767775584,-2.0328646506145653
2.5948365634738977,0.6271985260596558,-2.372441960025769
0.53614828329518,2.2007084592867936,0.5154717666948971
3.2089158067572185,0.9237034045525134,2.7032880625697944
0.6177587174224413,1.321683588939453,0.5559103149873428
3.1790065666595355,3.593240078629211,-2.804033349364109
0.4505931835301733,2.834957202965288,0.630950301581731
2.8423443539154407,2.6163736303735496,-1.5909398030064894
1.3947603666551762,2.6371017500433194,-1.0603704837197716
0.4858761285643203,2.98203331819942,-2.8853194609766026
2.1790181342554025,1.0191628376495898,1.755282088714253
3.5416065352273445,3.24470672929065,-0.3644699837592973
3.0616861739484356,3.5400669793019985,-0.8172328855838571
3.644818358641538,3.2494492350516686,-0.32624663324559267
0.5237694459443163,3.70411681457941,0.6712733527748056
2.463874571188596,0.6169997947492623,1.7484283714559767
1.3693135297875485,2.6791804175331073,-2.5545976444929104
2.000069428532418,0.7152163546271595,1.2428291761673194
3.389632820028885,2.359705963591601,1.2428939075846115
0.741634000663355,1.5277878149431157,-0.027736544998491208
3.1833433358317653,1.5040684447346306,1.1373603769568472
3.8413003779165678,1.020370546274505,2.624974062847574
1.4384689368313808,0.8556833680846667,-1.2157182950136487
2.733144744034884,1.3016796216955222,2.062896955612783
1.9713964056247626,1.2806461461990297,-1.9044363346102082
1.0771429188822683,1.0901968560679491,0.7921765014967836
0.5199419468183097,3.003617156762687,0.05409658626810199
3.2158195277753054,3.640166820580529,-1.1605743626876732
2.6287248795356937,1.76953918347467,2.670145902840713
0.6481777413155729,3.014782191674978,-1.7086766483660423
0.17684263007356904,2.1062710956789754,2.131654057434437
0.4704191129246089,1.287673014457515,-0.6225358743399978
0.7111446098161047,2.179672582536659,2.258399564983856
2.4413072563396088,3.823816237471842,-0.5361605100883753
0.34197460837635596,1.46551932716857,-2.491292600507646
1.340528645548397,1.8196657026437792,-1.5878835318560864
1.1930134742538074,0.2301933368041147,2.6454220739135197
3.610899392654265,3.3876373059054665,2.6846592902877138
1.1482386881347977,0.31183701680666864,-1.285624116242718
1.1169665365438122,2.633828315682671,-1.253540866946485
3.7449463967655885,0.2175122184012137,2.9478871858303926
2.699517197799873,0.9544077607589481,0.14262898906654486
1.0516444108855914,3.7230578891541133,-2.34877159764153
0.7053840729802845,3.1311323617300895,2.425567236074646
1.0397622687250139,1.0038038457858192,1.886661184902663
1.2023876282720072,1.6376945202551156,1.8020234090586058
3.6853210550476025,2.451260532303092,-2.57434563069935
0.6230376760086673,2.4228954672727094,1.7779882389619335
1.9588991867164016,3.41816970447676,-2.481832097767441
3.3787354282163515,0.8159930041801244,-0.4877888176431857
3.306136674811151,1.6134705181494704,-0.7912371930973041
3.369797938494374,0.6899639678055145,-2.3201419350773937
2.898265557274046,0.17151412436168867,-0.8044440224798977
0.6772358334044588,3.3778357261993497,-2.715374146317484
3.1642217280883718,1.4459994461442256,-0.10792903092495187
3.2869400390379435,2.450502188919063,-0.5286893394118541
0.7093467489213152,0.8472653964552639,-2.730297566739294
3.802431141927128,1.4773039326368735,-0.5967753930691013
0.9295064954900059,1.3809396811994108,-0.23046872094711723
3.3471972912501515,0.6641172222690983,2.2810630331115016
3.3584023779994516,3.754235631996585,-1.1235665633795362
0.9701955702677596,3.389046072571301,2.708125128676426
2.9671222025359048,2.348075033408795,-2.475130317224263
3.2980187749721837,1.5880457072150107,2.3629071912558564
3.563325948740812,0.9805967439152399,-0.2605917518706824
3.723785011070072,2.80553964013141,0.36850122010507746
2.762144898839644,3.264783233704166,0.25756988945339243
1.1677955005837042,3.1848357227392063,-2.659023122243549
3.2826363570584203,2.46210984108831,2.784842811606106
3.799788082085379,2.5620266799194007,1.508581080029347
3.560212851427762,2.4867765901372234,-0.7412939754090062
3.8135578459458523,2.5611774450868645,2.414092314370877
0.6086951644418606,3.3417679188061347,-1.613919290259678
2.969889224802383,1.4513747540359652,1.1236870741438212
2.3455619549964517,1.2428512511882137,-1.5301889005323117
0.19024645372198412,3.5734908380353363,2.6093073618281126
2.0940729230688766,0.28771055032661463,-2.6195698302060175
0.47973651886798185,2.4249927867530405,-0.04778618102301646
1.909325734171432,0.566625448284932,0.6807056211589262
0.3429557529709908,1.2945275660781985,-0.04759324389696795
3.314144263554963,1.0178247254327126,-3.1277672877433553
1.0284606692539868,2.2693576895840275,-3.10963502774013
3.016050375407772,2.1208212945809417,1.4842345390890683
3.165024896233691,2.98481143147469,-2.2521035757551027
2.9117038976283878,1.141050158848214,-2.6048591822924676
2.8137490903369673,0.23595926473309126,-1.5471153854330715
3.1133926021101916,2.947046977834207,2.226897070583294
3.7339538008379014,0.33033166542482206,1.8076179243278805
0.29886639737823995,3.0519739408887263,2.3563046269197514
3.540186752944122,3.749167972745196,3.0185705515884775
1.4113208642716693,3.4517950094318075,-1.6304422702585513
1.3221942186001487,1.3297261945182446,3.079132968962387
3.6620689420268606,0.650199922610383,-2.019488563518455
3.5292449693638543,1.2330034588288257,0.5616071231969357
1.825153231161221,1.0097122069246272,2.464304915041442
2.3219608967779997,3.5793844223249174,1.4746782377127285
0.2516472939041141,3.836776951417115,-0.430565875237491
1.1031968366076859,1.072242345515495,-2.1507856902550384
3.6885785259084614,1.8225231594903102,-1.6778726041562506
0.5813418088344049,3.5098444151212225,-0.9196773150894479
2.527694823761513,3.118086211868585,1.1613781483473709
2.7160748507215406,0.7068526478517878,0.7726618977782862
3.3116444566189056,3.2071603158749062,1.3174777157508064
3.4964887661802653,2.3172696366707974,2.5639421467702705
2.128523306031267,0.8841431623959597,-2.1671312183000424
3.0411484719559185,2.1076426461089808,-0.18883920634539253
3.3017613038917397,0.49426515280502636,0.5779749209963922
1.576191283888987,0.6944839784166517,-2.686353249801924
0.7216325815702533,3.1348797621565287,-1.23162713569367
2.7527401853114237,1.3206306506472814,2.3689372179418537
3.6856743885228944,0.48184555244962324,-0.405379120812297
1.168000608483505,2.394272393640353,-0.5430091992335018
1.8625371959902455,0.6229657861253219,-3.128724356455344
3.5085470870036874,0.19279341748370804,0.5119086408985325
0.5433724295045552,3.6859376754773385,-1.5035234577223022
0.19715093556712526,1.4376516403382058,0.6233233562102991
3.033029475119751,1.533036570802961,-1.856196499967172
2.725680479487243,1.089342532053851,1.7683080653531178
3.7470564149324583,0.8407402628108533,2.775952393295066
2.697553943382429,1.5292488860024722,2.5381333395613925
0.17861248213709136,1.6631350431824945,-1.646025579892641
1.055254232720495,1.9506966337966936,0.29681204354823976
0.6133488394096198,2.5162702482365455,-1.6945304428813328
3.6531709370937335,2.729135375636039,0.7382540633595567
2.93350389036824,1.2581483406040999,0.05951322898127298
0.662306356478866,1.8175321817251944,2.138884402642443
0.671179103718079,2.5871824780032475,-0.017858534363118128
1.0436642176662114,3.260986627658595,2.4011844638897726
1.1062185503128,0.9111649100136474,-1.4684933052539064
1.5218735193029338,3.055618402892894,3.028681052238033
3.6966695110926326,2.1102060675194245,1.202355770986994
2.282384997618244,0.7781360874031593,1.8793260047637173
1.032390532191136,1.4222056216388785,-2.0688481982296674
2.0212272720620374,2.7388199124786676,-2.6148161314570753
3.030005276431052,2.930682162102845,-2.2116668838049014
0.7542813356794063,0.557760575476034,-0.7851602666644193
3.5151882823707603,0.6368362876663256,0.6081898733521061
3.458638584352302,2.5635036909657622,-1.5956830599756004
2.8212110980384657,1.301899841667518,-2.967838852534419
1.2683592697855257,1.4239898444514663,-2.9186820595333125
1.9814180619631516,0.7346084557269159,1.2891917423263575
3.1433708902795794,2.989860162438143,-2.354967744438587
2.305665568498201,2.723968574401991,-1.94204577803567
1.3362418283473985,2.6285381425358727,0.1467318840253955
3.548821967111124,0.7501418110407854,1.4545462205345663
2.643875983673124,3.427620373727705,2.0251971571147616
3.596503442487237,1.771854287181713,1.121579712970922
0.832852526813384,1.1450536221685388,-0.7535700165790411
0.7599224635423498,0.43685715123875557,-1.1777349632694323
2.243753980318928,2.859792148022401,-1.5037420723855202
1.2905252393656466,3.1974707188182907,-1.7442773173486044
2.6533877760627713,3.2927760251685934,-2.0734610445473924
2.4796280065567227,2.9904772231187233,0.7509157061544145
0.8228189572632987,1.716146312831734,-2.0015378626421136
1.4374536832889713,3.0009633225364585,-1.453379554473689
2.933137215010653,1.9593605631178974,-2.223055126685955
0.4390790689052171,0.38701225245474147,0.7700299653761022
1.3320739000889352,2.6815898814135464,-1.582727283161007
2.12591227376736,3.182837933867906,-1.7460754241318082
3.72207481535177,0.6293011156293176,-0.7629442567367759
0.34473410643609625,2.2464269197070017,-2.6365359630635234
2.1324846022413038,3.7218522383652575,2.772782448631607
3.1075476577312293,1.7944074409533348,2.5181423564501353
1.3790411875534856,2.2152611545621026,-0.9521471741500314
3.1658576238809775,0.7228320593459037,3.1355283035396395
1.4038485237204865,1.5832746590161935,-2.523991957331305
3.5248928381026037,2.4838355552981244,-0.3314594010493086
3.2218566338004924,0.983561541154065,-2.7429881305930977
1.0306494832564081,3.3713779418018848,-2.989379455494322
2.699840939627507,1.918730564594469,-1.373428007624291
3.5308224309214564,0.2185096913505573,-2.627854896104728
0.5289219997791155,1.472221500488443,-0.18574285715171346
0.39790676383972334,2.711929247207943,2.496136512335135
3.204048605589601,1.6650779429537632,2.9700317380069574
2.5242468810919734,1.2810786884406253,-2.325620059865255
2.3234989393330308,1.2457643613910676,-0.17156831172661846
2.041639281235478,0.8273114087808815,0.7353130292579517
0.2028831448846553,0.6704176941364923,3.0931945552188864
2.768231104921331,2.1064707760899255,2.360243840913734
1.1565425307586827,1.2475198902598823,-0.020761141777499326
2.8335642447076417,1.3235804727843394,0.40397138839292657
1.817945014401456,3.227552739106776,-1.2865692405513067
3.2863918766708418,0.6997496042417564,2.977862321989396
0.6877206029705376,1.2925045562684327,0.882478151726322
2.069614830558318,3.2589080931346155,-2.1005506012377615
1.3041823484122568,1.8279553750256117,1.8310446971212748
0.8335155652846313,0.3555648208481119,-0.18309442702126155
2.1567321590249398,3.4542919563083396,1.3708079406691471
0.3364618572616016,3.2088886491926303,1.7742063008346518
3.5126227926887625,3.376107858252025,2.4044473705333402
3.4567297622275435,2.849916128824064,-3.027089412281454
1.7619225403300414,3.748100812925748,1.5883862377270521
1.0193803760482552,0.6898104920056869,-1.1981422787540632
3.5126801990354597,1.124677710733891,-1.2518026801740618
1.0253473184550583,2.9395221120147124,2.303791555789588
0.21597030575516962,3.280134804918678,-0.7849972597546797
3.6067331165459358,2.576262913581164,1.0223267593874352
1.1612278305225026,1.1063091308066753,2.14153722308673
3.738867922290162,0.5729491577974906,-0.8229310230938203
2.184028212435316,0.6624399797414742,3.1277735650475655
0.6415126902820267,1.5065479499202845,1.0122555685868182
0.7907201079693138,2.5816527957371775,-1.210743232134213
1.528834658062105,0.439762844605053,2.1324082711235253
3.503453723841685,1.093169498466433,-0.7065411372324761
0.36198049170573343,0.9377135157616001,-0.09504236569058744
0.6037652447774056,1.4038390148140412,1.8876774907671328
1.45863654130816,1.02307238384086,2.7858172279519193
3.845090110152739,0.19614971487720556,0.4627693548563494
1.5011316118160707,3.589310656399938,-1.9802166537596193
0.6508891124226142,0.9370098674366312,1.8812411876761148
2.5979454161078555,3.049782074067039,0.9751259186980832
2.6487955113519694,3.3703217121090017,2.304879118868043
3.323277197593806,1.9431453751320458,1.3879161039835965
2.7605019372012967,2.098268865754605,-0.5175895047030026
0.17578252384445836,2.5237764929876287,-2.3150579357556977
3.6193414203555174,1.4409797037220047,1.9515594279706354
2.8193081759015253,3.5633638586301073,0.9980713231143881
0.9250840843964907,0.35557375591207663,0.3620794558526885
0.19189695025622466,1.5034467602622157,1.6808330238856621
3.271346146010946,0.863778629540978,2.9816412489577013
2.895276640954518,3.6196959813597367,-0.7910453668986057
2.0884082056339333,3.4514220123280737,-1.9954567760180815
2.5236164446463585,0.3641414882489138,-1.3424419911123446
3.256224916767015,3.3550026065175778,-0.8137892219732801
2.2505234322670735,0.8558155558076415,-0.08930308019666633
1.1512378900669793,1.7853472710086606,-1.288609207907379
2.6560011328724333,1.9064686469126921,-0.42282387593271187
3.5927169095070695,2.737696771016923,-2.1173258190125095
3.3589948745894485,3.3662463810637218,-2.209404015119915
1.8602830526299075,0.17773585757474653,1.1273902564224176
2.7717369533055165,3.155695250455109,2.458768093957876
3.3249654468946197,1.05239630540804,-0.4549723730146371
3.8243609642714933,0.15656915107483638,2.537784486866676
3.429428254034657,0.8532096238942732,-1.3304538684112475
0.43183765763042903,2.5843538157293593,1.0726005153318345
3.742427646286204,1.022612131993129,1.9566697144283767
3.019035947555498,0.5816747372169431,0.447728487500453
2.61869341628418,2.717101387844484,-1.7835470861954892
3.4339920998274085,2.772157115609604,-0.5030807715957479
3.827909226320834,0.4596327104685294,-2.1998435291920666
1.799999529715408,0.47043104426911064,-0.6422255264103534
0.27538617204403293,3.6862554400095657,2.3103429337483616
2.73278634690162,3.6623619411734483,2.7442983334214563
3.0805658685823767,1.3798798940292984,0.9669261946379653
2.428899862251133,0.7809147832054908,-2.7032989974700743
0.18536889536357792,1.3681996389995246,2.2880996746975892
3.2998432791828116,1.8416002111763636,-1.9141131889308955
3.300309788520052,3.3516977889793926,2.1161173482432227
3.6402918361838488,1.833755680087231,0.8127037155812542
1.7117386938721229,0.38670740264080194,2.2718705687626093
3.1890917337648355,3.675938612838773,3.0426451477248007
0.8194695004177732,3.4405776377308968,-0.5191363427866134
3.380513088284622,1.620331676537302,0.06957841188803027
1.1065680015987742,1.4750611327023369,1.5101580515166617
3.6533218773720124,2.350544694933748,1.631045477291079
3.4549414137761096,3.414804473900684,-1.8955497656215383
3.4032563248091496,2.5567470819655402,2.8947569804874274
3.1336308400539217,2.399972154719597,2.7662237641373757
0.17696718455602323,3.7055436808651327,0.40547105054319443
3.3641373452548904,3.555308343313096,2.156472398614751
1.5753035682489824,1.1705105105563467,-1.5692482677023096
0.8280910151580008,0.7265913452266171,-2.7154649037816525
2.750133758112085,1.7133757268723069,1.658523558490657
1.8840460788188258,0.9047907211376316,1.5191344876421518
2.1300715669093604,3.0345914105611675,2.5395988799084677
0.41285835156776196,3.2050717473986685,-0.7409894055636488
2.299019993391082,3.3799193383831705,-2.344564852265285
2.3992748505667008,2.9094361934311967,-3.0407683082753034
3.5936117033555037,3.6180787842200495,1.2096272334513207
3.1779400152566875,0.31311642182375543,0.9323716228938554
0.5815544717594103,3.175861372807164,-0.04033088086711745
3.616894664164817,2.2356258117778536,-2.0170110106142953
3.7741847322870177,2.1007220292723487,3.1283474293253564
0.4088861841894391,3.2836001583020247,0.2639000284577313
3.132391297290941,1.543501896780867,-3.0371038026177266
3.0653184422331323,0.7851038477878554,-1.4571707510865435
0.7316012406908787,2.2947192212496677,-0.13397512513954624
1.5742303947250984,2.7028625889230313,-2.663078802264091
2.2288033126988,3.01137784545824,-2.123303078578598
2.3333267251186127,2.5967393876636145,-0.31081583578500505
1.0940221334881581,1.910057655633198,-0.5407547650376276
3.4906864798716817,0.8519306564370761,0.13699303011462316
1.5275287195738758,3.3976154637761318,-1.6019137227946667
1.1051722345074122,2.586527506345343,-0.3966597689408964
0.9538964077074223,2.1419598158851465,-2.5924215774971953
0.20275956617554192,2.3062992880205377,2.733186438706398
1.5613964138548653,2.56106854505749,-2.662617996204112
3.0984906898192697,0.34793617336745,0.7794177034675385
0.5202593904167516,3.012900448748883,-0.7726759846540108
2.4094015089309133,0.2777666909809646,2.4267340211254655
3.047220095528199,3.072795217502979,1.6581273964247458
3.495440559461112,3.407603211984865,-3.121652900421722
0.38379918200530083,2.1251311784962823,-2.660204637483353
1.2333194533130314,2.2035295116215328,0.15538622229817767
1.1258453507207813,3.2644315588211175,-1.345009337976543
0.23261961505585704,1.2073363185766044,-2.742254497326889
3.4270887674633057,0.3549847821625809,1.071457567809749
0.5445646323994304,0.17892418676228639,-0.0760094731416161
2.763933454551684,3.142665350563959,2.1463652723182483
1.981369721267555,0.7300108123446756,1.9036846765531346
3.81229428752276,3.2440695299802487,1.4458369131181126
0.3189202260605195,2.1063053145380364,-1.8640645184793077
2.538520223467796,3.343017325949295,-0.6918886991252404
3.361612593375849,3.8221895227717155,-0.6663383187502587
0.4256785647963932,3.197258603858308,1.2926711391828185
1.5029718271607395,1.1208612560661226,-1.051009461997431
0.3227469373909746,0.5133540938282382,-3.0648672506774903
2.6779145774172224,2.874308726858392,1.3043655976306745
3.3144779143582177,2.9726335907105774,0.7196796184615635
1.445759583244162,2.9349230239373747,-2.3932099900640504
0.6364806112264882,2.821247292270856,0.3186087069220487
2.9545924174459297,1.7993340391379458,-0.08330593625318894
2.0325887839813035,3.1227469020060314,-0.0323151291489614
3.0208191983141908,1.2868665777966632,2.1069528440670036
0.1526819672898574,1.3846171412548247,-2.7124070868626418
2.8149979933736127,2.753953867154046,1.7735387737408637
2.931585768517452,0.6624260527489181,-1.6959999808616908
2.687029975073393,0.7473905995235106,0.8980453091039386
1.2813444793014672,2.4312646491690026,0.7757601384524708
2.716643038836217,1.3957798750758195,-2.5648706776203256
0.1954327875328037,3.6305675973100398,-1.886032711422745
3.2976691132784746,1.897148041858486,-1.7367901558451038
3.7464891980054134,3.371046953302751,1.2213960304900837
1.9975746938749186,0.6876472715884407,-1.3523746252318531
1.9587088895612417,2.7549080906595558,-0.5680589281488939
2.395440870523712,2.529792092784225,-1.9242598536154634
0.8899366853717208,3.507523477345143,-2.3213440919522803
0.41824982497224816,0.27124598884759266,-2.410385734223206
3.598474014397396,0.27261752099527525,0.5682098548691745
3.2371510518283135,1.1129215899869207,-1.7890244225894696
3.5135628051266767,0.6543803350989656,1.679296168014444
2.713368136002479,3.7941136531963218,-0.9201679898071342
3.3013402048096094,2.390526987193841,2.629366560669987
0.9353681138736532,1.306424911182412,1.6885760402179395
2.7214393204671383,1.947423011208035,-1.2399775710840253
1.98518266876912,3.4083675256372508,-2.3351936801163284
2.5036722275479577,3.2238204874261873,0.5562753087932197
3.3661060844746986,2.66679583574465,-1.405991451826865
3.6702911119913515,2.687830412145976,2.98917404333715
0.20006587857659985,3.602398882108869,-2.958389225764817
1.6084860384337256,3.7737580769428214,2.9770078357261127
0.724302634034478,0.7443520366415708,-1.3218632725791062
1.62093409558873,3.447791990935218,1.2160388860388158
3.7917867299186057,1.9184786698591174,0.045164026422371606
3.745253684089295,2.0159765967167056,2.9276360889175708
2.189559220101239,3.1666029490717365,1.5169675943441323
0.9980376595829545,3.140287889781129,-0.7691864935501265
2.673847837145924,1.2261086005805453,-1.7048928477515257
0.8229125775310102,3.434091789540337,2.0946906646845838
2.2570671162547677,1.0474688435014183,-2.8910532060107426
1.3629357156596114,0.34983900046450644,2.699783790944629
2.733275751150114,2.631224276837028,-0.23131519046308036
3.39345434149785,1.116806481924474,2.067724248112154
1.43503394973505,0.15891617063147168,-2.5313500321698426
2.8940732228470774,1.7567820010572377,2.926558198313586
2.801998982950565,1.0345036187780292,2.000396769208132
3.4579550384080284,1.6020467537139784,2.5495180215782245
3.621639446859991,1.803137660201577,2.5833321109877927
1.4042162689303193,2.3261548036074764,-2.3158607618326035
2.496453907942414,0.5476834436536491,-2.3733040226378863
3.0291970234985413,0.7446900966197902,0.5272220040286353
3.3797982967446614,0.303086973939358,-2.83849585133117
0.3516675589154885,0.6681878103694237,0.32728343692468576
3.2799495311881475,3.5174680165790306,-0.6268794553538264
0.7148910452809982,1.4384836376936643,2.0956572301129555
2.715992542399873,1.7983759586293817,-1.9701942394068062
3.4625652607472723,1.0382371350450557,0.5579425254786203
2.4828057973049984,3.0067004139551163,-1.5074413208926865
2.4236733889631856,3.6645652711763748,-2.599684797095974
0.44146367213589555,3.0126639273991067,-2.3350755874452895
2.911878652296502,0.9620600868204616,-1.9753850542313067
3.3770420665273266,3.43152090495841,-3.116277457995106
0.939286657428168,2.5964962626939667,0.7382395710111354
2.8157029043197026,1.7356454226664235,-1.9212457610343974
3.350227555093237,1.5357614192566063,1.030195713635515
0.38139389919799216,3.8275980357484527,2.891110951096695
3.584898053923974,2.3202218028145554,2.6566035879700918
3.3481826001817754,0.43587531990767614,-3.0411423173330783
2.573748239132913,3.5130921525511876,-0.6591225183148013
3.563598944699699,3.1847998851020227,2.8303331714711435
0.8103770204933278,1.7846269470290728,1.0290380401768848
2.5329228711121807,3.233338250528477,0.5832551318467694
2.662867522568327,1.9611051441008325,-2.4333120154140686
0.9761831166934178,0.17135016299770855,3.1224882200124764
3.094419379499822,3.1924251085101503,3.13200952281029
3.217765593034067,1.9268851235210716,2.458290169761927
3.655906680217619,0.2050023121732485,3.028580460536647
2.8527345779188265,2.239620861188661,2.1008660287834457
2.6584095703229327,2.261326832166381,2.648061246354189
2.6028731131379703,2.3938725401338057,-2.1599460249961933
2.7170391170206396,3.225530852837439,0.27283708115677685
2.7066063361071704,3.4993942598676253,-2.1722660003651946
1.2003132517573039,1.055724937722382,-2.9196382360067297
2.705171737693035,2.704923981760454,2.0488744493376467
0.932022613061958,2.0825359036863995,2.601127159108831
1.1433404770215234,3.745588256307391,-2.3833257861501
2.2991386188740965,1.0283823003285284,-3.0496736214460003
2.5413686182383395,3.2517830975964896,-2.922309070117371
2.9765565371214042,3.065627222321554,-2.1471887623798955
2.6163366126233893,3.2726187864456087,2.3407083318741906
0.3807740035860334,2.634931542021735,-2.8828186731611076
0.3341354619145971,1.3678452236229561,2.4851267284540066
3.77021671352782,1.1117780560764183,1.6123926600883243
1.6431509760571616,3.564183610773363,-0.519290346023229
3.7974153419963006,1.1125253632968266,-0.003052897950705624
2.7663103085446217,0.5172711626996005,0.2653468614636658
3.0470473616108036,2.6264293779137504,1.0122048470316054
2.906753613611041,1.479874891782623,-0.8729572091771947
1.989549970766881,0.4891459111798566,-2.623735313329944
1.1838290368254616,0.8303687783063891,-0.586545390072239
3.3461224820034854,0.7453317891898328,-1.1681546671728473
1.0633190568695614,3.6295377289259725,1.5121968131411503
1.8378317569436682,3.0658381710224445,0.6757282843166252
1.176439804413517,2.7538292081756253,0.684589785823559
2.6574547694501183,0.7846101318393619,-2.0141394611365557
0.7895016352923334,3.692441865778562,-0.25237248367058474
2.553430106447451,0.8279041242409519,1.2342636352828897
2.319180408322458,3.3938037020740732,-1.0589054560283415
3.3158816174185795,0.6147399348972673,-3.001316356740779
1.159855886891508,2.2334866847098813,2.9514896978447522
0.5828735159567158,1.7121941039712127,2.8948349520343335
3.226109890844827,2.713107194578878,-2.8565861634113627
1.8437543889643262,3.1461319937828143,3.122286639451624
2.072153211614961,0.47053910130735543,0.15831869789529396
3.8031064976152402,0.8141072440770252,2.4289493893007377
3.2461735350770784,2.110999840017192,-1.4141135106136296
3.070502664746658,3.1019850878491226,-2.716529045154701
2.0690613583799697,0.8037399981660407,-0.6384456083666681
0.534275371992555,1.7756875858223524,2.4641318243010906
0.8073066656153838,1.6046483452225462,-2.5331411450670105
1.5758884610643498,1.0511786726609875,-1.955907362114759
2.976426177017601,0.5158315901268482,1.5404941111282824
0.9475304108622966,3.0418875991977683,-2.4964418456578614
2.967888165751902,0.37076244371332656,1.5020679518358921
1.225239689922497,0.8295692890297897,0.5633909238509482
3.8254996402770196,0.9889297490993094,-2.838944961375105
1.17705646078764,2.3710717404655135,-3.0871446572053496
0.7959462402362587,1.0641983403420459,2.7730419685200838
3.837972982167188,1.579114779440947,1.1280058360084206
2.7980622588661697,1.4519709937488803,1.6364720162011013
1.05633204664721,2.0516968572037695,2.2262961582797223
2.021053815240174,2.7131095681759976,-1.1257878552018727
3.0452470167007957,3.391255331602277,2.458710780984159
3.351448835278412,1.8889026839856915,-0.4817691445547294
1.5965145070485685,2.6664287221696936,-0.4642709588531546
3.554670654747851,3.419971048764153,0.12342872880361622
3.0838220666049008,0.8599525345350609,1.4493171033566288
3.741932408516728,1.2327486348714758,-0.11475025185626642
3.8114550809576904,1.321383746908198,-2.2997974232943887
2.578596689112261,3.744622919168446,0.7763707570714948
2.6046581811889298,0.869145499136236,3.0339650494080646
0.732149976082547,3.7232874841796937,2.1875170414316614
1.1569489411232032,2.1640002617561485,-0.9433534921077098
1.5184939290278874,1.4703905198191456,-2.298405287959419
3.374802560397129,2.982183875835663,-0.2882849281920987
2.7137440547686307,0.18075801926716073,2.2642583001593604
0.6651897046487867,1.4387944511039223,-0.22436565730564384
1.4419645040955364,1.5514167030934085,2.5546844633100276
2.49631562447274,3.7508169719659925,1.1737004935235609
1.923620602839514,1.2490247395118468,-0.6987983095849022
0.4374587365206164,2.9541995424848895,0.5763762716968439
0.2768848813153517,2.027350712840155,-0.2851768921077298
2.9957974507382366,2.1301993895665836,2.5378805729430045
2.960877495470502,3.0538973741405524,-0.6409299500352259
2.0643682260496723,0.3384683585938122,-1.1843268030461365
1.446705002598589,1.4119549462392356,-1.2591280330689403
0.23424173796482117,1.4485361231091924,0.06509447137505386
0.43880438101774244,2.4939888701128843,-2.488381084964895
1.286110062911407,3.437410904175158,2.8874230539209416
1.9009063724934854,3.8210024027973803,-1.1383578445746734
3.84698379013941,3.1718118877633446,-2.4637280792901732
1.8265273503243322,3.4491400107161136,-1.8751336201678055
1.178830855068329,3.2761285151412296,-1.0168816835565355
0.5996972281113013,0.8090359732109897,-0.14172460038345402
1.01196834362031,1.123182039679496,-1.1534659355775
2.685728174267264,2.9678729685066774,0.24982916619428774
0.9464546140189172,3.0497542502420028,2.6089262198694296
2.575071109508459,3.3378624575152007,1.7954535750832825
1.3858622718492892,2.51632677553239,-1.7508491799736159
0.8109337394937839,1.296643419610219,2.8892198272140757
1.113419589812942,2.8251571701214555,-2.4430535370146975
3.2894824135033107,3.699837485002284,0.7806192080513314
3.0776782128123887,0.5235460837604311,-0.8451689553225497
0.7396807355681077,3.6345588850935764,-1.2875091497433826
2.165747531722537,3.4576929951094355,0.008686242203761463
0.9044764263900906,1.837621148280621,2.9257881538614896
3.8418877083547818,1.3865245758349123,-2.304585923121858
3.385182577115568,3.77476864037549,-1.3429826747187923
1.3316372335992765,0.40451294778739255,1.5152807959265813
0.8787484364205804,0.7064753913846489,-2.607088823498427
3.400792891779668,1.2435556146163003,1.3525388398206717
1.3359335230471752,3.6044300426614013,1.8814600490758853
2.742829541552599,0.8465735123314331,-1.568450396304978
3.1127602001729793,2.088888347179944,1.1481224768841836
1.8017959664212015,0.5738742668278873,-2.48591936375321
3.1052312589168634,2.354982991671192,-1.8905412276791251
0.41321453663765784,2.407618075813399,-2.1956992831224196
2.68766086994904,1.2265194385322662,-2.846021427726603
0.9867984358753796,2.640459411855518,-1.894770287734017
0.7095713338232472,1.6090366506706584,-0.08358724262307282
0.9752976568459242,1.7207020954119385,2.1587714052296603
1.428241319928305,3.0512346736207085,-1.5717817704572339
1.474304676813357,0.8025794213839261,-0.1039380987508256
2.3931340129868293,1.267367166866923,-2.128680418988364
3.7252732156104784,1.69944604179177,-1.0571948767383166
0.15070689917263635,2.6185804958040917,0.10591160970014846
1.5409759951493984,3.705382765861476,3.055922968924988
3.537065989355627,1.1076309581790627,-1.5931215371087732
2.2242166606691827,0.23098589917596035,-0.026960492160503335
2.7778651318992575,1.4979491690535847,1.5529244130210635
1.054385264012486,3.8063502130244298,0.002287955741143932
1.4416215301934425,1.433068377357194,-1.247267504274206
0.6196083002885167,0.7025459330459105,3.1327811495793974
1.5624979362729388,0.5727195837867898,1.8137061453352903
3.4663388703766724,2.908672306601473,2.060473103861919
1.2999139481618665,2.705161964362102,1.5140148848527595
3.4394952917050086,1.5086093265525635,-0.20908117222546263
3.4108400837015695,3.847756490145799,1.6528512602800314
1.4157332488775416,1.3609130301836916,1.8263530631019904
2.529337761427238,0.7570854209222322,2.633206442550155
0.3424117713142336,3.111223047872232,-1.8678278758562261
2.6045098025754876,0.7878246515425906,2.8835882169396694
1.0276480745142318,0.25488023785815095,2.058096376240102
3.0492513670109864,3.058313835016615,0.23031879506498631
1.7447206609387997,0.6291945022522083,-0.9360987373491181
1.9086145354212998,2.7530818727839845,-2.5976668256271056
3.3952690311848546,0.7688881993721237,0.9885740823816613
1.0667993353710887,0.3073361680919997,0.4234158585951526
1.525913921528912,3.636556283767819,-2.041674810946229
1.4017740368277751,0.2206858910807954,2.3047158534320156
3.609327262281247,0.5305885373945181,-2.4211767497943066
3.0260317175325477,3.7056452507051576,0.6637314520252047
3.737274079015163,1.2292368059637937,1.6791129795597346
0.3584397065646958,0.8689157721197591,-2.394434264365125
3.573307071261239,3.207228833879001,-3.09504178532863
2.4989174309583055,2.8991540994085505,1.3871053520717158
0.32496894202467086,2.4557082093608935,-1.431865825962104
0.9197324831916256,3.257296166115556,2.7978444264225777
3.830280730266032,0.6166520069996824,-2.7374219003390685
1.89889547315867,3.660460300759157,-0.03335237932693769
0.8248100460441732,0.9486963978893921,0.02878185772127262
2.152131188200225,1.1252084277075989,-2.1028484924876807
2.7241832520576112,0.30670775992416255,0.9972906097801149
1.0783250011055783,0.7731061710954354,2.4677058860659864
2.1963159171076874,0.463954204627834,-1.6200194371226575
0.23275136078598768,2.664626435253455,0.5751012705971967
3.3598248953541097,1.7671770665129785,2.078349848218074
0.8730602415783788,2.700668081791601,-1.4647238685403936
0.90669832742973,0.3005140096277912,-0.25621536563512093
0.6353770073165466,0.682597809592397,-0.8822184372837345
2.911723006935835,3.7502692240727287,1.3966231830407594
1.9814403595231798,1.2273652122669874,0.6255340317582925
1.078583792186814,1.7119192868809674,2.4517820352044977
3.760663193397058,3.140901510142429,2.347799015425485
1.293420132135254,2.7186647609304546,1.3321065923260589
3.6244491359165405,0.47666753228510883,-0.9705246585250853
3.1306851652129826,3.3923568016844556,-2.130264792458944
2.0325656573505433,1.3216174456833043,-1.552208023745304
0.24851348257492045,3.75184944617831,-2.4547094228612947
1.0725369559249196,2.3836353477273935,0.6611303953731267
2.257694494834746,0.34178673873433096,-2.4910964712029156
2.9047193286541484,2.67635606719399,-0.523855053740677
2.1769573848982358,0.700218176070019,-1.6197117315198373
2.226665364015692,3.736902400146249,0.2801532440043193
3.4127898017508804,1.0408350667883721,1.3336997022798176
0.19073377443566075,2.416104948861099,-1.768924387696148
2.5607935432537015,2.9156907111264423,2.7117455431993864
2.4266550493033385,3.214019828749925,1.3849497307859995
1.751415368458538,0.26913129715712714,-1.8287082391702947
0.18551362530096904,2.5276071413951215,3.0971142110725403
3.079859676447154,2.4968779945774635,1.9448642544180244
2.9897219276636533,2.3477079832356433,-1.780601579719344
1.3881757753717685,3.198452493443474,1.4273157707574713
0.8878291876787916,1.401081544522408,2.355673086780021
0.22513207947888247,2.882675049040895,-3.066001467856035
3.1701842279960846,0.2520398417450771,1.5245843008199582
0.16685564288520682,2.573111249863964,-2.879453133670463
2.4915956732158966,3.4222500373673954,1.8142884536654194
2.6562122398198884,3.1925069555018024,2.9640947071688304
1.8421594234979453,1.3668941286889829,-1.326068097383824
3.537272703449639,0.6817709491915145,0.14993397474515602
2.841924516928069,2.2629438184026816,1.510434148764106
1.0860594221740678,1.5434474472008701,0.7409833678122246
2.6347726781572804,3.0077885340170956,-1.9818821254889085
0.6875142948222788,2.0911392092441927,1.750310292660144
2.2597750513518293,3.6458020417750787,0.8814581411503246
2.5718170931577204,0.7292163490179426,-2.3423812517799436
1.7395123769766836,3.8104220484508105,-1.8361882504098976
3.38038305534164,2.703828333507914,1.4301758931928434
0.9158895642054437,3.3083365807048124,0.972383176759192
1.7284322565440755,3.420156280279795,0.9494127302627025
1.7107810888727224,0.7893465740735977,0.13209694642356729
1.2008108170289775,3.4450361261559945,0.45311056777768854
2.9958484044254727,1.5901419598923554,-0.5440815039532301
2.2483653984471683,2.7971565969904986,1.9279702346755503
1.4491328864101534,0.6756067206678713,-0.1782695117401527
0.9803525689283603,1.9690342678514612,-2.335799586323268
3.6969561827798745,2.3513600875150416,2.8124656283430856
3.4976357025476803,0.3265266639129951,-1.0205453808839602
1.5486913724385203,0.21887125855704603,2.5589574228546965
3.3842571930446503,2.4781902416406174,1.2239727716130995
2.351938927794409,3.6986735214904667,-1.9151138721527894
0.515917813229958,3.3772381058088707,-0.24456126172838566
0.2261404855605198,3.7793143670915974,1.7935033064954178
3.406833686912512,3.750764522239101,-0.3395535259249063
0.46695060043206604,1.4334207578156546,3.0026203551587045
1.5706770948882336,3.230142048586929,1.3089143946444475
2.5471386985747873,3.737661500338752,-0.38945381636489174
2.738619410184677,0.7751647178464895,2.8517834225166094
3.3475599589821505,3.50355915197889,-0.596835212778088
2.30208199682168,2.7262658278054377,-2.583324234850764
1.9226649402185663,0.7380096071670645,-2.6604640944202536
1.3975754798572626,1.1614189540335702,-3.0363043964900016
0.32866583404189287,2.4846908022249625,0.4816393051715826
1.8441909398591672,3.2847350058817852,-0.20432017005633485
0.4839514415340047,0.7098503683755188,-2.59888023070347
1.1518619613823637,3.8300965752882274,-2.4311872550879485
1.6509286319643048,1.3823110093825761,2.792870301068046
0.9113492922642883,1.3909931002156624,0.9505774437279237
0.9399432891507593,2.9194990576497055,3.106888529080127
0.9186463489879118,3.6947539776648024,0.49273059544795483
1.3154420005949685,0.15543268581924075,-3.104192645611733
2.4109859061503904,0.585946722899839,-3.089189193590145
1.2766029658173768,3.088236080739819,-1.6679608299892386
1.1368929647973474,3.727033135994086,1.0112577816755417
0.9334967490315482,0.30662888510986663,0.4886369457134987
1.1534462069513762,1.7734574456745595,-2.5052762260317696
0.39712768671435095,2.039319696702635,-2.4533487498666067
2.765190723291979,1.6401925825630803,-0.0819855263442335
1.0560798798796012,1.6136019104693156,1.4554637829444266
0.9889400741824157,1.9510498344016862,2.713558522973657
0.5453657884502898,3.198586161481627,-1.5563225034344594
0.9826116937700444,0.8345009874648488,-3.0576151522043085
1.2555294309869072,0.8625869993953339,1.0213365236906586
0.7201741515404496,1.5866680896554413,1.5687011260081585
3.585484330124669,2.9521097349571273,0.9851117957304663
1.4437533052110205,2.442744860561054,-0.9094817644944628
2.7611410476564573,0.6028030059761851,1.626309976450103
0.39376066110913044,1.5462294523804037,-1.2732599228929324
1.6772741638079598,3.202109565498862,-0.5457255784927235
1.8508945523801592,0.6452621895018398,2.6294420753383703
2.2316116197869986,0.33520305208287926,-2.194995240219704
3.1337194082449287,3.200556479034031,0.7516980305878884
2.202014727139481,3.042360800175404,-2.561302300448778
2.666556215478277,2.8626479444096504,0.7027349655293977
2.789098504876209,2.415213364745229,2.783924711389173
1.1009662055670537,3.8350434431934146,-0.6349268821706127
3.377731810851079,3.229897803799895,-1.8470607789242959
3.7934594622369926,2.0728559409104412,-1.4746716001393165
1.4455769473597866,0.8312066706940491,-0.3226003059109459
2.610744931213461,1.4542583683959798,-2.655540650178734
0.6134149326151901,0.15618677218524457,-1.04634502082095
2.555871469826023,2.7949443721026936,-1.3897675954016395
2.6434879290051896,3.3761209062792816,1.4507529040627043
1.342648645014747,2.9498009761068316,0.575314841625993
2.387045690846202,2.8378126526569525,-0.08036287629266736
2.9926575847883394,3.4031521729559446,0.6079920655952833
1.229086693288961,3.242546627696064,-1.9466721446382158
0.38311519935485094,0.3264393174893514,-2.870695855938385
0.6425790210201772,3.282826619130413,1.2258509431793447
1.2330815313019072,0.6642801933612321,-0.2628696134594968
3.2996748582466378,2.5631422326381434,0.8824404837209787
1.0352533243290463,2.7669555816943014,-2.1371893565706794
3.3734764785225604,0.8198933750403077,-1.5011028053514828
1.2351778500814379,3.688151782622353,-2.550128295174324
3.36337343101189,1.8587462314182597,2.032472853768909
3.8292701656365233,1.3959081858356983,-0.939439306047769
0.29566451271243954,3.089788072984776,2.412769187833266
3.522193363462154,0.447285002606697,2.9711259068579725
3.760544968912379,2.0926018462397837,2.3625471022392093
1.1701876357149228,2.9219107710746286,-2.633277450044791
1.9677747656197382,2.7893086201444963,0.41335837519081364
3.3964069140516053,2.1246515686809038,-0.4998656459169757
3.567391548898951,2.0818272975939642,0.7203486608316858
2.847986335059516,1.8313995645376724,1.396308283596336
1.7309401416495795,0.7615764277443158,-0.776941693202458
1.737581343836324,3.8390986685832686,0.46571657143405654
2.9391473268583304,1.8803261675264027,2.8862593558591048
0.5948192172349178,2.552439037004487,-3.0418984968277716
0.555433537251528,2.2414362907946717,-0.6258731609194048
3.305549272503343,0.32964355992597527,-2.333863705076023
2.9134395108792854,0.15504415774025704,-0.6105091683757444
1.3068993787922527,2.4591185384703294,2.6777208594702335
0.17265245112956906,0.5265455750559953,-1.3743099970460508
3.2149031042925302,1.952000661801522,0.28293121748635164
0.37926135441009734,0.32482899667935516,2.2423523400911156
2.156022880479248,3.4374357121771055,-2.187013586409078
2.1187132833239413,3.521147981931236,-1.2112519817089347
2.7526833179779664,2.8696302464317003,-1.8965648679795284
1.1575213544159304,0.20336309835278676,-2.6455504521974627
1.2748514994182396,0.2560642084245397,0.6135212215516685
2.9468197238959815,2.838183792715729,2.3045495952078525
0.19064345233913516,1.6868049679944397,2.703171699012673
3.1152741947017146,1.4388792338258511,2.8009329089389663
2.6094346455402184,1.5728723230986024,3.0665147328043503
2.541587047602826,1.356286082690569,2.934828784283006
1.4258356212964518,2.589929567318796,1.9420738398723172
2.97847560597262,1.6949510849886735,1.1812569268521749
1.4648939420895997,0.722868646204192,-1.4018637107240837
1.8304012530341627,0.6791830293637311,0.6592250048353412
0.2916970659114444,3.4195490034821705,-0.24473420883545627
3.487417243844193,3.109474222781449,0.347401047375413
3.4219141541944795,2.836939566396186,2.6710274053773864
3.5975324841285206,2.7109513313113376,-2.027186663019767
2.68016846738651,3.0752601736919907,2.1860972336528457
2.004866553346574,3.7647911300075,-2.093506612850502
3.0173559316960232,2.369885926608973,-2.5759771441912735
3.380647484842553,0.9329967179389329,0.40005418580550733
0.2766226288164053,1.595274890822446,-1.7828817248038815
2.0600927180597477,3.587221766028943,-1.6340784533920867
1.4098408219548322,2.3906856846259985,2.5862235224092744
1.6668943575425996,2.651278739645992,-3.05186754131012
0.5055919067921599,0.8824505548322774,0.15947162199488396
1.1577424675756411,1.4122173915860392,2.477158738493003
0.7510687182851217,1.0917442713144512,-3.080344695476556
0.4903049697805528,1.7564597038377676,0.25523446177961917
0.8465415287481997,3.2244592716638816,-0.5478952901366161
1.4278765481899311,0.20204247826680666,2.9217492877363984
2.6940017055269605,1.9725508114569372,-1.8692711182690651
1.7195686694190893,2.9731939688265516,-0.811067902291355
0.3652262501866681,0.35537826014958895,0.7459190529359252
0.21436825108644664,3.7290826945868,2.3886418159385014
0.18415501766846454,0.7805794567849604,0.9464073332329672
0.5429134336490877,2.6135273286653566,0.04828457122661156
0.6733270581847264,1.8665770658742717,3.0208070042275663
0.29073985226178856,0.5818340229957957,0.9191690828056727
2.3587629097728136,3.6281507036698684,0.2558151041477643
0.9992297263892991,2.5417310235999637,-1.4948747725690665
1.3607996448474746,2.6464677198509863,-0.34742399689381775
1.2587103269845312,1.6189410429574065,-0.22550545089471452
3.1415691641968664,1.992250220799305,0.6199942759915746
0.43672404052898983,1.0976176880605082,1.2298155299541973
1.72932255012367,2.9071280228319076,-1.437606174650484
0.7200599316737488,2.0441060897367844,-1.8573694849900486
1.4144616242513677,3.425028698352418,-2.906426940846896
0.7930271757027492,3.4959685249238315,-2.7636533963717347
1.4513752513239222,3.5523844370161815,-1.4210465489339823
0.4452897819196111,2.58262496367497,-2.980190215035357
0.6910674671264485,2.0720789872854906,0.3051566823221563
1.7776427908108534,3.841756837262664,-0.906461724753941
0.5809738234215063,1.9428138931145087,0.2446993944181628
0.7627203722070428,2.2556229365650595,0.5781083613805476
2.7937583660016596,0.9452447617615034,0.39293943251675545
0.6832601177362756,2.9751509648335803,1.1541057943146944
1.3154029119269715,1.0792434295473452,1.3872405218469916
3.1539808974186103,1.7519904361850362,-1.5085892743876472
3.332015415149976,2.225003664592055,-2.6349372461887692
3.099767143513015,3.36975839124884,0.22603176645382916
3.103303997714008,2.020029961711459,2.454484341237422
2.786029170824094,0.4934329192062896,-0.22863829379206546
0.9128615361870063,0.4856868759756128,2.589294773078622
3.0293856721927592,1.1846495022225483,3.018564961897063
1.0764470266121213,3.3526793425824404,0.34232984908888175
1.1343309194787503,0.19983383382826458,-2.8871207616612438
3.3225393886032704,3.4571987480368174,-0.37115385103178067
0.26349552942655796,1.1299974765850034,-1.4678950794515
1.1164769878033778,0.9012351382825505,2.1969496928064123
2.9745074270812024,2.482293533133824,0.22050439425324875
3.6327517845594177,3.05608848295349,2.3648194134822065
1.8152669880211154,3.447459176782878,-1.168965694849514
1.2306981650691369,0.8193787710111224,-2.795551767448333
0.9489672172021533,3.1531599846129494,0.3711392984691724
2.718964882191229,3.1266519904883854,0.7268026514011869
1.8285134129658043,0.6211840779196467,2.1146888912187753
2.6588441825390334,3.5036166486497344,-2.047836488350564
0.3244509273193983,2.9968229349657496,1.5156174555139108
3.5455571131956445,0.6990681239804788,-1.3724859131643046
2.4373470862265525,3.4046545924514575,-0.5983144598686123
2.466103291738977,0.9294405227454554,2.668939617707416
1.2027717511489815,3.766838168001049,-3.1148245108530475
0.24968794355342405,1.2962183204634723,2.8724690114444345
0.9768412102223523,0.891511176325908,2.4724054119610717
3.2451991521820234,1.6921931628552476,0.38391802277501297
2.633244268939629,1.4768085826303499,0.5330141808435411
2.2329876357385325,3.8349658022459243,0.9954475946540722
3.689840925824359,1.4534746487895776,1.5502013367826306
3.7373634525913966,1.0999586645724158,3.055668110350446
0.3242205892102139,0.7332450447991894,1.1160918598868657
0.8864502662676155,0.4191644239152992,1.8599008798481806
1.3743616209787666,0.7882686503650831,-0.10451496346088929
1.4400282133546525,1.3440876858838222,1.089426238385828
1.0418860576483118,0.34825286937203037,-2.817323541777889
0.2772583149959651,1.2592328517530436,2.4050730326867322
0.7096875594594816,1.1135062064323233,0.08963456292466265
2.7445635263972505,0.2269504719114095,0.7471658807799648
2.4406031330980786,0.7166677507771082,-0.09135794247837259
2.4345369082068324,2.740165898912521,-0.05905241699991626
2.714885101720945,0.7152610904938244,0.6125299530568395
2.858233589895549,3.2363458154807025,2.8398135923297945
0.6000487738569826,1.9286868566785036,-1.0399088551248297
2.4660271452886975,1.1754848574564751,2.1511999124394814
0.4671958541486463,1.0067537122534094,1.9428926011615086
2.742320589457033,1.6232605730011853,-2.1523402722594027
0.9159733502062761,2.1085565488921993,-2.0216257232902324
3.416498240966487,2.5732136254156557,0.5174409243410971
1.6412183088802723,0.9279717999305466,1.0682495857186964
0.7805573426055488,2.115180090094628,3.066715269245961
3.7879927573204046,1.9722229524219466,0.4208843487905134
2.770322889974275,0.16964074128748408,1.7216812184680341
2.660406345032969,1.3077683981030948,1.1028422085958578
3.3794434277805285,0.8135210250992082,-0.5029755368872859
0.4965832491116582,1.6170375322941317,-2.5987074190622765
3.0363092128702744,3.1571610020929097,2.244217462837886
2.8371578690169565,1.386317393438889,0.3833488967948382
1.8947315277468522,0.5172763182179749,1.564193266838025
3.2029087482308705,0.4347832594714607,2.0362047548679465
1.9339105819504439,3.421647738757296,0.06491606957243512
2.8003438014695825,3.555632094515498,-1.5410329112239312
0.3732823305302415,2.2083570127492034,-1.7766492668923137
3.3861909432852584,2.4926662154175143,-1.0004085711181876
0.473614251256786,0.5703505972636251,0.12236341937689899
1.8989273326082663,3.211616309089682,-0.8888281892861829
2.126537539175365,3.730166827959234,-3.1011044728098396
0.7670056963383214,1.1633463734935976,2.2305085300847622
1.0395316824751188,3.709490027368202,2.0621697498867384
3.1615691457414794,3.3912767644645845,-0.6033311257177503
1.2775398400651121,0.3582613585353718,1.1833577436918556
3.3095539579736486,0.6395078511487533,-0.8027591220221728
1.727295823007418,2.897939575293254,-0.6604663381051834
3.000782918231675,0.8253492751246259,1.9200933953361332
2.558901544163295,0.8846133158832328,-0.020273227914760383
0.6457950719097423,0.9337155381191122,-2.501438961982068
3.564941613018737,0.5306495338762858,-2.9814835076777695
0.6371602579528983,1.9271675917305817,-0.4398111330009864
1.1301234805724856,2.0367344720008322,-0.7081298129186195
3.695299619743655,3.1378210642703146,2.789707787875023
0.3715869449154532,3.480144974069995,-0.05305831629599389
0.8886775627047396,1.5629950957731245,2.603556198594446
2.553912167307538,2.9518927933374473,1.4882066144116877
2.6220245371735498,1.6363473264110846,1.2454669588006544
3.246477022630557,2.799907358449539,-1.290096031374785
0.9678170478515038,3.7321487299297247,-1.2984675049254168
2.4864582885651307,3.459262068522699,-1.4132591995318278
1.8838575439897962,2.7467483713183425,2.858478123859049
0.20314188952902157,2.7897210350272497,-1.0171726300020367
2.7639273448930903,2.2334798805338503,2.433217370589845
3.5374641525538415,2.3667419930632665,-1.0260569858307722
2.728987229423847,0.3287858364005696,-1.0299811619887849
1.98498055053212,3.2397943229116524,0.3584926245033735
1.8795286071712907,1.3094568987357236,-0.35090793779052243
2.2566227119017976,0.4773735534702457,-1.028123357723668
1.3237085303851162,1.8183368623588745,-1.771377604922692
3.4059798524996356,1.5384823562185002,-0.9685599803626115
2.961098265328196,3.0600554469151353,2.2386590208200463
2.5681930788515053,3.6986433772541574,1.1709972148396792
2.850588766643637,1.9074454083213537,0.46000299843125925
2.2932506967971755,2.818936969854098,2.1219898266252315
2.7141111049397986,3.8091910777264624,-2.5622735474439153
3.6499901388805767,1.0710442176151953,1.2816303909010687
3.410458370298856,2.2615719968564925,1.630136764882951
0.7286531592491938,3.4726831583198345,-1.7688723456112057
1.8208161542672268,0.9483028169679208,0.6554506000979763
3.5743444892404845,2.581925629634712,-0.8890655335017659
0.5328460835784163,2.062197709556863,2.9647313521287977
3.61210000424365,1.8284934371598802,2.7896808987872204
0.3662171893122119,1.592324914464518,1.1682180290532553
1.0736018151925575,0.36402065578005294,0.5411878040946907
2.6401888414109167,3.528117484803594,2.2237325304263464
2.8455408573254704,2.5802021986367802,2.991149524248657
1.6897157686215167,3.659426161282674,-1.5218050818289333
2.612350379643678,2.488413807055564,-1.0185583105271454
2.7349232207546215,1.7663475970379365,2.3303406389712835
1.563555691139443,3.592692443526174,2.282229650737345
2.4214402188555777,2.5445926664391187,-0.8066199077385758
3.4240345257379787,2.0685201386944683,2.4298256704977437
3.0227080025639914,3.4793079430687364,0.02506491256275556
2.733295044680653,2.702854552782338,-0.7602711743590556
2.3059469148490743,3.5464016180588316,-1.713930950950199
3.238364921121165,0.754781128611727,-1.6415708847774557
3.8249443687574756,1.3371984701379072,0.38910474071462353
0.3233197213551797,2.969641625100437,0.7383430987831843
1.9105639626730309,0.8995017726723753,-2.2521490471056858
2.455568215219048,3.224282349782962,1.488078393530639
0.6084422339545448,1.0199905169762649,-2.9485001287448713
3.0573733699565047,1.735525171286445,-1.7501148664350796
3.0895588154294886,1.9600480710103545,-0.5603691484437108
0.4222673043099938,3.254299166498067,-1.193146056442993
0.6159347529658867,0.2137769083353107,2.8367368429697972
3.1910913753663523,1.7955832628769532,1.1977081660315996
2.0507568931075335,0.27937030605977853,-2.9996466648657085
1.245331016071476,2.6149396360346224,-2.3670057412857295
2.91401991607988,0.8046758473392193,0.1049593396748465
2.325204202623314,2.81755249706075,-0.18191307668269818
1.0724466323176425,1.344693838914806,2.2694855252657726
1.6959680672269188,3.2159543966333537,1.9425109301084502
3.54337267019378,0.30332944155218833,1.3253765307727798
3.0588251089078837,0.7467666715261241,-2.0063276591042607
2.5557119823764376,3.344001975152511,2.2675345992387594
0.9862714784122617,2.8021321133382564,-3.0424184660313993
0.27647022502390417,2.2298125022859505,1.5037928435861128
1.38166889352568,3.2990612307142366,-1.636365068214566
2.838446052041661,0.9402768014432152,-2.868069547668473
0.7712928071021348,0.9210434998702954,-1.8276874208203073
3.5215550017182973,3.724213209171475,1.710432001851938
0.2395063337046155,3.8310329418519267,1.2921129125300546
1.7947301362657617,3.1673137972390286,-2.2577798913036506
2.591594032786526,2.828733865051824,-2.368691467107219
0.7591703105388441,0.2961755970098734,1.3790206522020947
0.992428113321989,3.465882648466229,-3.0959974310653555
1.804951450975246,0.8919607236858531,1.216253987806165
2.5712078016072,0.9900570104285737,-0.5362427649817505
1.9391656044026564,0.804091118390156,1.7978454255218868
1.200749392505133,0.7877543211780931,0.8670628320579166
2.470533353096205,0.8916649738882669,3.064924241373183
1.8874274901526849,3.2427876755205434,2.028122864641972
2.1098982030598044,3.063497360790093,-1.960307674685922
3.7858469253421543,2.5538892619427,-0.3090229146466936
3.7293228426938656,0.686768276272117,-2.6210155520447866
3.1146058782368513,1.4894711238678018,1.1865759796917796
2.721688812736343,1.505650994054451,2.5739534443989402
0.673962297263031,3.682321468925407,2.6770975136120514
0.45388572662080007,3.33136154935474,2.288131055354822
3.405949842593732,1.9432335435184545,-1.1602569627610066
0.48749395623462455,2.184745875745447,0.8991981115875216
3.706140236881615,2.0070198645249753,-1.2883961654656149
0.2563629733929038,2.083283072736595,2.0381991483720876
2.413762438565557,3.255278835864649,2.9717891480186216
2.4358238167162414,3.735746592722708,-1.6495862276841189
0.767377329260543,3.0000733764271716,-0.8856307314063785
3.527077018360669,0.8987624021859659,-0.2088813595864898
3.338572982806054,2.599075064509906,0.26047175590069793
3.6607976842627394,1.3310464205693577,-1.623688358296646
0.4973773680222773,3.19892042690397,2.9484978488333518
2.7734788975760654,1.3205499241668797,-3.1272524768908725
3.173587351663456,0.17301102937285195,2.7326490881861982
3.6715825966436335,2.442708446563932,-1.7157161397708243
2.6150706486651956,3.7052561251199085,-1.617713876387305
3.588072399152692,3.3551590913458704,-2.56926073785412
3.466275367750887,3.043053800208296,-0.6949439089764633
2.461221643414427,3.7199868848125233,1.8436485202896469
3.0375680977776334,0.36882349072100196,0.12170893185616372
2.0369065852938317,1.00864570325006,0.537513144704548
2.737860207868881,3.4503965108058265,0.9908545182693675
2.7756336005151776,1.7619964141768536,2.402364500746648
0.576128986852452,2.4433511557028824,-0.8280756361230939
3.044590762500583,1.8066879655684196,-2.50463520168403
0.9459858322520533,1.9727928248570263,1.4260613034710863
2.7016701768811315,1.413067079117198,-1.3058579817516962
3.678687374030778,3.0782880964619945,0.4582106996400226
1.6230799274300787,1.2586645923835165,-0.7305509367582919
0.9949200805233662,3.691572391922113,1.00083830330746
0.5127931252603699,3.7109669871636646,2.4283750284461796
0.9556677411627637,3.7754366500446728,0.6351095740295754
2.711739243291293,3.2978096315223375,-2.2703964183112078
2.8977493104399374,2.2637030738850292,1.2495369705228008
1.8780116514870024,0.4404990744901891,1.3029926364040803
3.1936831964969845,0.7683345390321024,2.2173248508642223
2.659119309872765,2.900571336042576,0.4467912776321068
1.5870070188490004,2.6514466972533346,-0.29183952697682347
3.1335752296407247,3.687243255282752,-0.941572598100811
0.5226013635342279,3.0689511595092256,-1.0259920717949567
2.45392730739229,0.4022839397876492,-1.3961920042913327
2.895509726708924,0.4233363458432491,-1.7137618236922714
0.6540713985623494,3.2910043395877056,3.07772317765963
2.8389299128791388,2.907593976958335,0.2335958412119905
2.319246646670114,3.6955421553685404,2.739124116021051
1.6656567070294521,3.0697236329881563,0.3818823482842473
3.276699340755221,3.7356433803890963,-0.2788405806471532
1.1413952944313444,3.662310535642113,0.15442267267783372
0.6805783649822512,2.877528347496827,-2.3043496132245815
2.8396877130705356,1.7058989551220836,-2.191507207925043
3.367056023665277,3.2806108446402726,0.276315973968265
1.7246968272192587,3.8019557579721956,0.825181770070754
0.3964279457245632,2.893280052916083,0.9833498100994769
3.3494798606766523,0.18534608036328182,-2.5959872523405396
3.724943691800379,3.509616097042313,-2.022493892964353
2.376666254744863,0.7171464456963235,-2.986547829737229
2.509875894292567,0.8050725770676439,-2.3542721224656153
0.5982165252330729,1.4012725107745312,-0.510244023575019
2.539054323354898,0.23679167024782455,-2.3180949319375177
2.736020746783837,1.5747508025748993,2.1622833638177914
0.5520867092008683,2.6630959986082177,0.9021898305607454
3.108432315965484,1.7708691288789709,1.3044964354456532
2.211435951449844,1.167552931516195,1.9738284123747132
1.5148036876866486,2.575521804596043,-0.5472076757002529
0.6123297806839965,3.4525920824383842,0.10565224373625126
3.187810391656118,0.29083488881967057,-0.10647106260633254
0.2220076438188383,0.2132120491136953,-1.4801928156800321
2.5443817571388143,3.5616938813336385,0.4125383837911447
1.4560593996095603,2.9583562978385602,1.219460039431394
1.264977963056929,0.570370329269609,-0.18174716695734627
1.3629307722982662,3.342761480874521,-2.988865971220762
0.6567165448676948,2.748391603952841,1.3748923047166324
1.3452215586049427,1.2266452541863848,3.048366083126054
1.6372418445332046,2.8349853983056037,2.8440506751865398
1.9820457997270196,2.93411419335921,2.2246965657335354
1.2946967731375083,2.107873284413444,2.156864002079862
3.0590637861656496,2.1084791425556184,2.2077991195809616
1.7456046549225883,3.474814378115374,-0.8821326310056019
2.459669335348865,2.7082622102644365,0.8580772039906388
2.565560693088526,2.413089865748751,-0.7707025847916684
2.6785759681646515,0.7049346511920382,-2.4266775763475876
2.1813153743294627,2.8764663287755625,2.776555680844827
2.4391109973317664,0.9919545220665937,-2.292576001924364
2.7000539195334823,3.576239754554517,0.24228329757693778
3.2049170241305056,2.0819937477148884,2.829688793030556
2.040525017051312,3.490917597576037,2.201683411977248
1.8830810236615134,0.5425232542615861,-2.292114201279197
3.3841471338354054,1.48063589007509,0.7394169155298833
1.424345519079134,2.4605987397411377,-2.540273569830755
2.9453721841635945,1.802939482306067,1.4754565412727425
3.0987903596362933,2.6712159869027357,-1.5789633518466621
2.6254712136535425,1.7903897966797584,-1.6702773239006043
1.1858977359531377,2.6266465583913488,-0.5889361177812007
2.9628894126860903,1.8560803503231216,1.095017138616094
2.5740549342391588,0.6174636259205273,0.6800638202658478
1.8781972284823523,2.8066188069213296,-0.06764316626183797
1.429592082872452,2.909012771123636,-0.20411080513091528
3.1841619198761153,1.7357927193389147,0.7018975473362783
3.1601197911681242,3.3738581982514706,2.5409034809748805
3.514276329545997,0.2984668897898848,-2.740152620551971
1.8341598372759935,0.3690660638774199,-0.7501125091697807
1.544263359290389,3.6804055653080368,-2.0763884443457634
2.72039555751461,0.8599948482671302,-1.9092137561915608
1.8298500950109742,1.2420845309333868,1.3403735007164217
3.0981964092538723,2.292065095220282,2.834018586477155
0.18698145940880595,0.4165429028539469,0.9635527519163878
3.0545690643161434,1.888776379502298,3.0864937807920567
0.5033061304961519,2.1069122501947533,1.2809946534287224
2.2003953090897244,0.2323012707926635,-2.123495291978855
3.0933439357466517,1.1595262080058504,1.8413345490860822
0.40459827945742877,0.8951492233215093,-1.028406772534944
3.6850712483577066,3.141576890825154,2.6844299614513147
2.343852838159125,3.690686261211745,-1.0031651027630133
3.4074161054301406,0.9213020002734429,-0.39439004734895944
3.8044569390622835,1.2781929397286733,1.6218295005248775
1.5296908655169053,1.1333986339862352,0.09312360094026095
3.7031019261649316,3.007036239189496,-0.6293074233977776
3.5049155572287773,0.816044464591962,1.1673104589110288
0.6410439846585616,3.272497530706273,-1.5996020253490861
1.3380282864850255,2.727549138395317,-0.5479961880887698
0.5279358598328856,0.25278593638759705,-0.17497429935403996
3.6769939431650847,2.8366622960746377,-1.3631803213421694
3.3064974078448572,3.581051511797672,1.7021170504876446
3.3904167609392024,1.4192917846799937,2.462103177333022
1.871194203584166,3.60916328244551,0.653193443000259
1.3176080809539878,2.6462708093829854,0.6741342394488421
2.1948835074111033,0.5383320966229626,-1.540246550739307
1.3327879216052398,1.931641431822026,1.9376142729465293
1.6169449468328154,3.5801495361695115,-0.17490251254868783
0.4075456736609562,3.1151261696869486,-0.747945845435483
2.604858642026029,1.0835761714282057,0.7241439517334505
3.3924213551423725,2.9577079455053874,-1.5830690035233688
3.818306654381695,3.284359614080352,-0.7575310321449997
0.221987772518343,1.0078452692815332,-0.8208478368131464
2.635166588311093,1.188752164350376,1.0168154008874604
0.8659957421057767,2.8157887108968365,3.1098201231877933
1.598402718075758,3.136856033569312,1.260520288790591
2.160147787880419,3.3083901694401048,2.8002107487682144
0.23963921303314262,3.8367598991401293,-1.224057147504711
0.357535911456933,2.225165916548266,1.1306132122517
0.21775952785210695,3.675490599530695,2.1482385672628403
0.2505525926938219,0.4976887659858953,0.8593459666072327
2.398963326829702,3.1824997461027764,2.200822191566795
1.2458680382584228,0.2748198844483558,-0.6148206076378684
2.8465979452590275,2.999570928640638,-2.3413543814484274
1.511484736869753,1.1010834152583047,1.3940575181360861
3.57223072740456,0.2426481059674872,-1.482705118521982
2.0336423058676907,3.7465955980136796,-1.163398380314827
3.617500725552803,1.3859248392184087,-0.7348706647192027
0.5848091800103652,0.8266270494068495,-1.9646075035880408
2.6508948653549944,1.4391234622506013,0.9544236135925379
3.831571113814985,0.3622551927385307,-2.648864124962982
3.0960395731294916,2.8035810252031177,-0.43322945433460536
0.6962883290929476,1.0260877430524267,-2.2640099737425947
0.7320012646081127,3.597705571960013,-0.9024216556431934
1.3226967770427587,3.50489742441906,-0.38416205159968086
2.7052571411225483,2.018186931720471,-1.4334101315215457
1.412036382423306,0.6821099114502402,-1.8230892014764069
2.619082033807592,0.7969378912155287,-2.788291622876722
3.486451970738495,0.6485989003052155,1.102084177859874
3.7747725287260607,2.222672601225179,-1.06742239900829
0.954270824502276,1.2214389372728576,2.4350986696593058
2.131771070812235,0.22815060877574567,-1.8570877495158384
3.092292100438595,1.9852287598856164,-3.013853561625934
3.4330660006276825,2.2093187539683794,-0.7042277488607529
3.7768497975090627,1.7363692690129384,-1.28523852743681
3.8277365119013256,1.4482703316237004,-2.185160249115163
3.6464328557124652,0.2870563490146245,0.10480820679447511
2.9961978309584905,0.5763761546811437,0.017032277913221705
0.37350492821787684,1.6428274526166509,-2.5298569302955496
1.413934182409979,2.6140059261344146,0.4426105798735227
3.645873411600995,1.6838653092948799,2.449440128050825
3.38786514612618,3.5158631110074543,0.7996216651582775
2.005505330305473,3.2883621365393267,3.0614860136332744
3.666302430939737,2.375236775672544,-1.715947062396896
3.835120265026837,0.92743133764847,-2.0795066140740506
3.329935777853059,3.2840701597751525,-0.11225588627231442
3.539790836055173,0.49582246017463216,-0.8607122692022777
1.2823644763134192,0.28232931873362777,-1.7248991502059503
2.8948449507145146,2.3601830389959244,1.8756446888425833
1.7880280826659711,3.5643443269802435,2.470407861356473
0.7518154791650415,1.425666567943117,-2.7342666713936006
3.174406435226047,1.3388533517179497,2.3370698125873703
2.8699677261770873,0.269093741061345,-0.6861655425081787
1.3784392188289538,0.7309196016320536,-0.32582520516671165
0.32352640483887996,1.0155284453475444,-0.47056258860227196
1.2034239000187728,1.6488282806544632,-0.15920073317500627
1.5215199370329802,3.7226137819743688,-1.5990719776251485
2.8492832668353922,2.7764685117953873,1.225951952019293
3.1712005969242467,0.5441095807116185,1.3756732859238916
1.5415414260312157,0.6615578329322611,-2.4291355609603054
0.20108461935101074,2.48778480995971,1.3809376708380308
1.7495816903586698,3.765647619911652,-2.879694742802365
0.7360956830215857,0.931682795347192,2.7559571819279736
1.4424251634346001,2.8622496321593047,-3.1395950161047983
2.925595590298264,1.5423459177630097,-0.9113936601122004
3.7165521467327727,1.8359709636434487,1.7107839068330568
1.830350940773076,3.0097667714428615,1.2953742567372046
0.46318735984156945,2.9603697015808343,1.9280614068601007
0.7188803967588924,1.402520925534231,-2.3754651821721535
0.40427231458754953,0.6713191858551073,1.6113231896011841
1.93989170122612,3.624647672645566,-1.0233276989798368
0.30908599728711694,1.218654665511719,-1.321462912172704
1.2992783122690148,3.6824967351062825,-1.5736696238572971
2.6326122560331093,0.9206137920860127,-1.1818561007372879
3.839273450205443,2.5146612779776216,0.7588619433873451
1.1746253529266926,0.27839682659098,-0.3954027314093085
3.84893549548179,0.15643519790550764,1.2474929134014197
3.160522212018519,3.545767951377337,1.2242347370264568
1.7040985661897818,0.21937219650744,0.014635167469890131
3.448712059530118,3.3475762694520146,0.41664095979530025
3.0919489944318754,1.9176728458357153,-0.6893153257683515
0.7710971776913773,3.1475708763241705,-0.17344837184915685
2.056438880984285,3.220937718369624,-2.5823000795202007
1.1914160974652641,2.955545318345137,2.202817729120273
0.6841284795354472,3.762499099982603,0.5520889379013756
2.316446027356382,1.0021823539437977,2.1166086695248696
0.8589850741603064,0.45672139067035067,1.3964223391036583
2.7722667993418724,3.4698250509437436,1.9099599634483289
1.9752196174268875,1.296504831781907,1.8845525262553995
3.240211789911516,2.84246621407838,-1.6213118701575275
2.5144550964934966,2.7274812176317376,2.697143080818333
3.1049884362604883,1.4275479465340917,-2.764763395085568
0.8646014784611631,2.8468579355144925,-1.1711466586812564
0.4534609613987941,1.9378235295330208,-1.86727931147619
2.293600547239335,3.5936499648245372,-1.350780419903023
2.7161836796440673,1.9407445029032289,-1.7259357813998706
1.3361264350652147,1.400920462618768,0.7040211113470805
0.5687574886398892,2.770415368622278,-3.096427723191413
2.559893463065139,3.5124155275448246,1.2610292381781738
2.30603885892936,3.3518146964161883,0.126468259226868
1.0836586937663926,3.646361155444733,0.48434049769897713
1.5414295512249119,1.429105783837414,1.4268994258146988
1.7319319260678867,2.8520854594292433,2.586047225572936
1.8035705050374666,0.5481638792332091,-1.809409829763237
2.8299236971043245,2.2890881737203497,2.7715275729483064
0.4412132102522208,0.7191274913418111,3.005165772086362
2.53044192576685,0.3018503916845874,1.8150663273163357
1.956760369014563,0.6909457812023709,1.8305081196073223
0.8666733869887886,0.3022357302883205,1.4504718761552615
0.8177404449310255,2.708429383134149,0.3761514332734195
3.822185711508818,0.9659062406544088,2.98272588508149
1.4891051849450991,1.4655610624770827,-0.7208445078037746
1.4195423082673457,2.4069227138559617,-1.4945843486634331
1.4517830620921734,1.1267000540407786,-0.6810675315055317
3.1512089796739673,1.3973080406300222,-1.7867810944548759
3.349164697719907,0.4981379313423191,0.8045764796125638
3.4835043824575216,0.23140282421419656,-2.0089142861665854
1.8211353710969203,2.921565287904231,-1.121399754787642
3.7663341448166245,2.2572751321784836,-1.8030601615622488
0.4523659138807328,1.6988614614489284,-1.0189790207782146
0.3388180748807006,2.4985778015715496,2.1819461042320967
1.6232047689183187,2.600500537203576,-2.913815757420432
0.3637911436983323,3.3169769111723504,0.2028236706718598
1.220576427807365,3.612114759697144,2.9978494573695498
3.608216610031782,2.2579841249305224,0.021063233531407377
3.7235842590350146,3.8305801204065317,2.43073849403551
2.599651967402353,2.3273822898082925,0.697878555690405
3.021574368705242,3.371294283503349,-0.4764163638140788
1.294002767974718,2.6592148203717003,1.1021672766578066
1.3348193985411996,2.144257654132446,-1.8020931894302372
0.5134670102770778,1.5111902665722412,2.6471998699800974
0.35423384037956485,3.3653336042055377,2.9584360377623273
3.62479185289105,1.4792741284608542,-1.9922964702186117
0.2722894233661495,2.228818099463742,2.3374066535596683
0.42125471172273166,1.996079888995435,2.942166811858436
1.2376021507778394,1.1618098692674095,-1.5957154467287584
3.814734733007267,1.672820784912345,1.6148321256757807
0.5462539023715487,3.4799146132495484,2.608901206244206
0.7293488321964303,3.1118309665797454,-2.4428629737001897
1.045534400184997,0.7116711941499676,2.7152225389611147
0.5787142524978064,2.9186682443578977,0.8688804939016199
3.5481379633336094,1.9608735391757022,1.4980742806609415
3.716010541968618,0.8297683179914053,2.1215504018651883
2.8010388295541397,1.5997563167394029,-1.1534460807149631
3.3627015757787166,3.0704012811526047,-1.3438902609373027
3.3764492606468064,0.18607980965931636,-2.1162425695615066
0.8369387115781164,3.181475079567038,0.30969073380160683
1.5520180580891307,1.0052342796914422,2.539821245995423
1.023791388916758,0.22364198410211777,1.985655908588317
3.740317860768298,1.9807214165715221,-1.1391441730131882
1.2809464413924725,1.1220821405706962,-1.4284958285641216
0.33219245242607087,3.1069099265111007,1.4745329990360947
3.563899665343546,3.040150513386986,1.045585626761576
2.447468293026781,0.3239195044145289,0.6823683508703238
2.0556663191341857,0.46198099825318195,-3.0688748655268707
0.9720117080703496,2.8777459334365423,-0.8651278190136833
2.8945863568068875,2.0176861243002024,-0.8729923092912335
3.784100924974872,3.2150227499752604,-2.4662369006019755
1.4092451617454698,2.474239626900821,2.417623085589648
1.8353332315001962,1.3707566565528273,-1.6400055458562017
1.3991850892117341,3.748316935010345,-1.9713322752904823
0.4356249419482019,3.59825819177327,0.6735934512176076
3.1622417960408846,2.360823356100192,-1.99947183922408
3.0619460827235625,3.33422603718065,-0.6427457273219965
3.0074384286761067,1.6135198570529874,-2.535219536839781
2.8255038956305243,1.7636787240299352,-0.16492938564391535
3.661490073681083,1.536728744133696,-2.965771371789103
3.5073616526897013,2.499410221161807,-2.537750089196127
1.848161637457848,0.9401484724541613,-1.4147461954632974
1.4813153982879688,3.5912456557128953,2.1726672273780157
2.611154281996756,2.6410539079109507,2.0386603340471385
3.207930327624491,2.4974687161418085,1.496946799912715
2.0991936335619146,1.2354170330404677,-0.514141499406616
2.1871258916118097,2.9147503246462154,0.9253845659452615
3.6854499243763086,2.152698612417035,1.0879585413151256
2.729572988015525,1.4237939752114643,1.3489365329615763
0.7164806977295459,2.8297517749497527,2.1373857331784283
1.0391243507880428,0.8495518619130249,0.7504622199613564
3.0248604952750004,3.6400848985411107,-0.916533309082908
1.3057752300928094,2.920118895191377,-0.7666693558326836
0.21677492440950674,3.271577633701168,-0.12110547884201583
2.5273072143686766,0.2672911517558769,0.5258525984497178
0.23086066392319715,1.629729110022788,1.9961831658404758
1.0055755700200155,0.19916315492443903,1.9925436213975045
2.6489759274669096,3.810556325137543,2.720023046106947
0.9348001977682867,2.8855197501019045,-2.904604441816839
1.994263885023742,0.7470905266363044,-2.6707557987773654
1.3152625171123118,0.1638320221127647,-1.2522586875341122
0.2792177091178023,1.2350802901881885,1.7794942019653357
0.6262426589551913,0.6822524427789083,-2.768665893365081
0.38986797209970225,2.985705492949235,-1.262353174981065
1.2043878430364874,2.9864161417424158,-2.8330877175527376
2.786171041987734,3.241781283812064,-0.6340371316574682
1.6711641749122692,0.8816531747116336,0.8372779913976554
1.3413001950399708,1.2803411033499201,-1.450612916116686
1.9994592818394161,0.9833727264553511,0.1230707684860528
0.44257342309727754,0.8826817620598608,2.8817029284009923
1.4228715434856598,0.8937873403929313,-2.453173490282777
2.8811070811361,2.1973215708364875,-2.4501518361025627
2.9999298152169778,0.2576092989579486,-1.7251844430521281
0.23560699486921255,3.5854894464899107,0.150338836977415
1.0829057566755167,1.3308184560417615,-3.0153411213556627
1.2757809351519147,3.109956391032575,-2.227547279386125
1.227728930589386,2.51668677135987,-2.7070306883134116
3.0261178100325736,2.124289329440963,-1.7253056976259658
1.7121084686343613,1.266779744963662,0.43552487891622516
1.883026501271626,2.736842637679555,-2.4258385199202253
3.0304580636592355,2.4138300082011073,-1.6262809507998597
1.5208167682599623,1.0528561727428456,-1.9187544343243947
3.4948767938567267,1.7919750969684785,-0.6229988919920091
1.2855316321267374,1.9112918140474782,-0.4479020066352968
2.761700421686581,3.3437611215398815,2.9878781933935032
2.547964835976314,3.754299497787199,1.0787862196670872
1.1260885941264935,3.446553815971643,0.5934998770595841
2.8623006026523266,1.9418369313378006,2.0342395338717942
0.6705014900569064,0.6290487869150909,-2.4461183661938035
0.3923473101118047,1.780645661965524,2.2836977787927673
3.0713920186487496,1.3836045043801697,2.2379473038896
0.21665383413325312,2.1143945226077236,0.5244764147094738
2.701200170659258,3.0484783295633657,0.5829674283517106
2.9421195274615743,0.6050200938307886,-1.1904547300481838
1.4812018527464659,3.5272728260014117,2.1603187980511303
3.237302724721641,1.2489500677346013,-0.6145635471816946
1.2985769574032808,3.602119265937112,-3.0830831513272527
0.34988368747735255,1.968303312902934,1.6332630663951377
1.3891308470043273,1.710420897555914,-2.739304062143485
2.5231382270406963,0.8076703081308976,3.0095672865345717
0.3258153606522787,2.4106943110342787,2.6190370804214487
3.72045325685871,1.8435487509904513,-1.9932635113935144
1.6321249718789739,3.019231748506891,2.3791943223052696
3.2143276224708095,2.9145826338050767,-1.1895056226258307
3.32561904228365,1.4804085087437353,0.45360623340835016
3.101440313253704,2.8648818271228045,-2.8157275590803996
3.497454753189346,1.8121776219159385,-2.214383978674849
1.9995705271825681,3.3641798867281056,2.758714428665434
1.2679299015497767,3.1836238206252645,-0.7185890860267539
1.03704962370806,0.8872299744085939,0.4154764550769299
3.069052773570251,0.7980019132277909,-1.8163611908253825
0.51251629727791,2.148727342588336,-1.104623482815673
3.3096589249677812,2.958022441385535,-1.3350484570428645
0.6377834396325475,1.740403384267673,-0.8311853053271019
0.19293933194665813,1.6690582377918126,-2.9594668140416713
1.102188664115621,3.619237787058461,2.337715180268618
2.3330326411639253,3.0783084804154415,-1.937169091642121
2.3500197066265547,0.3802236805346908,3.0204969351567525
0.9239808347371401,2.6716170841227105,1.7266879581651056
0.7126417322174388,0.16779613863482634,-0.13009053510381952
3.1769985564571774,3.415073245424293,2.6887167224745605
0.7488582940994628,2.5274172884476305,-1.3261933541319706
0.6517694940260292,3.5565034948846606,1.1810099349061982
2.362011520608924,2.6350046168433585,2.743471083916832
0.7858555506037388,2.4227429165943826,1.1803059108709206
3.5831831972366914,1.197527016143098,1.7953905474034677
2.0706676771435215,0.6759911904592273,-2.675045652764478
3.234402921673143,1.3312340153661375,-2.9860374183691016
0.7650909008302267,1.4401646266400143,2.2679752337189374
1.5950448825094674,0.6086795825999323,1.6857218536521277
1.7058363015210816,2.8691619039638536,1.6372316283586752
1.9947524418046259,2.9464776879355807,-1.5963189736518273
2.8408812745610015,2.266141352216238,1.4040366958581085
0.27807007324801614,3.256750409644707,2.057719295255434
2.8432504176288367,3.84049848848213,-1.6720587594931753
0.1593307011714966,3.492502898553994,2.6732039301799935
2.774160530212285,0.5235897251681405,0.7100168955875938
1.1821888249855546,3.799002409824563,-0.7437434600236368
0.9737611545960134,1.8286796651660895,1.7451448493723047
1.1353147345763648,2.716438965639492,-1.5242395953443468
1.0948112242879726,0.3912506551296677,2.9789431549677543
0.7773970357734497,1.002996631462946,1.0002220486547033
3.357833142527726,2.676557585067425,2.332859200784722
0.6899444634247631,2.85216866907959,-0.07254126350528844
3.1160470060425594,1.8803827328858782,-2.418190690293785
0.8925078463308851,1.5120886451241957,1.725149574237367
3.7646250366941385,0.973580625617199,-0.49909110758022246
3.132718569899867,2.212629902038419,-0.5053980054266916
3.7328852751008914,3.7736799227301514,2.1822320910500137
1.8488348606086307,2.6948840915577663,2.6248033223678435
0.9911357589610401,1.3267022037310645,-2.5515629284966272
3.4531260677178124,0.6965932927561034,1.835454836289495
3.410802661027288,2.0816342205255043,-2.4964088300816116
0.4056085784553205,1.7870091993575135,-2.007838376896899
1.423197811984649,2.6977468254482884,1.2610386387248322
3.410870965977775,3.1134779374524384,0.9016783263457739
2.0976284475215063,0.9334719081254015,0.4606992017371576
2.4654179980152997,3.110995109482533,-2.7610978634772234
3.79095225473614,1.9179168445447794,2.4624193876021616
2.4747617871073313,2.570770922648753,2.2012665267221454
0.9710647439738844,3.6273736244918804,-1.7628961304783652
2.183089497421866,0.2843516523005212,1.91542482204082
1.418513087106728,2.715505719738711,2.0032418335005033
0.4233333036936222,3.813260236611894,3.113491139207503
3.749581837262106,3.796515439621691,-0.5678833173501103
2.918404333751973,3.202412628167653,2.808482979127369
0.7390208114203829,0.9013854936293444,0.31568557447976
2.2676071102839575,1.280838894889512,0.6650348975429794
0.2582893827645041,3.2938168607743106,-0.9122890283495648
0.18904750020808203,1.893979007940052,-0.4944134179527384
1.66173680185041,0.7829761562273334,-2.7513566594445313
0.9102698612312445,3.8488169351435038,-2.6848802765247153
2.089913015494359,0.9397655670376994,0.41910084703397166
1.0579525976080477,3.3431603658957143,-2.6823776605582665
1.3613066146707196,2.262528067397652,0.2147771959958984
0.40082344290933936,0.7903322406781994,-1.0806249896009148
2.579039706997066,1.162469903815233,-0.26449812569913744
1.1164008300993835,1.676100294408974,2.1579567617284017
1.0549687879645409,0.6932485247083684,1.401045171220967
2.6204422834381558,1.6861941419840178,-2.1139802234376948
1.309108172553226,1.6108878938759288,2.3564977070936814
3.273846633351267,1.041564793926367,2.2857176395120016
3.30664818318676,1.159375068827134,0.55525567164793
1.3907429160572051,3.4816200105684594,2.2955836035928385
3.6440119157672903,1.141804055436737,-2.152874570267853
0.40645688916424483,3.0331079891048747,0.6523831551078874
3.127901325223351,0.21642740099161717,-0.45989332581230924
2.319409999210438,1.3683630500280497,-2.106602300290796
3.121050504050595,2.5751580349968233,-0.31438811606685535
0.9489433951729005,0.4755666225582713,1.8595701168305778
3.4153990716547695,1.8953128703025448,2.3186309523668207
3.2622229936914455,1.804903128743045,0.9987244414814374
3.157212342071807,2.2642930244650197,-1.9941785203939923
1.6071562336831962,0.18039268442202072,0.16118006365939674
1.2189888914491505,3.437821176430415,-0.6710384333329875
1.6908170480245297,1.3733227307372844,-0.5262317488253574
3.583153244584094,3.195203642067632,2.9616452483215507
3.1948548533343164,1.2336771439240106,-2.3104882813568204
1.5804537541655215,0.45564439763625986,1.8316198825257128
3.492242137830123,2.8981469661966566,-1.4308067926418735
1.78636607559234,0.16263155399136053,-0.46911542828127883
1.4352322573680545,3.681882144773171,1.183548843405089
1.0100804863804895,1.8253696868102303,1.322657562433709
1.3839548013576533,0.8332405893719566,0.9704071347296832
0.9389143196370466,0.22926376507640045,2.860832355614723
2.889927700449951,2.2510438273707174,-3.094265235159799
0.1935423651519783,1.1279297820520036,2.190203399394454
1.549823621141901,1.1441568220061789,1.93359082063371
1.0500633373949269,3.4479034088895273,-2.8903103961339838
1.5773314871092268,0.9868562431211494,-2.3728899938513623
2.3357339820792986,0.9659790912670179,3.1052490552550918
3.566293139173831,2.555683290686103,1.7172703745980753
2.5543809268988555,3.4581176546829284,1.0198552382348742
0.6104378112092159,2.513878665503816,0.48967149024056456
2.442105281078413,1.3578340422732564,-2.332482693137238
3.0285727044766393,0.39668242696550937,-1.0008755188864376
1.358372756551717,2.900999660124552,0.7425680326653534
1.1373372971158706,1.7475317723084314,0.9839817171074703
1.6219549257044026,0.7043050544835818,2.5292272850801174
1.2707035936488666,3.630370988974464,-2.576985155189632
1.3300593029037988,3.2641521125774697,-2.8602690883326876
1.7882568747602559,0.6628861587094081,0.05502456453153526
1.0432443117971144,0.7587043625749939,1.1698686622908916
3.3557671302937555,1.3381509802838507,0.2823820470998215
3.3531053244360036,1.1566705825194346,2.733387117120788
2.68924566046507,2.174683704119852,1.8749368019198842
3.3986977045780526,2.6931345260378894,0.013966084456746852
2.675452717041856,3.3092400666348114,-2.0834267155609147
3.473569238442857,0.44613753012431756,0.06385896912907496
2.6855009293620986,2.952414910544186,1.6318497875467681
0.8508440102762087,3.2790934319007663,-0.7477041281771188
1.8690619280300802,0.5537641352507401,2.2235863346657476
2.2788631798456755,3.1174658071572607,-2.1813774307768323
2.7506816033344728,3.705864420604198,-0.13692517778327495
0.5823856969313392,3.7335275962346834,-1.0230932056867346
3.723169545749108,0.48376614122206263,-0.9455392118403867
0.9311883091559872,1.3436368471932378,1.1712935138969751
2.0047504020587357,0.8750285321198707,-1.8552130008257621
2.737878085537238,1.0767027960498448,2.0495131653971255
3.517538772180028,2.5012745135154777,3.0301555576081727
3.278537641207441,2.3139390397159887,-2.338101742031744
2.107643838302294,1.0098372139310223,-2.6030849356057213
2.2364961985468144,1.2470278544060442,0.5409839774576661
3.1352938240742225,1.8186791873763073,-3.1398194615493353
2.532433000873155,2.408834980451227,2.904595533766762
0.6603318627276207,1.660940580890772,2.7375068858047555
3.3875979183191136,2.821708754510203,-2.626134035342258
0.4532165995991959,3.4229489626381815,1.9669157373592956
3.580348239087375,1.6818310971335593,-1.5065081368701358
2.518659846759946,0.5822746994984045,-0.4150306849837895
1.5326636959520012,3.544617628043047,-3.0708181929299085
2.0485164339644095,0.9908668072491085,2.947501937533292
2.417866405415539,1.1684105706307455,-0.7158001995408019
2.1964253872872037,0.7123171819004344,0.18576591841830226
2.448943834032333,0.8319153606614162,1.2055646231247232
3.036194158856011,1.604480498722765,1.3169876347635014
1.39123950002373,2.9827654053233497,-1.7667904894322601
3.470188567355718,2.6840491055244966,2.1114419698431686
0.49644075306740953,2.0079716988438543,-0.12051397319221646
0.8567532076897386,3.0960982881068184,-0.5933308873297132
2.5561054825137868,0.6222016132695587,-0.9393862585588377
1.7946963903248752,0.502039380467787,0.19675363560927517
1.0223936932916344,2.979267415682292,1.0531273408153563
2.473132776751405,0.2280321647840533,2.6045558512299998
0.39650431484598236,1.5060111679482313,-1.129721528645463
0.2817188670923447,2.1289895749383936,1.6036559913691928
0.21955596657827448,0.23779518563111068,-0.36186224085694363
0.8265555166374376,0.36973895021658176,-0.9350410548516956
3.6349506394916777,2.416388769675141,-1.3368013494925675
0.4193365393271513,2.6060534995082887,-1.5027670312481736
2.771733800814952,2.3331692168532405,-1.3286656209817826
3.0457357198476473,3.8017858514256697,1.897108784668248
1.5498960622986093,2.5052759647430802,1.365097368347591
1.1680413690039635,2.2873475305018927,1.9751358169247997
3.666580517435947,3.191782404273465,0.2650596627795041
1.0068908832635426,0.2362877088536397,-0.3642991320543443
1.2440827457272894,1.1272642335906826,-2.4786873898339024
2.430422020716499,0.8565198067629582,-2.95417278418002
2.77122235840238,2.3284819088292927,1.955505093443909
1.6492233374358372,0.8629797063302296,-2.5679552649531745
0.7089242963542888,2.8527260494174516,-1.9729201048385279
1.6874348322516863,3.7077050672680567,-2.2772063481594076
3.4826891293257796,3.055440655158187,-2.0982087340538413
3.687427870541326,0.3862699042880422,2.6055737057971164
0.669755863348847,2.6294986042052195,2.8574157152082
1.4754499952839386,0.2334036451755055,-2.093613636619758
2.366388592894253,2.631904158174548,2.4328496345399007
0.6377153481938107,3.1198329624503476,1.2257782767330214
2.8296080388862674,0.2623901174782657,-0.7593310785504386
0.9787001604857588,3.741396394740272,0.41281335457108614
0.39471315144623054,1.5671422988217505,-2.6023466893178218
3.007292911772146,3.07912961862007,-1.5003931903135659
2.865872891747951,0.5672916842206006,2.2951993715937844
2.4186176362729217,1.4956839597547997,-2.3058039474550984
3.596732641053703,3.025226800509403,1.6381358959756325
3.0008223620142225,1.8260885368737956,3.1313958414335215
2.147620762823689,0.6436332295518503,0.7962311209371347
3.780559884804705,2.71925261464572,-2.188087707131118
2.4473757261476066,0.6850418862040533,0.9113637544775397
3.3023245259458216,2.728373676441648,2.5863180678813693
0.29215497675320057,2.944512112610173,2.957071858663644
1.4869663330764444,1.073586645577123,-0.013937050408639351
3.207898008049256,2.560540344818146,3.005878202846314
1.5957046278294458,3.2935330062810455,2.8606848670573086
0.2577383662171808,2.8372830012416244,-2.6631482695656694
3.294497495916409,1.565532460134269,-2.813210198731351
1.0804388912142389,3.0533980085850057,-0.9359320311262564
1.9782020797728408,2.8137640836423903,-1.9759231161818258
3.527096429813898,1.4665369374031934,1.5489680689257295
3.0637789011063243,1.5800998150367978,2.9587962924780733
2.14709651577682,3.5646231672552187,-1.0363080169224745
2.517264142711124,2.4312280423355626,1.9061882320513286
0.6158758998137519,3.5499504875887933,-0.7117078838410489
3.5613733544436945,2.6777840552955423,2.3127158469272207
1.8350371518754884,2.6895664936595525,2.2107345436000525
0.3699456799782448,1.949890084109001,-2.657116863387592
3.591517594792067,0.5468013443688582,-3.1409022036254295
0.8136026842228268,3.627997952552967,-2.127007288651232
1.9330670390261915,0.5794104726942653,1.28226393335608
3.668708831317402,3.2015163515862706,2.4940974128626747
0.19979901067949912,1.5256921464935091,-2.3093452206840936
0.8064089736409419,1.8036712965119768,3.048544964139989
0.16098973191623722,2.339471886132726,1.8735301049004862
1.3168901205533072,2.743701630147675,2.867636947763545
3.5602828763460646,3.594245439584712,-2.2271496519025833
1.2441302333424735,3.573305890501988,1.9645176704049119
2.9538745569975604,3.1050876823058604,0.7299712525171995
2.4458055251317683,3.1348228790954193,2.8730673725720886
2.724798838313125,3.077980848932867,-0.15569470586559264
2.511707006170816,0.2663050646856471,2.5723322351760833
3.130036924698023,0.34511288130083173,0.7333290544347113
2.888980361257429,2.6092849479377604,-1.1211792164344923
2.5333206872649057,2.824006798386804,-1.4096408568278602
3.8367424707239834,3.076468144786258,2.442482372042063
0.4734652933038279,3.4467750163010153,2.55100921952132
3.4915786167858425,3.8339529592450416,-1.4526745724778192
3.1331889595091917,3.556616990686519,-2.7374643824305958
1.8608952090335182,3.292882328693063,-1.1143732299747309
2.33326416409779,1.3954816515563726,-1.635964573216813
1.4889689182568722,3.5538309631815928,-1.2264610564262208
2.7675344272715026,3.7364461524418506,0.3671286288889948
0.9423833402321877,2.026008294119924,-1.1285892097445873
0.9670683264326518,3.5512943137433126,-2.5200650424786266
0.655407505069201,0.3850135294798456,2.7755553041964314
0.5078244201043143,3.3744176952001705,0.2581813143101632
0.2914660725472942,0.354780894235315,1.9666498683624827
2.827966670448922,0.8816135741297284,0.5916846641775484
1.166725534395285,1.8918206430811857,2.132581292828533
3.520117693721091,1.3760675100905115,-1.353200121661697
0.3744034782002079,1.79709151764447,-1.403302819917617
1.472627245367197,3.4221646878506324,2.252452110941925
2.1094891112147036,0.6833542797655654,-0.36807451961909177
1.0604369444923951,1.5306226888347876,1.025265740655354
0.32155782084649775,0.23391309903622037,-2.470751389617659
1.3777724223807608,1.6325418729617778,-1.5011900612709563
2.6855139625102273,2.0297746518788156,2.110633289288268
0.1679958469562246,2.375706444282577,-0.7078621618002754
2.3215247074545857,2.7947331067091796,2.433907825076999
0.2508305185057371,1.8115276643662037,-2.3483601680732784
3.2178994948961055,3.0909563549962473,2.9704991982410514
0.8226875174822692,3.4993262209823794,1.4554984615294924
1.7694269002834977,3.8052426681246545,-0.24639125420807328
1.8671925277838715,1.1703586180502539,-3.088717781789145
0.7611213817802138,0.2401221712310848,-3.1094842807531777
2.6463504361491403,1.3846940266211516,-0.4702590263940474
0.7157655616666307,1.370623125577187,-2.9430423448546086
3.8096872097517713,1.0623441922678514,-2.176791193645516
1.1791233592710642,0.3495380924554876,-1.8059462236592005
3.236661710929429,0.4482032052749769,-1.4475624485600824
2.0862346535434937,3.316722798776481,0.4320775072098795
1.0150072512998936,2.712183566087918,0.6521025355106742
0.5336744544099341,3.3794699359865605,0.5769770561861378
0.9082755470364261,2.3684715231751783,0.044590051939778164
1.2104100464603729,3.282933243399719,-2.2013460518132506
2.627108230234539,3.112690598687161,0.924930078131351
0.6936821455865396,0.7437759948268479,2.3679597130238754
1.8223750078492973,3.0597613801076906,2.980754066109089
1.5582012618090548,0.42009752466397066,2.2251372501115965
1.3435931184967091,1.18065403240236,0.0981217370632006
1.0749594659973134,2.7680789298099246,2.2178210133476215
2.2067536142419706,3.1367571122599647,2.374222965851648
1.2872762209816142,2.0241432685716902,0.6075192656239299
2.8075442637199983,0.20348946301962423,-1.2139305411917876
2.6322851526384925,2.973882003088374,0.2116737688027217
1.2045720286548498,0.18419283109006912,-2.8455902199371645
1.301894289270936,1.9694459168515892,2.5624237097217355
1.086091450943388,1.5949743749630687,-2.510332970275199
0.8986252239073487,3.405969990916792,-1.9705054773748139
0.2523409486842483,1.2592099970748492,0.46988746075559984
3.7077489528402245,2.555987621868475,0.393083040283599
0.43201833372221277,0.7743889304272922,-1.0814368392179912
3.5052445305486932,0.8628571461517298,-0.32727023561503055
3.214173241567026,0.5070303076560205,-1.8767908201607677
0.9518306993210772,2.834337511677315,2.541936286319131
3.1315486739643976,0.42261826992831564,1.1654187720526847
0.5944620200519872,2.4624430898297986,-0.6706361208765546
3.2188088533034076,0.4389407508530554,-1.9431129779378997
0.7287648122719927,2.318613612526834,-2.9231433836422016
3.7958891175333873,2.9053002244603205,-1.0008398158888179
2.43904152158733,0.767892424179216,0.7631257764114459
2.6021210844050233,2.540211772656062,-2.300059999631708
0.24482418157029473,1.2635881006857916,1.5450404599284884
3.3334998673447926,1.1184743946118019,-1.6698809990055423
3.0627186629424346,1.9306921489378883,-1.8637052820238893
3.389338107075397,2.6706831384275977,0.49740172882920897
1.5067453713768484,0.5547068608963759,-0.5949509778589097
0.7822297367766526,3.7832372682537785,-0.3163605532894356
1.3918975681643686,0.6496291118396664,1.3872940083261138
3.7390173761062577,0.6294951344675814,-2.223816381532875
1.9585664796256999,0.16040857579353807,-2.376387195618003
0.16425896896425307,1.7271261732004857,2.889336616756254
3.5029067903348303,3.1414953749952184,-0.7461861076663041
3.3849607103650006,1.732058261498362,-0.9861404491058297
0.7480151558470687,3.5270019631126823,-1.0112675760699386
2.8723142005031024,2.047135957907074,-1.9666157355389526
0.46224570000544674,2.520593143018925,0.09371720183759491
2.607341202866704,2.961387812625646,2.6097707301269653
3.486163017535139,2.9242652058092307,-2.9538299886021977
3.771925718637423,2.7408577568847265,-0.7899148164332015
1.9722845435429845,1.1569144031540195,2.386231551169743
3.697371012285994,0.218710849560253,-0.22563685480559093
3.3857522026174633,3.531162863693013,-0.3231016447416857
1.3796235947764877,0.5757866103677123,-3.0125181914533896
3.6563229851853776,3.7537709811864537,1.2265553653233479
1.209225090053597,0.4470303222025649,1.8228304288208763
2.8615582266884023,0.4140018094572433,-0.3868703503424995
3.579995829136878,3.063882991734593,0.0358613685783995
3.0020270501313484,2.180192773240155,-1.6959295035530828
2.137489664078623,3.2203143086634882,-0.8824336928882754
2.9535551128010153,1.4285054148114713,2.6474653146165856
1.3658413057404073,1.1997797935622732,-0.4394344668876653
2.119964107195124,0.948531021465949,0.9183106345037544
2.718891484550383,1.4323087975466904,0.8869680622146978
3.3772848458893483,1.4221862989413303,1.3069497485391706
1.1101601549996403,1.8562695894724683,1.4108356264085566
2.216767825505111,0.6411754516078596,1.91366545789219
1.8038224791876276,1.2450380525953442,-0.0866585829484472
3.705584261975635,3.564231314105019,-2.1723186157613767
1.2998290263446668,1.1315009789550179,-0.5477440910152289
0.5810759973894717,3.1025693533964853,-2.4530316834462527
3.7208661323108827,2.873687032622007,-3.0702555148394426
0.3675202914450968,2.129726521005254,-0.699471165333275
3.3684855143974834,3.297531105694477,-2.913159099553984
0.9193313132404257,3.3672274727267686,1.6139232898861557
1.1392120479422538,3.55674308666785,-1.9465577066439796
3.671025687546082,2.9223261513121583,-2.360690565488633
2.9955919992673663,2.51526964973949,-0.25188250357613606
1.8895063125671974,3.0968597972437233,1.2289892000028475
2.7374620674897203,2.7942005995914454,1.9301237197694219
0.610630571495216,2.3040113560593736,-0.31113747549126103
3.750145548837414,2.570587865093481,0.2979637436411311
3.0325111580541098,1.103035517241604,1.0930429846381662
0.20201310142333728,0.4336728961951888,-1.117208158800198
2.347989223837891,0.5921828461822036,-1.6762367597590584
2.63275994498326,1.3727282830979366,0.8805919804076945
0.18963132099712166,0.8971378141085222,-2.7603402630803537
1.8643600607838176,0.9056902844088319,0.23832259872597117
3.330704292414723,2.67929311565933,2.184089022183322
2.03454801233814,1.042819829466766,-0.07810217688995102
2.961388076342458,0.8989158102209052,-1.2492605729658908
2.4449846636952812,1.0411452479167171,-2.8953777926733038
3.331212146124892,2.2834525515205173,2.654608046033019
1.433679773699751,3.1064688524948214,0.1235008397255335
2.647424676869309,2.5527329398748835,2.350006655928686
1.4496346855556483,3.749044303022015,0.34291056022168354
2.912837729656091,1.8086404122182054,-3.117056096690223
3.6386857136125585,1.3990684251545784,0.12539903760455706
1.4832433129385554,1.2690405808427925,-2.912930603274594
3.5964852328398793,1.1388957607350592,-0.4853076589219447
3.201897779418568,3.132851915145794,-2.5169210439119647
1.2899427620441588,0.28606459383230964,-0.8994313002991201
2.2626652140705095,0.28378294771310886,1.2487372433858308
1.9210239195125984,0.8262503619433113,1.8671016271788856
2.0420758893553295,2.649100545141124,2.332998480679511
0.7263151611165157,1.41939332132403,0.00568494941533082
2.559292759465292,1.0203728543247168,-1.015188435033588
3.53766790019515,1.2678475054787781,2.9762452560151074
3.793319069916299,0.9285092274564164,0.3020979977999594
2.9578056419944976,1.80077112308323,2.5938046031682456
0.9644852515960634,3.231343421263844,1.797077514787496
1.7708250144034534,2.8699542932721505,-1.9808329040831487
1.1122185771746054,3.452669281208195,-1.2482904032682234
3.039684104229736,3.0510706525162767,-1.9476768672085412
1.2617359322031882,0.20375777608325585,1.7102533871585583
1.1409619505434607,1.0984547380965655,-0.7442599686783766
1.3962515485835745,1.1565628361093454,-0.22182853566430394
3.066408470542757,0.8159605424021876,0.49340881815053317
1.2986192904508194,3.344088831745194,-0.9469382738774428
0.6110300595909348,1.3467391437979992,-1.853459537529096
2.5113362930018894,3.567034359508936,1.2840576836736162
2.911471811974741,3.721068658988904,1.0570739754432568
1.8547885394110657,1.2603069929916044,0.05105102645805948
2.8987983808735076,2.889824244809147,-0.8092169746564215
2.1856087839837723,3.4514338877720427,-2.0860657842357253
1.0663799621753842,3.4648731411772684,-3.048469884271498
3.71466535096351,0.30219309566461483,2.9992592711179222
2.6838326361156937,3.063551707609261,2.2564846920266106
1.6167700946288788,0.5618938673223757,0.8320729023152427
3.5149219598088957,2.0135476046853618,0.6899249240304792
1.3973270665275375,1.1930055386052483,-3.0319731417302678
0.2956080398267207,3.579770410557647,0.5602731610491767
2.677764948482687,3.1756266749746866,-2.8895749028046076
3.8228848649541467,0.5529066142347379,-0.9687965738997097
1.6830862868614553,3.7648577605969384,2.80059065130001
1.174581232495422,1.3629634665668378,-2.990689122255696
0.6914883933841511,1.2565410546172444,-1.2363420980107818
3.174527763979974,3.0617819025738635,-0.6189723321986023
2.352617171553562,1.1046759350566173,-2.304405178685439
1.2355799604765796,3.1665843561183475,-0.29168689182558216
2.5129135687777957,3.127891637095544,-1.5789122963170026
0.30126430774599333,2.140427799640683,-1.0581494130766593
1.1054362440078425,1.1275200942949706,2.604288688625939
3.8413143787644675,2.66013863699109,3.0778158983011634
1.8128573314320695,0.43942948745666843,1.1359244170779235
0.8330230111052277,0.8874409102061893,1.5838608381030843
0.7020688828876067,3.7833953453951756,-1.974195923588298
0.6985432958657993,2.903861634995523,1.3398076046762046
1.3715740229329882,2.51818059556796,2.547840183390039
2.9583799603149328,2.9093056301266684,0.7642665971826461
2.939938999562729,1.0925294979741862,0.7670471102034333
1.5940177916901028,3.8285024977021482,2.78320601181864
1.3814303568500526,0.2722982445772528,0.8700924651530286
0.8746527152788226,2.520446174355437,-2.381138012537179
2.9120263377727733,1.6747401347443627,2.943269641720093
3.052879822583389,2.4032719331793757,-2.046142832741787
0.21412509279376257,2.4259047525232385,1.744507244467239
1.1959222324072325,0.2635001624406166,-0.7382916189706772
1.7892475987969196,3.1989770263090653,-2.5744961519314655
3.4394442184837457,3.0025753530617623,-1.8090821037165032
0.543621625540303,0.3790869462499038,-1.253507777447288
3.5571839377019914,0.49793252408331723,-0.9991635247400978
2.2574706641420126,2.797579308372304,2.11242776869196
2.351890820855481,0.5243205389388659,0.6144270517749271
2.3121757793948694,2.610543972893484,-1.5650856900158117
2.718044882748971,3.151373217167373,-1.5566553736236384
1.2792056816008675,0.785581703864203,1.7842941039118498
1.8016402471733701,3.6667537461300523,0.5189471728740518
3.490996281410421,1.590449917349774,-2.7279010769569965
0.5534514495717131,2.998133673775961,-1.2527225577103653
3.801732504759154,0.2076672002189821,1.6731681076281664
2.15592722745087,1.154464957909139,-0.4952391927549957
3.2282136052667054,2.7358692099154407,2.31623660976165
3.212015716392913,0.4374298201092346,2.675172443526499
3.7144464431236117,2.3960576486757916,-1.682098668778386
1.0176085694119554,1.805226147949433,1.4196391867257923
3.40291683857243,1.1412891489444896,0.4848566109548109
0.29492125197918684,0.3059529030010273,-0.9438327318413728
2.7212739803724406,1.0244380269163926,1.8286483368912814
0.7313668242988096,2.9795220181435274,-1.4259063652429105
3.3937485686607847,2.3289141989857645,1.6707683789968941
1.4797392889400034,3.5320519956765044,-1.538138047461657
3.673920117101671,1.9546364939641951,2.6860401650365366
3.4050910633876557,3.638452407732437,0.5848701116297081
3.7953598062335527,0.3236474359954089,2.925160473741327
2.7567959411291207,2.332240104280958,-2.0566719343677997
1.024175841340822,0.47441316421903323,-2.0869157669635787
0.15465335963786675,1.032857547263776,-1.0763749244740182
3.161906257197006,1.2306845584761699,-0.6743884680026353
0.38169559473846926,2.5989753597250105,2.5948854910160906
1.3103673209558893,1.1749071052604068,-2.0031277874286086
3.326587055178725,2.8639596545357278,-1.483080128100342
0.5618319033524735,2.904151083043573,-0.48811875353365863
3.4590038000866614,2.984030704112935,-1.9429176244568365
2.3392473999507404,0.6944173784510972,-0.23502459139474086
3.563761093222745,1.4444452842444568,2.2269769289981722
1.3639375102027427,0.420460182498815,-2.0570351021290416
0.7893913746580377,2.8488132296201214,1.6550612306420955
3.759731465531732,3.361221842680243,-2.782796400361435
1.2959061309784858,2.0265575985924382,1.8044859669084898
0.9596626491224227,3.537716503721864,-2.532441598172432
0.4396660610982366,1.2765894106586146,2.0724653976186227
0.6099268837555907,1.688626393133481,3.0385547636180803
2.9942558427628927,3.66341470792302,0.44158284179996876
2.3762705106589306,0.39510769156017167,-1.5852925023218418
3.476955377479749,2.815723376703474,2.1567563896870707
1.8093398572067736,0.9028935218849892,0.8285363579668568
0.5967500663331013,1.3922483666896257,-0.812745825643816
3.334250897130783,2.226852960037027,-2.355702532244062
0.5392148496347109,2.072572561598028,-1.4060107858593192
2.4627491895564195,2.8366645214424415,-2.4928644545268726
1.1948060707243866,2.3822063766059802,-3.1218354776596784
1.9981752882814887,3.3777033419386893,-2.9811969606846067
0.23830326461740414,1.7862914076622975,-2.226721062333295
3.0241130827380975,0.5597527022608877,-1.674620724747867
0.5840012621871344,2.6479552464734373,1.0372948532502262
2.170772926623403,3.512082586908426,-1.7311200648519478
2.259586535717596,3.0927310625561564,1.7315239957259552
1.8529530425311047,2.8047814791387973,-0.056552581068296526
0.23399539351095733,1.8399717333797612,-2.2002258764884095
1.606929648915112,1.128329044736089,2.1861846253807506
1.8027065487639282,0.9599503127459355,-0.8016573193824978
1.1179530080082634,0.44127815144272065,-2.448275859903365
1.9872944397634233,2.9953314125150117,-1.3713709931799292
0.43714241637942974,1.5161137283081279,1.9077409012883173
0.5798508833850655,1.184096806495993,1.7152767483509157
1.0440522944668582,0.18059617289203445,0.7839457754805887
0.8168072489229181,0.9817271762614799,-1.1049845957972466
1.606206881064141,1.171324213276396,-0.08961471409659572
2.659575593650749,1.485725334549513,0.08880374213343645
1.833057445665645,1.2686626863563788,1.1489532251069976
1.2800488675371384,0.44162292689152416,-0.010423134328143124
0.7546457295361018,2.807440776260779,1.5811649606738234
2.2050112566736457,0.5328611926268918,-2.684374667144603
0.905473015883024,1.9396098766431447,-1.0280368851071193
0.5047764567998567,0.9787381165187781,-1.1190405051212098
0.8010353415971636,2.7602017098401657,2.3512158103511736
2.676536224164781,3.244469754004059,0.13329554449017156
1.7325975244968856,0.8627452772438962,1.4910933920480876
3.1307616493200636,3.5181860580461484,2.8366602802933034
3.565841396300542,3.676281537344566,0.10621564346678491
2.5187435836865903,1.0382257231234973,-0.11925712744153527
3.8061163974469188,0.5096172444070146,0.48496271323177087
0.7654557031356362,2.409184163393242,2.400036627631562
2.3509827587485606,0.2757738250172097,1.4269075341141626
3.0064775333987583,2.3774950484860864,-1.258204572876441
1.6078929588491864,3.2105392901742285,0.4613823258101233
1.5191762150468624,3.2757985355925907,-2.556196560452099
3.6028078618357053,2.209798008058374,-0.8634231188197043
3.226391608374781,2.8968650074447613,2.9309697851941694
1.56366124629995,2.6371075275022866,1.2504883832744298
3.169241465283458,3.508027305726619,-1.4880985075097286
2.312886825325775,3.30318721249437,-1.1392381178084579
2.4923210643443108,2.9471332303646602,-3.051689863263595
1.2470705255316825,2.235951590807833,2.044747784542051
3.184751225632807,1.7358526895464292,-0.8250556706365146
3.574506252560102,2.5624060930665737,-1.4658455071411798
2.531286624995066,0.8046405920732513,-2.410284316004388
1.6033974203884367,2.6069655057837795,-0.008473272591556391
2.910537490762071,0.7535347941888251,-1.398194569735229
0.9320914862190675,2.8882162591280856,2.556747294946616
2.9788867612829804,2.0413680570829955,2.0289016424904727
3.069147624002781,1.2987283474606555,-0.3352122705139373
1.2052949936799893,2.0011013852616824,0.34744790523729385
2.6011952495534656,3.5644136418261523,-0.43383432653900345
0.8582832482564791,2.272558559566331,0.9509455213485909
1.1267602615067518,2.072447726416488,-2.854446047148127
2.044843973628127,0.8373954520667062,1.356976640572272
3.115871547997543,0.9095804771181628,-1.5843852134546912
1.6335152331060478,0.5321921201703654,1.234014591766436
1.5558439152991448,1.4138616367290293,-1.8452832579498766
2.785190540009107,1.7326705268926341,-2.511116029937155
3.384641660544042,3.7243027248516,-2.3944706863452994
1.9776279766184461,3.407674483671486,-2.370589795968084
0.21755576877659122,1.0709132654408253,2.52233996711266
2.1937884570345165,0.8484357308659711,-0.9618275666996992
3.3033261048066596,3.8045158754652735,-1.3157092227089766
0.32982677439849306,3.3963846593887737,-1.8750155538494433
2.1723740447812188,2.770796575985391,1.8954960550019333
1.6309158175626424,0.16096930294899225,-1.0815179195526285
3.5617273191617103,2.77514621696659,-0.7511853996868387
1.0258094996311784,0.7652432160126192,1.1286865604212526
2.536092983430526,1.5382108638468086,-1.1458377854681026
1.0347350319286308,2.0188599386735175,-0.19038726568857722
1.2812658050625987,3.3174542773289692,-2.215100993223979
2.82922118072397,0.9318024196140895,-1.7950138482671867
1.5415228632036748,0.9565834018944037,1.4044209584333167
1.589486936538337,3.7864162174781013,-0.1468442634678695
0.21369484430164443,1.7697761253164006,1.2237661742765429
1.5875058145974577,0.9029448382542924,-0.8387886363605488
3.4676926696546024,1.956533688989293,-1.5492325003975822
0.3457120656367252,3.016761349587546,2.272653966808921
3.787076260854416,2.2684119537334113,-1.8605602273190325
3.327980530137155,0.5071977823200147,-0.22381953859601422
2.6439577012785755,2.1674603767645144,2.2300665497078977
2.78157100874654,3.6802389366572283,2.2629330573003648
3.060387291312605,2.027373017069276,-1.388619256044678
0.16491857010366795,1.5267450553006507,0.9953951688590061
0.8701371748383115,3.4474889003415017,2.3321314708501566
0.37469181054487155,2.5505327076212683,-1.2389550096455062
3.697226519490561,3.3936379073209597,-3.1270592959383117
0.666013094939025,1.5665163151376302,-0.24555239417532881
1.0294970733322821,0.8388328190531285,2.870250612126913
1.693862145562563,0.5217832903537403,1.7121639711781231
1.6868603231583448,1.2599238339310883,-2.34543586230641
2.497490340754203,3.289879045051307,2.456873843377993
0.1965396924442011,2.5136945247302465,0.8368555046013517
1.2723959463160712,3.7253169850747017,2.844170028786979
1.1015572111776617,0.47282807552383854,0.06366280418543102
3.5668960058630166,2.570856058669558,1.355534921092465
1.5919121496029258,0.7015196198548566,0.03412731788341983
0.2895561921128893,1.5859011190522647,2.0447318039663847
1.662245849677341,3.2594418101896334,-1.7885466144877782
2.907155577260029,3.6901764606390093,-1.6165789610168013
3.0156610825303716,3.696970490247487,-1.1476356921826094
3.227498479702137,3.681403067262615,-1.3949240372775662
1.0463507073061908,0.7330156687807348,2.2957497739486374
0.1658588682161466,2.9962107464476904,0.1952276776626487
2.668665324766984,2.127069657406335,1.651557476414201
2.3512968072530693,1.120058608010234,-1.3833826140825307
2.695864206977756,0.7904048000604189,-0.41617799013388534
1.4541434096723562,3.3733123914139456,-1.5504103895262569
1.0447373035579166,0.2151799636990881,-2.5607893246928075
1.5993190769935923,1.335033366762448,0.5985562404680702
3.079538380147936,2.086516775680291,-0.5696091026784238
2.8275146606446224,3.624049936568255,-0.6976335958617428
0.9314705611639078,1.84223733617634,-1.9272961997905407
1.190340946867475,2.840152254797323,0.17288285784524593
1.1225201404038256,1.2316937444701108,2.0407640645175213
3.824438738615333,3.741382115487137,-1.8933897680806322
2.177965017497786,3.0449022893966604,-0.2781658016624524
2.2027081468456884,2.6221275732678624,1.46442895959476
3.4474913046924835,3.2631772607311467,2.738849215819812
3.2047756733930735,2.878082305894501,-2.681280370008813
2.4969291887765297,3.0895319500476788,-0.3532335491148091
0.6376929063043848,3.7814329639277924,2.9154954910591933
2.987216166034257,1.6451279891735884,-0.6063882190179948
2.118998600058379,3.2362891696490736,2.972561506977426
0.7376076527995648,1.711689488508822,-3.0806215555872107
3.4160708596701297,2.1292324705834638,-2.645498164877971
3.3088945432709442,3.5249509914967803,0.10954774482083085
3.6894021043823195,1.924435897149551,1.2011381857410734
3.529017143815549,0.3390642460498259,-1.193631380200208
1.0820449554702103,1.6953797374307031,1.5000550287629073
3.6639662063880585,3.496580162116014,-2.8752976141787245
3.37457585974144,0.2421247199886678,-1.9094904197707017
3.4084196780472316,3.227254926054148,-1.0203581724565471
0.7636706786267835,3.0582858173968828,2.383607130753987
3.798661582201606,1.3899421641844083,-1.5671914957206134
0.6285556673974733,3.3335549679096066,-0.9839521497517709
1.5396918605704766,3.333391082849299,2.2533353387888138
1.2107140907600038,2.6971519427727504,-0.907819035955737
3.266936063069748,2.5754863245690602,2.4362234246280243
2.8481576645062594,2.8907072518218184,1.5406509308099272
0.6305269294172016,1.4390885357056238,-2.835288532895399
0.6583350614743906,3.4322950691450798,-2.1244860925305202
2.7022821575739875,3.1046262811517735,-2.7463953493933104
3.01060151725947,3.014961270567138,-2.2098061990528812
3.6422814031995183,1.6720802949472775,0.4719126020231523
0.9953001481949344,3.1686260889714224,-1.7591339868827125
2.9379336624326258,1.2004145257493715,-2.420879569978233
2.7641927907507373,3.235774065210457,0.5275231528082691
2.039897137973681,3.6649243018446356,2.5311556331878364
0.24361142759837762,2.389646992594272,2.6142148040358153
0.24597503496508244,2.680552059615424,-3.059279096900501
3.1852108213001653,2.8231717581890674,-1.3132292218002446
2.8591788031685437,3.639626198181951,0.27395404067926465
0.3444106059282901,2.619686069233382,-1.427964106247284
2.6929571473251515,2.8499845868779645,-2.6390049159470714
0.4896188942593409,2.689308213069637,-1.2647043324395866
1.093574735853108,0.49711653231818254,-1.0311326171767399
3.3545668459113482,2.5014517127860265,-0.7857098739116211
2.2826216695947354,3.1173263992145563,-0.20831568041964177
0.8298036049065516,3.783217213716506,-2.5486461924035204
2.025461063167484,3.312620901071077,-2.5383763745742094
0.9919424142150324,3.232914384681499,1.7737318464925327
3.2973868867976064,3.042645244141531,-2.167653953203387
2.4899663143050135,1.4416541776198857,-1.8074034048804803
1.4956702633926269,3.0036685973612856,-0.1140770808351319
1.195215046387633,1.611674208438623,2.6892998130313837
0.5452524493672906,1.5386384084844624,1.1250633931660659
2.936019321711786,0.5018901481570084,2.2744589537300897
3.4785339771328005,0.24286157023530475,-2.3994058375615035
0.16288544982340492,3.6478777549568533,1.2679208230184038
1.6215660474337352,2.874994534698271,-2.6082786807099883
2.064429356447355,0.5303007282200731,-2.6486253000868403
1.280132144016704,1.6007905251877812,2.3144488962835634
1.7877341005209604,0.726637770407915,0.8727338079757692
3.2467865616229687,0.4437791794726138,1.799568177410512
3.0597034896740203,3.1293634730821185,1.088496182752377
2.0673821051771744,1.0447520257753973,-1.8734431086506245
0.613245166956808,1.7521269847062264,2.438357590330936
2.661403382580669,2.3628540865915717,-2.2634115130756243
3.318460504021258,1.2292073661606842,-2.281905070994523
2.7700696837606835,1.8321431896981841,-1.4403311348026067
1.2108048750449911,1.3371333276106827,1.9725765828106683
3.4818476628537423,1.910391169124631,1.0854978350684297
0.6710633364177583,1.9579490813830334,0.15596556742954926
3.729966655057981,2.1241104329643887,0.06503749875994513
3.2036215801789316,3.716743066723696,0.7509202311328349
2.626427517987094,0.6911518701200046,-2.075935249875553
3.5628744187005106,3.3760142790096968,0.505114695175549
1.0318526466490767,0.5686288608682744,-1.824183307111364
1.8705431267038937,0.1910249032125857,1.7991987992207923
0.4588812902791135,0.526866774902242,-2.249178750905462
1.4223073528053338,2.8058423973987083,1.8985041043819946
0.3845696952262849,1.6944094811200414,0.13784904608460868
3.3669761209402624,0.38918446472163826,-0.3766812932017265
0.38386801537170845,0.7879353047768629,0.27312588988554376
2.709787391282355,1.8508376026468447,-0.17712226072221693
1.1916710560202786,2.676820094754583,1.5433058419209322
1.5768366535984417,2.630733718645743,2.1422353699070413
3.4058525274465867,1.6765379285540685,-0.25394177975842425
1.3167044544042357,0.6185152283744957,-2.1931525614558947
2.8257093569925544,1.3897447995339252,0.890878993588025
1.92373284596429,2.680928850112385,1.3532779073069188
1.7421349843296774,3.839697606832336,1.8389350389260155
2.9306739007664553,3.8292672735318645,2.2479638801468074
1.344564162333163,1.9786269715731235,1.2691994791802124
3.6911557817137055,1.0597768058944848,1.0839517459130148
0.8776709731190122,1.6085476462125734,-1.9691862685048536
3.5695755315628372,2.64357603717335,-0.9334836361726353
0.6890870041089019,2.025650755084458,-2.1269627481432103
0.40471587591281954,1.2304346202643206,-0.29943038339599726
2.682677436782688,2.851999670206171,1.2620863468507482
2.53828756188574,3.7675063834763267,-0.5622692175625135
2.038412243999728,3.6706733571223276,2.32154537565461
1.8811975641861616,0.3799216563971908,-1.7105052441234496
2.986685482190909,1.8457289830797605,-1.0405225809969645
2.4011457860947645,0.22034949209587973,-1.9850353508923821
0.18422371806887705,1.0941566946456298,2.9586682190704003
1.1046499210832956,2.4099638763531033,2.908824734520114
2.5614179026543336,1.1537412624080146,-2.1742971782216207
3.2666751150717617,1.0685090023951975,1.6103647214278665
0.6689547363302237,3.7998972406173004,1.4532587203170522
1.54604930084031,2.5930987928036138,3.0830848795594186
2.468692009121684,3.7308185925193365,-2.671400313131354
2.4172634513173255,2.5446156196103313,-0.723187244259146
3.372611936185609,0.374650755431579,1.070313501389565
0.8375031708775795,1.3526516764518197,1.0665822238190419
2.97590012541266,2.1088219384912708,1.271406606949217
3.378236223998315,0.8591838151896849,2.712001164784068
3.4024013950956937,0.527912036139087,2.6650780354544237
0.18091296024557746,0.5466439516051729,2.2204591998452248
1.6331835252886697,3.4661249677135864,2.9763109413926117
1.3135470981740478,3.4812849972461457,0.19969024200910468
0.7562312562609761,1.9164670472519147,-1.4740658712373673
2.8662763429591145,3.1246651007181026,1.2206281757383355
3.7170697349115787,0.9497588970821504,1.7203612864139854
2.9249861521822433,0.23287076859732148,-2.390101479527387
2.33386703451071,1.0786544336541306,-1.5907614176037042
3.511119446066128,3.464139112458216,1.5509138887622411
1.1496456359803062,1.7697292931309563,-0.38457987912349756
0.7461125749852289,1.0057817781925524,2.0731449691198405
0.7783312172759951,3.817199714585036,-0.1262862797166182
0.8288987161230321,0.6524014196413663,-2.0601029010756267
0.9594069080554783,0.9252963375919774,0.42813252492012266
0.704907622071596,2.396089702946941,-0.8494636177744965
3.6907513366981566,1.9240267380157352,0.19821011157719504
0.5454542446655228,0.2773313220622624,2.0680990541025075
2.978764310293086,3.5706021237201044,-1.0540757803996872
1.9768326274221404,3.2679852710245654,0.06250361775109203
2.747163883120146,2.5250814605670313,-0.49004555771672464
2.7436764779874654,2.1660555305084084,-1.4648876905850687
1.0724985684344408,2.9187210619335384,0.14344521719967274
2.3056239250939323,3.5369823880558267,0.21488022391253114
1.433099072202808,1.4619534482576282,-0.602925854406049
3.6013946753322643,0.4930704453310959,-1.9887584443131439
3.03758059918794,0.9388604145980972,0.5775169686692587
1.3600744857635356,0.5582930767056826,-2.16322010727279
1.5121414903877866,3.095971764555952,-3.014764409325465
2.7211642796208797,3.2800131003301267,3.0908802236085906
0.433886707952746,3.4066746118119333,-2.4066210154692493
3.01178650627977,3.434001691604796,0.028956960817225763
0.9940310099338183,2.7666995163084143,-1.0718326847211377
2.6378735603729218,2.881022299360329,2.5274631363062197
3.006756410098076,3.590976407303686,2.803844923906727
1.1152777384091648,1.343138781068434,-2.6166550820045162
1.4381590977505052,1.6580209993532145,0.7749672416375808
0.33388570773953763,1.6567353257343167,0.23379701737483982
3.5969600315289383,2.7373103544115156,-2.8582797822530215
2.561996489088784,0.49607579634602184,-1.8653464674735414
1.7473868623181952,3.7442544851973087,-0.18762551504921543
0.9894286003476802,2.459012229406711,-0.5259633274393454
3.1777757055467917,0.6118692644640968,-1.2410689894799165
3.068797635903531,1.9263217890560282,0.10227081912802927
3.1578005179495436,3.2569585550004163,2.6214904007030198
3.3900066536630664,2.2901650037239047,-2.534078599547685
0.8745610926223844,1.2788462393564908,-0.6599480347704878
3.1264527811084033,0.6675941846998903,2.4204445845363747
2.874867450334659,0.9513379850090766,2.7721851143997194
3.501531299185504,3.245287019344943,0.23853950672073365
1.055415392864266,1.5097536048327154,-0.9376833515918634
0.6977969061023046,2.3435821414079308,-2.376876634946194
3.2873467238933336,1.348024519218327,1.0805987961797534
3.633885778072234,2.11283156529148,0.6246202326973922
3.261130079391942,0.29255502653002186,1.6736456803456603
1.427663748344135,1.446702945323186,-0.6191294217145531
3.4927985253335176,2.645169370058068,-1.6653080521150363
2.993026810422149,0.6317843736346367,-0.9480051389033388
2.2690203062544567,1.2053278188104875,-1.6792937780224921
3.4662151294734223,0.4797136229730281,2.171512064101301
0.2876217161818868,2.476576322997133,-0.20962933345469636
0.4011542493766269,2.396208145395784,0.6845290001434234
3.433300747795566,2.0760485235527715,2.5061183300119474
2.4265917830846147,1.1520059697739442,1.391415117761972
0.4673770734065563,3.287548711115506,-1.2643302262766407
1.5638882002303225,0.2658920372537912,-2.3886000467666397
1.196439689739091,2.110154908039445,0.4065713282833596
0.8457936059136917,1.8276099747825385,0.7179316526341974
0.46462933599263945,2.056214856279344,-2.025833638402729
1.3982151638366638,2.4122756413818487,1.6126042486952556
3.1219981321572754,1.5816366517246605,0.36817625758302475
3.669955297656956,0.9654277196640653,0.18414715244939028
1.7677236556341969,3.4123101458526257,-2.7065168708491125
1.163379004586706,1.7285949293520133,0.24742944130324807
2.1837146362679696,1.3682974270107802,2.6909012291207377
1.0324574215197582,1.8919664138834986,-0.8624890697197869
1.1331775034930396,2.958336363969566,0.8991097513311539
3.5802711104172062,1.2418986391254947,-2.4681028499574977
0.2935667751112825,1.6563656244265426,-0.6764542467929542
0.8651443693140779,2.484966703127054,2.2367443925204133
0.6880079717422385,2.4957755805728987,0.5181364658356142
1.2163453811718,1.7712395118139992,-2.455289095100712
3.3815612369131673,2.4974280776648414,-2.831205188967439
1.6795798801187254,0.3747618224467133,1.221544815107908
2.3747628064723942,2.617446886104317,1.4746456189286938
0.19255802700623237,1.7516199729736721,-1.8058059286236423
0.6378657291669207,2.6267738252547885,2.802361901612622
0.7829687604270879,0.4951810020330232,-1.9365660057338103
2.697706285082792,1.8024702394364205,2.6239084569755224
0.7476836816492756,0.37062198792560697,2.610233659879561
2.0572251662150833,3.360548696818604,0.5722660797959414
0.6680538183842448,0.916233165230655,-2.124851269687852
0.8974616907415225,2.026580742081672,1.5921424715935775
0.650326162996441,0.34841068748112347,-1.2617247981771644
0.9550542661289465,0.5110622985342124,2.8976323164116238
3.1730046039374327,0.39118785104169485,-2.1936904818461684
2.9058508125441103,2.7050591985332635,-2.5466980951922613
0.6479421237029444,3.601005361003318,-0.2152918491133473
3.6985026018449485,3.1375311939959336,0.4747571062968041
3.669130871631704,2.000544290071743,1.6086957378317592
2.5220626378465685,2.499112134875637,-0.4936575208321963
3.327351396071456,0.35420106034848775,-0.9946638479659908
3.0361295243044553,2.2359509519198,-2.567848990782031
2.4262299013971447,0.690420146286403,-1.0605371111515813
0.8421602200315981,0.579119596683654,-2.3941387662700926
3.4354976505079584,3.418981034508792,-2.342075207964438
3.6143239539110548,3.6882137969657753,-1.0915077364847732
2.504103568890886,0.8501004647492985,-3.074295374294141
0.3351890857584068,1.4442966973184928,-0.03098138507773429
2.1975855068747574,3.741766050785626,0.19270230892291806
3.6415046732035443,2.1458586196676324,2.5072567090910507
1.2535254741109045,3.4821807342116595,-2.982878417808682
2.6446607418653483,3.3203525408647727,0.6513287795554454
3.598700610574518,2.196359659853067,1.3154253304975771
0.1509180573796649,2.3940906025626987,0.5602112304697116
0.5796775859553707,2.1842044052445706,-0.24014160699978238
0.8635072882020558,3.2980410022732953,-2.750273928075591
3.7164644266771023,0.9492900008462075,-2.65350157490027
1.8363833704471193,0.9962319368899029,-1.1325429244976797
1.5250017411013586,0.46576601291553654,-0.5215540814358728
1.3370458127969056,2.790710178936735,1.8611184261601919
3.5967154346356356,1.3836051292052596,-1.8138309708936113
3.1368707858663574,1.2163952237349478,2.992550955872118
0.9173438857474241,0.7956077804083974,-2.0842059069710808
0.7489225802442494,2.046542603775226,1.9932421721285865
0.34689433937546,1.3059906677461925,-3.0909509247591362
3.668116684286884,3.5946648992796466,-2.7742074360725004
3.136936196397572,1.6798784032051732,2.7970641407210604
2.7511222964825723,2.81191363074094,0.16913573912977053
0.48225819582886587,2.0238371201165544,-1.9945015977243248
2.93266082257241,3.048748079681917,0.26222344947218357
0.5242669187365738,3.6544094102836246,-0.7200683061396749
3.082174620610463,1.5681826977104731,2.462461985636147
0.31572356985745476,0.24699020698335072,0.027751202511446582
2.6224469952517904,2.5313876245257436,2.769262080334073
0.42814069847906744,1.012397801984653,-0.19732472683511082
1.5915250743230267,1.468006061129516,-2.1391622225927076
0.40124266668309394,3.63365808883062,-0.9458793499047378
2.18608009301331,3.025553630843089,1.0904162941613302
0.24559796174606818,1.5623172337177658,1.9624209516884141
1.2102316584162058,2.509007310484623,-0.4005190030861834
1.171231043965507,3.1913896784983358,-0.9470641174554353
1.8804880222981275,0.2832350677637878,1.9438917618457108
3.0029676021685057,0.8791144890447091,3.094518351808089
0.6474171838398051,0.44869991963233025,-1.5037365037661847
3.1144556659930553,2.657823299192935,-2.6117675461246566
0.7073576055460871,0.8040172224631692,2.9408916600786315
1.4858637335382836,0.3549877309819851,-0.13885620110754449
2.9679508235402188,1.569108790878789,-1.0669950395734467
0.3456278424352792,0.29417076517754603,-0.4235713187082726
3.7541549290128584,1.2625295850002547,0.5554013759873668
0.5904527726439288,3.1254706556461587,-2.146378743394283
3.5111638092654993,3.7318220175905963,-1.5098324155733855
0.25459238381890437,2.568237332962114,1.2025492741435446
3.5701681306507504,3.8288798138982343,-2.371855156039405
1.8665933578394833,0.26786863610305245,0.9296731943000278
3.413932003934527,3.6670571570172603,2.5861671570339135
0.6058700741577354,2.12540437001668,1.2338833758879701
3.146044891895859,2.2070144652246118,0.4183844070625562
3.340618299405603,1.3130931661917056,0.4041277839690909
3.1605717740375563,0.25940874962230964,2.177000526772858
0.3664156931638689,1.5892948540185339,-2.361297691766549
0.1953747575423619,2.8035686030000426,-3.0537366149262524
0.7585644197875037,0.801174818744939,-1.3293872779311597
3.5374649946984005,0.39905177584807694,-3.0444214070821656
3.2557364350276,1.2228589735041133,-0.860184685782257
0.8511008621265748,1.0962630988991777,-2.9022749248908783
2.935171155719825,0.6770844807180709,-2.1815399401877396
1.7861750565276617,0.2387564560361457,-0.0070635495851507635
3.1122775458274927,0.7584741210756789,-0.05713606347884648
1.2568713655452233,0.9996208204575572,-0.5911926607759472
3.085214407525679,2.54259011109297,0.7797360857016407
2.5534223028878116,3.540110914904335,2.64071286119474
3.014442109271005,3.4304112430880105,0.39595877904670607
1.9494775800765018,3.0076142528130103,2.9596408690389735
0.2880738465948256,1.984964034422486,-1.8269905813181997
1.7762163443097672,1.3590410529746566,1.164411430736294
0.3431496862697969,0.679820182892839,3.1204490809239136
3.332303227595651,2.37759550376053,-1.8953620981896673
3.3039374224678246,0.15957560520645275,0.6749637570811435
0.6318257319943918,0.4872629686098895,2.500549249711148
1.9501822137545735,2.9078770795960294,1.7994758565018323
0.2584270044321162,0.9511398421880721,-2.2142174622072845
3.566564194261765,0.7072508709463103,0.8647082572018601
2.235657760678065,0.6029402614002288,-1.79444918932796
1.5336892264439697,3.0655589199012727,0.3199861442587135
0.23056694722468496,2.8185089199246054,-1.0524262490987257
3.5257902022192003,1.7676706276753622,-1.369421618785324
0.6912215795501666,1.2641518516561505,0.7980561892733502
2.8012244093459215,1.8150301875486554,0.5564894676343579
2.6228136672057722,1.3551671935135916,-2.604781014098881
0.8574502085006195,3.015447091603316,0.24076365762336627
0.6337121159372376,0.7949133719167158,-0.11364154552656247
2.8473858392166984,2.534430610455562,1.4052407026498317
2.1731153626791224,1.296482789312761,-2.281587756963764
3.2026964677462617,0.38361573671018867,0.45273632523045393
1.1014647136681637,1.3823915069897663,-1.3412139321628804
3.235675602865595,1.8004008367533295,0.4024894092365754
3.7805718673086317,0.6549206723049297,0.044010262732817385
2.540229914142777,1.3503960423130148,1.3628675034446953
0.3809943059024006,2.650470448218984,-0.21262808366287933
3.6022665170990797,2.0392396111310607,1.8590552778285234
1.3719162362493869,2.261294624069297,-0.9989820293191078
1.3287533112327496,0.6780348171911501,-1.164549719575629
1.3899397052196019,2.4723138035407786,1.0459153211234442
3.8251521976763425,1.2081856219410723,-0.5145006282891202
1.257543551698523,2.9486985591098325,1.5323794391082552
1.8368010676778463,2.9968137167633326,-0.5427969284984355
3.7937891430818174,0.23390073666499767,-2.790186175530965
3.052468902857239,3.2698018008393244,-2.4478181514020956
3.1376027634795385,2.3348583543086483,-2.7084531042336812
1.9001890591190818,3.792780979135258,2.539549399034958
0.20960086758167007,3.3773034790278786,-2.3480271738044696
2.847048696606784,1.9421986135337521,1.1259712870672711
3.1234541035396095,0.931030672027767,1.139023634926791
0.5266115352409533,0.9997188064002653,-1.1783219253266772
3.1470941363158778,0.9035336598612997,-1.8172552536168398
1.2660837797895765,1.0281345265076243,-0.1161656237493558
2.770931262246689,3.1570379586824933,1.4108855737764596
1.453086914866959,0.8410983406329322,2.7144021323866623
1.5437334183642424,2.9628528692970972,-0.042276890993898864
3.1095837464850677,0.8513970519242875,-2.9714566433274556
2.8024276103624457,2.0389422151876904,0.6080592377739915
3.6415456215991635,0.23056928058249815,-1.5516879413976195
2.663750316807416,3.2090221466031954,-1.523429832570517
0.7732427187068982,2.1278621859333082,-1.8000461201099942
2.451794622317002,3.6570116035871045,-0.9331699191561325
3.678513834885071,2.2270970923992985,2.7933634561251974
1.0599499153520875,2.116881725126903,1.1985679285318707
1.2850342139127657,2.6743175351961774,-2.853832224638407
2.3700793180554136,2.600767634894522,-1.1589054308537692
3.7895318918994123,1.0649786611063536,-2.2605225018593993
3.3023499664517337,0.3873506560181772,-0.932293847479444
2.651518333130321,1.5257022308737858,-2.045789188356128
3.365832814301659,0.2362649380930555,-0.22271243640859817
2.1815742013098554,3.3650400568598924,1.4291646050060685
3.241827293524382,3.0896472789886587,1.303216058187325
1.42368903027426,2.6348905935094105,-1.0242128090970781
0.5478388797750013,3.709562576576723,0.34086102006194574
0.6003270923240782,0.9187366121541674,-1.6774587033433215
0.553791991250745,3.754885227704993,-1.4889336593906766
3.0006877120724664,2.0551411159911743,1.724336773510334
0.5350179220415399,3.4842905911135036,0.5922156860403907
2.0060103078114526,2.9137492109036707,1.2621422215120326
2.740540536090448,1.741581756111723,-1.2459797324822754
3.172182674441221,0.3346340596433195,0.5669143977935218
2.084615816456773,1.2790016957219321,0.26099342653831803
0.7341449476992206,1.5397186961177014,2.992484720998365
3.092935424718841,3.6414672860471273,2.870363121758075
0.2254165828232475,2.244590124303134,-1.0423370806354013
2.6215109021456193,0.33782266065414746,1.2035114761576864
0.9443374557440083,0.6481640222106178,-2.0862439495648237
3.763855705419699,0.354987578146559,0.2213249338213994
1.9288735813372444,1.1599676610872263,-1.4424904421715081
2.097491541775034,1.1182380490345096,2.2609598349692517
3.107804843455527,1.627666164487998,-0.17648085704582428
1.1154414736912668,2.077243667376166,0.24994029087748126
0.9956077342760925,0.19501050674961729,-2.8867411154936953
2.4112359885558323,3.1147624688347744,1.5303320522966937
0.28546453594170407,0.8275665157335812,2.880765361254279
3.2375089270285122,3.0886250941962405,2.734133372684963
2.964358871103488,3.1529872705419955,-2.8695146451574374
0.36983065980364627,0.3154010385862174,-1.791987482700055
2.3940359475341855,0.41056238971333503,-0.5069893815721898
0.5692375919165458,1.6344387152174567,3.067741301781907
3.00706026365038,0.5961931650751695,2.020000484273128
3.379719613102442,3.2384387392135983,1.850114903201927
0.6645599908880202,0.47208525276529656,2.679429445155318
0.6963738239506241,1.3188209344920225,-2.810170075000256
1.2605972020267808,2.8459710623342658,-3.0362318466786786
1.9068143891098837,1.1977932952641552,0.054688517227403644
0.6504347029738651,2.470984320055456,-0.7035104206203906
2.9305526993549678,1.7433324580529712,1.9266186522664333
2.1958223564262864,3.395870880438655,0.7867128831376706
3.373028893155893,3.2855694938299376,-1.2560527134461061
1.0688590883564388,2.582343791237004,-0.06083531560126154
2.241445245451922,1.3088739523295065,0.9790055334838197
2.9737180760029944,1.8386469686541167,0.7449512137235628
1.128308542448024,0.19148772317237706,1.0907535548928644
0.562312356062221,2.9152212119355227,0.18813560026889542
2.2845832457423496,2.878987474998041,1.0715724174517076
0.9172910052241465,2.464716845412376,-3.0905580786216222
3.725120644114683,2.588311152186454,-2.136563288305079
2.7260933557785343,0.40814107510039843,-0.36071069272467904
3.6707841455688577,1.0911655639713222,1.6199363952815329
2.8444399694446973,0.4774883103330092,0.8786863990493847
3.234023980373424,2.983477144006367,-2.6271315637211647
0.29814387270489906,2.630298173429816,-0.8364323506999005
0.63005158068558,1.862394316342718,2.2419143306875133
1.7243433623833613,3.0246022966818846,-0.5804312286729121
1.8518371853285873,3.503881110061155,-2.493215874517195
1.8742905563842722,2.955392948994401,-1.201666975900729
0.6511090604238667,2.4172736577344542,1.8299416473154473
0.49734355199542346,0.47748236049672554,-3.0729262160165893
1.8286084708683,3.3148542532839684,-3.129601579213687
0.9083781175155501,1.4981871275744814,-0.29689896934140725
0.7222176919097336,2.3766419718519955,1.1598000668233839
2.625077158302552,1.0275991770522213,0.5947173608693372
3.324823032891732,2.3073710930301736,1.2202991188646788
3.0243383728786934,0.8335958678268698,1.0311784154782764
3.566611689254989,0.5950133696943309,0.6156266997712208
2.7588058401615085,2.486461351264772,-1.1302421139046261
0.6293996692380981,2.8764356059171017,2.4273948036084034
0.3388467645597353,1.9049929518509665,-2.9859115584461415
2.344661676556861,0.28075750873184724,-0.4680268229283757
2.4229815458690185,2.8106101014331877,-2.4269474803636784
3.1101003334371593,2.0769587008816437,2.1919434384192256
2.728206218454456,1.8253633387563122,-0.7003266931347318
0.5914231409542614,0.8074070857006483,0.03133936308385321
1.876989342638852,3.8488471501306454,-2.9269612066350685
1.2198400604968778,0.469713726101749,1.4326782797769209
3.0854920863572404,0.819609133247845,-3.025649461288774
0.16176007831018158,1.3596398252283866,0.7624657310263592
2.656456095521434,2.218705731382034,3.137049122155485
0.5807097881636665,2.530699495353772,-0.15498683392554824
2.2864888120744813,2.6370861753829806,3.102642338096648
1.2765244020795583,3.8076433838777852,-1.0810347187902285
3.2275501789287153,3.123593001660081,0.25514994404931546
1.083116640817904,1.3412072912803241,0.2392912551892441
0.8283105932778252,1.9724325029243714,2.4983147056411266
2.0090047576524306,1.2681432337045777,2.570041221802131
2.261633682200602,0.44018304815125786,2.317724916858711
0.8810518594859582,3.3102765929293945,-0.2760605421400295
3.735010499282185,0.7739103212707206,0.6755253784503417
1.0423693347558611,3.023222979620041,-2.7040126837812632
3.2175952356773587,1.1508108882,-2.3959120131482012
0.43974990207621456,1.350758822184813,0.4284053915472703
1.232050575905982,0.549661794059539,-0.3348580903727756
2.9985439020047386,2.4378741428149993,-1.0302386925064067
0.2392227180853066,0.8097675786022713,1.5124459145334574
1.6640033263124598,2.956018461944469,-0.1841579370752462
3.016623756398305,0.2556612087198986,0.5809407097518031
1.8389613832309584,3.6689420948038194,0.20572615853440546
0.9064481507801783,0.6086809088907494,-2.714068983710308
2.7114406316786077,2.1482508499428836,-1.4063925512969047
2.648282127391106,2.5497411731609394,-2.645784231773639
3.133093357348428,3.5032193355572008,-2.7149308798642244
3.327356096185169,1.6657472352671618,1.4227023580549414
0.4709367261815687,2.1974983901352467,-0.9122914710094716
2.4222919080064216,0.4519656214738088,2.869749325203496
1.120610138766184,0.25480907130480634,0.7318370245562855
3.433185475173479,0.7137785809932025,-2.2498493885477577
3.299522307548111,0.574448151609591,-2.636824097750282
3.557266651770269,3.496157019579349,2.4369738289158374
2.11275489649656,3.4179112438431214,-0.6562515634379293
2.2645722918383044,2.703030163934605,2.145111086314584
0.5320911582596604,0.7287295736199391,0.7839277823363533
3.260005611464324,0.15519125065485584,-1.62169619146629
1.5285935564616198,0.43942838818561425,0.8291266893348626
0.2761346983915294,2.7071835976953653,0.9105233084043318
2.8257031351744994,0.7783575760451922,-1.273966869835362
2.1878735117385477,1.0690484780076268,1.9387340012473553
3.8480618416290135,0.9102988381438943,1.990736679768525
3.8270090093454376,1.3806397603459613,-2.980430640063228
1.5937887431859274,3.0530209116195866,-1.8118135917528486
0.5969465878601175,2.688042840039497,1.2736042006455444
1.079151489557006,3.7828854896103667,1.6937075457889703
3.561019121099066,1.8219593665209168,0.39111721645873665
3.84086220678989,3.3673963264623676,-0.8665645994082039
0.9974536751761867,1.7914518432878204,-1.1818887679287455
3.679966035320407,1.6124150213947166,-1.9668981518232882
3.249660308044829,1.6142055063082008,0.06787373888395054
2.2889698514483316,3.3053533905955805,-2.94441414657161
3.8007540303157565,0.18650734034636685,-1.6209938539831312
2.6859729635176564,2.168423662886719,2.4353859162256324
2.597969399817271,1.6119722869140363,-2.8743757436172404
1.1598255138345368,3.571614962873181,-2.4671592099535395
0.573194654262557,2.2513113828103806,2.851287421975779
3.3063402520781318,1.1586229673792077,2.22929675842118
2.2214893498333037,3.3972487348631333,1.1974387847741452
0.772475804362974,2.0573808250484906,-2.692885790400926
2.351912930580466,1.4201189981602194,0.9347825232064233
1.328781743095682,2.3872823514236896,1.2462234709931934
0.4407641089052663,2.9653102439365298,-3.1172134939418377
1.4055797706395974,3.608871764076899,-1.5237295323696762
3.770753423152342,0.36760419248550624,-1.3614825060747442
2.401169332754736,2.8726615662900983,0.2620987112879525
3.226261382305818,1.1370558488980778,-0.751488774642223
3.0789933294532936,2.6184503832554626,-3.0945434266518217
1.7923583711201885,0.6726694398642072,0.5107086528672031
2.1759707128502686,3.047561379709474,1.570961917421907
3.3432981538854585,1.7946096508764073,-0.6553431502300562
0.22277071837529183,1.8118262244216683,-1.8981330559933822
0.48516821602622207,1.0372035655871867,3.077165691250757
2.281932732895776,0.25899507410940403,-1.4704637348450427
1.3363179798858367,2.409845279772585,1.1682332714852146
0.1515093795376412,1.8076168533717305,-0.1113146614357925
2.9860683002530073,3.6184301066976223,-2.829860830678178
3.29788923496628,2.1447033337850256,1.721874929800376
2.2950037074713565,3.2031061798445344,-0.04812126322189858
0.43197194360566327,2.7484166152669767,1.9271964526572711
1.1063539652672367,2.7544751453423344,3.0050296477451903
0.5121819225412803,1.5650533526946475,-2.8686925563826895
3.7039665258020436,1.1514428119419025,-2.458575338669727
0.594343707931853,3.714772228738097,0.39703744042095135
1.509538270962567,3.4729722103280016,2.6144123969417805
2.8726363700351185,0.4872096032876385,-3.0038008431605334
1.8511317951994983,3.8436955405503888,-0.8950836167021259
2.8925683270524867,0.962788879037332,-0.46738008996159497
1.406622684190093,0.19803539022690275,-1.869627905885754
1.6464856605763356,0.3450923311539329,1.4597896664622887
0.4824715609609598,0.8358958346066134,-0.022128092551062295
3.5166208045780114,3.5615159395024825,1.9822646542257614
1.7121298039600754,3.8489796709833417,0.1660543201957747
2.7685321355600707,1.4605074726339806,2.5580410664437805
2.0097136964792846,0.9551742150069535,0.5588151052804431
1.9468156849417655,3.2559012816990864,-1.7054328941782915
3.129267618792193,2.556758247958573,-2.8471386211366263
0.6378020544754412,0.17852510264402266,2.8286081959231497
3.3098112688828665,2.8557020454211086,2.073764768029365
1.8861193106863587,0.9025318871826675,0.07932317136029665
2.6395667391895756,3.054125973072828,2.618080872248701
1.5679207182450599,1.2879371756473517,2.597989091480052
2.2216518172253372,1.2134582089076265,1.3831420425080152
2.3190916488940223,1.2370705079308513,-3.1278570769408898
1.656591146067775,0.8680868278064389,1.2677894395131357
2.481540570647127,0.18925410377801466,0.8817389469785333
1.7710739718796509,2.9146692958004734,-2.572810822635937
1.8363222998792423,2.7876331062116555,0.6373492909514442
0.3344966252329966,2.921559668132093,2.116305016391613
1.0930467832241209,2.854464197747311,-0.26024641198310317
2.176757596977254,3.1635990105708913,0.38701841414189175
2.9739535845180276,3.6183249516291602,-2.3814766242018717
1.0577543774781328,2.667513209196955,0.24239086189848935
1.1128494220451266,2.4817213255055006,-0.20174141859370875
2.859231774827649,0.7208821469688385,-3.090797541024571
2.7952302073366324,1.0224578025220579,-2.5001282957614674
3.324950563104186,3.54194368930933,2.3001756560982685
2.9343143041131645,0.3590164411938397,1.5759288489603556
0.6276377544122038,2.1800369362222,-0.08320428661345547
3.3419433950460857,2.4141879041940966,0.6089474090962828
2.522581261622527,2.3950147722715633,2.167752095845472
1.9805455491135424,3.216859757067424,-2.726276932156754
1.980924203407707,3.5977456021992733,-2.3629895575109554
3.2571891661655847,1.0283814572733814,1.9796042100688913
0.9824741225662805,2.2626631111716295,0.20737429076464498
2.047347951603364,0.7285537559471078,-2.5288583429442357
2.0894217926911036,3.4880337015058807,-1.5924049154899749
0.34874493267334783,1.3966864298798498,-0.46385483973372166
0.8998744085420016,3.259951850460423,-1.2470767342790223
1.269250742383568,0.19609037843699761,0.3502093903468628
3.794976746759089,3.790997319325045,1.5690700025956126
1.010805780440632,2.335271147906909,-2.6936485879985463
1.4014154171062874,2.3442795593206927,1.3996497155324832
0.44020571274227516,2.7400373900742956,-0.7792156045223884
3.74541475449084,2.841769953580817,-2.51770060236907
1.3138380942209102,0.4621833007822147,-2.8251142956026953
0.7006719101463976,1.9446035309612926,-1.6527569579250059
3.6103349310219754,3.0662596328913088,2.1157490399172865
3.7851819591556546,0.654625503488564,0.3749733432852085
1.324085786931005,0.5817604198284596,2.329121608153189
0.8042631038385166,3.1123712696797274,1.4995522590018462
2.4026245298162765,1.422877977781765,-2.9606587072751553
0.6182163722615601,3.640787706932637,0.5538875550480222
3.844640720572443,1.4984632544589758,0.03643190694959486
2.536759896350341,2.5929588337751226,-0.2912546601919703
1.1299326443064968,1.243955067521496,1.943499273626693
3.164003288670673,1.9809051341837693,-0.9849331180772984
2.9384048677670864,3.5699160368054574,-0.5151873325232148
2.6305499963599854,2.632932504473968,0.8661372378487107
1.6123375211453892,0.7958150425298114,-0.2238410272406628
3.212807899471931,2.435873112316684,-0.21009141162120626
0.35810157418786037,2.376984745387935,2.4377965137955453
2.270314789513341,3.103392023602463,1.9019445241513058
1.4045752526707935,3.801989082214563,-1.0655676258601896
2.5992453918061824,1.0990128318550183,2.222734664920366
1.3716005053661235,1.3221215912753448,-3.001935174909918
1.6142944158449892,0.827518627355631,-2.944166555583037
1.170901678174221,1.443336945268615,-3.073650925993341
1.0782870173533232,1.628922946207128,-0.29861816899921934
0.445719020261766,1.1977281807046318,0.8367900426961095
1.4101179164828208,3.174474038953914,1.4083488592201672
3.558529949316288,3.4400030084647417,0.3065804463090407
3.84195754258729,1.2120796664453186,-2.717701092152175
2.299036796796367,1.3516509260495813,0.04949357889793804
3.33285501154856,1.9345234603293218,0.020106578246328333
1.5646441738198122,2.901009302151529,0.5456962895017883
3.6231993142438084,3.0810234183658975,-2.766792659884859
1.6093577795245015,3.838042616178564,-1.6753202940573637
0.7668447926740396,3.6927594203423797,1.5356946373103488
2.995907838754439,2.7093406782432674,-0.888169104513929
3.0133290106174853,2.1130161618997625,-0.27250250943910714
0.9593790201925305,1.668922937583341,0.3836080014824037
2.5377369148329736,2.8851333973635644,-0.9281803849104735
3.745947531765157,3.4180505911977037,-0.41252779860628186
2.193611689905958,0.27857287521823926,1.599485131007028
0.6927751898595851,3.694918478542223,1.424230860156901
1.9784693391728752,0.5167293073020085,-0.8313379145231368
1.2991093931558084,0.28720029874782504,-1.285487907930038
2.8061073257532008,1.8074866614432659,1.523156138133956
1.4185461182608137,3.1143504096607155,3.023876299248621
3.7267426521630638,2.281405177497659,1.5942956078925903
0.5860976285629782,1.542646882223723,-2.132365486318871
3.747849436417562,0.32605803293506375,-0.003023714174944736
2.4465248727919193,1.204335340590915,0.3736551915660238
1.7185754445530654,3.2261743578894144,-0.6190365715084649
3.0599179550604374,0.15225964931174651,-2.5308642579434557
3.0535099151522354,0.7731029072260731,0.8341389527562031
3.0942025538068285,2.3209783553345398,0.09051434190047702
3.1764355671335025,1.7789332337915007,2.1750509641182045
1.9592391952712305,0.3887108388936147,-0.6834051461117463
0.7097951225393904,0.9038897775101185,0.5382585799590713
0.18049777539002365,1.3331785766079438,-0.740912093170123
2.057322124905325,0.7996385192662845,-0.6969682021650403
2.3076940093083684,3.7233035122888936,3.100010597243136
3.422447580127137,3.4464408215280606,1.823740891487609
0.85982067140815,0.7933464740677878,-1.3986400141114834
0.6783853931013106,0.31832360409201277,-0.5885350590190557
2.6945785606886004,3.2840542433308384,-2.995633100073663
0.40563560091103446,2.335391304520927,-1.9574036852184407
0.5450566669612553,3.7876358540734683,0.7461501100110817
2.3128106057461193,0.8243702158831323,-2.499479306521721
3.189218315418136,2.5020541789749293,-1.8685195901699423
2.720628215724189,3.3493460531583423,-1.0635335502173873
0.5965735917217709,2.462737411574053,-3.115155884462914
0.6020256399135571,1.3872813061868743,-2.2045509818627895
1.0700435272332465,1.079914973695847,-1.8364368176424024
1.1286731618797492,2.4629292146359147,-1.3650748139824764
3.399917011674035,3.4277311214993147,-2.523339391295216
1.1146351271306338,2.0338390044429002,0.10067568590595455
0.2044554663287137,2.999910352673356,-0.02495944804978567
2.9701708641216675,2.6026761601891826,-1.5818566285162956
2.870160208125388,0.29819491764092065,-1.5591029270094616
0.2986405284143987,3.1612705231102303,-0.09345263307958751
2.9441984042892204,2.2884978847593067,1.6354933180332045
2.4959720458530725,0.9563046258795223,-2.524733764211162
3.7611466225485586,2.974620264900614,-2.376598007964547
1.251347110771325,3.497060657893117,-2.226146133960088
1.6664598165885924,3.295125594418248,2.6952818882241987
0.5080935009244008,2.4581579571698735,2.453280903951571
1.0479502513313035,2.978579074784587,-1.1047174966931546
3.7088279128342587,1.0929105582215182,2.1332674779585377
1.1727404253490685,0.2954556941806832,-0.7835352249821534
3.4793516981669526,2.6935847260785044,1.1034990891563377
2.866837442660726,0.31448660062093436,2.921816725097976
0.4779498692398989,3.455689415316798,0.5639953856767934
2.0239378408728164,0.48580738613190766,-2.0532573663251448
0.787385505460898,1.4697928225574821,1.1234384681054346
2.703755035706448,3.3752325893390807,-1.8939812912501022
1.139088281100697,0.9665548688672554,-1.8940504477225988
2.6047940607787154,3.2463143665276237,2.19597088292498
3.577458838507414,2.4974524819710475,0.3872350907877049
2.806526552390982,2.2434479293839926,-0.7496071143770369
3.754756925417581,3.2535400442794087,0.7815395897112425
3.6504278782669997,2.15650160689883,-3.0474069922703215
0.26919348293883205,2.4274059231922833,2.16566887594103
2.1171856254938235,3.649405856709559,-1.0625192854209327
0.8276537068962186,2.367107101367419,1.6348559933063909
1.1648200743029373,3.5775180729381004,2.0061419760037644
1.6639215275758996,3.170048601659306,0.14550428430817375
3.5489923331496356,0.8594021494136297,-3.04424710297637
1.1894902064488,0.831402508705053,2.8955617342245876
0.6583458795030386,2.1869314938227546,-2.5545091075940074
1.0118041614197422,2.481788258423491,0.419829964004637
3.5240981289161053,2.016199741839231,2.395361140569614
3.5382161550530675,2.115038703177923,2.331442671113906
2.7641039000718957,0.35062710497955907,-1.3349269633828744
0.3676163687599914,1.3455776589916897,1.3656688791752059
3.73638184423626,1.1353718387422291,1.0255063071936616
3.786340952589152,2.1290302325871644,2.5692948667969793
2.6789581293050913,0.25691472657188186,-2.334809088315563
3.4879127244131514,3.5708815795510462,0.03536604700591983
0.5161649521526206,0.4289096826535328,-1.086183281440766
2.4909955772291763,0.22659175811387255,-1.527526999419432
3.8347415312570625,0.21618629699158998,-2.472121300237518
3.4109085518178612,1.311225896659523,-0.5391091012172868
3.724969733330398,3.005171919206615,-2.2713747431329203
0.44021979612969453,0.5299595349933073,2.667196942452615
3.795257110414994,3.4711827752641176,1.6856587541585855
0.7197110780937765,2.7854360271730214,-1.4952135444327668
1.0336220245769634,2.2550540914803348,1.0992174178875214
1.9557604907882458,3.004248912146097,0.7486215381645955
1.841458554686008,1.3000415178391322,-0.6772912061688441
1.270104184713134,0.31583130383359315,-2.5679836195608083
0.18433801883378642,0.1586345738584396,-2.3411040380740045
1.5262782337284997,3.6041820883139795,-1.957577642356401
2.298888117108429,3.3698443173280848,1.588849341447319
1.1047735628792998,2.73021788519984,0.7947452208286827
3.1459993300336633,1.691560603394961,-2.3645687419559422
3.145104586191437,1.1702899136012488,-0.49951481623786353
2.1624091712915314,0.8388037137015201,0.9120214249825276
0.27549545921955554,1.9530035095149616,-0.5517049650923278
1.3423451499534171,3.701856964598566,-0.9437785687642446
1.8199961117170718,0.9674910333866964,1.9708198769722012
1.4574282968122345,1.6286897393372537,-2.5062704944921395
0.15454187155609223,1.4531864650524104,0.47605770280477877
1.1206992013660129,1.591622120549808,0.3046039414570991
2.938926703660508,0.22172263339785125,2.6404303985010316
2.1885693394465555,0.20131917693795787,2.837993781259149
2.595563695415927,3.0798192279489465,0.183906626887544
0.991348170353612,0.41219821654570055,-3.0613838022847673
2.2292119906557404,3.692693254373823,0.32882009768416465
2.936503088338446,2.0485074684971494,1.7280505146100298
0.6509748889769806,0.20518613755803772,2.9349825486354435
0.28906702333243084,1.8031670614047686,-0.10985555243200862
2.8117496700775626,1.3939542827970963,0.689140870334747
2.8468700805928475,0.6252671367160478,1.752894219046805
0.76181485686479,0.3871006043970806,-1.2193963620005202
2.945615005792946,2.6559765718398594,-0.7716815208340599
0.3960708365063965,0.37965764153708026,0.8555963053792683
0.521308979842575,0.9627305016908068,2.4504230548722363
1.1048021397402796,1.2846307111035156,2.959183394117595
2.5463379176781586,0.45459043298913615,-1.6655060082870525
2.8760750539567392,0.47615851203018655,-2.1814910916712966
3.4448788900874048,3.4710003152674576,-2.1957617997973413
1.1589066203772869,3.846525956693243,-2.278912236462789
2.621660966445088,1.3598760519630755,1.086023748414985
0.23239237230259757,2.6224738181854277,-2.679644070296755
3.2690428862613667,0.5276224613535931,-1.7936873391622759
1.5572869343161777,2.504778073734193,2.248171957120965
0.24075671152347544,2.333411796188972,3.090433059225683
2.7769086759219452,0.639787451536403,-1.2614433970749785
1.9533230956866805,3.2815399367711326,-2.7480211270582156
3.622623689992744,2.8906505169750085,1.094475714188424
0.39316843182091477,1.5392986452170843,-2.179329846531906
1.1444457771145018,3.2715829491324206,0.44375244810334413
3.030259497843609,2.39552306718656,2.584664613392623
2.534082861362898,2.680256653869442,2.6567514398224477
2.8905987410116056,3.843919785756302,-3.1178437190592243
3.1606385239339443,0.7725271359672838,-3.1297949255772197
2.832282049926768,2.2740905683542008,1.8227822188414784
3.354596520320922,2.2661961545897404,-1.2171241045465808
2.879928359351826,3.072124962707286,-2.5085399419968564
3.321780835922767,0.6814078180417495,-0.7713190226174818
1.4188572070411922,3.730206694679587,0.7795678060496889
3.182765634264053,3.2636554956031696,0.9997364987916466
3.721673274348775,0.33368503732399235,-1.7314700907987965
3.6631315467040415,1.6653722377674534,-1.8919148691729544
0.5378675165052522,3.6012100186689735,-2.2280975766012316
3.4548295091288233,1.119013341219934,-2.828194907190886
1.343395329476904,0.1545125063378432,2.1830322873338215
3.4769391144452237,1.8335599704290448,-2.1742054415906455
1.649280020298062,3.553160703428025,-1.7059418486778086
1.2017195562581562,3.5194378674500166,-2.931815278880379
1.3456162831003335,3.2736954722046714,0.6316219874576818
0.8571887867977019,3.8467043224268926,-0.31026378733798277
2.7158334234448938,2.5183715623649796,0.9707853259868919
1.0296540893563204,0.5357898861212207,0.2337592666633599
3.6989123397792265,2.436234142853088,-3.066098015549681
3.4636801440452003,3.003284299052889,-1.1391292416226362
3.42717952413104,1.4906867009160925,2.207794963572441
0.3872884310245617,2.374348203147422,-2.0544507604777342
0.45961707411264685,0.22932643441748812,-2.1824050519195333
2.988304586091954,0.9767719886933461,-1.19236846792432
3.7151661154699576,0.5907772906480799,-2.234650526164632
2.3696449500337926,3.016336547939118,-2.512039331400337
3.062224904375899,3.6084003104989173,-2.0113410978210657
1.2066331937207808,1.03891490157497,-2.8257306795506687
3.5657104329930456,3.64944775716835,-2.487073374473207
2.9391392198850967,1.7074591160651051,-1.479389659660287
2.1616204088701,3.754533263447817,-2.1197973301882804
1.6979509325210502,0.7460061691262694,-1.2169357176162305
3.5285611340105665,1.7661272603193492,0.9968135975546861
3.08695962323347,3.705649833545696,-1.0100507922573048
2.058301371781419,1.1644826724526633,2.1596990427319174
3.8184316894563333,0.9219327968297377,3.0618754082657613
0.7944011682257006,0.8190572318940359,1.2173513160286928
0.3219705685405949,0.8395399404543507,2.7032037502372104
0.3559923904696265,0.47738694805462245,-1.3307966325329503
0.28513455503022733,1.9165332770482792,0.8864888930451853
0.9098436689457445,3.1196219566505223,-0.7288479501776219
0.20059269679084846,1.6103651265372791,-1.0545798132209971
2.962913209213212,2.238487348092602,-0.06309646432776317
1.1715105653036813,2.421963619214188,2.2897127504456307
3.6247439714622183,2.6565990031300366,2.944138202677009
3.6986394870594648,1.3717268901964856,-1.928317034606985
2.839657826507047,0.19966119142431715,-2.10278885990091
3.332102915134992,1.7706603383814792,-1.808573622200545
2.824851444845795,0.4607407360938889,2.1432369418159825
2.9574387368802406,2.5999687883251954,-0.8971653553172501
1.9319152777583515,0.9546074919483436,-0.4665576674939431
1.9481713789318569,3.2186115832491087,0.9897881642552901
0.9046267755989517,0.838587981987438,1.0878469004727194
1.1636860945464278,3.0300134052055374,-2.3375577008526878
2.883472706458032,2.3560515463175924,0.4592380919448549
1.1436864987006792,1.475290732626541,1.2833144611768939
0.8632462734572313,1.8642222875766143,1.2923957968039943
2.530827458907159,0.4612889872683379,0.3714088170134673
1.4884869008436916,0.8602243268790222,-2.633079245186761
3.8098424987658617,2.3389962425287867,-1.227502747259416
3.797722729287811,3.1777984189476265,2.1812581311731396
1.3724936843100575,1.7499269282573429,-2.5945014235506747
2.524455762231271,0.6865880820567432,-0.049007214259710885
2.8623844248314296,1.3513305152772275,-2.6058438864234956
1.2267278014050698,2.173092082153682,-2.367093112633194
3.0145732642750978,3.6404210052782653,-1.4969084896157991
3.421328984759129,0.7670973531839813,-2.5607207027242227
2.5762336694250183,3.345033572062995,1.789171262822471
0.6849187564133778,2.7583052980158698,-2.6361240321298576
3.7579429157130635,2.812776355578243,0.29771053798918556
0.8785820161188531,1.783007325940007,1.565131342831429
2.6480128571654973,1.6970356412774033,3.0969752233537395
2.463414083135647,1.074640788647729,-2.2884555580927533
3.3886123332606037,2.912034927736736,-0.9287099710503566
2.657110341167222,3.1508754722557146,0.6100825099928184
2.9660387904179712,1.675945052384621,0.16450375530347783
3.319978069243644,0.18399044133637688,-1.512102178604357
3.161984177742928,2.5222626712502207,-2.492405815622729
2.261265813658584,0.7484517715190324,-1.448401582730282
0.26405075493728836,0.4436638521704497,0.9428276507139097
1.3925696263155154,3.8433058480359596,0.3431406518507609
2.0211689009802027,0.7484333367273384,0.13247877480805093
2.051037276497104,3.2644794479023402,-0.6339478809896133
3.8026175988738853,1.801949623948481,-0.4541909505980337
1.3481131630964702,1.8434416800438624,-0.4343109419787865
3.285191494412427,3.5118495745605856,1.8510829204567587
1.6733255121408535,0.6371115893450385,-1.414146439321207
0.8546011774709532,3.0470391995815884,0.6858056040632974
1.0761362118873472,1.7907930510507932,-2.593798417229796
2.9061937214675235,1.968615030975481,-2.8653232941438938
0.4369048880415951,2.8357398942560095,-2.531617303394349
1.4798558239674597,0.3228020040408346,-0.2456076387778081
3.1434314026142514,3.6252763073377867,-0.03593940649919203
1.868407498154843,2.7712305578970104,-2.8721540818608777
3.0932954645730284,3.3766605047625653,1.7815584820135069
2.292645340419034,3.0786677118078534,-2.7804368113825353
0.966610567545267,0.4962435288674705,1.4904015934051822
3.6569270465619317,1.2015785306425375,0.8084830614295844
1.2781861801979124,3.54840770647514,-2.5368939154657166
0.835232620165216,0.7728188810627272,3.1205252482387627
2.389842600590282,2.5650367635229845,-0.8506408362346933
2.310201411965488,3.066959700797048,2.5587597776170536
3.286141694711483,1.281887229035899,2.8462679499391044
2.6929692891970713,1.5349261606794422,-2.2854813989658735
1.5757987013691857,0.22361387152547518,-0.9544649026305962
3.4432869607304566,1.7638770763968963,2.985997568706498
3.6937486395251624,2.480874619619094,2.2070281041861213
1.9108214971023232,3.596641305212195,-2.1913168459740406
3.3246499028943117,2.296057234276775,2.839621836258262
0.2966429545515781,1.5681565151656685,-2.3625061319362772
1.9527983145594443,3.123965349919348,0.7805699408110893
2.7909123871459696,2.6695112391473583,-0.20760615998852394
3.818561395908671,1.8446466301351263,2.8220943358871935
3.0401845782771892,0.3309598193599914,1.9664565898945945
2.590984368244312,3.6709251317882523,-2.309062554385467
0.2978910386512452,2.5833417421648406,-2.5395769048343766
1.03797230535436,3.6696805863327357,1.8900196452365225
2.9505145217195086,0.8886351466743525,2.005060426636839
2.245622645656508,2.8968731795956346,1.2148205170029973
2.3259015757634254,0.8050455380371271,2.7588973798553598
3.4151323828549445,0.3076445160799999,-0.23558958462642687
3.819736101707473,3.3925362466605526,0.45242318628293443
3.7570211903175075,2.336849928301452,-1.9745923099830271
1.3612808259909932,0.2776805372339122,1.5003431692497564
2.9201026651511297,2.3664406296643805,-2.89443336499787
2.032240040115943,0.3290711901701986,2.738854147715421
3.7452497550945965,3.4223732555125634,0.09744191140192715
3.2854473197918725,2.426609182930917,1.439493990968029
3.2493510727022117,1.896201476256671,-2.1659100126286646
1.3275385803591835,2.209948008625939,1.182289386549657
2.8665599408065896,3.245975737861231,0.9479217693979347
1.7616028889656956,2.7436358603651443,3.138892223665743
2.1221873846863746,3.425675640264507,1.7994499872936958
2.675163013776716,3.6753759862216366,1.802340888459649
3.663508029884413,1.201477286041904,2.883618273657647
2.974532999924453,2.4014516580137744,1.357724480626782
2.247515511242552,1.305341079093055,-1.537445390114489
1.758954868755997,1.2200374486192067,-1.844484818881658
3.4634904210407265,2.898583924658754,1.614599323698811
0.41700912350081865,0.407846796506405,2.732625023270578
0.9078273174609253,2.8320839412892598,2.3871416415394187
2.84843428271447,2.0408027155172435,2.327251959277554
1.8664192453972999,0.6952627720331357,0.020766780310107258
1.6168578243407787,1.0076570172490573,0.37729861858148084
2.368301441527158,3.0686311680371183,-1.951651573056895
1.2610423706689269,2.651906786315197,-2.7971689505287327
3.810795829667885,1.964959981389824,-2.5222659657150412
2.0890969229364114,3.0212488892872527,-1.6182961116763879
1.2323662042206527,2.517985055031508,-0.24803153679876688
0.6858588964327663,3.112014558143022,1.7739105385246061
2.971632775649613,0.30481410295853895,-1.101486124479988
3.5244735491867094,2.962812346822706,2.6153222610186333
0.6803712583025416,0.8298999115749233,1.6930324840593158
2.1151683371708194,2.7323020018270823,0.5505688653110172
2.325725823457531,0.3973206655588277,-1.258669667732972
3.6360157713205767,2.0056635132110543,0.8012323010501277
1.847203857068414,3.0281023648247185,-1.4911665157647245
3.150399156174239,3.0244665329591225,0.2789319648222133
2.115687308844384,3.314170493191626,-1.6377521155624901
1.269618034521684,2.0998627757934343,-0.7916895764006138
1.1233611410978184,1.3106632699784804,-1.0844143271476852
3.0482146020410767,2.8995326037696985,0.46345263963298455
2.8090661250343203,2.0388218231628383,-1.647517747996087
3.7795102271603516,2.0110211840721215,-0.11500210956084089
3.843978362843089,3.5521638363932024,1.028359558432733
3.0531293427999078,0.25658455841219574,-2.0158428917917046
3.8392013789745723,2.0399802520613752,1.0187416013210022
0.9110728667165713,0.4044165115135403,2.0886449559714677
0.6033916401029544,0.926922564555797,3.0035497809670897
3.5082013367556377,2.2113118903518796,3.0374688030392276
2.9259096022174735,1.88039540690814,-1.2052751442442
0.4930041219023704,0.9138784251868524,0.39110690733135733
2.6126143951145733,0.7638090820621288,-0.9115344536430081
0.24466536487097246,3.427516997237033,-1.4834458663213674
1.4829961903695321,0.8167800951560729,2.5307100646167697
0.5084467874556751,2.010701364248325,1.6808729457147829
0.8684694238255832,3.243673651949775,1.7637017589429265
3.091004596941853,2.888111777234185,-1.8849654128443682
1.0694457350899214,2.1978892660166847,-2.6498339516006433
2.4837339131048988,3.8269658746376742,2.995755183510541
0.4808259375550312,1.4152724319861552,-0.13618913386320441
0.24402919524034017,1.3758724260411226,1.8395031501261006
1.4666757958523866,3.3240841575116193,2.6623012794222474
3.279056437956228,2.3628030183308355,1.6605372346739404
0.2951338497561822,0.3218024774966861,-0.8672196295778756
2.851339766101608,3.4922789022951384,1.2061981138667592
1.7700283478993675,2.862258273571117,1.999178032186025
1.2719372901437689,1.8794209385961662,-3.0455170790406125
2.4231413539149522,0.8230079972720898,-2.0581605437576513
1.9957622673642752,3.427458258225858,-2.219819442267472
0.8066522430027745,3.510909320707596,2.481269489284405
0.213410291479057,0.6642989645715192,-0.9324077554835859
0.6753284677408153,3.167193967119585,1.89782476806234
0.4822546091712887,2.9326506789799867,0.2733409535551026
0.9573086309059655,2.3626866733529224,-1.2250041770157192
1.7215050782563717,1.2501278402920035,-2.928345666703167
0.4380379289826033,1.702345405087521,-2.551495273567331
1.2797411627342443,3.078715184577603,2.5809628942808907
3.0930660242913484,2.088826902916921,0.7309964990727367
1.0787188011202975,3.5517233138617694,-2.6605529548162856
2.0694527329417176,3.5807011183266217,0.676559858102165
2.6254592551983484,1.4536625956118572,2.911028578807792
2.3650231082329842,0.8958335846027934,-0.4274280839030786
1.0861488677481965,3.494443511253302,1.2495741639601396
0.2644389243526395,2.5635526907596833,-0.3379318348121858
1.1635966609673933,1.5514427719676092,1.298303839041897
0.2759598405592012,3.6778759279215674,2.5774472461172486
2.7052934451504314,1.739774713401681,0.23928050009349588
1.7340836303685343,3.217334287897751,-1.7549708016622516
1.6481787075244183,3.19166846973154,2.6548132805343068
0.35128603132001235,1.0106623871203304,-1.063208570043538
1.481333682343755,3.3141285454127747,2.486205660103872
2.9318205339867847,1.1826710633580957,-1.797445238129223
1.1556871433200024,0.3940368865682018,-2.4129079359343013
3.275655523452082,0.5720119262885373,-1.1963877153503868
2.8926300466483577,2.120977202218546,-1.6122097706212555
0.28486714120006473,0.906182523874278,0.8060320015467348
2.645469975096707,3.715891552616406,2.758730963657591
2.4079141409885354,2.8633367751549885,3.1032721094211118
1.4550692482720455,0.38706176874421283,2.911815588159106
3.3146568210977505,1.2064566810943642,-0.10638853383258162
1.3875874960264074,3.0188417649860235,3.031683237689971
3.3253053141491256,1.6121229126613987,-0.44460165386505945
2.3727313750099777,3.8069411055866462,1.1627246545027834
2.287727258836608,1.395231761317433,2.2599455680324656
2.04823617238637,3.369882413011942,1.2765872712705733
0.7871065732678053,0.9085279071659911,1.3615439966397282
3.1222270853544125,3.613896474581805,-2.446516392554664
1.3126151689800083,2.277313277185622,2.6794769113005055
1.1587683010890601,3.522698147341402,0.5100783118246142
1.089092054774195,3.310876683216356,-1.1372598635336262
0.7438872336590867,1.1359924680705906,2.4321497891867008
2.813045140298518,0.9971555192456139,-0.04533813632932793
1.1077257711275124,1.067986388162141,-2.866140469053018
3.072649335591289,2.7259069827583455,2.527861481673745
2.703471449913246,3.4417873286768055,-1.2233858093064423
0.9203055288761735,2.9893943596935846,-2.1654734768086876
1.363370759669289,1.27352189423307,-0.23643759781915996
2.4698330420920804,0.713123478349349,1.4107355399392487
1.8074849024757378,0.26301203157065167,1.772861721066425
0.35747630186994295,2.3880707378039383,2.5502056047423745
3.505555104530136,2.224721654483012,3.0344916002761027
1.0265838432398757,1.7261622868761606,2.712423850797453
3.3870262284820747,3.756600046961647,1.0529583146435577
2.7788532710162794,2.5215618644995597,0.5364627859460955
0.6724839750225056,0.9425337761751251,0.2684866331895184
3.437697058283068,0.9092530498025004,0.5402819255883409
2.5056695772424815,3.0478440630121235,0.7521986519125088
2.931593309335228,3.2137678936579728,2.538550802154627
2.419298174870568,3.2415611959416677,3.076176069053772
0.8360583390954179,3.2229177185115567,0.22709007725754615
3.7113266355271426,3.1965271305133642,0.7088061571202053
2.8764470610246766,3.833362229868393,2.387414659714169
0.5996534370822308,3.16558993345507,0.4775290628165534
2.468250578809867,0.660173072871912,-1.0829316307594987
1.6177719967393753,1.0660843099664934,-2.9828445841297566
0.9619894141604468,3.50550895379696,-0.9908492986942363
1.5650192657106476,3.6282426777642587,1.1062923983499262
3.405979096146683,2.6514075152761487,-1.3501959560415608
2.9436444624454885,1.501619355439817,-2.1833537916804193
3.050973761724509,2.961693843254274,-0.9279263114683003
1.0310350355705005,2.3358213194934088,-2.8150454897386723
3.6566198904150533,2.671966864148294,0.8384420306444431
2.7243061698071394,3.218619843224894,1.6270128100446133
2.244432883184114,3.335374159560566,-0.3589524859950193
0.5709632303956567,2.4753660246115583,0.9985963295590201
0.881860517671714,2.731010264559232,0.5446433291621027
3.527520023099122,0.7202909450435162,-0.011840408164784932
3.154589776378789,0.3057026657486257,1.747802306317289
0.8684843929301742,3.4415187352183487,-0.17123509858322894
1.8034755069355741,3.251963095673975,-1.3055565883563927
2.57945228156956,0.9545928644801052,1.1789769443029527
1.1127053371615432,3.1478511185194646,2.8325738598955157
3.2735380923203063,2.254840212736751,-2.3763568429404716
1.0733591329042427,2.4431847868320014,-1.570103008717592
3.544953994843769,3.513526318138538,-0.3200326133982405
3.0800541498308256,2.4714125088209777,-0.8285883296505769
3.281535618816237,2.9224366159990534,-2.0592961418228746
3.4865394865194137,3.7477484467319475,0.5996308487014876
2.097605102460455,0.6069126425821549,-1.6814062374044108
2.1698414821951024,1.2942925988425138,-1.4896681553238038
0.4777842964698875,1.1192411634610608,2.663129420129195
0.48796747542126795,0.19538493094735632,3.112938332308844
1.2425588242525514,2.778295592043222,1.161871601905033
2.0125892582024663,3.0291638267446848,1.4964211135333292
2.3194934114320933,1.0864990889803954,-0.11464648630086227
1.6964394415201292,3.7661283623654147,-2.3866752423224935
3.1608842229479,3.299894630710753,2.1934558121701446
0.2052334641637117,2.5590916280539093,-2.1863546149376654
3.4043584244994016,1.7979033654698147,1.7685710528897847
0.4170423662398153,3.0722029021522386,0.15011533443353553
3.817474155136315,3.375271857559062,0.31424241260363717
0.29332128646339184,1.9010930030861717,-2.4129213121588355
0.8593659055525218,2.983617517659194,-0.44512317583635896
2.7079974681060106,3.1763751331484156,-2.6603843247958823
0.586291496777708,2.875316952145813,2.9617047401574963
3.575873068111912,2.888462582013702,-1.162391634251328
3.368734962706516,2.8831300964912714,1.0202181869976643
3.1833077395649942,2.405866120228921,0.5669564174084263
0.9686837537425075,0.7746417598841129,-2.3162594005136086
0.7660577884153112,2.614060389821923,-1.4796543509723175
2.962615031137447,0.9205856680483291,1.494791604375255
2.1267912642643796,2.9987570439318914,1.9778102393275008
3.5237643995663825,0.24042331500319802,-0.9741857824907787
1.2652040866282408,2.674104242504811,-2.864233748438
1.9670758056286797,1.1788900310371186,0.8738652977751888
0.9391821845014388,1.331423180631444,-1.061408189022675
1.8805258155250697,0.4621765574666461,-2.7732963356455618
3.4730028208855783,1.977009819760942,-1.3843580253366132
0.7695532825087139,2.8331003353240947,-2.9718381841380546
1.9717858300518993,0.8306914784514547,-2.450264515204371
1.8400522196114264,2.7992110597832123,1.0736067767128734
3.4492074985021794,0.863254419752244,0.21229912044767918
2.6034238643928056,0.5620115284244336,2.7700379810049105
0.28940289680477926,0.5149536559284988,1.2179381411008219
0.9970902071261181,1.1474542212609355,-1.826339353554577
1.7129679780822822,3.719035818557846,-0.9497435339878311
0.4456591587697889,2.0363270674064196,-0.8183110403787728
1.866018478789894,2.974803030506732,-0.23820304786035518
2.8314337711994324,2.91711769763991,-2.8225109398919366
1.7826198149657047,0.17146706085806462,-0.5412707745851266
2.2657675785871407,0.2935230063961578,1.2588296766878306
0.7566183814492424,2.836721656432608,1.0885089765747802
3.0007196886674996,0.5709810225594385,-3.066002747456031
2.647753202206704,0.7542068506865958,-1.9977152255886876
0.6282523466509802,3.4045697211371433,0.4268392390195661
2.6980281722168105,3.5493472388327394,-0.5758436352486123
3.0543079934213035,0.5508959380947269,-2.19988300737325
3.2043428967220886,3.6717238443162956,-1.6525185286414825
2.6701113108007775,1.0419115839073223,-3.066499948923662
2.4095002509158383,1.2310609279542777,-1.441627250514581
3.6100827873242647,3.546645206495083,-2.229403034917057
0.6750400118542945,3.284555041433951,2.6367853080527333
1.4636442094894644,2.6281578112908197,-1.2260423279704562
2.921288189298403,1.819713582764455,2.216524942705015
2.8437018035487807,0.8096183089655682,0.7663937109414594
3.582022890423294,0.18889656092168083,-0.19360875618485052
0.29347811736892604,3.163910602077166,-2.3082959407535117
1.0400520199054348,1.92382315562301,-2.83117050460553
2.969373047098033,0.612561783490277,1.1507824056984886
2.7932181047102906,2.3464057335592634,-2.24347042559198
2.882024429595621,1.5524887961269656,0.33046639318862425
3.317078864245859,3.178772226620579,-2.2059807706553443
0.8099183637772303,3.2377255747900517,1.5012408089324873
1.2650642286983662,1.1096499973123577,2.25465077931404
0.5478665418118402,0.21722067005419676,1.6168089211313932
2.869133866610012,1.3261736713503747,-1.3179211534609636
3.3552893273282236,3.365764022592856,0.8407146877251925
0.2249545966396056,0.8840592391716804,2.1605785987892157
1.2441981469672383,2.167830219617472,2.072758820974453
1.7552171875507452,3.0219166568787545,-2.3167548703344925
3.507513480579194,2.5660551991943756,-1.9806455236616223
3.7279805936618016,3.806977084816871,-1.9036298388827946
2.7102895565515355,2.109475988961166,-0.6439689269748885
3.697978637629585,3.76191234625621,-0.9827377958296375
1.0982953446958743,3.512336034795213,-1.5392299146894157
0.7209140165356898,0.400739833281901,2.4275011606785952
0.3330130724693485,1.502760303777133,1.8057775422820797
3.3350319946418785,3.189406592782502,-0.6964027623908962
3.515773773084299,0.618140042686071,2.0455023116733564
3.698905015789892,0.22952754253516217,0.9129608964930407
2.3348097593068236,2.858622678820111,0.4970528026312202
3.41170557218332,3.108757492145936,-0.5429183554457846
0.6838344988137974,3.4544977628851607,-2.1929507030641413
0.38898508028368894,2.6297268108567846,0.44528875795042433
2.665848706472853,2.9286874507920917,-1.1026951556259164
1.7324084645460798,3.642921137681023,-1.1440866174886795
0.7036223554320995,3.603567156628494,-2.458148305439283
2.0492611250783668,0.39322037410371236,1.3666169005818194
3.661776491542312,0.36411347143057116,-0.1079604007927557
2.6785854740786004,2.08798072418735,1.0179709162823762
2.989758733137212,1.9347811798827728,-2.8009708867574687
1.20622847386695,0.34444133173822644,0.9274005388712103
0.8797232404872388,1.0563404712853184,1.8454581460495962
2.2766188423382068,2.821002704090574,2.984683280032047
0.41235458067096165,1.3244881060714864,0.7154160929979114
3.6226177334822283,1.6574045710244039,-1.3082617829579728
1.4450958931745213,0.4152947335766033,2.775754729104337
1.567123145442475,0.506289511751131,2.8111028377710214
1.6634080850792974,3.468677059822501,-2.4083858277022436
3.153752432826133,2.065604261627015,2.3618469301050222
2.9095414491060128,2.932855669468551,2.2937789919771703
3.3779389128626023,0.7051698364710295,-0.28034422769147715
3.82177799988395,3.761993295807411,-2.3678990138757205
1.9224299264703562,0.6330082482452881,1.4534421601979535
3.4214959016462605,0.34732652873099124,0.21763959399346833
0.28688675173855316,0.4486151009734023,0.39421399703135984
2.263386992917486,2.685155803099467,-1.1048805031270659
3.7849003613246417,2.799577841902246,-3.114015290454369
2.303033457468455,1.0043325598090522,-0.4123959099910617
1.2932088105767385,1.3672578410767366,0.866958226580393
2.9789529118043045,2.655370819802012,2.2752817048749545
2.5778390543847185,1.3148983750025947,-0.35596205115780766
1.8095028721204742,2.8299872282928598,1.571108604484997
2.7358518669439036,3.4070342469180837,2.93261519927606
3.4312916015395145,1.6608416520601592,-1.1016954137306878
0.2730035758841751,1.490357817715505,-0.07509509946029924
0.8889209011699188,3.6866574536615984,1.0544590891199546
1.6874847059398639,2.960711171296836,2.415824463807704
0.24649701052846318,1.2451031263241221,-1.4234287807577026
1.1787268857785862,3.781668725689472,2.625251633519226
1.7144933409561096,3.1829960150345484,3.0518223165366054
3.050367215923186,3.2254412197349507,-1.9167403109633352
2.8266338794100236,3.472833757534786,-2.2946429675916873
0.15265339570695424,3.0063743584972324,2.523057258164103
3.543642600736952,2.220139988129268,-1.8152776096831436
3.0726977142004377,1.640319923017175,1.428409840350139
1.542949895805338,0.9566958150467384,-2.9527571001583266
0.7838568076587222,1.0379619002012688,0.1556308504041075
0.21855386066962845,2.7608325976034864,1.8246799301209524
2.1522297181465055,1.3035418426224217,-2.237611065427398
0.4718808076449159,0.7491825016980007,2.0930969699467115
0.8915612907253099,2.8402250860718983,2.5145603519842536
2.6628296393176565,0.775520160632015,-2.9487242291523676
3.025462218015505,0.5106506451456139,2.701269191571434
0.8501544522782085,0.5117859279626793,1.7864815393183537
0.26910406366312367,2.679117418079467,-0.7801938977852387
2.7705742639087934,0.7960586269789749,2.2201587136191057
3.407673484915806,3.7392555283255784,-1.184890898780219
1.3477864611571366,3.842856176925308,1.1038664920499777
3.300562563422933,3.0628293433464138,-2.143644882312527
1.6963989994986992,3.839514923805223,-0.5591017869993582
3.7920349674498546,2.2162701297875165,-2.077229077820118
1.7630662179992895,3.490100026606227,-0.1261034969541739
2.8294278993385786,3.124545169154787,0.38609660103030263
0.4231794201415866,2.8399414549252247,2.1686497604201973
2.759103045775244,3.23402612177785,1.6815480874316187
0.44163820123459807,1.5239284246402427,1.1444771752080136
0.8727130223688646,3.1787823159354933,-1.3902653625020316
2.582133687923955,2.6932986187917423,3.100846611805241
1.1453115404814516,1.7282114691342527,1.6843076745765577
2.1854732483108146,3.3717584576566533,-2.186099532101328
3.607110942076212,1.6345840839807142,-0.410675014517067
0.35650787006487805,0.9411247106720726,0.849583758471621
2.949991699679646,2.3980784796945933,-1.3395781714916735
1.034160705707197,0.7258741941598168,-2.1088711020993247
0.5844844937241578,3.118968340841006,2.6782424323867415
1.6698102792714113,3.474811249520731,-1.8185069383952541
1.4030627168724545,3.8305310885769104,-0.6119719483325912
3.7309203331588052,1.8034714940543966,1.3864166747230113
0.7480209784196408,0.5328710503965364,2.097253211470682
2.2238205636204302,2.733218641399009,2.7696273967902956
3.5713580261089026,3.0021226270487142,1.1778028882352478
3.7064519635573183,3.131413634653071,-2.524891050259834
0.3602442011221769,0.8087826756551926,-0.5717134715133003
1.1322657027052063,3.5311162394445623,2.7943986264204144
3.7300197426203505,2.251487233880571,-2.8542638224782557
2.3794784090393084,3.0096493450651614,-0.635134870322577
3.6390898274888803,3.4425062398181985,-2.2355907410412836
1.437802319953378,1.5842321498903025,-1.5148087828163113
2.720913614509848,1.5831886596833873,-0.587530265099172
1.9323635824889536,2.7537402029187694,-1.6454772891379348
0.25868306375319516,1.4137061150353065,-2.7759156348434417
0.8550280761321054,0.43265045082895126,-0.2571667952747978
1.2575107893730109,2.0828167326610947,2.7959014645550493
3.5939510558387333,1.8959008169437972,-2.032243773800113
3.0842130187777785,1.8196024379034585,0.5264216361023322
0.5803655358062443,1.7935790189555822,-2.248751654426672
3.2341513059710882,2.5308755988801113,2.078768243919746
1.353890829524775,0.4448101328017193,-1.7955254927655213
3.7393636256320777,1.6387075512624798,0.3715935048045216
0.4764296591420143,0.1584220539284087,2.8964936811676845
0.9575113055513089,1.3171570938826482,1.7336089449210839
3.2296104788710855,2.016570629243452,0.6414882437434208
1.9103666338398222,0.5986450364661056,-1.1251947997404268
1.3764109796416797,3.4031234480929555,-2.3903654985633906
3.4473830888533223,1.622134043815667,-3.0196198777113925
0.3736267591359437,2.542321296029934,-1.7948851273538724
1.6261726181258642,0.7314319985467304,-0.5307850498331614
2.98926936848706,1.1456553402596286,1.2851352367712057
0.7814538916535829,3.1390233543458312,0.35451328835950235
3.788846089950188,0.5388143180787464,1.9362007962676344
2.4803647146923335,2.933043752691234,0.7853728775805151
3.1375628217198925,1.6454081679568957,0.21298986136005338
0.23164828377355962,2.455268574355256,-2.908858582459941
0.9444297150732761,3.640163342904648,2.88652860273715
0.8381823625923861,0.4533659903579341,2.860323311811956
3.150361200231395,0.5608486039395997,-1.6195228197700586
2.253701702721395,1.293466012353362,2.0711756015266687
0.9502750670942408,1.4411300297051883,-0.09308063912363718
2.3208136474484613,3.5454492890572578,-3.0466780278161405
0.8801636894037332,0.5987291225911417,-1.9678211678055313
3.238071904806098,2.3663403648928854,2.5437031832179873
1.3556498400023647,1.5615384258520844,-0.7119557394758949
2.666252495897304,1.9757038616802243,0.0696251355101336
2.172567684727569,3.300255368959216,-0.14464685949576284
3.4393014991676485,3.3644659172190226,1.4414310256395586
0.5239389093795794,3.3625053868194916,3.0123563738131507
3.175609610678013,0.20588079214070554,-2.934543633365477
0.7917457612385896,3.2587849992049844,2.1081703786643393
3.406970875828618,3.3932495094035446,-0.06498219535228911
3.345094401638572,0.2666366866493557,-2.18954354673314
0.5398831885072446,2.515527074197326,-0.7135619993576094
2.789811538793802,3.164318588123248,-1.5098047408193487
2.2434137518617217,3.236699356425592,-2.6193331976897927
1.4139252733022234,3.2453177954086425,2.206945754497964
1.6146905792521768,2.685308215432692,-2.217304894060634
3.7628280299694827,0.53417056116644,-2.7922477983120846
1.8772944407744996,0.5147185710885993,2.1237562076107386
0.22019714277184121,3.6303726819594666,-0.3155797935687934
2.0263278514904854,2.748701836306551,1.1445297551814013
2.2492233995590776,1.2511529082918464,2.823649480431767
1.8968876329449422,0.3119269501848305,2.4644382267372853
1.2484239156455414,3.526984481496674,-1.0356565549474932
0.3024031360720194,0.35166658430412445,-0.6305965618576432
1.417672937959431,0.48359330257958977,1.4559739162424838
1.2880798941526281,2.5764879691843197,2.472025431532522
1.3859785858180773,3.5129536413839704,-1.3476998922049341
0.23991374067609517,3.038864902187355,-0.6208737433310754
2.98528552561357,2.8718193772902114,0.20929261224672224
0.5643025350364921,1.3044727629168853,0.2935681848234739
1.9742434474517614,1.2620018452000052,-2.396799080420747
3.050195320192961,3.6462945494469428,0.2750161448976818
1.2363492220069046,3.757763140393357,1.299323007116616
1.493501553891397,3.2457107832471115,-1.2933511633255403
0.1795204581743053,0.9709276690547357,3.1188720765668414
2.8680034656218814,3.1288371622740017,-1.64410637436327
0.7145918811348877,1.9821616511801285,1.6488570850069149
1.0014656883610722,0.26794597713182755,-2.1511755054610413
1.5808817791380956,3.4889486413777924,-1.503712646609494
2.6699454404513965,3.8399723360748808,2.2065485171514103
3.786738125288029,0.3052992206077918,-0.6977410539243238
2.863023596651518,2.9984139637991665,-2.754258407688871
1.7048850407963871,0.43546344069973175,1.5794317584923885
0.49781075321609736,2.2705304993198636,1.9080426628329548
0.7149938007454288,0.8805317202255782,-2.198455171285665
1.4096987044699678,1.5856231635569182,2.7007155727252874
3.5320945699526964,2.9116335189944627,-0.10952404011445926
2.7941312886827605,1.81132983665454,-0.5357620071319031
1.4324234563961462,0.8019089178221375,-3.0028457452145028
1.4957914501663923,0.8673919657274745,2.0946591721166694
1.4273749503249054,3.821505163108589,1.340240360297778
2.2646249393055444,3.4954002059932843,0.739981595633906
1.4048640261151286,2.7754044513636487,2.447339530493733
0.7680079395715014,3.7364676973939153,2.9165463514047625
3.265704205676945,3.371438903122204,2.063991900781314
2.772170980592249,3.748183087971467,-0.5024778439597699
0.35272012841096645,2.488412903830583,2.477066088601296
2.8094840569925825,2.2265609744788555,-1.8284440750064712
1.7808127996619962,3.467728603121813,-2.8952719262655178
3.7532703593706436,3.2988912117111724,-1.774331110108656
1.8370109494695401,3.1207265669245197,2.23956503760866
2.3691238368999703,1.037251248913142,0.8687219293772221
2.133298733147991,3.2698909201296567,-2.180487602371481
2.4343956444685806,3.7444585525023695,0.9594017193001383
0.34225910411588245,3.3999226220590533,1.5434663228679488
2.890294893419214,3.6869786237023137,-1.7197195892156083
2.3481860125335388,1.2076959336618467,2.3187582459302742
1.4806312186877713,1.0515468368677543,-0.09361921706224274
3.506517603778185,3.4872957848876873,-2.1155901501851857
0.5680772398451959,2.1610641864109383,-2.160406230693696
0.7573564373431498,3.0143028979768567,-0.5042610043253406
3.678627387723305,3.7558889698385576,0.6264494717341433
1.321948108124499,3.5721339219395443,-0.8903054979009033
3.2907904299546957,3.6392849826084324,-1.6601723514476274
3.4095708565466962,0.9112237363008231,-2.7131859325939462
0.5420057135637153,3.2546307205328624,0.778757106613742
0.7660976085118567,3.7953942960508527,-0.31849216308969863
0.984041345300465,3.606875203001842,2.5095944693618693
2.718578634282627,2.0655338651605772,-0.010931784747068019
0.1681005572642107,2.894955238248402,-1.064071809221292
2.7171561803182698,3.7651238775056806,-1.9008736582404964
1.3998617503753366,3.306203934814229,-1.080232504310176
1.5700966537551602,3.6778544900835497,1.6016202920041502
0.34118332315934374,1.8484138930092757,-1.6353416050898637
2.5159246771064336,0.5721865235296302,-0.7666122110204707
1.0396849076166563,1.5130202538650441,-2.4888761454547454
3.65819559670742,3.834551009882554,-1.4200184310202608
0.3727064015996495,3.671077618697541,-0.5393511102232456
1.065868227016781,0.8390397566903123,-2.4603876553741713
3.8113420190398295,1.6684727997048365,-0.18942638632010267
3.1889555485418386,2.4124971838636293,-2.7625547320900723
2.65549208157153,0.15885059161028847,0.3847043984910208
3.0172275221239007,1.7506834813207033,0.9654854607171313
3.4082972520995383,1.5973341004541877,-2.1613881795563046
0.626990880997317,3.462530815924131,-2.4219130312092925
3.0723181665187953,1.6967251288326484,-3.1195290949431524
3.8228207427660883,1.6619180540349694,1.7259048917407736
1.3460341501877902,3.8095022055349412,0.786459923724173
2.1908126804260464,3.2053777767461256,-2.660893403462362
0.8058227210669306,2.5715004274027238,0.8307892980112079
1.0102243652800635,1.4476424724415793,-1.1021245018991737
0.4359733513479416,1.5459047161987294,-1.2684013837561796
0.7968250365955782,3.6925568882439554,2.8332168481134845
3.2685206397761917,1.031501033238055,0.20553661303073323
2.1890956948535063,3.212365040287763,-0.9165012660987109
0.9105403187413472,2.171697780204418,-1.6876737446662733
0.21645980866866843,3.355418817162326,1.8460076586857186
0.981859186250484,2.438369764158595,-0.5420926665106296
1.116255994390504,2.943148829846105,1.6133310823246134
2.6670715558127482,3.0408633278908503,-3.034051546985161
3.5102926194181423,1.8806463624471266,-0.42805826596179797
1.9450415894871882,0.8472351328117749,-0.6989151745490605
0.902396619882099,1.260677711434996,1.59733624392456
2.8226828125555943,2.684201988124414,-0.19873173802034483
2.6315024021267948,1.262017356386255,2.371991836010551
1.449454801289733,1.269373202202266,1.4479118012698526
2.526414941210014,0.33228060274123017,2.905543286075342
3.830102673021332,2.579694512606061,-1.2396185134311113
0.9824608371871002,1.1437862821096618,-1.6825250176412503
0.7507326455312087,3.6302510086624276,1.4617613715322753
2.7966907768939895,1.5898432806141258,1.579031200207682
2.669015082183835,1.3601027826719414,3.019755544318615
2.616749015391126,3.6087794262951003,-1.464108853268722
1.616857693949295,0.18026397587781817,-0.7534243354507817
2.712827693405953,1.5470652806180345,-0.39971943448499836
3.6971388828591984,1.3068034741953136,2.8421012691444627
3.337434744995787,1.675473842831658,2.4872969562723926
3.1385923981924115,3.532024577952926,-2.6825975003594253
2.6141042125518825,2.814409220029807,1.406569207235587
3.1376583054997584,1.4517916112791052,0.39178405634641944
3.126094846481613,1.9621050934583173,0.9588806935096246
2.427464958506804,2.6413308440898753,2.3275913169699347
3.483201199349064,2.7167798526715066,-0.6703660401021447
3.2847012607742574,3.2880613504127285,-1.4272543115124168
2.779133169314107,3.5303595968839323,2.320968484544001
1.1419897854796548,2.7574822323821797,-1.2733164108176878
1.4412869762347098,2.6267261119894356,1.584299448483736
2.373875979320249,0.34168370697586337,1.0951256767067274
2.8537938017835605,1.9492065682954638,2.4322135288058027
0.5062901885424766,3.7471271780178412,-0.015493864649750666
1.2882163676051617,2.0735688389986784,-1.851153822894268
0.21066522898455498,3.7942596038094143,-1.8889899619904176
1.968213278913769,0.7069704855222407,-3.08333790390971
1.4312840963347884,0.5101159463310889,1.3355168502033052
1.202212967553315,3.0778874302364265,2.1122961251858694
3.5976651727452484,0.6790398551834458,2.9607341901148736
2.885609485138698,3.5690184296299803,0.31640598987364354
0.5087971191430367,3.3199386325498157,1.7371292633043396
3.3693401805382033,1.3551897680341471,-2.577252266058026
3.011376787748755,0.6292350016237847,-1.0514232475048622
1.4796198012379271,2.719563498224615,-2.925628680524526
1.9648698879517834,0.8906157276089792,-1.589090475324373
1.3717262156981098,1.1681568075906656,-0.1303201494382047
1.5458624189417551,3.071570996952639,0.49634467845353614
1.1405730342702118,1.144399021527322,-1.078440386719563
1.256169171638435,2.501273287780505,-0.08365177129670354
2.61490813167089,2.8230687408728343,0.119649200105997
2.543942961705061,0.9503380666525643,-1.1952828367452413
2.692055599557533,2.4559636417806403,2.495197075489341
1.19226905691685,0.502866663793649,-2.796339354568768
3.526053285387874,2.2218095362279677,-2.7569950750829144
1.3497132430284027,0.7165361101372687,0.08524617558043124
1.8899175133205288,0.7810406083605383,-0.42545263416833556
3.570183456257018,1.5107808558084517,1.1616194021536534
2.909843333418375,0.6723110261082912,-1.6217089817119617
0.5469372482769654,3.1018353953609807,-1.742616204096666
3.1668306979003003,2.525943329318092,0.04200919605844433
1.185855845113235,3.6643951270057222,-0.696879170858653
1.094661157954211,0.3901906219328297,0.10729411936485134
0.7486113938291843,1.0672438695434248,-1.9350747722349249
1.4727803867596028,1.4611528494557304,0.5488897744979107
3.1375527895658264,1.8458183689826972,2.559323020611756
1.0428988105186257,2.3036616004610444,-0.4049561706673144
3.102193890633078,1.0986423212839407,2.7749601676590565
3.0647319617939335,3.286007752179632,-1.5977778263771747
2.628763989121882,1.1490583161566148,1.0950691636628074
1.5161680059232077,0.3014114263725287,-2.0936025798468307
1.0140952505357865,1.8560781997056672,-0.5853351336710628
1.9935764918567673,0.39481604177964114,-2.8980492862993685
0.45763323989584004,3.2038635139312146,-0.4792272433910414
1.4437781337840185,0.7320911494266564,1.6579330409789188
0.7356266225855776,0.9520897521274154,-1.3616563611660777
2.9917012264393494,2.844405428258576,-2.301927169064904
2.9932415569347257,2.2667942693267102,-2.3044111674679666
3.8096064021201284,1.9482850284013766,-0.0741465927831726
2.761421414604606,1.6855621900037656,2.5434826410822726
3.3776710407934227,2.912581465629198,-1.108405617773728
0.7103464024122945,3.2372362485147237,2.2427214014748413
1.268120613118794,3.154457068833055,2.5381998212800827
1.5187100134474791,2.6578787399269657,-0.004263309775581092
1.5816208654194313,3.304802009809053,-2.4166272946117435
1.6135079782138906,3.664527239797088,-0.2943745558207209
0.938389564723781,1.362652338175283,-2.8589560646746945
3.692055690915168,0.29515414460813627,0.24892501355626795
1.5024727009972936,0.9050282269655301,-1.3891576551414957
3.1566223383730114,2.471680227793201,-2.842612772687239
0.6179207793054022,3.7135508691114136,2.034719624309001
3.4109960509892336,2.6100268173110317,-2.5261083719027444
0.6623591688396542,3.3366862588879616,1.7649651141212557
2.03460926244141,3.338294711492412,-2.777058236773561
1.2852546788295056,0.9583148815443319,0.608129673298559
1.5721805039606158,1.0979018760889248,0.041606785736374885
1.5213333819797494,2.6367811611180847,0.2282989533089128
2.3497709226413694,2.941937233227359,-0.10920695343598519
1.9558462178757754,3.5373862204564412,1.2320548846897568
2.512512797025825,1.1992272589725572,-1.8331903381581276
1.585486252207199,0.4462126173664682,1.8732610286284404
1.3418023324078865,2.6285998371293573,2.1811330512733793
1.2462015146803478,3.4882444545873925,2.803596031840083
1.3504018159845743,3.5785600607274244,-2.232919108143351
1.0734563807850854,3.179021558089255,-0.774611902504752
0.8297463591360037,2.0529101228368973,0.9801985960312463
1.6463140046295641,3.2885450307193644,-1.8527877403872406
2.8531020380667305,2.8847887783164263,2.0462055851883703
2.1734988216478563,3.652380406724564,0.057732116874810835
2.96712808987481,0.641016578556374,1.9096571346559594
2.63111801402452,0.26806453911149486,2.889838467243443
0.5279675819230079,3.3272676482347188,2.0723986884136316
1.4362657439709228,2.465158364451193,-2.307151090043409
0.9170191471330194,0.9553703235264344,-2.2038319341707555
2.843852900996971,1.6588219930610344,-0.5477632065480753
1.9729743414112555,2.7859409407272357,2.5535205103583003
2.7532608626564175,0.5890075777924517,-2.104368730774124
0.8890429151224963,1.4062968595348866,1.2430533991516306
1.7318488208803768,0.24825122829702684,-1.5984099547160717
2.2102825892429747,2.7959632070355833,-0.48489447927423335
2.0371612733471984,0.7822884362044196,-2.6280874223332846
1.1560290897151257,3.1968963209368555,2.9003584956522666
2.4231376293668565,0.4143151439888082,0.5542332740119598
2.2027838402645665,1.3035989469735494,-2.877809010013051
0.3451997626488237,0.6546898381083586,-1.9537716069997577
2.2431724100998323,0.8056613749775572,1.9946833705358067
1.0421505952835943,1.7854803587390684,1.3909070677204811
2.452878387871141,2.6613219268795523,-2.9106505224837926
2.4738124514197684,3.4693997187218693,-1.9945190347960005
1.1130385820506121,1.5504451455616,-2.5368769329117513
3.0014233985048575,0.9048317123355525,0.06132230848578857
0.31071816011793185,3.845723097010499,-0.8629049326953289
2.3433721879802025,2.918892831998925,-1.9526721598954395
0.15766862666970338,0.986098392848672,-2.314553871751029
2.7751354605407177,3.6353961453293677,-2.994155453771255
2.249621960525294,3.241208597747073,1.2422573801957473
3.6707556893338906,2.1192354508179716,-0.9676615196802514
0.33179461429732315,2.611717772115161,1.4026868762343154
1.3129514825544617,1.63605429936936,-1.9717323198349457
0.275323214641205,1.4873703090840005,1.439548686968152
3.3830584609314696,3.330266586603677,-2.7423647978046937
2.761929184018225,1.5234527554201787,1.6231667399740175
2.8953375813696978,1.466082864016912,0.23849839468110368
1.4375022136850855,0.36503654468151847,0.5934713493053523
1.6489209363639517,1.2298974199070347,-2.25724433685819
0.9421084062689107,1.6867090793958521,-1.1890353687456399
1.53399804090219,1.3730661486017675,1.5148614471788475
3.1381070552192463,1.4747214317419206,-2.1391403097148305
0.9932776148746352,1.0759026264184754,-1.980216860099206
2.051916975143881,1.263862040856774,2.763912749171989
3.0476029833968035,3.405388249601207,-2.8900125914451196
3.330864575433347,1.026787973904522,-2.2923623990661146
0.9675812677960054,3.732433673423232,-2.3780123950902934
2.0708272805225727,0.19293541082933485,-1.4466694384127265
3.0638495100306646,1.1854741542872813,2.7936066140178353
3.6113094388663973,3.2956226460533933,1.89404709458886
1.327975950375392,2.3884178639517932,1.4220553034270838
0.8047082765389417,1.2858814062832997,-1.1807911137598845
2.4317512843597076,2.4889971825896673,2.258440148931922
0.9090340583244934,1.6761158151138114,1.7826324164062166
1.166516505998406,0.3520384827447409,-1.4429456503646707
0.4206632943080688,3.265996994699948,-0.2862164326380148
1.3623659530782297,1.7073595198700744,-1.2814140828104716
1.5350601549849214,1.0672578677393045,0.9526329899824164
0.4711351929423433,2.4791873489332437,3.0901926630913277
0.6274607091554527,2.203950981408247,0.22766928876443115
3.5924472184512757,0.967789925832863,-0.2396277002625813
0.35945711652451795,1.0310826030371127,0.828155223994326
2.679598995568429,1.2412958818156166,2.3261841523544904
3.5503823805308214,2.2911730956116134,-1.0833634924978903
3.223632978141853,0.9241725149295661,-0.31219809971613266
1.756678741832387,0.7588201678422974,2.9675751598442606
3.490134307354693,1.1479309103393502,-1.053739242378691
3.149318985304685,2.7930106078943138,-0.5613273735644602
2.8598091947168385,0.5631381487375293,1.5107280875882179
0.24797424935731227,1.7369903500500192,-1.0557794162394072
2.1633862844001768,0.26133875075198354,-2.769694440222163
3.788006139044385,1.6547126443149343,0.9683132116574766
1.4048040171028693,3.494431831450471,-1.1802421559258014
2.8839527400837133,1.1067893771604869,1.0258622190244173
1.6890298545680764,0.9363699770616707,2.170291004095346
1.1257978513343638,2.3546078872631755,-0.17458139055579824
2.1258952149901136,0.6414645284912757,1.1158151830609109
3.2576126902981586,2.8077209280605646,-0.5643868168401163
2.6588319055096292,0.9581533268930698,0.19258779096947487
1.922851269299945,3.3424285325431327,-0.4898613860990677
0.6999694416973434,0.24431478224833603,-2.254709918776653
0.4545440969232901,2.2263550897461353,2.8517235552013958
3.734504835817967,2.4269832067746364,2.423986159133624
2.807344075183824,1.5991492480571439,-1.3534976789053383
3.7716238972273004,0.7600216467555265,0.3331811265325535
3.5755697327264855,0.8559316647192663,-0.9758044233391376
3.639205096437136,0.3442847401761253,2.7338918038667046
0.39243390098668307,1.2985628968398406,-0.04078643737067367
2.6573922402924404,0.1626595153668382,2.4277505959597985
3.536651528764636,2.9498820707286466,-1.58728177523581
2.4091641019483285,3.563781709477658,-0.1762964118579795
0.43424850458051667,1.785583258483093,0.9147343633544978
1.6415728250745536,1.3714304733249394,-2.67890305038738
3.498684744474416,3.670996225031821,-2.056831494066003
0.36206478865302305,1.9775021488277966,2.5800928229589717
3.0556828407995216,0.6220691434074173,-1.8645958591308265
1.8529073300097156,3.631067452770532,2.870980756963746
3.652763914757031,1.3230383348907409,-2.7271694901428747
0.3281000803804397,0.864843463167984,1.384826448746951
0.9766773622298373,3.3638421368096965,-2.8760889956075775
3.693756558162085,1.6045994720186925,-2.1682815413776613
2.5122140217138966,2.7145274756483353,-1.1107770333184122
0.5474959896798612,2.0838956377786584,1.0404064518937046
3.0496216520589674,0.7003536825302539,0.0835385653328502
2.816197399834422,0.17031685305975275,-1.8941179995560347
2.6878827957527096,3.2727299053054444,0.2326639166886837
0.4206068515933161,1.826388014451644,1.0617527249612007
1.0119469150408587,2.59556105748854,2.697557555939003
2.7973482516006807,3.1592795093935426,1.5063578883361677
3.300706933242819,2.218074515155266,-1.6881611773182679
1.9268026560641678,0.6343884686151791,-1.7033934575858058
2.518358059769636,3.473047815116029,-2.5251911066724606
3.7737649275058858,3.6031551351381363,3.114163232509502
1.4690672416253356,1.291391025538395,-1.0558625829785946
0.43927922083551874,3.2710582089067937,1.0003572128777236
2.269076731561081,1.185249001851619,2.5219140887248743
2.798656637688848,2.1110824624886018,-2.782961928985263
0.6742481070018118,2.8904136435324066,-2.3052745846537506
2.8731270265438313,1.2812410653651378,-2.53610108802048
3.821386826275992,1.056051348034425,2.4704653803861634
3.7317141435549686,3.244247495746396,-2.887551099538284
0.4019892303718855,3.4677634879678334,-1.207559171893095
1.3385077138020662,1.6834729729866558,2.774945211099876
2.2951859650980673,0.5527390190268471,-2.1592508489775017
0.2759519149941183,3.7865572066228115,2.734558642191219
3.117599210287375,1.8424757491289676,-2.480520441063266
2.8614669486399436,2.4112574564755818,-3.1201705756495772
3.1911502661152835,0.2333553806725357,1.1654136643327258
2.9358563791191163,2.6718358829958593,-2.3532810275690075
2.0125802459782705,3.626831168392397,-1.4441338055544684
3.0574627988889382,3.697739721814994,2.9486843398945046
0.7732480651815532,1.9277944814744399,1.8604945384305012
2.848331156026701,0.500551496982923,2.0821058494634723
3.424574885444079,2.031710130537102,1.7386426265611865
0.8042298991757644,0.695334987468172,-1.1393915957642085
3.622934769802657,1.6727811720218408,3.025518389336626
0.9571729125902984,1.545016551384439,-1.2618885435483589
0.259391379788958,2.947597076210432,0.8338990670355599
0.3903451534865936,2.218710048302417,-2.637277307114296
2.9331395734083707,1.5104704529454245,2.574418034336815
2.234810369030361,3.5408145831219047,0.21875109099902268
2.5966900706803044,2.4050319341347475,-2.2122119013694252
2.658275082559276,3.4839048337550036,0.7887291640901624
2.8878889111380293,0.7317266491539658,-0.7036031195478918
1.245948577042998,2.018545686502439,-1.7844572479026028
1.7906604530713328,0.33227344072459664,2.649194819594448
3.7362400098562345,1.641355027949853,-0.6281532027478649
1.0460598041948392,3.071296127949514,-1.368392586088206
0.6847949281316734,2.7649586820469065,3.008925894826752
2.934675189176886,2.2489695415544926,-1.3742571726771728
0.3517266901270535,3.450359436031861,0.6791048572559921
2.083848142341277,3.047223669949215,-2.435699537717687
2.550324843306386,0.4763490999947555,-0.27841413762066614
2.140667211238114,0.4150018330817171,0.7532517613808838
3.4815309137661994,2.125387812080153,2.956196720723619
3.4170079265033384,0.8328167639696953,-0.48565172285312164
3.068448005142142,0.6078975721457662,-0.07705612166163345
0.33172768976941214,1.1625658802127634,-2.3824146064570324
2.033053028260456,2.8353627033037405,2.4140878554184706
1.1588980463369762,1.4614559317403062,2.5593075647113235
0.27703861103615957,1.8571116007661148,-1.4111418835312037
3.212618376891514,0.47525104975629917,-2.947244607905063
0.4549882515677006,0.1743319760755644,-2.2353779859989884
2.634042118306525,1.4589480294786825,-1.7281344892488957
0.8707731132432928,2.3803746548021527,1.0318235254922383
0.3653887215715823,0.2556226332574614,-1.5280085838678688
2.6030445813408516,2.691110567029974,1.4880835099369403
3.034576228095942,3.477332300316872,-2.4701317486797287
0.44823550940587964,0.9537905035239658,-1.6084981498987774
3.6069368164073716,3.125345012094864,-3.1331535893626463
0.21141131173558447,0.21964335633788767,-2.4473731240588457
1.5725239723103943,0.5224694283766786,-0.7069832308055135
3.5857928350303854,3.8290573901775145,-1.4341859287172574
2.1745602485885653,3.0630465101446447,-2.304667951848743
2.684183191483884,2.315327060332531,1.9246373174275835
3.7637099102013933,2.546463533718275,-0.6752806140278329
3.1087253009184845,2.4797158017414795,0.09659119206406608
0.49971446744905057,2.573405091572158,-3.0700710323804548
3.24948293138817,3.621984619155882,2.046636355844975
1.156899041840576,1.861669796752532,-1.4748108184827522
3.8424736514648687,3.0015030402206264,3.1333890031275553
0.6689617914451018,3.2218377514647534,-0.19161073467844192
1.3343918231672713,1.146085365368691,1.4250910185266088
2.3923293379525687,2.745306753452556,-2.356823276965942
3.0941401803163484,0.46391595047562895,-1.2896458582448178
1.4817676681969392,2.540766719631052,1.1443679494293404
3.038174225045075,0.47995537611826355,1.985242991773605
1.2464682941226894,1.237393422341623,0.43830922768045744
0.6110267201548645,2.1009639676843936,1.8020447815936675
0.6244628819226938,3.719397324168788,1.582315722995233
3.576867620038501,0.8042246909970108,0.5076648122036005
1.4704326492417996,3.280743080214483,-0.7418422746905171
2.6114100541581915,1.1093095212912694,-0.8679949952605677
2.2432163100352702,1.3180831417998755,0.06625187407989097
0.4840099235311617,2.893670527756355,0.3614861283609567
1.6332864168415702,3.3822279224312513,0.4612295670845814
2.0735398875762736,2.739917079976282,2.9676736200907383
3.6502349386562707,3.7990169803639735,1.311280645414266
0.7544204640303489,2.1585733644929896,-0.8350238441899118
2.7033406900842225,2.804010251883213,-1.2978233775641288
0.23133040299157903,0.5937585897713853,-2.0079343973449877
1.1261916715834457,3.7608882190677355,2.6493684061555394
2.7983494411648198,2.7505043254547936,2.627919257844211
3.1120970608063305,0.7343121254574454,1.5872279649211194
0.8171954928703475,1.4786759446597753,0.5839907420408559
0.4980263968188372,2.477261702436516,-1.642988860823655
2.2460503796713276,0.8906461450953929,1.4587616028163373
1.7778185021508692,1.018689035193935,-1.2738329686368373
3.3519294404409252,0.6693392680172652,0.1357019315268455
3.785041797729782,1.0936404549156733,-0.957160921264951
2.3449270543762535,1.4178757707496512,2.1344139542874663
0.5862288542053591,0.8676369078145543,-2.898649182531095
3.102386583379744,1.6402377892361422,-3.0570540368505066
1.8263080135774388,2.9344310015197514,-2.7899222437996323
3.6219550194212093,1.512406700796915,0.7736894086952164
2.1515482951749543,0.19683801261138267,0.8783141789010838
3.4818231063208507,2.1710783830638514,-1.9866965529710763
3.456542316851444,1.8587678687348443,1.2771906856244053
3.727860121934933,2.872655383860298,0.7408822651634925
0.16547213268966132,3.2925835744754623,-1.5231220105432588
1.0088281146566915,3.0572623893294826,-0.017744280699211856
3.032085086439812,2.078167594682086,-1.728160957486308
1.209004090035926,2.3596084468529956,-2.658306215098531
2.4020983562398346,0.5122033378763229,-1.9411428182900996
3.844975058132408,2.8805677793643287,-1.4945782894001765
2.8785190671485856,1.7051471170119843,2.7189909290457246
1.8419206603073368,0.7493949967600626,1.7668951182219397
1.5353861544938354,0.6473183820648285,-0.30733656691088207
2.3642331549477085,1.276758302178611,-1.8320630886398155
0.8513057644600055,2.7709812584323954,-2.9267309272264748
0.7300821437437719,1.507034081251934,-1.2960602486030208
2.254611517548524,3.6605007369829003,-0.9780822524939463
1.889905366953518,0.47777294944667714,-0.4963961960563803
1.372541977102368,0.32610163283139837,1.3893181500560328
3.1945970613026002,2.1239749781359913,-0.9954578816083446
3.214214698820632,3.481071801970233,2.823212726919971
0.30075949246517775,1.5667257616812376,-1.891943358916437
3.183081436079397,1.50136417341596,0.6218528425697603
3.294612345333075,0.3081429204034474,1.830759754580189
1.7562140910949995,3.097753522877601,2.7932576853001345
3.1900309089326364,2.9864371957457214,-3.003703718683677
2.286003087738542,3.6293694727976247,1.1193590841041106
1.87609963762021,1.1789834515665323,-2.578499260056949
0.5972639314034427,3.2864444495931506,0.008977909907180504
0.7481949309202269,2.0150319444441065,2.9700734467693106
1.799316363356326,0.5340357964890097,0.4397017090284412
3.3649897602285916,0.28552180431531404,-2.88020183369088
2.1665563839755135,3.352336171211795,2.4608437298701418
1.4811199219287454,0.7057280153471681,-1.6671225161933085
0.685155331400694,0.7972833427716677,2.764718520881284
2.434780031042904,1.4043802490328754,-0.5903677173087098
2.021890736552776,3.514214453115047,1.7859554642535294
3.570289518163498,1.1690538515283362,1.7349127185029758
0.9512750102305252,2.110935247726861,-0.5450599739217377
0.60197814897864,0.6858956840464261,2.997648148168966
2.7939632539215467,1.9227341612186164,-0.4960340461192332
3.047080517859893,2.3089768713969354,-1.5280962478094893
1.4207246894358785,3.4852168880656933,0.07550261890736598
0.3292931554305887,0.967472213333755,0.6358735043738877
0.9563092339171235,0.5582530762851601,1.557571890966659
3.435900980450342,3.4141656982018014,-0.9996097782745035
1.593016593908354,2.5584309165284593,-1.2810728758101413
1.6563020145305485,0.4363834517960212,-0.9938294448507277
0.5214436477313402,3.4241248206572714,-1.2382821843439467
0.8475760902614762,3.3684519719988186,-2.9007999197283847
1.7028604847206164,0.61983123961536,0.3689030605197594
1.3498879883105288,3.479411443215856,-2.201013390187713
0.23534225083617422,0.9934450906880432,-2.7831073387082372
2.2261349517196978,3.138290163227813,2.713360912002078
0.7226477776450424,3.412523559281997,1.0078230285390335
0.7769341737735065,3.4719977738747603,-1.0965626418493337
1.8841211558826703,0.998595596885048,0.7628136189632087
3.7610304084355914,2.7132134634083704,-1.0252542608877713
3.813837540222199,1.8514918649346699,-0.950350832579892
1.8042648065007714,3.4542971405494494,-1.627379002234672
3.0905025353712547,1.0639909355389845,2.7635441023239258
1.1881550159521814,2.2129298250171714,-2.9675335788836374
3.841187605277644,1.5177985591972667,2.1528789623964864
1.4759641210368675,3.3264308792460917,0.6957018460619127
2.914925929285245,1.112737024981254,0.6113799943132805
1.4210186963548486,1.5537636248663729,-2.7722790533995245
3.709020668651913,3.057559876323092,-1.7875426628213378
0.9141400158059216,0.3261550465241778,-1.8005853856121123
3.710538520334617,3.203160818101256,1.8676274045732209
0.9728341949681938,2.950551905203082,1.8825859181904994
3.2162791395159345,1.2277726897481243,-2.689177046990217
3.470023626785989,2.6769945092597927,-0.5148419738403418
2.8357489404041227,1.8529216126109613,-2.715397696487039
1.3703105502634392,3.4888227782310537,1.9533797903053092
1.142921582780021,2.9287107268916754,-0.7000461822921995
0.26348023118575137,0.9476679872339329,-2.3195092293912136
2.240821759306548,3.621155688304572,-0.02125093741866424
0.3414361242965893,0.9090316464916719,-2.127946706370885
3.7239311824607557,3.1072283851057194,-2.7011387122357977
3.111071983898541,3.3734587281171984,-2.054354811366712
2.047039768768761,0.25676068580869904,1.453476804579191
0.2739913973070349,3.1913249561487476,0.7509683554472915
1.6210507765130857,2.6117051789386787,-0.20451421080167487
3.071040972287633,3.665385589371842,-0.9613143286367292
0.586297339165327,3.5412950197635205,0.3783031114452524
1.8494916344002044,1.2360198655221541,0.44269973759991554
0.6543373969469966,0.7653875718977163,0.7248096057276499
3.438024652825964,3.606458682954998,2.741207160220773
3.1525597201363085,0.2073998823758667,1.1755531283136849
2.6275560050847986,3.032651531503306,-0.3458183851403631
2.948804008717891,3.6816245214145344,-2.236587454783456
0.595321262972206,1.5167347482671487,-2.8682185392391886
1.1462870755957528,1.9458387010728821,-2.2961808281117793
2.9883553834585994,0.9791229632679395,2.835442306750993
2.057970879517978,0.7488311484344186,2.287343676430491
1.0200576089672686,0.23950181484670408,0.831692385007754
1.030102151784221,1.6005214039799087,-3.1064702865023133
0.25313506163321664,1.4791436943349572,-0.5538139859989011
3.040961658831257,0.7586405610247815,1.192695784757948
1.6404473537565272,3.4016028648682886,-1.9438590569207195
1.0368244252602543,1.411235598614771,-2.3175569372865237
0.2518955086461019,2.748104895547672,2.675650623891964
3.826454312400084,1.2721774949260882,0.41833960814696747
1.8813842883119793,0.256354451412359,0.7613071833516751
1.7318286359867243,1.0656836678348793,-1.6337026068748617
0.6860672839009974,2.6090470447193064,-1.6465169320019768
0.3683535160162954,2.294671718155809,1.7041060079542607
1.924277466260198,0.15778210357434297,-2.844487212520014
2.1183596636196875,3.06178432438687,-3.0949804751764467
2.113928542967279,0.4647782652616015,2.324149278154188
3.7478052072657024,2.96298813618355,-2.0804450023508023
2.0064970947439704,3.1465985145306767,2.8472702276389796
3.693304036586104,3.6279133845871248,1.9537445682871084
3.8098708158688144,2.5598327255586666,2.6026925450891856
3.732350491537268,1.02280071703083,-3.094967188063119
3.337232177353911,2.8925950458951375,-1.8826965089355912
1.6265941874422807,1.3344587633300078,-1.5732405964335137
3.4296121037746445,3.3464086101947883,2.986038269857552
1.8558241616618831,1.1004631674876975,-1.5799083220868926
0.5162709221580175,2.7774040631699886,2.1673619110761457
0.8892425513390325,2.613061274108307,-0.19019182073918017
1.4548831768008665,2.4973096047549594,-3.015823196939946
2.9642131390246877,3.7108095082938375,-1.4354986777380854
3.3068459168569704,3.7565324241564317,2.7358219591218864
3.5689510709144385,2.7908211554056686,-2.353977949252495
3.4737076059947425,0.5107692167993885,-1.748026208205729
0.2102695347997825,3.556818346554784,-2.3547361989602784
2.9981260812584054,3.211895676182362,1.8692694432591246
3.4521220723550217,1.4181482090694781,-2.2872719144112392
2.828394507174846,2.406636444815008,0.16178988705847885
3.589907613780631,2.184654027281167,-1.3203848716261597
2.300482776381932,2.6553141165533405,-1.1462897871757594
0.85550165883028,0.9509447108145621,3.0681623637077005
1.6486005086475797,3.284983166856334,-1.6566215388167518
2.7688221485394284,2.2769274248199776,-2.595741654142644
3.033414629582908,0.9849482883270344,-1.725458530699675
1.024729918597803,3.0336247080539014,0.28591166676050017
3.2685291321074454,2.5801996803831853,-2.824153414574317
2.0128452408162203,2.680944552628477,0.9199156794078194
2.8716747375157663,0.3158516582399651,1.8441137955410394
1.7817112623562372,3.1061389469426977,2.7623108866901607
2.3284071697291013,3.507218083714649,1.2375509707822143
2.177688994953249,0.7332389567971731,-2.2985996077527924
0.6483432090833792,0.21482092335475622,-0.4345456929188414
3.8430672517656785,1.1483175644413675,-1.2219199123714204
2.690170224261155,0.2907759754320858,0.5357149430788186
2.9222041014838838,0.7898473257006011,2.07113345980952
0.6657074484113288,0.28412102587301424,1.4553337531628605
1.9549310455835558,1.1164553505675108,-1.6974940190785186
1.4342207578603174,0.785948534521824,-0.8135283260376802
1.291293083527691,2.6359582656429983,-3.042659060297824
2.7324996169240334,3.106240421575027,-0.2295524898114789
0.670597090591603,1.3361632761368392,-0.528313458296108
3.1901712478902837,0.7714773583844003,2.6839924358314056
3.1456244065465384,2.287505594302556,-3.0771693849546145
0.3885182247781245,3.072586173696629,-1.6041589307252644
1.0127819099298545,2.7504674191247944,2.231335428121226
2.6221946032316947,0.5314435849896335,1.2737022813184895
2.429361214592992,1.0089666854770454,1.5597901722430354
1.6852870526274937,2.846820330467731,-3.0063491184488282
0.5265928747993409,3.4236977530981685,-1.1024056745776178
1.001097470483832,2.103261312135794,-0.1736903391346858
0.5324589348017539,1.9396889227738696,-1.9253088233148443
1.5951021977962014,0.570120971863108,0.46103009853932164
3.307949898106838,1.5856353827815592,2.84301128572882
3.371094083833453,0.9398916356683462,-1.5862655816211082
0.5134988805655785,0.9986381771164918,-0.5453971319012769
2.825277080204665,1.8397908394113935,0.6360132916769428
3.218931503411266,2.6795282683209733,-1.4627022030209738
3.237992526597069,3.3487479754698426,-0.28122733863603644
1.1322769490658255,0.8904528908109555,1.8280767902601935
3.1132635287732784,2.4583283887855347,-1.2128154744357775
0.5552852844722227,1.8642013370101567,-2.0817758034143026
1.2177389800822893,2.662087360407938,-0.8133208088100128
3.6390412587770053,0.4980807170366899,1.137301147079846
2.340180938125538,3.1281980813565258,0.6641676926502944
2.5334488520433176,2.647775502639979,-2.8085604344004795
0.8116408944277169,0.36327258342151536,1.3925813924346313
2.8142600755719713,1.7000597775914366,2.6357160067325642
2.9995125497323327,1.0611380083681126,-2.8696911720086886
3.751291024325925,0.3076911175156387,-2.497347570497955
0.3842015458405377,1.6811391858862441,0.9994066381580105
3.5541049990938465,1.300342566960551,-2.8179609920520092
2.5764105419590426,2.5689346524057637,-2.964904280618604
0.5836887489792271,1.64259612650006,-0.9396640023115896
2.274253878968676,2.7354597193130537,1.0065283738714559
1.039101884677005,1.1502065232327876,0.7167085318958097
3.1325109230790984,1.0476857900625172,1.249765166739489
3.433455314946279,3.530842096825049,2.849380640216099
0.4278798657614842,1.2315649138111815,-1.4503897442829239
3.484898014516644,1.0998236706390445,-0.34218003678791975
3.8414734199029863,2.8955933044776545,-1.406896206338764
1.7899835592263287,0.9877640880420859,2.9404225204398324
3.039848373389874,0.20211526802456037,-1.5862033819966743
0.6356430747058717,3.22242790481961,-0.6009108418101743
1.0630502080747233,0.1666885040162156,2.636756093486441
2.563253619556638,3.2620463106724893,0.06598604279521547
2.030333696133188,0.3355302308673904,-2.170176545356349
2.5707043071143225,1.4686638157930583,-1.4984894853791042
1.5931121894959568,2.6118485630094073,1.17871429303527
2.030270056705762,2.6912775830565128,0.6055744116734978
0.8389235595375846,0.1617511050337681,2.9260773900834636
3.1764587742117176,3.2885603011559223,0.534350853358426
0.4836505107228586,3.560482117390139,0.940872277571918
2.716929583307346,2.1001078729418654,-0.4896233061267936
2.8929535749664206,3.4714547227196864,-0.6897491174803729
0.49390042545854795,2.5963691421559774,1.9797152607111856
0.643605850614545,3.4557290955692426,-0.48445395971680405
3.5688109497603397,2.160019640484257,-2.43803682706489
0.926895764465784,1.3949996371081594,0.8352130573644501
2.9415527631732257,0.8518747540132212,3.0258901943453864
3.3947280541673526,0.3608674705170083,0.33657914284698354
1.7528562783586605,0.8250209719781183,-2.7988534163170398
2.495753693296727,2.6751277231245525,1.3583159981817907
1.1706276188424227,0.392984192896328,1.9688681633033251
2.1335615498255787,0.6035188746431461,2.12905539266821
2.049602656381386,0.16299052843265383,-2.272996735859659
1.2164792480273547,0.4477076784240195,-0.8424966295811958
0.960425166200185,3.0626391105543584,-0.06416343829675641
3.426508450428497,3.0057634544030427,2.5223271848779847
2.5693579191560776,3.694121566594095,2.880516787303745
3.2449168112538103,0.3730893902761605,-1.3184198218231644
1.4284615718266473,2.445581904291622,1.510897011489675
1.446670584583841,0.8810218098222693,-0.9215525522666712
3.4971503029298106,2.72541257707276,0.2614539925749284
0.38323574456986975,0.2571578724377863,2.2336701912841406
0.7771828066984927,1.6962617486718519,-1.7434034145399302
0.5123889919236966,1.1070242521061182,3.1036526687854655
0.620989772890753,0.5748952583028983,-2.9835203801771097
1.685526851386355,3.2987388964497,-0.8998025978764721
3.6957731149594752,2.8262319269991947,-1.9097866812942574
1.7774764728529395,0.49791227565863627,-1.2871883802446689
2.954916159529972,0.6741139792649307,-0.4824847965937189
1.9819725110616346,1.3113557567556078,-0.8780682742227315
0.6723290134097568,2.600637554300107,-1.018814030531328
1.6452643651617143,3.3474073993932447,-0.32018502250297587
3.2773740822665154,3.8120357250038976,-1.946191169799048
1.4914296735535282,3.8040621230071103,-2.636988938706529
2.289469687120329,2.8061479648561787,2.6023714032949217
3.538385514944638,0.9927484603793064,0.7028395811878307
1.2814251882698113,1.3530832794190273,2.9512089704222104
3.435450521750505,0.5318524905544066,0.08175902040793481
1.1292957320170514,0.8669332320571361,-3.1223009774532677
2.3108580770361247,0.6352944956950646,2.865505002932295
0.2807656197002282,2.0197976455591893,-0.9604274964856665
0.5302854418460474,3.257768243034297,-1.8242082761965668
1.5930573254433216,1.3164804315283645,2.8492592633729545
0.7770421707409976,3.5967696989219213,-0.9787742311339218
3.7885365977679943,2.2387414059745825,-1.2204490436571807
1.010748851631818,1.0673654452916321,2.190090543477564
0.42545833909455233,0.738943823644099,2.5133483951098965
2.9098343072857067,3.209280285524141,3.1093327983348384
1.258897048771237,3.4840872301779098,0.9084067158525846
2.779839649412646,1.8326608329152245,0.2116439035484654
1.0377592623274068,0.6112208887613559,1.660451085840653
2.3890013660555622,3.4514794535595366,-1.7729943622991964
1.1509844410469308,1.1804910943313263,-0.4661870941267994
0.3107665655803866,2.518179257706781,2.9438989403608122
2.9411382894178923,2.096132864742872,-2.3868420336281457
0.5738331282029216,2.483556588653356,-0.9398421916597353
0.7279971641618248,0.889759114693025,0.7383898118479171
1.1000346429400532,3.608576937646668,2.7900004546505643
2.1409456446694843,3.1392930041731586,0.9662202702651967
3.4894455334910943,2.868271498528539,1.1978221908820528
2.7901844947876127,3.3328615068573484,0.4514223149844563
1.0459493250050556,1.4904533127101143,-1.4847681386322045
0.6224112548269951,2.0848753408590857,-2.271710836383729
1.9180291542777734,1.1204247367716849,-2.1213752170798656
2.669491281300979,0.504381599926055,0.6855103133218674
3.530552146460995,2.1985184003320644,0.5440646101338582
1.7808492630096469,3.005455381979499,-2.2610077940826216
2.443090793465095,0.32712470185928755,1.4875331351053553
2.624144034146382,0.6914920362437118,1.1789001336921636
0.4477426684770922,3.486168403832942,-0.7097187820876765
0.6151985382475704,2.171547210210484,0.27259563820024857
1.9808257519730024,3.627873277787947,2.2448978850999497
0.7600008654867514,3.378991399448089,0.5891923113404238
1.831560884858472,0.1747327374732639,2.057906921003836
3.416712203359095,2.9201590835340316,1.4320000341073165
1.303488431233331,2.0489098275283424,-1.9862255998478673
3.4791294554236702,3.722559233079145,-2.7051555341951317
0.8093594531952668,3.06202035682337,-2.641773182165338
3.0021761011320476,0.22230759385190657,-0.09429360234023099
1.5537288135409395,0.799259663994671,-3.119563114569992
0.31268820272689757,0.5333412028412723,3.1375203916689225
3.054004584464122,2.85779187862018,-0.5825203546207969
0.5313425949421333,3.6601138729630294,3.0554657824048936
3.625772817710846,3.1691534612979955,0.7982191583135858
3.1166487070688675,1.2958171463734098,2.4188051319558115
0.7294856347185505,3.174455198010486,1.2335484080896961
3.824194526349026,3.606421265350409,2.789956590006452
3.5223141969487908,1.4655822086461296,0.03849680795411503
0.58811914259041,1.2395805675614602,1.4414328439684558
2.924204347932794,0.25620846148222487,2.5797743199570675
1.1050620103011997,2.8716375973759214,-2.2986413485608574
3.3945737485881837,1.2877730164030323,2.2286699899703013
3.1501073424265202,3.6352683029573396,-1.879165025938494
2.117690217403868,2.763033834405389,-2.530412046923078
0.40307543421042036,1.8143733077068265,-1.0592610420518476
1.1698053506659871,2.3624592668394575,-1.8959219757881751
1.707179339810668,1.3176485273623828,2.6088117209818975
2.0994886112634243,0.8926979127099592,2.038496437959637
1.248839897129371,1.5373379252119577,3.140681042466369
0.15643774936888644,1.3504851892001737,-0.7713009321938795
2.7349717927460504,1.140791918838079,-2.71185637104785
3.6547312566331667,2.361517618097931,2.5427888292526584
3.523857385552659,0.8532629123077999,-1.7795663213983068
3.695789369637067,1.12583981916926,2.047106274428141
3.5455545447480348,1.5684746355471497,0.009564610493277392
3.82776870318741,1.362771760195038,-2.2392360413035
3.086195938375311,2.3014800958422486,-0.0759018581941997
0.36758433032168325,2.646693297125325,2.256265931098393
0.16502109074971028,0.9845528844929103,-1.6006610186156833
1.4953665365644935,3.254628680936566,1.6441930247652259
2.6558760256160463,0.7704480694866409,-0.893476398531555
3.0726702415175,3.6290342718325257,1.3025606182918033
3.4650449325160384,2.6927435591348203,1.2819400890456034
3.729254064333769,3.32241241562478,0.7883421210710981
3.0075692028860437,0.6958601360305856,1.9431880130286547
1.9356923443755956,0.9242357729049853,-1.735902768969239
1.7237537399095757,0.22239634347948423,-2.9334958465218413
3.706565278862768,0.2454318098827022,-2.1883223008668944
1.5881315340267412,3.2774971670906825,0.229597599946346
1.1406794625139716,0.9521890631176912,0.09643154030546075
2.344984079688862,3.522588971080287,0.6083753802051715
2.5989522121664024,0.42312276502733503,-0.4522287823756659
0.7659190683580692,3.1445516063746606,-3.075359738693593
1.2905873251449478,1.316233059914476,0.07793370281414269
2.3472895872106996,2.8824933444316416,2.6482517227471822
0.9926462303851546,3.8264121107386315,0.9850041811140562
0.22484070221041552,0.7587377742832642,-1.443509834839964
1.2340816957917453,1.3131230887583372,1.4950937634184127
3.1559938896495296,3.818672379221371,-2.4886315336751754
3.584467829550266,3.497770809426082,3.0954910989864883
0.764364745530731,2.904419819365741,-2.4163829563561365
1.516664830821881,3.2023535065974054,2.6315910175154658
1.4666620091824472,3.568320977184521,-3.04827894321543
1.406142443860574,3.699559092374869,0.9192942386653415
2.226932013321981,0.9789964424690116,-0.1295686532327056
2.008198385594619,3.6480432662062916,1.0899135241117541
0.8497293334493157,1.6926565150759592,2.3580626465573378
1.5997275108736493,3.622599702835718,0.9913869970132092
0.3094775820983062,1.4342914177207637,-1.8847771242585316
0.40600042187706276,0.71677643340916,2.770889740748787
1.614722115664562,3.0386780973121152,-1.0311344639611426
0.17652232017116942,1.3173742130297743,-2.0114238281839487
2.060225081125837,0.9183240894524713,2.9797682789090336
2.2138958157805484,0.9346614523018917,0.2205991465891759
0.7777946486647789,1.9803571737801327,0.36635582606969574
1.2232704033254107,1.0968285037805852,-0.8987803515795525
2.4776006826948245,3.384870120211474,1.7063988547182252
1.3113636938118391,0.2603582224421328,-2.1606029675206213
2.951695420599776,2.647865492373069,-0.6372626106823449
0.34001507183566027,2.4736014192849893,1.7872981917056388
3.1721372208195255,2.6185024816387052,-2.793907081065149
2.6654308403687548,2.5790889597149205,-2.878821947199028
1.8411388949419654,3.1966963615011497,2.593148164815009
2.6188199229525773,3.058932041627951,2.433133054270037
0.6362763920606604,0.7639330751172015,0.23609992039847594
0.8657122083070101,1.2754823694167814,0.09832456401500345
3.216528787436189,2.025333359074657,0.23589963753753906
3.123274746929469,0.31614953313449146,-0.05259450358901008
3.1024009142937308,1.2497911463689193,2.6054361079918396
0.41086669789426944,1.8676536273001938,0.7782456926677654
0.34375017107317696,1.389526766907644,-0.5452190339190581
2.4451892064210834,1.5167311940170718,-0.4082645828897027
2.974664674430346,0.3775346410145195,0.05813992136701884
0.9778526488511892,2.3843720758180162,-2.4997366423410328
1.256527279524934,1.066690922807986,-2.471187446082444
1.1343501361807085,2.799997522036793,2.5928970582592488
0.8683030704250729,0.9881711014040055,2.526466133414708
3.329423961827838,1.8367902040294206,-2.614909099048485
3.8353877706665047,0.3051359559068634,1.9138196072995939
3.7031948298342843,2.1495810994542106,0.9233082385961451
3.620302523630238,0.1974200657947387,-0.9540115594707936
0.3557156811446962,2.029971296999687,-0.6277158141019843
2.3846171483475858,2.98813131022988,0.18550087012252892
3.1446216286708046,0.3148771855080921,1.6145471421423796
0.832368437140238,3.695622208041616,0.8073152259322365
3.6916042708611347,2.1837385886999314,-3.0264768567246287
0.9190668738293271,3.3277041896505515,1.2993489983003679
2.2163839013711577,0.9953964368503567,2.383679968655822
1.5084232500433652,0.371568746675492,-2.9576927595498645
2.262099573678706,3.088444758247452,2.5996051071351465
1.0536576845652004,0.3679174770444056,1.226135423754556
2.59975282755376,3.3717936716745087,-2.053740432558028
1.8362387070951982,0.8178930994803877,-2.572306722936447
0.6646216414558572,0.9828363235853947,-1.7199309683268416
0.8659251082771764,3.478306130358978,-2.6012867441486627
3.1279027061035864,1.602296468300402,0.661692823846717
0.3647659643796173,1.5500924094567976,1.5306121308473637
1.6747613980331897,0.3556687272276333,2.025210176812365
1.28983305203083,0.7928538369684484,-3.123959751693773
0.20663221610413096,2.24508544563007,-1.578986517777887
1.8693182538494577,2.9498281093301633,0.9990980003506671
2.552010653178296,0.6713302927475184,-1.6159301816292622
2.0550406331641544,0.9209944235116683,-2.61637510882812
0.482184656780448,2.9229598767346356,0.798554062995358
0.33515543790337166,0.4363722609371625,0.3245726590534508
0.9752794375405456,3.500044657825691,-1.7138749431493976
1.146588618424202,3.0499943219240233,-2.50775057980707
3.819013810285974,0.7459142124531724,0.7664551415109959
3.020064916957832,0.4046989482957266,1.4630308002083297
3.215516188364831,0.4655159012288248,-1.4730771999859138
2.484316620227489,0.33014236083861803,-0.5707185905880019
3.4258744355791046,3.5242366375200698,-0.6517345671034107
2.209255542614238,0.808484882779446,0.8631039590853975
1.6415982521651182,0.4816768050547737,2.504186230744277
3.8446607506637305,1.7285090410976167,-0.21117581055337986
2.508763490790425,2.951164928961432,1.472917463578372
3.3329204052108015,2.7886595882492626,-1.4031345188809539
0.2819096892161572,2.0438738542908386,1.2965511519961375
1.220415170212489,1.5858429389969841,-1.5582482721682096
2.1383407967964243,3.5574167962187073,-2.0608449409493796
2.2168800415735084,2.945577799951836,-0.4418303272199742
0.3041727283442439,0.9398252729278767,1.7092161777519816
3.481774339752317,0.870625420025362,0.7004346350482549
0.16085735701534531,3.603671909283476,-0.16998623755249476
1.4543879087110652,2.547264282800199,1.4429868827825176
3.0027117858877923,1.4084861486069253,-0.7526794971904827
3.6076957393207394,1.4191598955931246,-0.35187215956259443
2.0773463463986164,2.9040307758397916,-3.1157713442900934
3.1586816955690358,2.4256348684691003,-0.407058015775966
1.1163287476045882,2.9340188928608333,0.5047454910973057
0.34094317964467713,2.1283854679971457,-1.0014351742929177
0.7634782789737633,3.226669307542667,-2.3934772106355644
0.40215032959357044,0.6220641251035275,2.4502282113048937
1.9209304210866356,3.816430750055434,-0.8577598895181113
1.518506419149039,2.649604523099567,0.18390695311481764
3.535142287318705,3.459109820702792,0.13789023476679407
2.183327888509567,0.20353002577551838,1.2694021696733992
3.692484472624572,1.3978609384967005,-0.7777095497169046
0.3904232189903465,3.0809531152717438,3.1007115798599614
0.6409850706300437,2.056525216211348,2.3472378701451344
0.21256676604251457,1.0567202383726406,0.27604763074953054
1.248841274143512,1.6433896631050207,-1.1130621225063186
3.670064628706839,2.3408360634010394,-2.583257050597501
3.290524660896857,3.63391735982044,-2.105260693898911
2.532014134374157,1.469759623999995,1.3460142929709278
0.37047068856833176,3.0320300124757185,-1.359134469686746
2.430073246383775,3.6439483326192996,0.6238554071696507
0.512247410967174,3.4618340004046813,1.0158066376679677
2.381106438052254,3.824778901937913,-1.5089104650682659
0.3814773048802085,0.31481896480200433,-0.9808876458574178
2.266384592807382,0.7086222559633417,2.394752486523865
1.7656734903434765,3.399022661979269,-0.4488963495470246
3.6607130756977746,1.330103306595031,0.8964588660626571
1.7361328437934267,1.1936690447682863,0.5513189585980101
2.3292034433370032,0.5126621126069524,-2.2130103842272755
1.441812499470073,3.5475504124679302,-2.7179775748992068
1.6880031103876987,3.259922368469229,-1.1165438225954087
3.6718143060654658,2.1148547712957653,1.7135060793657049
1.568741368476318,3.3392322010104816,2.2829754612405058
1.331574655848371,0.23296501388966595,-1.4254556228597024
1.452907727564782,3.0822846052747876,-1.3531945046781713
1.554727002200028,2.7327423701652385,-2.858414066348411
2.6015282588575563,0.19205781428048807,-2.9460706747623027
2.7543665614114827,1.8011589010460916,1.9310714642070312
0.3098567714267144,0.21083051015039578,2.950360298860872
3.3272108820226878,3.200537848980894,-1.349779063606815
2.3725794373889966,0.7784070859773471,1.3892531353114492
3.6379951230672383,3.5725309005371746,-2.159581750498214
2.4479116064743,3.5778140782797743,0.4082344833554137
0.7034063887082214,2.236886551820244,2.737734850693255
2.4325429564571444,0.3025860619394929,-3.1183947107252226
1.8800537117262244,3.0802998102512262,3.0190607555136832
1.4068079585553828,3.690787696050114,0.08077524115696733
3.847289128608249,3.235454874179176,0.1635573466717415
2.727190251614375,0.6724888291878464,-0.8849384186584834
2.042762950607832,2.9567274968780306,0.8465209450424762
2.175626637292443,1.1453279239070282,0.6192392132788065
1.2102617126048285,3.584513913746286,0.8587910059696533
1.1691693132472043,2.0902757555103557,0.21880091860647477
1.1056148782238582,2.5989901972856457,-2.7757545647266606
0.21165937432402826,3.1881453976246834,-1.9145571125366407
3.1981343207555755,0.2330691554548956,0.4146881333444834
0.7417201804369595,1.3002675754828803,0.7223373550957
0.8507256537192829,0.43516749199699856,-1.842586290406799
3.6860520249132898,0.8040494115018291,-1.3897723734683198
3.190361498264612,1.9292096780799999,1.8023747184624996
1.2871727816867722,1.0539027208830487,1.1443300495419297
2.686086600170492,0.7761030988728894,0.043814068550168894
2.9117723621421536,3.638734972583177,-1.866142080328478
1.1664424925081138,1.3592584731322739,-2.030113467456824
1.1765120510008686,0.7375948240651864,-0.9534252597481974
2.5521736214827397,1.4121529314443597,2.215452158703947
2.1738168513401708,3.120406465048275,1.4997885070551904
2.2613354048374337,2.895604421997966,2.812332595238755
3.664888568849297,1.4712755657954641,-1.1451590116641812
0.23825955683763977,3.372495141565067,0.9315454021305314
2.669829002773368,0.9194184109196493,-2.6760678186515534
2.238602829805816,2.820818826003025,-2.738228114760112
2.6998362460454217,1.3284822088037926,1.4943123420865554
1.5509656269590453,3.0871441658801695,0.06959607677090851
1.5032136069359017,3.745785987608489,-1.1197131359667374
2.3708832468069323,0.7501620634483124,-1.4843836485231772
2.319556049001726,0.49333950313178665,-1.5140575218486503
1.3477171975244366,2.8314945196584556,-1.1235626499539348
3.4587646766981925,2.0325963906110305,1.5143525992732325
2.7311555689411477,2.1377810146567433,-1.088795824957149
2.0977582018861956,0.4702357806808797,-3.1381518194150364
3.3168931563443165,2.5285436261630623,-1.0237314051499475
2.278499480812319,2.774650626495759,-2.161894150443996
3.5161628499777695,3.5610201467394815,-1.6912487511715726
2.7218394733563094,2.122144354689378,-2.4383994559450977
1.1356430666998452,2.3049398333122126,-0.25412656488784524
2.423467011674646,0.70999907048148,1.5556122432987216
1.6578756340756082,3.0463973040815184,0.4169204448405357
3.4052009558040006,3.7980574847319395,1.3591718659998397
3.0982940840424127,0.8178072059834078,1.134857610504743
0.6844661961856002,2.5127425527807996,2.0222335308969193
2.149105998929952,3.6664272896001413,-1.2360428029239567
3.201432751309855,2.1340190184692633,1.4857416637657472
3.1887295628402166,0.7546450685586112,0.32890924182081616
0.31711483097903814,1.57317411469498,-1.4995647970964348
2.4197560496514643,3.7851427006106104,1.8675170488471577
0.3690279122718074,1.6699784945718306,-1.4091518341328915
2.4044496650142184,0.16690300422469084,-0.5150093781142626
2.311393295597706,0.5162075456598205,2.283582827975506
0.6320624893655564,1.3687953206437116,-2.3079551455045304
1.005999962771972,2.401879508602029,2.7639727546938397
3.333488853015137,2.941503064144213,0.47806942422435617
1.673591781692446,2.623934695078007,-2.277655343594033
0.47179557729319344,0.19365026581900935,-2.636642205015972
1.38664934921827,0.52429118865459,-0.42551510063371234
1.1935121927491785,0.42466429562072383,1.6542540313521634
1.053818599858808,1.7047258661674394,-2.725579510004646
2.8636432829858744,0.42804614597608115,0.7841488619017007
0.9416188115915771,3.4559031937347298,-0.2672185202972912
1.8183290844241862,0.5641042849847993,-2.3135168120827863
0.43861319363863194,0.3244077987817988,1.8859119138646463
3.8475173659106874,3.7869466931738645,1.7327377090737084
0.9183899698768343,3.5809558355022646,-2.736822153766844
0.6125244458172379,2.320224566681417,-0.31022164308403166
2.630838185063571,1.3878277070264424,-2.6236367400035796
0.529074572548951,3.726801825028296,-1.353725685919805
2.8212000965397173,0.19337031625925238,2.952872151845355
0.3499944245005957,1.334328923394974,-0.8324323143460819
0.2769341547330808,1.7752205372643557,-2.4443253104914504
1.7796942546027226,0.6596111304458416,-0.6813772574171262
2.000756004472263,1.2723501115856597,1.4080910026152935
2.386992856194647,3.694477951770125,0.9077212214312551
2.7583028216695435,1.4041933354435527,1.9157338254940246
2.3024237154338802,3.0946980095133796,-0.16457029528379508
3.584166715712951,0.9777183728467786,-2.468591114045364
1.4931278577678975,2.6662383543656167,2.0350826297142905
2.531362000554441,2.620772455581836,-1.4043876029167963
1.5808929327230823,3.6144552660602955,-2.0297265808609737
0.5857930187007527,3.4360671680214123,1.0880545630142553
1.1329517812391936,2.415891452351508,-1.4096028285013131
1.8094843113321817,0.4313000875336419,-1.1601904787900774
3.004864921680651,2.2487400322254523,2.2725968859918053
2.8342605548273063,2.1749087956160245,-2.725204789051497
3.80838743869055,3.49559072120322,-0.970276490591635
0.6701394480739129,3.8141933518130466,0.8739203970793463
1.140293075253644,1.7974234088677248,-0.9477764633213837
1.1305871288101002,0.5571205927484426,-0.47995397347622903
0.5518619409826231,1.6506405765927399,1.1346932396728269
0.9551979745352805,1.1762649202384852,1.8739764884097374
2.5361422577409978,0.7461129814915775,0.6015754088470273
0.5493575964924848,1.9464534682899983,-1.3235738461030917
1.763139046883635,0.35994871357994596,2.7041879894872496
2.8350264533994407,1.0230753018618408,-2.8064001019511373
3.620195918982799,3.7700928033590473,1.6036823041508397
3.5626879175513997,0.33793583173918007,0.416897306744064
3.169322191426668,0.4540503897242245,-1.9153725088387938
1.6757414361446918,0.568781056446777,2.4621366381279257
2.7226521884186323,2.5105395165321385,0.03630910810425192
2.7678002405680457,0.5045823923075381,-1.8298516114246959
1.477647375580347,0.6088190195636356,1.6543019141580135
3.486911266966974,0.7030069874973388,-0.16771945206627636
3.496124299000362,2.5499926094957672,3.070532999163901
0.5887100699263303,0.442270361237191,2.5223622580855904
0.7156399053307623,1.5017724881473922,-0.6885427786455613
1.0838540664716843,3.2055949505076256,1.3428452678589409
1.4325194276634385,2.515212157104525,-0.3565726199311605
0.7854123922947198,2.3459339955999696,2.7869151274687063
3.6311056192286078,1.4074832167790796,-0.614954126072631
1.0734692214664627,1.3704933260451995,1.6099386406034535
1.0207251479309107,1.3819575358295375,-2.7738260392247542
1.7743112741878924,0.38813221953469546,-2.619822357872742
3.8141960287066907,3.0010935902387117,-0.2140501900472329
0.6296430668249315,0.19401047920120762,-1.7058541631810833
0.36637396760192953,2.8676169018016466,-0.9819622870085793
3.686069455963346,1.5380658759146435,-0.9729727275889228
0.5961257341670549,3.064973129811325,2.712976400788971
1.34831878984048,2.9217851506936374,2.622595175450102
0.38532069608438135,0.20542752667133124,-3.087546375430842
1.105975189429834,2.5618287579115506,-2.2367259137365
3.4495666452821383,1.6184306797291188,-2.382056504790393
0.5517124062856738,1.2894896269798348,1.8728506428792926
0.2896892777851954,1.0704357596677276,2.6445258925285637
2.4831414696414176,2.5016472848258373,2.500463046766775
1.0057059058953692,1.9367235181408913,0.896091818990203
1.7381704655934396,3.3413466658537865,0.16943961010245712
1.0161703951759398,0.320290294383752,-3.0491400332022196
0.4856575583396978,3.45332231633749,2.1851025404890754
2.778061220034676,1.727914829808142,1.2718977277470032
3.300442434027606,2.0252612910909567,2.037774905269936
0.931315065924105,1.2837382123705594,0.5856015482351351
1.502870355515614,1.1930459758389347,2.629350007193141
0.8939147496438085,0.6205969259552062,3.0446864747819475
0.38501599463362846,2.152712652248653,-0.375283958950428
2.4466626358901644,0.5920514822271432,0.26750479582464726
0.17159525765820094,3.4318809044787066,-1.589420290626922
0.20905666474237838,3.028196549583942,-1.0530884347894869
2.807719265292052,2.403626201363059,1.9805496667364197
0.711544321201266,3.1014544455033115,1.4441986679056722
3.6976239897462495,2.420186963381006,0.37396311053952935
1.2965634118861469,0.9365617207016768,-2.879982463241399
2.8868874730134966,1.8093366727125315,1.3571681697755817
1.0992145961016062,0.6590927968811773,-1.677721789299983
3.064191877666775,2.3532782001677632,0.08742345686885766
0.6867574553414708,1.3548853887342251,1.8111939822259195
0.9450855852895503,1.6684953820542825,-2.6266334233193054
1.8817734886955861,1.0084561677229011,1.9373817563732034
0.48866748255446346,0.265395385321352,2.422191395031141
2.190356431032922,3.2498186948358154,-1.093245135019965
1.001447526227051,3.5288993789698684,-0.6909560810467847
3.1799784103546753,0.37332477024204325,-2.8585250765300803
0.9911415537610924,1.7528958481352683,0.16959879947798617
3.8407570530722936,1.473974480637203,0.43682289378104455
0.9492971786289868,2.4656226200861475,-0.46320717458361527
1.2133135726343705,1.783693854255401,1.5475368554663662
0.5791206930104691,1.1019488127898551,-2.6721674007423526
2.471899881658868,1.0958449931034742,1.097353141648009
2.4626952919988634,1.4359069261491877,1.8493319459874007
1.3572013187245764,0.8709048142228282,-0.4297932278100012
3.011009968030635,2.5801740371043658,0.30785595928052345
2.4916785146630116,3.4528677242918207,1.2060780880864552
2.939716692046466,2.7640351750722365,1.5587782833139263
2.8748886338207527,1.1794888371017782,1.032546833008782
1.7416744446286603,1.3100165802565789,-1.7461013163603074
0.3421696646377108,1.7440161690968443,-2.9621454929086415
2.921891547851773,2.498325426302057,0.2699301956229734
2.224446785058211,2.9101120369840374,0.38807241205125553
0.7198196231588248,0.4791360987180422,-2.1874826042892472
3.6000902550562124,0.40684301857086114,2.90653261161724
3.0285456074526986,1.6935610360312792,2.2486079863801542
2.3338131019490542,3.6351031903704283,-0.7988384803266682
2.1870064397595264,1.082892062109837,-0.20330354261667427
0.5252817477546601,2.35390143789565,1.015714286333293
2.2352616011240554,3.2700963461236716,0.025757609675694404
0.6869272480953819,0.8776686093833956,0.7180880984061426
3.391510270252748,1.9968240759400535,-1.7521405126028284
2.602418550417138,3.1950996855866487,2.2339588415988736
0.9377330176348173,3.093701851077878,1.9175011696285456
2.8520481845728294,3.05391800138987,1.4611309205601586
2.911128073457599,1.5634575331016967,2.7515886216684837
3.768486673299779,3.103265034664975,2.0596913043593634
1.0678116065880228,0.3467040475692449,1.9743381133114442
3.6090234391478537,0.8281633524125236,-2.042146807759932
0.9115108073093428,3.6006285142152645,1.8845336188938742
1.1044968713911234,1.3485845821650009,2.255374239849976
3.7938779749261102,2.301568302301818,1.3023699719272122
3.2895577873712227,2.6620178559340038,-1.2667084485213949
1.8279828588187836,2.745345922980413,1.506334569164844
0.8019928445326321,0.4014452200587004,-1.1691217961572127
1.066756391710857,3.7446897013925122,-0.09727496870252317
3.4700343836980103,2.8137497175933297,-1.879385095156241
1.2375696352615422,1.4707351396301362,2.1332125202436645
1.8070316160011668,2.9881414068535213,-1.0393977394539697
2.562952567278524,3.647449849995502,1.1538978123089958
3.0580928848414572,3.4039751177362434,2.594101093429055
0.9558150112669845,0.5799538386779393,2.9083920293882777
2.7185747510911575,3.0105233471581405,1.9977348567724516
3.369031435152375,3.514389676010687,1.3343479063076957
1.307763859435699,3.5606203138462695,2.448015743686466
3.7364685338826034,3.7291150745049153,-1.2941858641450532
1.8151058786752587,0.4069064298791196,-2.6402951926713643
1.3219886746633738,3.4151718731358547,-1.3234539735676392
0.6543474880840376,2.1738754162410636,0.3846444422746709
2.7207248024789807,0.7900076194544523,1.1779127581098292
2.435942409860958,3.2600573588089783,-2.658584925519233
1.9425778621088576,0.8491674727599166,1.3035492786037937
0.4555072223435559,0.7086453406824456,2.781972842710843
1.800158192396618,3.674227658046474,1.0150925145646124
1.1000222443473326,3.083260865813095,2.8753663503652795
2.076099697848723,1.3376985293361825,-2.032116606048866
3.248511266921589,0.8242655249768567,-1.8608375730565705
3.0484078171863285,1.5786308712826442,3.13308580844053
1.456624802365933,0.33708608715458244,-0.049539738399198896
2.3016890746655885,0.6728470362516084,-2.994424102062926
0.30524067393384247,1.1615382217867194,-0.3197424399656068
3.320952869014148,3.380951056819472,-0.089026591023452
1.4336223275178916,1.2223551260532468,0.09461112251158621
1.116460761034221,2.702417432583848,1.5898858975036916
1.7923444612861377,2.8977394384273665,2.3414003958122542
3.169270662074338,0.6938789744573435,0.5683087068533679
0.5999752574568853,0.4849093154449724,-0.5213779653155397
3.1314570794269376,1.5315361570028099,-0.4253910347955441
2.686679223481921,3.787636176951532,-2.4254066428167027
0.3082606812957587,2.9215815337287303,0.3808583689735823
1.8004660351469508,0.5751985333823937,1.0144087123315435
2.604732692435611,3.7227465271590985,1.3955277947099667
3.495810902753832,3.2954610018257378,0.5771859098354319
3.1459547596327195,0.8230806087390072,1.603692825031576
2.4005063572429926,0.8939817645202921,0.4364607741430251
0.30136792438504756,0.20919681126756995,2.7325396074647026
0.21199930091534203,1.8493204747332372,-0.027289657514589116
0.4355030982185393,3.7339319690196464,0.2297148663328139
0.2693458034550593,0.7314425726307583,2.197519631462871
0.7243704470985635,3.275093492264284,-1.704332881534068
1.7885814140748586,0.7992610895276862,2.940002584614877
2.9182029171904373,0.19515981861925802,2.041912604126898
2.3984243123783466,0.34635925183414473,1.648580994105754
2.8859280861443866,2.922042498319158,1.1175920357337157
0.8126974524488659,3.5767165368393607,-2.712807778189633
2.851487519279636,1.466029610605049,-1.3791369387783574
0.8726711516227041,0.8039436574119874,-2.7673326611940587
2.721767717721812,0.7799043641775514,-0.5831134152204851
0.49212767098493515,0.22249505675747594,1.6371544959157855
1.7915765592211947,3.0216175292208245,2.3139963054829398
1.4333911789573128,3.094368482131947,-0.03396013679781307
3.7627508227119697,0.16646575160211885,1.4265269381316488
3.191734015179987,1.751247697478092,0.5053141970825656
2.9142772255887976,0.24675386046026127,3.07503558976737
2.6563493353691063,3.423815574813648,1.6977380763296974
0.9849658884448957,2.319070260493541,-0.24407200313731048
3.7293330679612167,0.964079581801895,-2.8888929960311027
0.9737538552090692,1.5643318690648536,-0.6085000614550649
1.3776885769144167,0.6522637597006811,3.0933767867820396
3.831560243927925,2.0126879622044673,-1.4136896599527768
0.155927867624865,2.307772806599884,1.1256273510927075
0.9754557528488172,2.813878382723381,1.5274196335657209
0.5009043671525597,3.3663213953551714,-1.2639880660508187
3.1089493948861926,2.704125898916826,-2.978521915528689
2.948475526798047,2.869671922160532,2.6956623746260933
3.50126207713643,0.7043711514797679,1.308093150494554
3.129399405900828,3.4621550517039617,1.4041913315727088
0.9934822128941958,2.3316608860369596,-2.878707014893687
2.6626317734289318,1.2465432685694857,0.456110674340906
3.0405132157576644,3.057278026238049,-0.7841026241577373
0.3499082660464601,3.3720865428131526,1.5357106155206761
2.4976057998638024,0.8984345710298691,2.6890171676479433
0.8787859982313324,0.46469765046260925,1.3881767920281831
3.108683550727336,0.2709315764570883,2.022915140776184
2.136803779701396,3.5217074451213635,1.989430396174419
1.9492210552986045,3.0265588436525923,0.9086752194699184
2.637813229577003,2.7273678410284545,0.6467993411186863
1.2184284946375143,0.7170641287466339,-1.0506522101940767
3.5559313617318122,1.7627986919027596,1.4259075367818674
2.0771634347037105,0.3776786366337479,0.3312095232743051
2.7537607537494098,1.5898305663887817,1.8775778394724156
1.1303263668514592,1.5185069803742168,-2.194602560145656
3.282853507616335,1.843485591680753,-2.8296035409210267
0.832818211858859,2.8972929687380478,-0.3117848554856
0.1720543622787587,1.5958641090106664,1.4213767995131619
3.4625287551668924,1.7197705842145248,-3.0641365859351533
3.6162193881416846,0.3594414890502078,-1.910709348488476
2.3345334935539555,0.7688470493353425,-1.5083797748754353
0.6225175752410568,3.2634564369199697,2.705911730065118
0.25912731707723324,1.2249022538697276,1.259424946343012
0.27333797636266377,3.581131830501293,-2.479424669330705
3.347682900449421,3.7874302772472914,-1.6766196793809072
0.8893537709585648,0.7324979540361345,-2.6466746358165882
2.018031802990228,0.49222013355919225,2.24401945337541
3.738190401576852,2.9723065426274085,2.476213858519479
0.34478032431157235,3.32565208639597,1.4856002429829651
1.5582564662698948,2.4883490518907374,0.37260555965559305
1.086114457573371,1.7921207839301614,2.0135946620931877
0.6706655105231962,3.270206083356331,-1.8573928763472587
3.339455626858899,0.22143249157267642,2.2493090955498705
2.5390463059167807,3.2422214981477278,-0.6700847816565059
1.8243054126559013,3.394786923814215,3.1271659336818436
2.8661816927072588,1.6830098988308704,-0.9822758155686424
2.9176215189748604,3.4157208708583764,1.2502013605504043
2.9899883850581284,2.1559088261205597,-0.9074919525954588
2.4213004824892757,3.762320040604723,-1.647549845960807
0.7035235090237002,3.75240866832996,1.537481838701944
1.3431647011425292,1.3041184020974534,1.8968699340400397
2.0841639383615695,1.0832931481091381,1.5172201465392465
0.3655130645590665,2.7484341150107117,2.9120460873364475
0.7667463099241805,2.488738540958695,2.539846310469673
3.4422467752936132,1.6262598252110312,0.6143863458042254
2.040787260356577,0.8194539823802991,2.4086449009428446
3.3997896436304265,1.439979416366274,-0.2703347145313093
1.2025370677564493,1.7774378946822549,-0.10508828096228706
1.6973510034635657,2.5979283852577675,2.591257165572462
1.8608271597423904,3.746801067140687,1.9871964103712276
0.5051519650405436,1.735719111064935,-1.0598710956577237
3.2833087630925135,1.0772264081961276,2.3882713010349184
2.758282586765623,1.7062557957576967,0.9801084111958138
0.5664855846488668,3.2680173742522602,-2.3364184336855147
3.3446448196919443,1.8471866293570862,-0.7018861667387215
0.26100748659567685,2.837324987638854,-2.1582044749191702
1.422988483860657,1.6607004807527126,-0.03451188530385174
1.4433020384914235,1.258794428531321,-1.837847629738541
2.219841774300148,2.6309331644492677,1.7859144114516354
2.9105389342588266,3.7393528391641877,-0.1505067290891393
1.4436232737063346,3.6353434370765867,2.408006371966491
2.1910775175685977,2.982243718163963,-1.7081274421833268
3.294329128558329,3.6874647485702594,0.23655739995134395
3.5520887245290997,2.4353116699094066,2.8076918459616866
2.3461089901597605,0.17042549548346386,1.0364572460739767
0.5390650915781863,0.48591043186283,1.5128202678242193
0.7276861310415277,2.893177773773022,0.7634629770537371
0.737542514447671,1.9941184122499673,-2.6796948920812578
3.2610335692767,0.6521235862624977,-1.9968365651760438
1.2855512048412137,2.9776201821480064,2.0254977487782124
3.6336909280499485,1.8171376777344248,-1.7903904463873508
1.0006613485959717,2.908662735019686,1.61632693230702
1.277327539737263,1.6747739758265663,-1.1796337714379714
3.386954187705861,2.707338012418458,2.3635219036821997
3.2069481886592026,3.2949168674534683,-0.4181362588423134
2.9460340699384657,3.265926273219421,-2.699199975277543
3.643741569528666,3.3328716414966184,-1.6635255536164348
3.389433938808817,1.0758082768932535,3.005777506394426
2.3871505146334613,1.4196127100785598,-2.0310130036443264
3.738504012168952,1.8566562695508493,2.034950944662355
1.3493734746614887,0.20317651648008672,-2.7088749268935555
1.0008775366012843,2.488370214939171,0.8232263073580643
3.3678321536593,0.1725520272626806,0.3873192581514764
3.6582449089349645,2.496731602923763,-1.9167163287712758
2.4113863466551404,3.390281875049932,-0.8151406515504873
0.7446968995339347,1.9296227496288214,-2.682537773139389
1.0584964277926128,3.2918169306610134,-2.162021024577511
2.805552584023203,2.583648529508809,-1.0521673977620036
2.4437209510909526,0.6104684249188708,2.98194259065498
1.3796526652761067,0.5411243850011997,-2.1839704313353767
0.18275793317080202,2.0839708109960915,2.3799531294255134
3.1943733177655558,2.3033828749395067,-2.620698367857835
0.7210839572605359,3.499047000566335,0.821517655994918
3.388458389967793,0.4242895891419174,2.456446354480903
2.4712519898778607,1.2533858346028288,-2.36345094061232
0.3283000202591233,0.8969123719484249,-3.085497077930125
0.7133864982130245,0.4035977107949815,-0.0184553729553234
0.3686175629979598,1.3004683461039415,1.9068522344189018
1.6338995807013625,1.0549574199282197,-0.4248401348603026
0.26269439750215273,1.59912361656375,-0.6288811410100861
0.49817997076725407,1.296150959978573,3.0658568911221247
1.7573573662179123,2.9604058069955235,-0.16184065106945456
2.897634998003308,1.3907402236525188,2.422874238584914
0.4280828937929022,0.7387507728240958,0.6419218951147734
2.9233773617991012,1.9423474646943486,2.4628822755219515
3.770026197514457,0.44423211359907233,-0.3850569397367085
0.9820551960458119,2.0956950011987105,-2.6530614048921537
3.6388155137083773,0.23375686194063583,-2.650954019988449
0.5515919996722904,1.7891848673040682,-2.666060183503749
2.9198424529593354,2.493155974963028,-1.1533657117659444
2.933322550570524,1.8718575682653111,-1.7708174941227155
0.2364345079290504,0.49699934492855213,-1.658670515417298
0.6396776194748406,1.4129616415420254,2.8820883259737293
1.6881950785080608,3.4113076918934646,-0.6639057263272719
3.7452271847350533,0.5997251057017441,-0.8915555706718412
0.4994758009957665,1.3553996787600373,0.8681496823117962
3.4640693118717536,1.4692637617321402,2.704176904955376
2.174032281703797,2.807870394297028,2.618223363421154
3.451904957295483,2.549920222781286,2.601241593152391
3.6259551561320196,1.4518384788188392,-0.5919937388208121
1.1314561392397064,0.24905672492223507,0.9844514762103422
1.8664586690960263,1.1393007489004212,-1.2524568757127474
2.6505647519885684,2.389294286543527,0.2248204680148076
1.7203819912650968,2.8451294116978145,-2.6261895569588094
2.4712959060184083,3.2844614596779973,-1.6147243790049053
2.9272434042273896,3.2453924092165214,2.4078031392085517
3.367344710022872,0.4812959922330604,0.32646970064590874
1.6668747040446825,3.278925375508873,2.0183283587894048
3.6537249312952222,1.9886403370826589,3.0124041865126427
0.6453396031535492,0.5508006906040057,-0.8823669508710599
2.7879059989436263,0.7562355646606203,-2.642126250976106
0.5140841224976183,2.0271951350288258,2.317961149211844
3.1183044879515003,2.7362307898352656,2.6848489155403827
0.4569889405351666,1.2066143548321104,-1.7756595706169802
1.2282135867000852,3.3829038931983377,-2.8080333425841304
2.2240013058637964,0.7173218083851878,-0.7612442440962197
1.8452281626772695,0.724114500718279,0.24011007605028833
3.74295612096933,2.8993848707176935,0.08651859905201853
2.507880489950498,3.43896222850859,-0.8696696482929327
2.3800828460606733,0.3389737376965183,-0.019018184001056593
3.0524570406259204,2.4965920146896123,-2.365351152854529
2.5590846991441736,2.5695150335692922,2.2210447324179823
3.3586206878364546,1.7357055803192623,0.7811206517942266
1.1772954274948697,2.5470909564101896,2.448059900149847
1.072015725527085,2.3520866902807844,2.9819904625119777
0.6876831538413128,1.608379890764711,-1.229994741708518
2.73059039930435,2.7348380337934772,0.3418569528330351
3.1697229299287746,3.4576304078571236,0.6915493535579333
0.30816344929745787,0.8586966811915948,-2.1466923086384035
1.0498605400657013,1.6028162997134645,0.007848752580047691
3.464020387141438,0.15321848366729407,-0.7016981323504465
1.95874390842935,2.842578403906069,-2.0850652911321497
2.402695576567755,1.1971353567122174,-0.7309334970088437
1.4398113071343768,0.22270575668021753,1.131477144416582
2.515169494911189,0.2316158912035684,-1.8243598183910448
3.8199243840807506,0.5532569447026425,-0.06115513096579672
2.586892043573633,0.5915268113980403,3.0255802188318768
3.4728905177473006,1.1517619010573368,-0.7821703140852083
1.9349004981500122,3.519025873078254,0.622400717113579
0.4756935962090627,2.17578584019823,2.569282298795291
0.3636204698552028,3.5184516158441532,1.5917453044453493
0.8993490134713462,3.660119357066584,-0.6283119643223367
3.8303011746164537,3.0183018746758625,1.8448079718036459
2.0787172153718614,3.804249526388632,1.6348844573126176
1.2082524857857333,1.044594912375762,2.494725248154194
1.3338344821521653,2.340787766211805,3.1342607085075285
2.1309587246080257,2.6686683251503056,-0.8098181706657313
2.5247110702176916,1.0957888157060385,-1.07241712854642
2.561738230073931,1.0325652326258306,1.2481672523709575
3.5268533596216596,1.313744946253391,-2.1523172711483207
2.5621384568020824,0.31386389654365,1.0938349882574672
1.8184188548336793,0.5419145019482259,0.6865840321372181
3.8421170794200696,3.128228730775254,-2.375173704458973
0.8178640961525305,0.9503792435062905,-2.751877145461248
3.5986352380452815,2.568077955784065,0.4364612686878142
1.010634957134383,0.5930949762332935,2.379689877212642
0.9790345473260751,2.3195317555664086,-0.5605613022916831
3.2141786696180334,0.16607193883834803,-1.5112113187485767
3.8300943678404824,1.1200133902379474,1.9471302434796884
2.2925716026205163,1.1363223290101043,0.7397504865497431
1.8442227428025464,3.286850354548988,-2.30135752210636
3.3980144847145906,1.7306278679991083,2.38528972908507
3.136642098723695,0.7020053742332282,-2.2422366296214413
0.1790136125594639,0.31931866985283763,1.7235811544069088
1.692559817378878,0.3597372899128928,0.07324667635097093
0.8510612954042425,1.8789647680683266,2.508861659826885
0.5293895071870143,3.0405313754212284,-3.1222701877194843
0.34300905663998327,0.2253776728968968,2.5422331042081776
1.2406837742869539,0.8691991998449935,1.2705598183185431
2.7501755488276363,2.7021293284937267,2.7717792303933857
2.483794912280126,1.32519863615917,-1.0569435163756347
0.394478681055062,2.2603960088693866,-1.527510332871074
0.5535694150399935,1.1435677719364676,-2.748604469036477
0.5672810223888054,2.741418731311631,-2.9639225155742426
1.1063779819812058,1.852347224862652,1.5806682455233636
1.9596654988879654,1.1416922643770464,1.5643180267083876
0.6984901631358924,1.9505531814914967,0.9344040336457988
2.580690599227587,2.9530079548815915,0.7532839022975204
0.6229344968405428,3.7844153715520457,-1.1254892728476982
2.834442714865815,1.8791971486919952,2.6752388569565904
0.5390537193052349,3.7538171684073642,2.2827910093375943
1.8215521534848365,3.7764684355886913,0.9079935250788482
2.4717424398210257,2.7013380927271116,0.5551384059037057
1.008997041484248,3.422925587129923,2.1169869718193777
2.962500620811333,1.3217463069927184,1.6643652901513724
3.0421804530562118,1.0703468867890211,3.1369007726812104
1.7204499944784577,0.5162207072091225,1.9145928421258311
3.0221200140844435,2.2295248709923086,-0.8713419257206461
2.1405141335754925,1.311346148247515,2.802046925959271
0.844327735822076,0.19423740170060988,0.37939418402768466
3.569830105773608,3.7880444072560064,-1.5799816496520682
3.530302204724379,0.2186311590839911,2.6597431901751243
2.5445555349043696,0.15538700305690734,1.7149718571377246
0.1940832173706517,0.5532020351199218,-0.680913379252841
0.9250606756851942,2.2068100034494638,0.2577243138427301
2.7938726774047886,2.221106674095322,2.532025631334564
2.8617237017346446,0.7844956235353515,-2.0631109692995686
1.8915239333619005,0.8690210196579589,1.6614765669258107
0.25320841210081557,2.346046431628054,3.0522796025468493
0.30606433717046855,1.078962563837421,0.6949335190039765
0.6006425199918826,2.487565749688646,3.0283537933530704
3.7160553369319205,2.4613961947815444,-2.434497441076852
1.0865438048197507,2.1256894900151244,2.4246977298291537
2.7292123301781874,1.2061170552547242,-2.0120791147820656
0.293344107149176,3.6401785877464516,2.6706176080211117
1.897973618132757,0.541234309105497,1.3642990862189999
2.1532173191810062,0.18272021819623818,-3.0023100043868527
3.6380982568171594,3.384107344364769,2.7185920317667804
1.4074155879786927,0.39179808027995344,1.8491405422319254
1.6073455972115074,1.2272982719652648,-1.1301310461987724
1.5250506434449904,3.641712676861863,2.4311386052452493
2.1105603899523846,3.8431860814155208,-0.8144223858010604
1.9566150239524793,0.628189218065605,0.7199516943465856
1.6319218784406977,1.1556880387658746,0.7425968813585047
2.716929942767446,2.4484495922740734,2.1153018920153093
1.6115553756226282,2.5668378212892913,2.4698155702549016
1.5039227406247453,0.21878215552301938,2.7430323577480653
2.5622726278593335,1.4086491811027653,-1.4675864195659278
3.443947572088394,2.6982878910724417,-3.125786503691401
3.0249431782664593,2.027800226117906,0.8002554711306562
2.533466033960173,2.818127834539704,2.620748431534209
3.726821588017909,2.416434032643966,0.34156310169704573
2.80896575092532,0.8344023870019743,0.733048653847935
2.750972638761498,1.4851180801529527,-0.6923356387249222
3.01788719091684,3.1113826405220353,-1.9828736989682054
3.4327940820827947,2.7204678060733793,-1.9118377270245535
1.0568995935118686,3.4968124024309235,0.6444656180835451
3.697658668213686,3.63376541173871,-0.19724810948741567
3.815480123953347,1.8903990396637194,0.25504296923774605
0.289098167209092,1.2426075530698535,-0.8753491194911467
2.162064371933808,0.36504955791735005,1.8721088163253503
0.34162874916631036,2.215511319105039,0.5482368474928729
1.3958026069425662,3.201627537463778,1.221078872144056
3.6479523132040224,3.4675105443492873,2.625981918192478
3.5243415144473107,1.4827430837326774,-1.9423019614397747
2.9558430387531263,0.5561478765289265,-1.2399687027091546
1.874121923318036,0.8641460983378475,-2.7971924846306324
0.5336582234855967,3.282497038536917,0.34268246769196553
1.4979379194492646,0.981001441273095,0.4658913212718896
1.7814339256282778,1.2967816323494201,1.6419017065527672
0.34021826420266255,1.7169841928522755,1.5337720591700403
2.8699404640609685,0.3545356075464192,-2.302322166546773
2.8971996144826013,3.2855958333763358,0.6959736709171351
0.8946415358285575,2.8868087277379613,2.671074775441295
0.4532406676939136,3.0482972123325025,1.8912335550869823
3.655976030210051,3.378077732368423,-0.47043155260059555
1.6459503442880803,3.604217410457711,1.3490790504685153
1.8953781458136554,1.3032226291904214,-0.4282600479999612
0.9098849043727442,1.5159237437339392,-0.10033089404892559
1.8763711397121687,1.3318455870439072,-2.1252281341695074
1.4844078548435786,3.3139651368949194,2.347451226528098
2.80032347986593,1.1583036452831106,2.7736608488408754
2.9319020965942144,3.617727304750686,1.8110247150278198
0.7058141523249604,3.826974141028352,-1.7633450134031945
0.4823815783784742,1.8969255947973718,1.1947217258754312
0.7032870597843233,1.8616468778820439,0.5486744153280143
2.8399554930209794,0.5255471768009992,-1.9682023707201728
1.5474325641881261,0.23061790672211613,-1.4658250370556587
1.8730481395718859,2.817854968973283,-2.57278319403769
1.6481212850817468,3.571024900331577,-2.4280894971734397
3.751558002695894,2.95663871995614,2.102454610427377
0.5598408973936637,0.8754510217133395,-2.4896677250754933
1.100222004580242,3.024058919423519,2.2046170709096957
2.9318661768350176,3.450910581113981,0.4773322680248011
2.975296234604237,2.195570545102923,0.5983969418204929
2.7077318963364005,0.4090788023051064,-1.6717934483547334
3.3005405758397734,0.8649987470989577,0.009585565455501488
0.4104300236922698,2.3066808286782066,-1.955614881607701
1.796297745324027,3.5384426505096696,-2.723475461704772
1.07003445541184,1.3323374147453992,0.15667678875966784
1.0109933135776323,3.6660116454762255,2.5511935874312854
3.65094303628145,1.7379233723570717,2.4607066801748703
2.993215976212411,1.065253102568215,2.2923960071983753
3.840379317328664,2.7233571570669155,-0.20751266411642888
1.8760490788191722,0.8355955986692258,1.677699257593619
2.9905376362716116,3.428252468310549,1.2614609050449124
1.4578182599430467,1.2157095706944152,-2.54126425797373
1.9856205843930468,0.4212865041879783,-1.7770406966196473
3.6317092506068263,2.590106148022556,0.0937955868585032
2.4949379466053427,1.0083365394836896,-2.3309728768323397
2.1799696438592093,3.39061840081598,0.553075169077851
0.8078159721978371,2.0773620292246853,2.7319032603338975
2.561457897669059,3.047712486510716,1.3687374462487663
1.0578880022137902,3.732933575061942,-1.5145197141862607
0.21010420923245787,2.0525479933902466,2.6529806867258827
2.583922708632133,2.29431216961439,1.9455199668110907
0.6670231103491497,2.07125093661593,-0.8766783522703099
0.9855038960584985,1.487598777503579,-1.9072403280491264
1.2144968406862406,3.2296287547852276,1.2071534003890187
2.8354443501325632,1.5109410251199855,2.107719527881378
2.355868290713451,3.6942115110085516,-2.4577245858661945
0.22562884685978402,1.934520802854113,-1.0797617135216577
3.4577898698709095,1.29657784451895,1.711899036560971
1.7901685633656323,2.9301271509156157,-0.1817182397924566
3.1724304292698027,1.9803781941978231,-1.327553727574296
2.905977210404594,1.2427389708933867,2.5993744215976466
1.3347929001513332,3.197516457274701,2.2719373115004498
3.5380807133438283,3.271240789102984,2.2575628264855983
3.381867277142562,2.5873746989851183,-2.5241351610690614
1.2011987330051435,3.485491300196936,-0.9003317992551709
2.911256954160418,2.123133963992724,-1.0536064581392073
1.6325001283952645,3.344364053687665,-0.46875438483871656
0.9577590864444656,3.049698854915055,-2.960253387731709
2.9578075718275993,3.1718033388061517,-1.4518240247560183
1.7570581613901375,0.4843845832189859,1.1355719465155492
2.574945358463138,2.469147980173731,2.4787897787382214
2.886934234007335,1.0969821326975504,0.7558277284028336
1.9612470322331674,3.0760273334683252,-0.8923568292956352
1.194266395801376,2.304986789639663,2.972491584710353
1.7166127709872363,1.3183328962529126,-2.1674701815481203
2.582663086496909,0.3919987968793439,-0.20442169836905633
0.38739240982506296,0.6222036430548248,2.9601286926135426
2.6546759959603845,1.046246442025447,1.8795548279851984
2.892771835304211,1.0300853081681516,1.2744662941752312
2.925744002945849,1.5214698109223894,-0.8929248266976257
2.3079128068683428,3.098196237525566,-0.4247050021022263
2.6259443613911575,0.5986193111954634,-0.700178756188234
2.205157671825103,0.9436876755896035,-3.127615190098041
1.2097994771716838,2.624843590700552,0.08526161965219714
1.4265010810010925,0.9065813039924269,-1.9349975095411764
3.675505771781459,1.7316560521763633,-0.9945155608425198
3.7222037406824686,1.4940107779171727,-0.5880376959071376
1.6307103340143665,0.4579692228435972,1.3418591638682615
3.272224104783881,2.976276036163072,1.2022120162040872
2.879673243752408,1.8310260230780342,1.2975888981573016
3.6189035912104592,2.836735278673107,2.895897278269346
0.4950828309672195,0.6935778113580366,-3.0126005360047254
1.2983110289479098,1.3699355446142163,-1.8079149396916994
2.847211806403104,3.5903047980011165,2.822020811321747
0.7703273886183983,0.3912263764950126,-2.593974966362584
0.7817584022969672,0.33146109210577146,0.9384150847854604
3.285683160497644,2.319784736738962,2.6553002783516444
1.6748014274619507,3.1457513211864727,-0.11831684946164334
2.9755186208740185,0.8367365462766378,2.2994000630524605
2.160158974931157,3.0464114439577124,-0.14080643854876218
3.0617426248020303,1.6389798874104313,0.40992156711654903
3.616150627809193,3.093542085351602,1.716181750481951
3.3724176725749593,2.326053334003417,-0.6348108625702591
2.540641191454046,2.959425091856178,-0.7912555598110176
1.2174831090230596,0.7648217827256336,-2.013729347027033
2.9092279519312267,3.536719352250095,1.092781783701021
0.4153645271432769,1.9010593105536433,1.7562218070387141
2.9671321872946854,1.5308992533604098,0.5579535176118613
3.812139896137423,2.0963116589160693,-1.5832674391590598
0.6896186163191715,0.6214409559381475,-2.302752342862713
0.40937297726907973,0.7224629242936689,-2.384812950569903
2.735254541250466,2.4077497757805246,-0.09770010404144847
1.129868676608902,0.29274631294654485,-0.585258467127467
3.780087072188188,1.84393107818675,-1.519784212566446
3.0398973658292485,2.2002867337725895,3.095359040744806
1.4898050497410953,1.5469660050584824,-1.1171079693360961
1.0854402084424883,0.9950108546817393,-1.4481350343313943
2.94635609621937,3.472499167202722,-2.0472005202636328
3.389900110231268,1.2350827981480075,-1.6271888620921051
2.119492230526227,3.6387352050396693,-1.361332566754388
2.9636500753087067,1.192804617198469,2.30798779726332
3.7579896260299974,3.115488231094239,1.7514489210761104
3.5825597146519157,1.2710965648612462,-1.385892385015244
3.2847096590450433,0.7337365060682708,1.2605491512555194
0.45168433793843166,3.353219024520184,-1.9884489953620255
3.692164014566456,1.9502781873842823,2.5904081090952147
1.8462971545495535,1.1709614497523684,-1.0882234734622043
2.750654239848303,1.795086716540741,-0.6261253335017418
0.4980300511711886,1.7838754800528656,2.619543020364639
2.101546394203573,1.02531078024405,2.5148660474382014
0.8809659598799677,1.2030945398660449,0.6097603581418989
1.0153814790584428,1.5743310818720362,1.5534221765952774
3.72039713294682,2.997762968005204,1.2132641762878125
3.8208393352997887,3.778932968690253,-1.3404900415128533
0.9306341098906139,2.6769530104180923,-2.0373856014867
3.833173243962191,3.7253016226744045,-1.3888835786589395
3.6714770587794145,0.2204109182086511,1.121900300177697
1.5464096179654372,0.22705511785572696,2.0241906842524804
1.3562271150867171,1.3661723335396356,-2.7224901735406046
2.7147593232493867,2.9526671673107634,-0.522184272797332
2.9890874332939554,3.816872389071088,2.516678667108562
3.579786996924321,3.7331602522171314,3.0695117418102136
1.987971785557896,1.162683613619635,-1.7141275462982322
2.6580233398889375,2.7075327227841037,1.6925383971918846
3.764003609152317,1.4994599665313966,-0.6153980525548368
2.625247559236448,0.7112715174330955,2.1811356506497255
3.094119003852367,3.331699319810723,-2.58772948026731
1.6223260916480204,3.4557263986018807,1.3875265596020459
3.821871823370421,0.48942573299531933,1.843014733276136
2.7986788058172545,3.426977707547099,2.6039344288013133
1.0761131136092619,1.6168109379796478,1.2547599275153463
2.3858500229112236,2.8854469481282528,-1.639507720961906
3.2052046222334787,1.9076514251127672,1.2631237200448426
3.5011446739362726,0.38700612512012844,2.896011853700492
0.8289654742838164,2.762111616385904,1.3980730757471624
3.173081975564191,0.5358996595558527,-1.3770162758448967
3.1189145513186967,1.0735199222200036,1.1907761382900972
0.5112142102694559,1.6722119530670505,-0.6242297505188903
1.2535359304110494,1.1589341756825715,-2.483747783726985
2.5109568241532565,2.7068156426098784,2.3296512979329247
2.5605528212464996,1.050121991308274,-0.7405354027318842
3.7736101221477187,1.6463571805770831,1.6294796034205792
3.4133593009918646,3.530257898786192,1.6316177895030517
1.3228171590484887,3.356036477918245,-0.12151615952541928
0.8746314375231816,0.43449085235685647,-1.9618029783782933
2.4679689767149946,0.45908745977236975,2.19111158139384
0.6406667861618174,0.2787194410002476,1.4802582483879325
0.698638470464815,2.5517258398111484,1.6789494867218986
3.4945352934356775,0.6270145982994348,0.8278798583504168
1.8098871701517174,1.2348255187812751,-0.6259216861675001
1.7080810117300325,1.1037458949678367,1.693245600335878
3.0625235689484906,2.1958761746126103,-0.5206427904851982
3.4239412145788344,1.8183365760800747,2.726670761209877
2.900128277946729,2.79652149510175,0.24854567691046459
0.7602813646950022,2.2035482188843405,-0.5408998020104745
3.268072802680116,0.5139082908441055,-0.8822783053618761
0.9135167035181389,2.535812170147311,-2.1604256323989626
3.2233475953622155,1.9808686917799299,0.45818869754686675
0.9469228614717089,1.3026111908974758,1.838057611014734
1.3667719926435127,1.6069836835472815,-0.36729106836871894
2.3805754430384254,3.1919724361646904,0.7454298578192904
0.6577417861010049,0.5316071538187606,-2.951410991830035
1.0364356619509345,1.2238931112053013,2.129703011857658
3.780475003046814,3.0133065996772874,-1.2927783377961586
1.119846613103031,1.6772607172919418,-2.119286480994485
1.448206374370692,3.658879291174952,0.019386612876309606
1.0223366063991808,1.3193808778189369,-1.4626432719636129
2.9464475190252983,2.1075921128286264,-0.4172869475334511
1.1615375691594947,3.0304131408910555,-2.3543567970563006
1.5984950648007281,1.4434718101546662,-1.0895582632274765
0.6546999514100267,0.5091019907522205,-1.3002792401001357
0.8514025193319359,2.7879466249920672,0.4249732733325615
0.8320887520325044,2.5621528201972725,1.1239866309841444
3.122823688573615,2.5991358219914766,2.696525211896093
2.5902751598263762,2.5334592290056523,0.64133682412875
3.5916087700380777,1.8020326625819085,-0.5939882994927381
0.692399652841178,2.6730334878988016,-1.6821340337620712
1.5537564823116314,3.646558045298265,2.8015200282996036
1.2539042222061516,1.8280882333837738,-0.2908114863984439
2.7666450470932795,2.850186322218492,1.747819566604396
1.3834685646931506,1.199506874355718,1.339876438624593
0.44645370273723106,2.004287088635947,-0.5156925736790119
0.5652143356138266,0.4362419219132603,0.044832454849354164
3.4984646733963847,3.70552059298084,-0.5511403351198583
1.5038934759412799,0.22094474480426518,1.797991382249335
3.0968540352553164,1.0887628858397176,2.0048411676903957
1.2543158336980489,0.3789998090092812,2.981783506784101
1.1150650933970798,2.695769164374568,1.4637151694992303
1.499536747653449,3.46520209745854,-2.1519615822396814
3.416400136299074,0.17094854465131215,-1.496962061462622
2.008997011217291,0.7978552004015405,2.128043477920218
3.7842955821470534,0.4025783500936573,0.7473373454745422
2.823939503988613,2.7690045119400373,0.7870363973282419
3.3507002030391075,3.32528177499223,-1.664643288810614
0.3694215213187384,1.597503830990672,0.0616296410510353
2.6636611367038436,2.115870357493676,-2.7524784003441862
1.4418659067857584,0.37927570431486446,2.6713480708767428
2.796596744473306,1.244596554906301,-1.4268970849509195
3.703963317122232,1.4757574681713286,-2.1167176683960625
2.031852392030309,2.966607164764145,-2.916924614404946
0.30908599000755954,3.552078631305215,-0.6917252915429724
1.142701898286684,2.8517333866240926,2.052456627010308
3.471209540447469,1.1841252379668932,1.2213408838653566
2.9035220746184542,0.173553821846391,-0.08395921408113827
0.9893319653084611,0.7804810063486793,-2.7745021584359972
2.9930651405910624,1.208899024173844,1.525288699893773
0.40778918344519255,2.4412779611836015,-1.3717492920359502
1.2776022066920971,0.46174443978648716,1.1152695732881712
2.217617359737792,0.1707115283023004,-0.7799659700127659
3.759538897769014,3.7605383694233985,1.9627845920469404
0.7669909714951855,3.6614614973273953,-2.9561930742014506
1.1623716695119803,3.0351367733223946,-2.5117640238880985
3.653189788113163,1.5998239173311117,-2.255032512108949
2.263365499888208,0.6078762622411285,-0.2779191888247907
3.393520800973894,1.1154185101680318,0.5962810076275873
0.736273184182537,2.291982066719822,0.34442208737842783
2.1714432734410365,1.02577666020848,-1.4875030918919572
2.229348818063115,1.0321199182201721,-2.443533349578347
1.7536357927090074,0.9061168012478982,1.4982745271612146
2.7615440765415387,0.8860377440597009,1.8738223220281576
2.1248631214506615,3.3055850022779074,2.2589356495528152
0.8163428801886781,1.8468665805908406,0.8898006270576211
3.236389286986667,2.0573893299138937,2.931110157245418
1.155525667750911,0.34971287458486877,2.9059999729766206
1.7892335285648753,0.49010718922269403,0.9786969469917626
3.361895395659634,1.994641328066248,1.5473772770323322
3.4380495131550552,2.4255526350004666,1.4074432805694679
1.8798803880894819,2.71495073938618,-1.1697564877127173
1.0588453583666038,3.5660549352306283,0.6376804365899322
0.5063205684783418,3.70215492028155,1.6864322689683995
3.115530308668958,3.2958859072862103,1.52510537190033
2.776681092881182,3.144476757831044,1.7533229234999208
3.742045999238507,2.0340210601847555,0.738979369242839
2.1339997793829064,3.4352574533791467,-0.9159719598465581
3.6340709156335946,1.5425326287218009,2.4912484393481975
0.9995497649255753,0.7988541074626068,-0.01323103734209985
2.668063258894388,3.817821450422504,1.4494805008124665
0.2741076878275712,3.663924482760798,-2.074935849249864
3.035078191738986,2.0213452881538,-1.0187640639628874
2.515322791839376,2.6712934783009485,-1.1315533728512546
0.4083975473722625,0.5536885017174193,-2.370258821410644
2.46127238776176,3.731784531978092,0.7855148226062982
0.4885585729616846,2.6697862653311524,2.9640299969663424
0.4666123619930169,1.6012190147079362,-1.3243105379998352
2.4165468528277283,3.514435831994343,-0.0234581591982872
0.5333660496570523,1.982679632920294,-2.166927163341583
1.5096866091274297,1.0225043033107157,-2.81130471490121
0.5981840424262121,0.3465382264895549,0.5184975988391938
3.786099182761323,1.8096873475059474,1.6466734965841
1.1434402744130976,3.4905601427052244,-0.35926123540038857
0.6795071152415764,3.404141707259506,-2.0287338902819263
1.8602749918975654,3.4785280768070317,-0.22291616564299233
2.847901877284267,0.985726626809861,0.35796367452489397
2.8069133813853564,0.7989744249381476,-2.702722005532528
2.9331456890239727,1.4127457283036944,0.3537537036778078
2.868856519420732,0.4319567525838881,2.066592573511822
2.4368284311858837,3.007043011496672,2.9125513620201664
2.682028761216516,2.686603543554954,2.6002779266048623
2.171484329273709,2.9367523408356084,1.4451267204860265
2.6617113857832897,2.3014959398359287,-0.40458483594124184
3.4819672571667204,1.1595213325147085,2.70358862973489
2.840474686377105,3.5081830592321435,-2.0648339876621122
1.2799946298247913,3.0209278912871316,0.8157221161405461
1.256989410357264,3.2428242843320274,-0.5144430201914623
1.5480021700567512,3.7797678957954104,-2.70151443770575
1.1419591645616562,3.1833232022275286,1.8411719807202038
0.5613346284602034,2.0910189591418264,-1.1990617998312751
1.6081559341522071,3.365554934286307,-2.067268135974743
0.41026715068497976,0.8506976063846796,-1.0424027147420887
2.266241418025561,2.599615853002855,-1.8970154387216025
3.396155610486879,0.7026987355114249,0.40495811127113246
3.143322047963704,0.8595560396845032,3.0153005104669326
1.397569443195854,0.26501462916873875,1.1059806471994564
1.4480349704610247,3.695750781778871,0.8418723280281086
2.5781416437864126,3.3699447228392203,1.113920707168493
3.1939796077192146,3.219379634372807,-2.1744756234649754
0.46296815810414493,1.971226323011272,2.1057031420092285
1.0984745539500205,2.0188973216462816,-1.8103940915151662
3.51642032873864,1.5256550682203414,1.0787261929195449
1.9128478163346916,2.680566340950229,-0.17090503912912025
3.474486462519903,3.2531163077372622,2.813717196765978
2.9408550633705133,2.2770043207400263,1.7404028658601591
1.7189537498572656,3.6939509486339706,-0.3708991851655652
2.6281129761191,0.9002611933934372,0.13438357668342515
2.875703800108886,3.233680958654758,2.1721270093369256
1.5222586432345877,2.8215368174570044,-0.2075629674568238
1.8966072838722625,1.0811617329854695,-0.3379507415074259
3.0499514240305556,1.6980114736608654,1.6525974094347635
2.6586747212234085,1.686906219425675,2.194321661205481
2.726339003534464,1.2989337806063181,3.0881305963725865
0.6529122354217156,1.5777945720944446,1.5182322478734447
2.093688325289754,3.2348518687641468,2.095196922179001
0.208526794011882,0.7320358797284165,1.372592269556268
2.0942231504011564,0.7226517394710785,1.248219891449902
3.262418451319019,2.0002748232772425,-0.24613122698824252
1.135363176783243,3.212826870248461,1.1010189254399805
0.8264662047315743,2.3449217145357575,-0.13232917911311226
0.7313693553048708,0.5486217932441999,2.528122597942274
2.3114982202531107,1.357937241517451,-1.1156837604358314
0.38509214567137784,1.1109551613424755,1.2711579522400482
3.1254334100072105,3.4385162469658836,-1.626030485038183
3.396044591935152,1.8347994530291625,-0.3048793868434614
0.6008452725168585,0.43881881736375794,-0.28107652890536405
0.6250258605718502,3.5405524463920175,2.679340840635705
1.3342898936368326,1.916108273353045,-1.636385141877868
3.6163086071037243,1.4932787524436413,3.0414537918637574
2.127235486583568,1.3205521031563578,-1.0093681525036118
1.250016859051875,0.6426268695932316,0.04191153957829785
0.5337507612826036,3.54054348567882,-0.82679509152885
0.6880730282318068,1.6965035046175503,0.010208949770329045
1.066781315124318,2.664834481316504,1.5291979843167232
0.9662916408152755,2.2087868359828433,0.5454289485538575
2.316725576520219,0.4977645908875834,1.5315222760083476
1.7167000425567736,3.549784919503987,2.858383004928011
0.31366433482097333,3.7980405503282983,-1.2147934819631632
0.17183973709844924,1.3839550401981615,-2.719006194523759
0.34244563941151407,1.7847317568214844,2.610779651084676
2.318015154217515,1.0722959174762887,1.6821743132541922
2.977307580271079,1.1393713510096228,1.7166765501791907
1.8816874897579243,3.195854615693974,1.5231664924589907
3.6401726493076083,2.046202123342056,-0.16273834992542024
1.3878473628756498,3.816808389224863,2.7753405714817365
2.941902519467231,1.18868091829111,1.9694498755549246
3.330395806273472,2.9496664064885647,-1.88466315582239
3.7930270273277675,2.88064746755907,1.0556446901781475
3.792459042669146,2.656986841843574,-2.0642199933472547
1.2551645498625956,3.1068708798743265,1.5829233727418375
2.8439958076141543,3.3446952374164765,3.117040488294103
3.2625706719395122,0.7181631337189005,0.3798734309000613
0.6953741211307483,0.7455985626582544,0.6336693656400971
1.0580862152271049,3.4588376971953334,-0.029375126308643917
1.7106830402488833,3.718812236916435,1.2166477170388532
0.7646109963595689,2.2726581313194254,-2.1764494946913375
1.054751575215318,0.2567041154901615,1.9454320254292545
3.3947047571188214,2.661597607694939,2.534937852487052
1.3398767430006426,0.48222714215385665,2.8080497839909615
1.1630642410078864,3.479449745330826,2.927142152259256
0.5730067469659175,3.4417856533761753,0.4319622550662352
0.5945853610169025,0.2158655170141799,1.7981141918818295
3.5692117531874983,0.27879630184384885,0.781583324690883
0.9557631176062582,0.8490172440086963,-0.9390970111312749
0.9108847584331707,2.3309354896145877,0.3879857999434062
2.7594012222113995,1.5570502175876109,1.064000661331324
3.106693303962039,0.48044914358539037,-2.5210174696355874
3.3906517480499723,0.7276592522416943,2.7706917040326164
1.6979450267262952,0.5356901643283791,3.1109519429027666
3.841991015184091,2.8439630217722445,-1.5644680496704844
2.7488337089949915,2.192609900561429,2.6284694284724797
1.9256909236427857,0.7096223977790306,-0.8336010569451009
2.6150904598806126,2.3951589679289946,-1.0813078165519947
2.65191032601989,1.5713367954709878,1.29849227182953
1.2915099359812459,3.295592683106158,2.7934695913079137
0.2859555314783657,0.592617382524312,0.4243958928846432
1.2526658801227124,2.7846020977732784,2.961860201643205
1.998497972395202,0.3503168709274602,-0.11217459598140467
1.0108115689575032,1.6765698417182828,1.2558574193385912
0.7618794400890683,0.24715595493239562,-2.773834843694708
2.8271761297138083,0.7099361925466514,1.8791679691846666
2.365634879930156,0.4248534411914213,1.9851854998072902
3.39247246929306,2.5535071991668206,1.6635437023389734
1.57664546802879,0.8693369328321898,1.650617396512458
0.4587537891595663,2.0715901838185977,-2.61142701889856
3.536526815743557,3.1821213693550967,-2.0499899272151083
1.1466997779626547,1.7773269809711336,0.00948007726522393
0.8590277692906056,2.193503580534068,-3.1405350786552138
3.358821030151801,1.2546232167450908,-0.6734394268623682
1.7182157781641911,0.5209952068341357,-1.5743615082536715
0.9875737051859095,3.2565323672820137,2.062048834240965
3.4361438345902777,0.9881423590742338,-0.3135287883635063
1.5760951761486672,3.1455876171477426,2.7952840689769873
1.2505033146482636,2.5439448379170893,0.7642853335809812
3.468758680256224,2.609509381006402,0.1313804907918641
2.3959182648342616,2.6579100081363407,1.9449737045973663
3.3680497419770985,1.5490084070045325,-2.9448288287406803
3.459269349442485,3.1362933946081735,2.882006659851788
1.192984572508096,1.0923125999849472,-1.3114538994058362
1.9837530097919789,3.1189353033148843,-2.877925228818737
3.5119895758170396,2.1051227270237933,-1.1688412427240613
2.9950215435158025,0.764065188032097,2.4440060449900773
1.162642121232913,2.5161444280106475,0.12584784301076457
2.540095864694217,2.683523683135186,-1.940218583863073
2.636602214754156,1.7026261633367028,-2.72016526181192
0.6758636916499534,3.026060948024446,0.7150155760302108
0.3830051001243122,2.720585527580309,0.5999586060711208
1.6492097897084084,0.7640881144141454,1.9437231046559376
3.0587085323983088,3.6558717526220534,1.1545204186672269
0.7155538208239558,3.032467564814389,3.110115137859288
2.839764307658471,0.4086944796310239,0.3089995178254501
1.0526882100700306,1.357617709634035,-1.7532430622472532
2.469061710783584,3.3724361171010133,0.9868858876162374
3.0513006129341522,3.6430728669406105,2.9934688578864765
1.4819511702896748,0.7789668101994556,-2.625450673298305
3.083722183451105,3.0942835046036588,0.19893237677779085
1.19718999103333,2.1644708353421804,1.0940636676426667
0.6557753574491554,1.6955420230433713,-0.14542035169290513
1.1426408289569103,1.2705220098761898,2.83264823087259
1.2400279824692868,0.8453593869191183,0.5473683329331154
3.8085131690269285,1.999597302480976,2.61433833772705
1.5022324391955437,0.6135921585589132,-3.025097021525672
1.2539043698343177,3.3615372982874003,-3.0045534725567693
0.28282619343574433,2.9907800274383076,-0.9819339204667124
3.152262450193319,2.802919214658629,1.9824132559035919
3.503611504578533,1.5085193875100096,-2.1842284547952375
3.544516361495491,0.8651845484545024,-3.0614085209826856
2.089399094661344,3.315558297486007,0.500067930401153
1.3484365217137775,0.27098425398244386,1.0303269028192021
0.41649146746466936,0.4146581797768447,0.5494585337501028
0.44122250443402766,1.7223323184932964,-2.8187238715077028
0.18464120228057634,0.20480279089968212,-1.0122027167583783
2.692553473514255,3.2997271616694266,2.3865093347495536
1.086249022812912,0.7033036613362702,-2.9058526079714415
0.9921145342040978,3.1798758296074343,0.2219159934245698
2.9744879794985293,1.6686401445735544,-1.7007279193283287
1.362579806369102,2.8030052012387308,0.8916492466292878
2.0935017545417596,1.2742614297390316,-1.0266162555446776
0.16595955973991083,2.0854121859535146,1.1200820260557585
1.3415149817455734,1.5403770016003997,1.9638086518580398
3.3038692401361467,3.3527856751329552,-0.5921972254716272
1.1506554635626247,0.1515264146166948,-2.7638923103477424
2.812629795364031,2.4957838857758334,-0.5656949995729548
3.237210769779669,0.28991830434263166,1.3249404705084062
3.0800905873996722,2.405469573172961,2.195270924171971
3.121554468334756,2.3126280543782194,2.887853503764803
3.569922437857973,3.02194536627489,2.9720536918442155
3.394268137500769,2.2460787726086178,0.5802914585034862
0.4490774849760153,2.426139783713793,0.9197753326893947
3.8144507338247657,2.4396212060755476,-2.244480592818304
3.0172815277040974,3.6040214184806225,-2.5982660055886386
3.2201193813535722,3.2415755010575276,-2.9703978572438774
0.2528701264385478,1.8952304864663536,0.47669904073047276
0.7423637579235058,2.7406305318918505,1.307364232066191
0.4200221864643128,1.9132561618625572,2.932505494775862
2.3789460107273417,2.6119804516990643,0.004522178100104579
2.7757490800795845,2.911876550189118,-2.512759290163812
1.2052551032506424,3.6962107233056702,1.0399869094987775
2.964485866942901,1.3510190385286052,2.664358732624044
3.3180666477218965,1.5551235402001544,2.9336396674991825
0.5251227746479596,1.2531951459432853,0.6906539075243083
1.9974973750080616,3.713179328591734,-2.286469254005696
2.8876928994142426,0.16885050401357038,2.9214191993768797
3.111094798515405,2.911702379812519,-0.32799047714950014
0.26129871319664666,0.15750780805251807,1.2500489515202533
3.1499322907442746,0.8871264621023727,-2.981209039233768
1.5567595198001491,0.4957311173068426,1.3796851266914825
2.7226169951026473,0.5214039807936524,-2.492162503414403
3.8091774037668142,0.6014224674536877,0.5798721626405765
3.8053769752798647,2.633268637243005,1.6429129771842437
2.115653503796464,3.2649085501819357,-0.9497756509834328
0.9430765450278762,0.3329604674275046,2.832112667083897
3.5591063880047384,3.4934011245249685,-2.0007503535440287
3.1005920522098402,2.1036628073188504,1.964702033650684
2.0483262887426648,3.7510968985112396,0.5783873493280915
1.003904022886672,0.4495524835620097,-2.596675124851155
0.2723253237184653,2.787293279717851,0.6649356518619749
2.6263799471739677,3.8329459412303373,-1.2908760320416568
2.7933157424419925,1.0992035357741656,2.903353077565228
3.6671150841169955,1.705482234159113,-1.372127793695928
2.146260497989185,3.562976854465742,0.8786811148677041
1.2966284505614838,0.6302895519855229,0.7044551894812439
2.4674120490596136,3.484666335162567,-0.36706641937170126
1.0615610602375174,1.7021652337034139,-1.7172575929578977
0.8621011166487742,0.36239866356397465,-0.0888864846058679
3.104765691982255,3.0389943372045094,-2.1161497558227884
1.2005560232424957,1.3165872888828596,-0.992364488875348
3.4923981129202732,3.3512024465713695,-2.055490772894075
0.8987201407677459,0.9234225320973408,1.358098254251244
3.8066240991872338,0.4154229285018416,2.7631812911505413
3.563892593233172,2.2969429355483477,0.11821762826105209
2.794939870193636,2.952960765059394,0.7513282420417688
0.3115872894945402,3.1782426581121612,1.664800226175199
3.3937289903040715,3.152263494841385,3.0264351679764356
1.881493462806798,2.695179671118397,-1.7301070686839608
3.375191814660942,1.3255499968413846,0.7082939595800131
1.3286013824482379,3.834607228396345,-3.0489461015931747
2.564547669366811,2.6427655889160775,-1.1208452603911598
0.2639982177195832,1.2296548790246198,-0.6284574927183408
2.8320527689577135,2.1137747779824894,-2.2814618081070943
0.1744661668016212,0.41584213205656084,-0.6983702032982011
0.3812354795763997,2.2518188465605755,2.879921268698297
3.18492827234415,3.472202397463492,-0.08502150867928693
2.801573978298314,2.402430308053365,-1.6412751153443745
3.4259007184768566,3.599325394156004,-2.5878050712326126
2.818599752540474,1.4862235107709552,1.4685553266712432
1.4837535878596828,0.6355081434842962,-0.8117763421292605
2.912138738513191,2.8922048267744302,-1.717667635809933
2.5279849493348903,3.446940847792821,-0.583782192123933
1.2869997330841811,3.7808863550114897,1.942229970024564
2.703407968687106,3.8040357141579237,0.1647617749120034
0.5723486367946844,2.6489517356110523,-2.0375428776664797
0.953522542145377,0.6222117012628008,-0.08365643944165013
3.0865165052541013,1.2188088001897786,2.4872540928894633
0.4718321211005341,3.5172695239892064,-1.6793212139942264
0.9745040451056775,3.7439212071025185,2.7083625626815353
0.7798641532513018,3.63768605049763,-0.1257172299163174
1.193221463320861,2.235032316548935,-1.5023843817006441
0.456126457813983,0.9473198585604412,-3.0481147886868802
0.5364468998177045,0.8885933327728543,1.2356077999048738
2.912360149550468,0.3735519973112953,0.9653612858168792
3.5269410376462407,3.2184646822311604,-3.0947985822111086
1.60477502518363,3.6293096455168503,0.7181630976422442
3.730799026916521,2.7847222389529382,-0.9010526662657963
1.67135980497401,0.729761136543619,-1.8924807270304222
1.304924737279956,0.6293835649903006,2.681733914939433
0.4265143313819131,3.8143559243840395,1.4661881780197374
0.31635551559822517,3.331709851357677,2.538908621435435
0.38293205146997167,1.8406780226280026,1.960674356761535
1.1541544960494905,2.680528885256031,-1.1381140673581656
3.2947107364934345,0.9124910609486343,2.0350138789464847
0.2178680471119403,2.78174378313538,-2.506986907305705
0.4275054091974897,1.8414143085595622,2.5102269918527664
3.673628548057543,1.5530685270955464,-2.8920854726407854
3.0351969945646,0.30289309776222684,-0.9565611338496733
3.2763367096892972,3.352476545679832,2.785583888108558
1.143808599720621,2.9390184904863355,-0.13161719382657955
3.6599759050788343,3.5680207698523767,2.5579004312471323
1.5837082756295837,1.1414979522151714,2.483147432035712
1.2232162081822242,1.984547910534995,1.4253591409335344
3.424907856828329,0.475156859579136,-0.6259242700523
0.2644353908491972,3.809438849276164,0.3174156602235989
3.258284535653595,0.4073030967308062,2.362787704051615
0.9670206943776805,2.4028473801953667,-2.3981128483483163
3.261950863420886,2.4593254085220373,-1.8474307818679012
0.3722040542306928,1.5827082108732657,-0.21663265944719745
3.747894535136995,1.1285572873069056,2.2612150697479674
1.2498113340271026,0.22342958536632818,-0.49813867898488384
1.6102982508649286,2.9830107472664102,1.4119918556789175
1.4440870149793517,1.030762077141047,-0.3256443406518619
1.1259323659060732,1.0405571566757783,-2.4144667386848657
1.549067964047138,0.24009795274483503,0.9714651478681162
3.5672506907486152,0.7019362375285563,0.2028041925697548
0.6922984302813595,3.200753550344383,-0.30350964666614555
2.229063959169234,2.6252446173804707,-2.520877720069863
2.658705898329489,1.4366717438355177,0.3376377327697546
2.973826472281241,0.8688050180171922,2.5423009674804007
1.5874710211544931,3.0719638421308337,1.4966566906659153
3.725568825781174,0.2916905265779306,1.2664763547251345
0.5611618597913166,1.449938543591489,-0.8497584029541563
1.7829525268121453,3.1817704348337084,1.3171369061069589
0.23372007359444824,1.6679136245736723,2.2188873332726367
1.405307893033605,2.4815466676625477,-2.9450747647124036
1.5408111389773467,3.008982227224388,0.5410632365054937
1.6813250419208012,3.6774715109665412,-3.096140131067569
1.2916908980277615,3.2895844350018226,2.0723671225400295
0.8866853248976279,1.6695764256236716,1.4724432167034616
1.0992450767352375,0.9223631584090661,-2.6082559625568646
3.5314556160370323,1.1119908474074722,2.5133043825727706
0.4309278213861645,0.5381786740816938,-1.5312152537655495
1.0322127487054469,2.0589455116324897,-2.6844642773753526
1.6363520317720899,0.889524169989651,0.6832203117111724
0.9191346737573598,0.41513458328051955,-0.4204091261050631
1.5708658383252536,3.4013918548660933,-1.3991249082216355
1.3135641959110447,2.5181578251994297,2.4333968711541667
2.624112052498205,3.569604705626441,1.3493363660135582
1.181583111150386,1.787438236968102,-0.20769119466069474
1.754413815033347,1.1273467951971883,1.4061299545804005
3.6744413665010573,0.8193934676872923,-0.9555634005319731
3.3743641548665124,2.146075067828902,0.9631559258085156
3.849697917194286,1.4432926495522262,-1.416227150040499
1.2644174663389167,2.806337648940377,2.5470871959047745
1.750653238659798,2.81001946373052,-1.0532543576269768
0.632975051855404,2.5994312081772835,-2.214729497005995
3.532735997910049,1.4512154485498954,1.7913294665661272
1.635632247525296,0.9578545030405454,2.293871621873926
1.718710881869192,2.9423578968961666,-1.9573666270677454
0.8614614899240403,3.699694884921101,-1.7706893569569329
0.9398501125422563,0.9780680588273869,2.159088021001736
1.479563756250709,1.1864532299002537,2.588239693661622
1.6339450753313023,2.65312611779127,-1.3743317613016988
3.1396538557201006,3.3412494875514316,-0.46832901759625445
0.5297695389156685,2.9539495002531693,0.2518170476378696
0.7255725300178151,3.365616554908443,-2.915832411077046
3.7187864007732,1.8964247072809335,-0.3003710375483153
2.5518680584427216,0.30724904374206874,-1.1765738618733912
0.7032094877931021,2.3761524728170262,-2.780553197055168
1.5858559324204484,0.4704861790654382,1.2041384935952868
1.4241307165683907,2.7590755462491092,-1.0139932021712905
3.746824709605378,3.3735402834498354,-0.2272678675368236
3.261181324638301,2.245228533780995,-0.7727541249894978
0.5251965085591115,0.7170375696184679,1.0320740020281773
3.842896321759427,3.195580025940919,2.6909853141020497
3.423019145602957,2.0343765426241167,2.22040742740527
1.3107567792025208,3.6018312261999985,0.009811825611492075
1.6019030939157237,3.6328710236834145,2.2755372489661454
3.348732851975992,0.8917755757177277,-1.5903393103775594
1.2904327351624127,3.7514857544560227,2.223326453950766
1.3865980305041066,1.6406002104171158,3.0927236623923022
0.9609460500852616,2.4297897995663122,2.365817541625616
1.8497729319750111,0.39784819023082596,-0.050208247159089225
0.47577465826899257,1.8149469754385565,-0.8670826915656047
2.758461031144864,3.6858811096569513,1.747939959825353
0.8132874614620138,0.3303812873610732,2.5286039228191752
3.142849015283905,2.4284312499177947,-1.3922491529555001
3.7688257839016486,1.9035832220238817,2.73249521098409
0.5611382111573757,3.527469339147558,0.39306701773426056
2.7981119561432495,1.6790005753120574,-2.1486221972997313
0.3415588246117074,0.4797474184433903,2.782157793788816
3.60384034809884,3.564771912304884,-2.9585853627699046
2.9744884751690317,3.066376687561673,-0.9826905445164678
2.9799934503438656,2.5838987155331163,-2.002800735626117
3.52375676336131,0.6639037082670569,-0.77945965145756
3.5689289015733614,1.7036966254182442,-2.4449341234463926
3.140771584447494,0.2583004114801941,-0.4328320782209589
1.21634331916548,0.7242829238255233,1.8960554067844795
3.122009838679062,0.6608023751001069,0.2957440420787858
3.541521668614241,0.8708696117252077,-1.2627718238987724
2.326769180840331,3.5269593192296544,1.2097858713928717
2.983429961027764,3.2169139259350557,-0.8406079365877277
1.4435699269009916,0.2389660549727015,2.1727925362253
3.327852943261236,0.20802064250860974,-2.450361104497438
1.8861956051497915,3.3774662803724467,-0.476376516756988
2.580087597601872,1.551553820781542,0.6942681751718669
3.611562437243099,0.19770557528761223,0.799285570723621
0.18300600483190932,3.1131791294806783,0.6545385640379893
1.011277491921903,0.3722869495428802,-2.915239875350324
1.9130334664384598,1.1254264634545494,-2.6204922069601664
2.5769642271418256,1.4071758804399441,2.443507595452168
2.7267526505223514,2.4920713354199617,-0.6785481124347612
0.8698136849630482,2.0229781091896832,1.7677545532126278
0.7905114819933803,3.8300887895766493,1.15391089084107
3.698489171160948,2.5540713738497605,2.80609870467699
0.4258912293730779,2.1012649679578375,-0.6666134505543297
0.9806781745752415,0.7443205201592193,-0.6497623748882031
3.689419096649915,1.2478129588132192,1.2905841550184016
2.7299585086732385,0.5477107452249625,-2.098477700278403
3.386871342249982,2.3630278560341185,-1.824216080454444
0.6893411177663462,1.9545678965011422,-2.0124151225386537
2.9215647682130412,1.4688668903729813,3.0704547325708784
1.7399647553586366,1.1210494091628793,0.6969577451732913
3.472246752438874,1.3626840950382402,2.883156939317761
2.8840379168020918,1.4821430849254198,2.9733159530166553
1.4111856055303558,0.9902782691221672,-2.300422515363365
0.21505909970621007,1.3774270475144186,-2.183907852510948
0.4377086675219113,1.134901907643771,-0.2090053861136263
3.65166314097589,1.949723247877547,-0.7907137497595498
1.577093686555691,2.6948768374731173,0.738093116448375
0.7181068910900583,3.7615754932428707,0.5692752344292229
0.9376934850890795,2.4312211256100045,3.0156925243289274
2.875541861420921,1.8214930819264512,1.100548721274695
1.3426887699934507,2.580525041234209,2.404112322047525
3.6477308324635223,3.846504515084399,2.1212822939910208
0.46589648521419225,2.4414045932576265,2.5877569329355152
1.2423635649855354,0.23515023510044308,2.7539132926401155
1.1171246384061368,3.519983978403181,1.9451302323655106
0.21153365465659446,0.9811595877053438,-1.9103779869283422
1.9013686988564764,0.610048932739256,-0.3924924330781101
3.033150251079279,1.463561761464983,2.0102797852246583
2.776978602413303,3.637551481066486,0.002094607981440788
2.3192023621231055,0.3130381364007846,2.3053472885241515
2.7897503790306484,3.065452159753105,1.186927022995551
1.805494470122246,0.18475214739406276,1.9522015835601012
0.8890384686368988,2.377785414467322,1.1715764054239255
1.4745092777354691,3.584975904630378,2.216885423574463
1.3073080402313146,0.3652685406276266,-0.31819088767124715
2.4564224330974294,3.309606973176535,1.2203309631309516
2.0753227924114084,1.273780087182736,2.43469215145499
3.2468725959552116,1.5004079477307966,1.7315189440816248
0.7644139106348127,1.6428463668094673,-0.6396570003107969
2.770752642317416,2.430837226917666,-2.916444214003251
1.0404539605998302,0.6624327967423982,1.8719971681610668
2.602234793221679,2.420917417699752,-1.7249675676110336
3.330910416033393,3.240691511381264,0.7636405430000242
0.5787332692301308,2.937160916609468,1.2897205283072655
1.345019718486967,2.4392157534460273,-2.723060574433841
2.953571036742118,2.1827826421727594,-2.5497612801538687
2.0698415305396005,0.8555394123411659,-0.27563349598249554
2.012767869984321,0.638609657837601,1.4346211450750674
2.9488974850030707,2.7865166889048942,-2.2583749937831845
0.6329829248719814,0.6988118661343372,2.3382967383460773
2.0390823233860234,2.8673779039263163,-2.4282447106411778
0.548839225373118,2.774190156074992,-0.8553933335867407
2.8051034991571915,3.7390776830500516,-1.3692739678867625
0.8971949822377501,2.9584120632946087,-1.7212914653435336
1.4853977925748567,3.3242401080074684,-2.0747639246892966
2.159128435691939,1.3492769532941038,-1.7010848731753916
1.0586206268116203,1.741672702612612,-1.8649491392543533
1.8075361059297443,3.5847084619237912,-2.8774476833533407
3.29472019265139,2.5966083530258763,-2.0935737354256516
1.5625606967954337,1.016646758188252,2.5479962682995474
1.9581788646599874,3.5620085910843065,-0.34814231399889284
2.391665673266233,0.856198255241309,-1.4515327143053933
3.3244159926149677,3.0920881593215217,-3.0590738601199674
1.270331124749589,1.7488793204982374,0.8005469256898898
0.4244108328227072,2.01728638332601,-0.7641749105410449
3.1295002719557816,0.44223980982450817,0.3126193480215256
0.8883515816863126,3.027620817815069,-2.8559049091190625
1.254879088112665,2.566624731879524,-2.6188772947808534
1.6646140004608525,3.186826432325002,3.119915390654155
3.4255140031781908,3.331787864028856,-2.8874796820065307
0.7683149022973521,0.6855538226591098,-1.395332081458712
3.6818520955381375,2.5869656989504874,1.1215760118134916
0.3041739868345501,3.7957693813304716,-0.28249321995380106
1.3296515347665379,2.3306944198117865,-2.3176356673165364
0.48371012460564833,1.8808691427393396,2.109169764946973
3.2571804775852926,2.582934850739963,2.79269888175455
0.9948004306503995,2.530693890286707,-2.878607552606516
3.8354208562884717,0.9189686526283691,0.36752743371875285
1.6190087110991174,3.2746960517327044,2.7980990489534863
3.356763331911929,1.1762635420777556,1.2468111617965612
3.412013569524136,2.6075866706390887,-3.1274505259144294
1.5590132919664335,2.522141698180804,-1.415149586872202
2.6927718000320158,1.3900072740601348,2.3553907028398076
0.9956190916457532,3.2221003412977467,2.185441926529477
0.6355232183047459,2.5095774898122887,1.0941287404611737
1.2817249205645527,0.289396376844405,1.5677759568643017
2.9903012403650253,0.7973808161957856,-0.5873049517979352
3.7965898258872093,0.3727795621574388,-0.11761635805432835
3.6962876497369175,3.4215005924041058,1.7962043311764795
2.6850664218123974,1.1372062168422614,0.299710209872043
2.768462855986562,0.3473433683243301,2.3339942223298724
3.3922997130454187,1.7111224106771235,-2.0117497448185824
2.3300700128593936,0.4007980396388593,-1.5285703484059627
2.414542906116516,1.2645045529910743,-2.3146376357817373
2.36282190320124,0.562963787344319,-0.3389105379452957
3.6272915876155967,1.8164833018181672,-3.123710402003481
1.9633642461434633,3.6253195351956737,1.2977215987084847
2.6615992144340566,0.742199527367676,0.8333398906836464
0.18837983724326968,2.30583718272399,-1.668945051436957
3.1351761823479087,0.19754660137695002,2.8056480303382223
1.1833795234147417,1.842368836746191,0.8772724005286765
3.3628209677430716,3.7261154946873356,-3.1059382277819862
1.935934532502677,0.9021415876197185,0.030607834934697653
1.1506289338670306,0.28393285541353785,-3.034408122421134
3.471823827919218,1.867319247090422,-0.4298153640149751
1.991380778170286,0.7605583659221962,-2.2705046243221174
0.7170343091544309,3.6935913258268855,1.6140008790488833
0.6926041584282756,3.7563479283508863,-2.6411231389099883
1.8306388312079362,2.8097361352492882,0.42683963328702346
1.85036697295669,3.568802957288791,0.5605030336906163
1.938091792780599,2.8538062057140774,-1.762656838212858
1.9082942430695842,1.0120604459203917,0.9316379363324732
3.1747878085189,1.886202185289641,-0.07350393627003138
0.7548910462115215,0.9571294745748293,0.3100243019650901
3.185113923798285,1.592461835755035,-1.9020631300612434
3.0132043981011125,1.7497364433311584,-0.5032485494973922
1.3981649892291728,3.6615448004325644,-3.0824533128391893
1.8596058479084019,0.3289748871085654,2.262412650690017
0.4915518859298551,2.300504921287585,-1.4439455877035046
3.0027769796046093,2.5288247761987743,-2.207519160643211
0.8938519084792702,2.30019526058514,1.935140476935782
3.3568629530571026,1.4788008926918415,1.6435588988264112
3.31266833392953,2.9398431701219323,-2.3988334162197584
0.9025593596802377,3.3286991959709233,1.9733211433777749
3.4684373621333644,0.597842653953204,0.4808139441621315
1.6691361633822317,3.2546853568168834,1.2836954663919569
2.9239394243021333,3.405961188688905,2.455794689014607
2.14975485661168,2.6738307428948342,-2.1878859106364335
3.7003217181520145,2.2018562673694455,2.927771331234938
2.703897808502015,0.2496744701783431,-0.06886234984268436
2.0738704009152653,3.7685375248379405,0.09034377570148999
1.8161257573047602,0.4254934145818279,3.0643672703981473
0.6669701832025221,0.8339166625769598,-0.251740735773049
3.222396620257355,0.45618956184083537,-2.5885216815600165
1.0395580470858974,0.6547286718904299,-2.521880773964088
3.372216555567322,0.5287841611452007,-1.0619527100404689
2.721828547671051,3.6592154075722148,-2.6029275182625486
0.8209349034437894,2.219353475482078,2.7802402839962
3.1605161859581345,3.3945440459762075,2.798539932957511
3.217844165173116,2.0565071029946984,-1.7171516116507533
2.348978672539438,1.156782060350384,-0.1691202283147999
1.2192809077819171,3.196298271044223,-0.44901776568217766
1.071768088252595,3.2644252014657393,-2.7388470863860546
0.7728033276578228,0.5213267884406902,1.9324995170519657
1.1431496192153787,2.7338950254195007,1.297919087890362
1.4011676061132827,0.6696257038716475,-0.7055299785675588
3.4799075077981465,3.613143340264065,-0.507114307223008
1.1667766233064998,3.5660788767330964,1.014171072894042
1.5831808120615412,3.4277813349116646,-0.3344243214418139
1.404451648230813,3.6637312933619617,1.8750286285722675
1.0033372821051327,2.99413955465543,-1.6050132341283676
3.448005052512703,1.9697073546640835,-2.8432586943641693
2.244635544636648,3.496552019524522,2.704956663129771
1.0279378342367052,0.5786046139006773,-1.3900735727309075
2.0287822772563033,3.0391902315058026,2.4598631071159094
3.4216765438559595,3.515249066806494,2.184457452285943
1.505827757425962,1.439345514116166,-0.5559819302087874
3.122644309648398,3.17332079053051,-2.465010480858279
1.0444096103878007,3.49740809979062,1.9667102810914558
0.6976878933072346,0.45609072807727413,-1.508964490052114
1.0776284235555686,3.8131662985941444,0.005722612527764515
2.8626451425302504,2.110969307130801,-2.3721824787322774
1.0343936637707127,2.6944381163793656,-1.1953999413499903
2.378095982175283,0.9347497298329985,0.2347475801127965
3.0495536374409418,3.5222438349443506,2.541542738898057
3.3508363132712815,2.300294717722498,2.649845073390119
0.691044898691473,2.6805552096158483,-0.36776521108822324
2.121085122999884,0.2505317738193362,-2.322633704719534
2.0841395497988597,0.269008642289704,0.7752179749967008
0.5722943112575973,0.48690247173912127,-0.5639462987689967
0.7820338429531448,1.4670805778372977,2.8021559644694065
3.3230450482683764,2.7437536015610213,2.2077655277812456
0.8452992873407656,3.214031100801283,2.0907039402794254
3.0399003948014935,1.6372177012229145,0.4314947136465661
3.594988324470196,1.1499684853085816,1.42843505226538
1.3105975294553143,3.6506129531119655,-0.46300805127424427
0.8810347628298838,2.1991323324481358,1.623602293301401
2.7058832304118936,3.7974386380590195,-1.9480349430393866
2.1961716462848373,0.9244800889417903,0.8688623473974939
0.457397326933497,1.0826471691246482,-0.9468856020940746
1.8532863124488994,2.9102796090355265,1.7996833126874616
2.7780525185470184,3.0491003724207264,-1.8539492321375928
1.9559507601578323,0.25090592135282996,-0.9296457843405732
2.7638521364938406,0.43595094378612487,0.4730201366622504
2.0146709049203837,3.5970975865423993,1.335311389183624
3.8177344571379543,3.19841592242546,-3.1065935234217146
3.2451080101027467,2.8820821235252905,0.7828726107487824
0.7075606666925389,2.9569707618515455,-2.9679710097029113
1.1866773772343322,2.575362650150148,2.6921269820132174
2.508114409351222,0.852407913465385,-0.3652751525864324
3.0425407545108976,0.9326084693990961,2.3219499772575416
3.0843752329771013,1.9389960609665398,1.5525107021021096
0.30356764815543613,0.1811070360296938,-1.91586918268386
1.9067214544976214,1.0740866504055773,2.088701281182347
2.7739559285006994,1.541131293170357,0.01348125537872047
3.0467606408433308,0.46779072393883725,0.742322049771539
2.0996928187849604,0.17596577579737538,-2.703995201495265
2.3776573346780188,0.18279032401241668,-1.0967981850057607
1.7797561344671093,3.68330266990496,0.29495188478983403
3.453729122147522,3.3161342883972598,-2.4479242158057692
3.5923919417011905,2.464719159081122,-3.015563892485939
1.6690235442825845,2.80003073656133,0.6699934878134823
2.912417595989287,2.726865453145463,-1.3178532810960324
0.2949528641981902,1.5939341880483848,-1.7284054477789106
3.0376311877068916,2.926856680190607,0.199575384919493
3.190766185591495,0.8013866723028875,-1.425162120148238
2.2542674468446604,0.4561844787649654,-1.4039302246840264
0.17640382737692129,2.6477195333388286,-0.7540642294118238
1.245576584676411,2.820846429906014,0.3352419656841108
0.46338494402735364,2.3562949982854438,2.1113379956308966
0.3721376925540385,0.1843274533672088,-1.1492258048756216
3.4357048758832796,3.047023124301025,-0.6404337121389281
1.7044384210504142,1.1942452462834932,2.1580319531111156
1.2718036587741928,1.0335507585157608,-0.1599266927058549
2.6896743572306763,1.9182541078453679,-0.32101385552552664
0.8638351402812354,3.4652776434358814,-2.527581229404313
2.832062353392564,3.554648714579121,-1.3407628239662415
2.879856623915845,2.7156358425487825,0.39545806213115275
2.7783301922839687,1.1074373637566897,1.2650959078218023
3.4408593558069502,0.8089010790351647,-0.12859386264429906
3.487445724922086,0.2608490296661814,-1.3727818595232097
3.1260650453759795,2.074475186875959,-0.01036337520162256
3.007204770375721,3.558038684983247,0.6263263735195781
0.5621473583508672,1.6298939819251204,1.0901285160514531
1.2245891081608287,3.1510705405785617,0.9177512751713213
3.507331009334562,3.085685535660854,-2.6369206667839116
1.455785615655072,3.8445286051746983,1.5648596058542141
0.538896341460334,0.7845965145264309,-2.8038592002774596
0.43225260132062093,0.9735656107460136,2.8629974365175936
1.8608020125289606,3.5323434408060783,-0.952891184001667
1.7270800792028154,3.2855676746751867,2.7910585847627996
3.3684646990009113,0.20486730830798505,-2.516381040232579
3.2914194070631373,2.3042351220860984,-2.6166192981025578
0.4937336007196089,2.612663269373497,0.6620872030728799
3.049157558805955,3.105869775409397,1.1032676770662313
1.0925502767380753,2.916042480792925,-0.14423728454317875
2.5947429767553682,3.730235285635987,1.8256641332083694
3.5368649748304097,2.2541109799747074,-2.096902152513267
2.670607259441009,1.8180285872711397,-0.821554396793243
1.0598103229937275,2.59219791337217,-0.9575620119050878
3.395915760768889,1.2873592396015798,1.661677664674177
0.26791092097336033,1.1218487132902872,0.4473216777883757
0.5376053526796936,3.6267467452854905,-0.6219226737470684
2.8625725101395263,0.8679480314480505,1.7489985556712675
2.602008255110249,3.1633486424820108,2.8649080925329216
1.0741790769480413,3.2471620336053824,2.689917615941635
3.535104265985916,1.522407926212181,1.258534680699758
1.4049289437315693,0.4187969136951839,0.001121964202166037
0.7182584391626285,0.1724342262905596,-1.0667467798708756
2.5475041776914225,2.35248284468659,-0.5995037373938681
3.376706875984198,0.749020164751319,0.754413957711646
1.573886726129432,3.7702811652052612,0.22384367502771463
1.3077455752164293,3.1753032116825515,-2.3698889625983264
0.3854135292948855,1.2728331674075108,2.1950660801943407
3.7528143017539755,2.8925461092147438,-2.959550377946526
1.0325852222194842,0.9966308176641236,1.4666968932734283
0.8132385455315148,1.2496238366319194,-3.0553033882685607
3.472189611381337,3.3945081910237906,1.915113902964773
0.565751018827255,3.0464237325619226,1.5296976141124379
0.4923599416188664,2.918203864035276,2.734678643849274
1.5433933216153743,1.1562470390079596,0.073557281311603
0.9320765791502432,1.1030798547332892,0.15881704951134212
3.048026216492578,3.423068801068994,-0.22669669386353863
3.830183531273272,1.3969131842658906,1.321603886062503
0.624923613461692,3.1540111464565586,0.31682904859573524
0.893614890099169,3.7511851287625255,0.1702296056867434
3.627977791914641,1.8653938747536571,-0.2952745135263948
3.348708239350707,1.290212546442032,-0.051163300259331024
2.719304980725988,2.5599757509847803,1.6130713355942623
2.9987730436066347,2.8291064077547503,-0.4980056499666956
0.5967210196515285,3.2725176203394586,0.13676606221523047
3.794713182280297,1.2668050816051828,-0.6577375590587584
0.4574793752937163,2.3831314262003613,0.8794479704521407
0.9112219099084928,1.1048483047074478,-1.1151735786516936
1.841513251552851,3.3713110153406136,-0.9502258616979202
1.4450448051785343,2.9162983796530724,-2.849613161640454
0.9791828460174066,3.834988243190396,2.179067999651364
0.4320779337724341,2.07029009975514,2.079197724563726
0.44184445672471284,2.9254582856334665,0.47777663840396833
3.4116896178047575,1.420378493494276,1.7063436065593907
1.1701058679560017,1.2800925959869804,-2.0585078874730693
0.667540946874631,1.4544968462953594,-1.729131084123119
3.1781433655381353,2.0041238198589792,1.5695090463182222
3.631040323878749,1.595197079334112,-2.144458306904983
0.29289233260505343,1.384159130093363,-2.36883155032376
0.23914469668550398,0.7596487690842055,0.38149859520323304
2.732544828508166,0.73968610970983,-1.951592568338657
1.7613909813722644,0.18358804981866106,-2.952221587289019
2.598658711460833,0.6371275775409675,1.951245447743359
1.4223386848422597,1.6612574014235233,-2.0262258111596525
0.2712980194458692,3.349393038510195,-0.9042066875881916
0.5281850695998966,1.1311792260538378,0.4364450308315999
2.2340525260991706,3.848641012337005,-0.4500383856246448
0.21255827835153207,2.246032038086982,-0.840208149975874
2.450697008185,0.8595619140923745,-0.26708526505378627
0.9729675090973893,0.21402345688719082,0.7676625951095479
0.2960983726089048,3.6820441408884794,-2.45336989709678
1.1901731796929282,0.36872075104366964,-1.706994576697663
3.5088709333501362,1.9317083687539123,-0.6921387387719626
3.432171317082668,0.19753491390381983,1.3253944237879374
3.8173870341350464,2.6737258495249017,2.750978062215789
3.4575965083047744,1.7001573288022485,2.073493930642158
2.5082668870563123,3.36759837565678,2.7726354176509513
3.622673692155889,0.5832721913640739,0.9012887263961611
0.23913024738064115,2.9156000313754347,2.000978573119446
3.098469643194921,3.742267772938527,0.8623233700189372
3.8018725635889643,2.7603645619601798,1.2220909628858125
1.0039203411376652,3.8004057628504464,0.12937669534056973
2.9913261464530083,3.703660268962079,1.9735255221322987
3.2753301697491346,1.381830656500993,-0.4209883847148781
3.3746638824550037,2.3544608373168896,-2.27710355434012
2.3538978417537653,0.8830057182221909,2.4878921914873047
1.1318980109816024,0.701721174418406,-0.44024125867335995
2.9287709239806974,2.8609614246153474,-1.7592309830627477
0.21654181207759615,3.0513727850826036,2.418248177171729
2.7096081189726107,2.6141309008553186,-1.1647295111964042
1.3433333390106221,2.7623283998314285,1.1212867837113514
3.095654787405124,1.3418668414846815,-2.5932992322874817
2.448116042998938,1.036615041276403,0.8948813659689714
3.588781376891724,3.424747369534471,1.3532005860039105
3.461195489963413,0.1922513942261781,1.7755603585319593
0.43573485901428466,0.7560174593342026,3.0152492087053577
0.48259692491780015,3.0597394643341773,-2.067409518334995
3.5179337938293758,3.465381279582432,-2.9144117540514287
1.7576647396566827,2.8832929979209565,1.6291907168228992
1.635054351724397,2.802481350550719,1.0189612487969821
1.1520766524548551,1.7997312029071195,-0.5931298045457445
2.260516858890521,3.6993496095100147,-0.8010926631027675
0.43394920291876504,3.2223503639296136,1.0494735796271621
1.7203204349132486,1.304510314846651,2.0580482926063217
0.49524841206377657,1.075259111743034,0.5462615606778192
2.573983544997349,1.2342353139994318,-1.8234870806086512
2.865623810779986,1.1150797381857007,2.6863451899854542
2.5588054190085323,0.8590565064750755,0.1492079083813862
2.964085601196628,2.732170562460121,-0.386342504010329
1.3009947453931519,2.63341422829659,-2.408214099244101
2.8903157817523613,1.2613280219096468,0.4475403580471986
3.7412938099515776,1.4961892824267258,1.4111856168282628
3.0002405044686067,2.1748963493037974,2.6671158879262373
1.784095577453897,0.5892836335100324,-2.198475392754597
3.0316155794535393,2.974716337637535,-1.3500789153040467
0.7984642319117841,2.898008692573413,-1.4064756157352933
3.0622313621417145,2.9228432563145272,2.5227869490761288
1.378657152587912,3.079904807269528,-0.7150680373430238
0.5912907693775766,0.8783112663093355,-0.5659221410927127
0.49704397440903003,1.9240231554558025,0.6681075095484545
0.39081731017685284,2.655661587377085,0.7508217677566154
1.3013953844214536,1.6192916072191958,-1.3771405038974471
2.1749907554060264,3.401278586780899,0.9907898656511316
1.1367849475198861,2.9003004461270963,-0.838978862001742
2.3905098536113276,1.3530977842994565,-2.345966643815901
3.0220230369305896,2.2890464829033212,1.7141709468934536
0.22870087846202747,0.9296417506468515,-1.4999836302739011
1.3517086360516375,0.4521799067080088,0.19701919594644712
3.1442466807562686,3.1047890168496366,-1.9387351914580842
0.9216786756622293,2.8334561922699777,-1.3547393565931114
2.830837180445539,0.34999142373473147,1.4734565933813473
2.7214524523370898,3.811611415437594,-1.2884236098120718
0.6050177645545842,0.7638394375780861,0.5626010102050256
3.6810365824446913,1.5428452408325875,1.6284040742842025
2.69800493026119,1.6882641530236535,2.3597030009148803
2.8733681973995693,1.7969580978268342,2.091866059148427
0.9517853161598331,3.376496068369594,3.1324938869361585
3.148447009512522,1.2359728047381,-1.6062388051375862
2.6084689160008767,3.798093243831809,1.9218405601733242
0.7993766663836861,1.171874543062894,0.9869596209933871
0.7473571618792962,0.5035366677673476,2.7982936363488387
2.9853523391200967,3.4248406698964367,0.2211168054851913
2.5369713934598637,2.5926748322551587,-0.04645086419087496
3.1116272626952934,3.682484806377128,0.0981039961801442
2.4499704013220276,1.022288952437127,-1.8288163356252025
2.270648956256929,3.079335110147891,0.7588781778353191
2.3291621668281324,3.2601843500486787,-1.274003063932849
2.072305050700374,2.9681784532140267,3.0480412491135116
1.5043771261547128,0.5669182381706697,0.9495476096158937
0.19636410004267235,0.8621850511469331,-0.8364648718112506
0.25107371971836834,0.6315448387735447,2.1635486583225276
0.622447192770271,3.09834570733443,0.5790167685980312
3.0640742401898535,0.3384070996151909,2.917006088817863
0.3187811612370468,2.5807774286076817,0.1802452781040751
3.8431531045062393,2.5281990789555513,-3.0574970466194618
0.4586725457871399,2.0141234900172704,1.6115758472546382
3.042805653229643,1.4246110993358956,-2.4439442805708333
3.834170185099824,3.6550809627982317,1.1408009045691907
2.3911977099836714,0.6886958345369298,-1.6750810368208449
0.5744175276531696,1.5168735922538756,-0.33390415074167423
0.19907377736386556,0.9759955543106846,2.039353889932939
0.1567398768816477,3.0209465910603925,2.839035288904224
3.8180452786911614,3.136179132552114,1.7828283910084082
0.9574786203021866,3.803803729962422,-0.598570550421679
0.7682854123524914,2.00516375831942,2.8481356319705124
1.057322834298093,1.4713179523676194,-2.723654475512874
1.864314184332168,0.39434206258877724,-0.3003432789927478
0.3628162464583995,0.672135126030482,-2.9720534552617326
2.0439242100302786,2.848449748265857,2.7507967987701942
1.4015604687193925,0.4062689657205989,-2.5303898661869617
2.9667557912047733,0.9163595660585657,0.7965741485779629
2.3312754191897045,2.880720545521972,-2.2506752795086413
3.021341647594172,3.196410582852161,0.6072636231593789
1.2294834896615168,3.255222241048823,-2.2741613698403684
3.5450504021164115,2.2274386374833064,-0.1643251345876675
1.849121772654697,0.7160540028860742,-0.4741675563892196
0.8105076058905976,1.3014463168964805,2.287662750520105
0.559523272034919,2.346945089111519,-0.7664786838572448
3.2408111478107955,0.6116375621913961,-1.682470213880547
1.70270989020316,3.639899555656697,1.2950830704312617
3.1827480427384716,1.6183327782769044,2.8324950903679724
