x,y,theta
3.0032892802679987,2.6208473493767173,4.137295710625261
-0.2746456183509292,1.7543713686094735,4.491590891734064
-0.40909800459309,4.214663291607121,4.449910248546023
3.9729863156014984,3.8148974788033634,1.7592632882967374
4.520155675027469,1.7159790479425334,5.953739200205421
2.836496766719489,0.31456247857331743,3.0700500468700347
3.512231085411991,-0.8203495664524383,4.462224459592362
4.642898330832725,3.667698311400513,4.395489852474457
3.9871945476684267,-0.514513123932808,5.6636442751399265
-0.4849382490641855,3.7184464462355225,3.923269087857572
4.215723521231632,0.13303084927586295,4.296857638418791
-0.31527933581994605,4.425311923253959,1.1569627842091306
3.5131049553646925,-0.26069541855704514,2.7236633437862445
0.4661059133140746,0.929950895520941,4.513009883280347
4.247484072924376,0.9124738814381672,1.7538033550373278
2.4780367113700046,4.98589256937072,1.4491561002281768
1.1484153979556164,1.1552654054833424,4.328073908001898
1.8247797165871216,3.463654455941594,0.36206156740804346
-0.3442418086999537,1.0656788832175677,5.096762595466387
0.18355802074760175,1.7542976288860999,0.4429896205436302
3.188434280814967,2.84880934355356,0.13685520250881947
2.884618113146896,0.35302736328595863,3.627888622867166
1.6102265484403588,0.001541930640549971,4.892942845118429
4.984654646840661,4.662171806042785,0.6653651023080889
4.894594363269265,2.6111586435236607,0.7939722548507389
3.2704809146438207,1.7165564849939687,5.470091866385395
3.0775260194729896,1.5658597187334342,1.625612790471997
3.2864570181401707,4.461565030656383,6.21537147498188
1.6390678318850709,0.4125363051427038,3.0392841941582844
0.24303077762326164,0.32798005313837786,2.783967418272504
3.4681858710674494,3.263760287859748,2.7623718105565573
2.1720944735748398,0.3606450404791537,1.6017293084243918
4.392183088919501,4.567264989594625,1.237075922359689
4.6372393377593735,3.9505130377585047,5.830744886875988
1.4678735818998863,3.9201666099016768,2.6344692179502602
2.6434140690136854,-0.746907832559836,3.4984354551763697
1.2702816509176817,-0.8747094949002245,1.2147103271445692
2.7686501660983325,-0.5733552592299942,5.154704858848491
1.358511740289233,1.0652679877563251,3.7498347308027817
4.396508936026358,4.106204612180986,0.8939542227759724
0.7493667644335884,4.053448669699733,4.138636594725802
2.9275292957732333,4.0087382103672455,5.201641762365142
-0.03791561029688345,1.8981571150004646,4.893409222151585
4.079542812093687,2.3535723606392702,0.7678151892541196
3.8290406911877586,1.6184396235208518,5.228952616620114
0.8165319364612369,1.2163240493463912,2.9850063646606046
4.320663269458871,-0.4905162858464769,4.169368783073151
-0.1778758085714311,3.809062974783613,0.46927836759699176
0.32653706792161485,2.272550140480382,3.379374681559335
3.879783486580118,-0.03239997666702377,1.5201314827763952
0.768532149465611,3.972673463139791,2.4541757723997573
-0.21388284414574715,3.0560720424180117,2.317313407616724
0.5918217448009044,1.1278576612889397,0.5859948071527822
-0.0008582490948295662,-0.5690733125005938,1.2211467223606136
2.691828122927679,4.176883110084946,3.7476699469070196
1.1428287305040743,2.741443900467054,3.741710744500847
3.1959718287599763,3.59019221453718,3.5001651951942256
0.5973349418251732,4.175298943847923,0.5382717526774459
4.681622107785738,1.1084644964001402,5.711148651667028
0.0802240376362624,4.492080107717287,4.784825575399301
2.9600948334684007,-0.3520390438778416,4.516383306872687
4.5993500418732705,1.6856503484272505,1.1555728906834037
4.7502477152990545,-0.16172411851154833,2.8148683694269048
1.8387574366699155,0.5842019710537922,5.2408193970048655
2.911173986084578,4.681272936388697,2.488563691446858
4.973030778794283,-0.9930972182490139,1.9776718003371845
4.719190212157709,0.20621815914153285,2.2666313666200453
2.0302482662000285,4.902966014170171,0.25572341429121687
3.667508649195603,0.7565861575369972,1.6215008319618627
2.235824825181904,0.22505819770523394,4.5743453236829605
2.4112168810822374,3.910752417857994,0.322193448527886
3.821821353925941,3.657171913385552,4.087353689484253
3.5396596448380118,1.620511995621428,0.6048818188803267
3.4112858289436243,0.9538728141461839,2.74908198594791
4.62632827637358,3.994477636497508,1.4235004420059534
0.13212948304497862,-0.0376660698097786,0.8853944223181677
3.509583143919702,2.0962340185488575,2.038496460364323
4.6008316074350795,1.0267948531596933,0.8346159596987052
4.823594044585556,-0.7436370684274385,2.4498292375133985
-0.4191153226904689,4.355308055929106,2.9672570980861335
4.2500204963506665,1.165270325137886,4.039563597580013
4.896572720364894,2.158336376054624,5.5698673147846245
4.7646559878603,0.9909416552300792,0.4589799500515934
0.31820206727873845,0.07041730474033536,2.4595791413517394
4.8494584760262525,2.084284241783239,5.0163361220735965
4.394645556462864,1.7948588575253712,4.947364281447915
4.023056051486887,3.446305340445414,2.894185793145261
2.139933580943077,3.7731969540548373,4.5232300229996625
0.778051058016171,2.860610108436745,3.5484961920886633
3.910343182950693,-0.5217968671574653,6.215537302176759
4.579415878809082,0.4960464562826825,3.7400036415443516
0.9637164976076091,0.06946099675694484,5.278845437408082
2.464139241922028,-0.6896641293637029,1.0206154977581823
1.9351405593599234,3.3263171222872296,4.044321816362495
4.620595237896352,0.9835065884964911,3.294825263555446
-0.2771910884636095,2.1010808626063895,4.777449687095267
3.5260340761110847,1.9474893265026143,1.5591378382684262
-0.3439904918756342,4.570539553185538,2.0964501652720693
3.4557087505470716,2.221971749104125,2.8226639318275497
-0.41204548762035414,-0.1710277657510091,2.905692145942976
3.6687305129603542,-0.455642543459037,1.8589893315642805
4.610073214383534,-0.3262336317459411,3.59737555037463
-0.13654626801758896,2.6163562642077696,1.8908327626476074
4.127245037868108,2.024861615915771,3.1827527364809276
-0.13320495178094227,4.07475991209648,0.4581497382584729
1.866643025713083,4.450222135525732,1.6937000918057574
4.813341444312386,2.959307260451685,5.62183278031246
2.5922751322565136,3.919786865186026,1.3398493770926898
0.9237552624401273,2.36725623777879,0.8446210866663735
0.8292164275188973,1.8610599191026376,2.320936953842165
4.384650763625489,3.823073352971652,0.9630189091740095
0.7422818562952842,4.175163494183588,4.145549801411204
0.1850508820940593,2.2649579529603203,0.9418367239524839
1.0858191635416767,4.371099684334737,2.793296814140292
2.547497761952973,3.267568889645963,3.0399253911609097
3.9534092675202777,0.786022066860953,1.3446594411884238
2.582617736034022,3.911025890859258,4.273010942950673
1.0863166793716577,-0.6221667272998319,5.943789440192064
3.999665340340007,4.083076832337918,0.7000440417988193
2.945785543308644,0.018884964953651107,4.25810185829704
4.774927034835932,-0.040941046564294536,3.0473574324364865
1.531724261004245,-0.9979711896359957,5.745287137856221
2.7665831088724255,0.990565230962676,3.4998627807304286
4.1656016455128295,4.410466186426684,2.949823840477023
0.3001044600259246,4.434499502034799,5.403550161605848
4.504774289142633,2.7763924534461077,2.4374982432405345
-0.26313211287487703,4.2770445762971425,1.5853544658335126
4.0248845409982605,2.9546371260100033,2.040708623510134
1.7846122055417357,-0.12740705085815685,0.5175321992779099
4.063921919029565,0.14881541684897082,5.032607645686888
-0.44524991555989424,0.9413859852348903,0.5176078335912782
1.5077538676704885,3.9976327253884163,3.37866204087965
-0.06753479558898068,4.331204821495906,1.6965323244557806
3.0893801698515113,3.4391103018254956,2.0384439783912467
1.0061700422975646,3.6930668159900932,2.3108801240450028
3.3645863886288248,-0.43305471805386775,1.2448210361850178
4.690907848181499,2.6590958151746262,2.657375114265233
0.19749406243686263,2.541746853370118,1.7848051174901105
4.2562806247042575,0.7250477559606219,6.260886173780108
-0.17294716619813844,4.952599991193098,3.4240482691817657
1.5942377957098919,-0.9099649934890279,3.7792765367214414
2.1886725075840534,3.6656886063702574,0.08351734897345307
4.870542770648245,0.9374312409795145,1.3583774986740842
3.766301534560056,-0.5325622409692954,1.2302201903009138
1.1987154949559355,2.909309448250934,4.789218356175941
0.9841023202544008,1.5163499522316402,5.812963603832464
4.247161123041248,0.6529260860075066,1.5228396812133476
4.347189450057295,-0.27624760841226426,4.970572628490319
2.308885780490049,4.676403701702249,0.4474358271596306
1.3936265202927889,3.1672932222700343,2.838510729951829
4.972045414885048,4.602976468017836,3.919783392985519
1.237689499522351,4.612396399377701,5.044086449316523
0.5049180840960934,0.5673852071461634,4.876781955709842
4.340539667172384,-0.5201131232215876,0.24807588311313478
3.967844689611897,4.459441892012474,5.491319820144983
3.173391730642432,2.7923570021576247,3.4873795741297755
4.771274974778736,0.7350092849505998,4.557218608163552
4.591430174679303,1.2307829375791988,5.144691540262132
3.6153667681596477,1.9337101351588943,4.037715205625317
4.233857752512227,2.6726045918037276,6.137944527436665
0.8593070717715912,-0.5713013149413204,6.101642030714747
0.2768560629556738,0.40044741270562456,0.06260145320344568
3.1853401712321476,-0.2098097816743929,1.587477417189756
3.43040195160114,4.26525237183729,0.5806616329178318
0.418791108302497,1.795020925048945,2.8053214734921754
1.675565002076818,3.508687548734626,5.328960135137544
4.5064067141883015,3.2655775979913857,6.008813540807394
2.5877042215262263,0.14881443312704157,0.737678171975529
0.5677137508993648,-0.19581198148822354,1.2143463221221387
2.3931223673983135,0.516635756451699,1.7490478275103924
2.3788910006720596,3.383216241446468,1.0688653701952995
-0.010853978645504081,0.8556626306294242,4.378819252248116
4.900684812196884,3.3453942282596554,2.378551096460814
2.6426758025067594,0.39481978037565635,4.6593494227916326
-0.4647511453462941,4.044476791545998,3.0875860773026234
3.7495706067396375,3.091844233960786,5.648619175469417
4.880461426120801,3.6140434492938622,1.7109022452327929
2.7442851557652275,4.222995895134912,5.191672270319557
0.5312924365028171,0.5466379996807949,6.225267199928498
3.198896486542781,1.7931586435991038,0.18173019906536186
0.5730906915124276,-0.8523186917722909,5.830502705240972
4.793327012184095,-0.7115522074266976,0.2472791717038793
-0.10254103958567773,-0.42097421619566355,0.6380906903882695
3.592536136054566,-0.6707164010611988,2.115258822066555
0.47474707261062343,1.343913381098167,1.591809670165103
1.6343670248148556,0.8638262221966699,4.604284274155812
-0.15407475849765767,-0.9413998681264477,1.0092693050177977
3.4923447507667724,-0.553662547548128,2.3844432069749435
-0.017276622822822774,3.962211833228668,0.8192420892836232
1.673004395968822,3.4245833842237383,3.5079855771350705
4.304374471164027,0.6035207143020516,4.745194532232648
2.0976518521250633,3.296071687149702,3.5390420682660317
4.519420635024871,-0.16196849067383545,2.2669801396360705
3.712544147563798,3.3754161077097544,4.5260832078293936
4.534281780614712,-0.2658765385021704,2.6370670962661227
0.2007165497689849,2.5566255740040127,2.3818156925844858
-0.09540402068152382,4.986202906362797,3.374690925181238
-0.11320560536930063,4.641774043740678,5.170903597488089
4.278698618910256,-0.5142536377870588,4.900879988536287
2.987384886410938,2.564241523813263,4.923482341646151
0.39948878908064156,-0.6913910404157229,5.181739270578869
3.2055339075000053,3.226372336475939,5.691693691648638
3.409839247962697,2.7580529825413453,4.346601833302621
2.0319543087702865,-0.18469414494636127,3.483931937349186
2.2910842329948995,0.15853423379360954,0.6002563717047436
3.8431615285292873,3.2793913792453386,3.8963882006331345
0.010100115378594121,4.558753020734313,5.059623746247477
0.5847922101272771,4.903738599044903,3.0093321671467987
3.9447521349746246,0.31433789444631466,3.314817175595299
2.1886531987109294,0.12817073252925337,2.550636742444969
4.937824333523008,3.3705071731667093,0.3708579486347925
0.506188285716453,0.5443494527504611,3.8048544649343756
4.79660527068347,4.725831062874077,3.594478133765806
3.90504370134735,-0.7169753779540757,3.833028541201646
3.9744373529879953,3.814472535021915,4.0292724212235855
2.8156689788261398,3.4468378452027677,4.38313147840249
3.1031658519525913,4.7583873829524626,6.2239817393421
4.525299194890639,0.37284346533860635,0.35269874185302635
-0.14101270973789737,2.6968571040182625,5.257897993237652
4.092435121771203,-0.21892257672895377,4.6955351715990075
1.5999812898143135,-0.12688205583932355,0.975251607629122
1.2905008885538742,3.44056981345717,0.25119609102617946
4.967147241654914,3.17256734100551,0.325931888504283
3.79654776142008,3.650108820629179,2.5415435756647695
2.1704432632877326,4.23818498381157,2.554094391420722
1.8244561803362966,0.12080819341793791,0.0926302270494319
4.326408982294879,3.2909324870016032,4.80945644641356
-0.0225182028180822,3.8684253900361814,4.146354128014035
3.3963031630262632,0.4581617045102133,2.3370007918942184
3.8403504303783027,1.9357813838714004,6.006327352392783
3.8955800884386313,0.9190650865760532,3.1418047545246846
1.2725769860690748,-0.41021652409943177,1.01237376339479
3.8815155051033,4.161777134658713,4.092531485647475
0.7393064303161583,3.513156768504328,2.7466686754834884
1.49269372766513,-0.9351607127507919,2.7763650036584857
2.4777549099659053,3.9074923624898243,3.062096393202581
0.11937516047306451,4.7514686225700355,4.400790906981571
1.7382129035161835,0.4709043022499748,1.6158726781026826
-0.498346204411924,4.711738009988615,2.055036251383416
3.594093994910695,1.8052233755965021,3.6085494150860984
4.185317517288413,-0.7028155480140303,4.017735214220705
0.2641242351610865,-0.9118580044993061,1.450942641410104
3.370821730967388,-0.42378002007514826,2.260790133086482
4.016066986170513,2.307997992995901,4.542397060442787
4.900055775794866,4.960107738542347,3.27681112573172
4.140848093027997,3.9839876500239715,4.6297412776324585
1.8325856699420706,4.796674620705392,1.2002065939685562
4.888287896803111,4.582289671765826,2.4290352644780033
4.8569142266879535,4.373714200654398,3.515232165603496
2.270223385603184,3.879856796447405,2.98371605626747
3.6439559622114785,2.6878719556744652,3.3470479235412403
4.526107172202396,3.1585569644912264,5.591247507024331
2.118808895828142,4.675711854902634,6.235295601131407
4.250824326033967,2.883176576320558,3.172433679393528
3.3586271133403005,-0.48389770594906967,2.6136511105408045
3.722087484909105,3.745921637555364,2.646634284132349
2.6387663222272453,-0.3212797146364872,4.4232809775536515
0.016148343883184313,-0.5321569321649879,4.494032438550877
1.6525923446756532,4.094386528360576,6.104369604001704
-0.09442442631206743,-0.464150253411753,5.918354053964774
2.118918297693476,-0.07708577479530088,0.13048573436668087
2.724651944749314,3.7154988259452413,4.968003606247178
0.17479863096840398,3.348808028672436,5.714922832010454
4.635729004762635,-0.5531706536670442,0.4183672348505229
3.2622774644126817,2.3671506161879963,6.130384943982179
4.030797471160244,3.126075314663753,1.5175905449893063
4.432406777450679,4.935538809828088,2.0321265056000506
2.7082602580791177,3.786735973965527,0.23192008105451759
-0.27879978502469616,4.398515178811966,5.809172256712703
3.4131775326476688,0.9685524820081883,0.24408360494028952
4.042764721937196,-0.6723157620488263,2.0716663308047236
2.4268826041088927,3.8010055154244355,4.458537310882225
3.972842524503058,2.558822162028427,6.123514704330362
4.983556611898705,3.18658742019554,5.576782188007292
1.4280514625233847,4.985462837085984,5.654143892496817
0.4406179201137075,3.901071574454111,1.1689543855480176
1.6542113969964656,0.35140452042292103,3.803243366548138
3.64177494426122,-0.471052783239303,0.8336525747746469
2.7360906018606816,3.0595487722521906,1.9985067951868352
0.2004715955691907,-0.764073035688621,1.3605716667330678
3.4936793101368915,3.8044610412686346,5.348141991978698
1.040453210265747,2.5937212469227604,2.8106564537143677
0.5483965822221002,3.982706695742417,4.608612330790242
4.24622499220757,1.049067968285422,3.3035221166317905
2.6042705161632673,0.9429712730319721,1.6523856748896462
2.1647441829043768,-0.2921780855573275,3.84870872596312
4.443530708866665,-0.05779631828984444,0.5790363333226622
-0.026931601664485605,0.746691908668039,5.5142547053390025
3.32884947687491,0.9618228424125759,0.7554136470844547
0.4647536249179459,1.7759810979808703,6.053683875498945
3.211392574820034,4.657869181622642,2.825041333597637
1.4955207297461486,4.4969657100271965,6.0622997352879
1.3144270787166472,-0.4464760338451643,1.8703682269589708
4.690227708760533,0.03638297075107144,1.0323366050222094
0.5961408737371738,2.2988160088051846,1.0920735164876594
2.316955118107543,0.6785339713490095,4.209194380988749
-0.36792739630757904,1.0104206052026599,2.3581123813448706
0.3985245012532589,4.98562370022631,3.1632802154549178
4.35880303498459,4.752845975698312,2.5214356056272043
3.8408615153897196,-0.48001762854452745,4.589291854466237
0.7234936779524814,4.723587216771391,1.583825744071403
2.5676117044171853,0.17751882657551143,4.535002140869996
-0.43319410637513095,2.4680554839475195,3.08410536764388
3.4214649701585635,1.712089610038677,4.759992366259472
3.442128743100505,0.026287793440558316,4.821514614618351
3.0532476296149516,3.621275065476297,1.361577959866045
2.8623627635136066,4.169736604348073,3.6314420876493063
-0.09455962056504358,4.1816220403121225,0.28983573937461987
0.8552328297803655,2.0113267093198566,6.105374226972619
2.6590792645386254,0.7099973076073667,3.6459868732135376
4.956127757197947,1.5801176969541686,1.8795916454207011
4.5805994655634965,2.35775824905439,5.537446586214853
0.3360434638739538,3.0686493762217903,4.142546372381256
3.3291830835690113,4.105567780319264,0.33188919999958477
0.2509887786548737,2.4890918945780136,5.7587337546366415
1.219276059056442,4.514729512667037,1.1462710468613004
3.4375481580902187,4.193160593313453,3.7682090640629817
4.456094513825601,0.3683717670162543,2.8243128757758926
1.379584576133744,0.4335205572944407,1.1095111906506445
0.8141904143020433,2.460075158755469,1.0435578120902387
4.01985601501618,3.4042215759751926,0.40980543589496937
2.7174047412412308,0.6426210231606833,1.219160191857697
2.121236319381737,4.543476166332287,5.36344034164466
0.9088251178534079,1.4235053241471256,4.044735693373559
-0.10037908243423455,1.186869679245536,4.9994629874239855
-0.40159718506663605,3.895381427937913,4.607497782458693
2.689835993102521,-0.25365247649383793,6.1363361648106585
0.5511065040304115,4.9766732482034675,4.038496471464624
4.865431381347512,4.633409971174216,5.631111739326544
0.09112475612380999,4.29439057895418,2.4858915404494777
1.6706288838902799,4.3065640126755,5.979495306737034
0.7777131140704203,1.684606644850473,5.042187515559063
3.6181564875216425,-0.1423640472046137,3.0280976922319787
3.040376191441707,4.187880284818577,3.609520164649431
3.4916672677852842,2.489533583738562,2.3647045291442206
-0.04455283256927911,0.17458005110807684,5.685191690176806
1.440088786330228,0.5220282027664638,0.5532122849700654
1.8469662905163258,0.774905064200889,1.745148898805715
-0.2766034096999012,0.06738973695906392,6.053586493652741
0.5671510019543626,0.8049641050151572,5.984948185271513
4.697635565675446,-0.46476450851965967,3.7964610871327222
0.39413348614325017,3.003796647810436,4.7514472043839096
4.186287828545264,3.2949135841986905,1.564081832515779
4.02175437485442,0.5299201002490532,3.309488499306153
1.6521156639295937,3.86807974719878,2.581563212953622
2.067309359143449,4.478455770249607,4.869194707277277
4.032009942074556,4.464631867723634,1.4310659721381354
3.2437747906361687,2.9869009715036268,3.561627549850669
4.10319055035989,1.675179223581273,3.675021888561561
3.666781222076681,-0.6607887639859795,3.9617659225931674
3.3019931369233255,4.87470292366879,6.184226825326079
4.52135758303783,3.82678980900252,5.198546087737706
4.025439232020238,0.4937186888295326,5.660059204954335
0.48484478170646295,3.799887410679533,1.7629541370294999
3.6152335129468467,-0.6538070757645205,1.0522550039701593
-0.02325272287001462,4.915048627754844,4.294558193229618
1.8422093216171187,-0.2621020672497154,5.484840771210465
1.6821353793438387,-0.38056714664826785,0.33295413484756775
0.6119245168651655,4.021103820086537,5.1989692590126655
4.658478097497941,-0.5845478694084223,2.434067805522072
0.021271730986418436,0.923680527118971,0.17640069591852725
-0.4730532175628342,0.32315279900409233,0.8019972885430536
1.276064420151881,0.4656553290165695,2.9677457374681158
4.949095950326721,1.2249731463919376,2.7995994894474325
0.9558232061364194,2.5928216871880503,2.5388762376013863
4.06881846034752,2.1512135704463704,0.9893975903608401
0.4521250036125599,4.900344693204467,0.6081895296587487
2.7250809513910776,4.386575675529729,3.784019929948613
4.7712513434866555,1.4175065216857998,3.0914399476584014
3.440822790111939,2.817717798374872,0.27466502594294245
4.892793863481675,3.5707072239882978,4.695143800380745
2.6600615699897183,-0.35754292964934553,1.4331915897585101
4.908340886043818,2.719897372463565,1.324691247118713
4.103758674460021,3.364606510315382,4.1906557837667435
3.780365243560605,3.1496473602588164,1.2014143659107286
4.386694378013251,-0.8117022369569045,4.512954317845733
2.9732033449388915,4.673660418656438,4.7617714344733
1.4600050050711428,-0.9942306965230334,2.089753084732634
2.4055534203134616,-0.42588462159009444,1.8866889187481872
0.7457521762529997,0.310596963385976,1.5771481599468093
3.7764926813493798,2.9308809511097076,5.001081895228031
0.43543175888176566,2.0116550274691045,1.1007482183797752
2.6745887194262488,-0.8860027806134061,5.484183734685411
2.4474441126851287,0.8560442492758829,2.307065975412909
3.1954654191272978,0.19092195452738547,0.42520506479943765
3.6826762926588756,3.134329781908793,6.1685713548263985
0.104053373351499,4.20264557961999,2.8171031816278442
2.9371752891739096,4.0596614867915175,0.8465417265282
1.7767573535585601,-0.12960667289816996,5.548702666334563
2.8781078961737454,1.0197834962350467,4.902636559332615
3.316914987305724,-0.22253111633760825,3.346681109039058
2.7201377216834204,4.137867817212231,4.504540601889482
3.5308734227229337,4.3273716581401,0.8616373729344575
2.360138914625564,3.5912086883556453,3.590710966795805
0.7603341849818861,4.451214855309478,0.5589771335175935
3.3241615835050013,-0.455572002682882,2.0554158214665965
3.326412440468517,4.0552119720042645,2.2666102864359585
0.5751538213712799,1.4946363734582402,3.0846598466613133
4.845105791361116,2.820223552156742,2.0177460690079836
3.191329291591678,3.089508094580175,2.7152904759387058
4.126464433497322,-0.10688706459018182,2.2225814220205518
2.1758623831673516,3.1149860366558997,0.18097195765928142
0.3587451476488078,4.18451793338672,5.494029686782488
3.413913183845046,4.3970187011626995,2.4955211503440156
4.142610325314734,0.28623800846151903,0.2894256014655037
3.2278932795277746,1.80690289746755,6.269667191091942
1.5285183418277262,0.0663306672243058,0.761152515363173
4.6511134591086165,3.196691789606289,4.747144375732963
1.6322081657562912,4.466246515770015,5.5376663136863655
0.40630458636301925,1.7104318079161205,2.277238593529222
4.3231309133095595,4.766501480906078,5.137865997280151
4.4210067328777765,0.47490188249217624,5.944992867823906
-0.23453922748957579,4.102826075335084,0.985756047276546
0.5902321696171531,2.6951574991198957,4.576785930775774
2.999560094797029,1.1212561226699052,3.4647219261177784
3.8386483559916087,-0.428304593150473,4.176722378752068
0.5537405786960703,4.307015085844578,3.1797085370445717
0.14702866394209502,2.0978973940581236,1.3710418616069202
2.2828494873585097,0.3170175789158991,0.1173276309126694
3.985307236624563,1.445695555364308,4.681556070332518
0.693869495896694,4.907768674086348,5.150100039209494
-0.08677017819969007,3.1863437535511583,5.156920974863908
2.530747476863176,4.3689122463919885,5.666486447287454
0.5549943147439005,-0.9774655883918562,5.840815261233074
-0.12916953733651726,-0.7528586785626621,2.2178311730509392
3.752955289226975,2.433373367638368,5.203292362613026
4.016746333428573,0.8157208113761343,5.895267446234712
1.6908455310402948,3.893226968448822,0.9339221412248125
1.1174199809255643,2.9502515358478947,2.969926070581755
2.6729920371394416,3.8490064568116837,2.8564939694492644
1.4544204964498297,-0.6309964264193273,5.461000519508103
3.005815385809998,1.1894744446235097,2.2469298300612985
3.2167209307110296,1.5997750006951383,1.1102468378663382
2.5705342138626888,0.8084834508432823,0.9779109139799246
2.9314653006652387,3.228240050966561,5.875368116507292
2.755465307677608,2.8372541086023606,3.649702634728123
1.371781215593665,0.9927233599069258,0.08105707616340425
1.167605569653349,3.8425133760419605,3.316107311537029
2.859391414069948,0.11930332225733054,4.927505327142624
1.6056090489382022,4.705133394181557,4.223302437162458
2.6117564896894034,-0.15558756773532934,2.9107232495637096
4.921732993580306,0.9562528831752919,3.9337082032330875
4.136580930244948,3.3825993905800082,3.6620227438559754
-0.052719697811736854,-0.25038070460093076,0.6265515402981069
4.313755395360845,4.518075120537976,5.909549536769487
4.6793838554143745,4.811148442883514,0.8174466270180261
0.9402520871966549,4.102939578568107,1.7804906791524244
-0.4334422138029402,2.811208228035926,0.8539056146375447
0.5049174171425288,4.740876403668299,3.2624870917941418
4.843971898568974,3.193483442897085,4.474540670811653
4.437341393146516,4.325036628624622,1.4649756647786774
4.783656872616494,3.202250548354918,0.5593402387178666
2.82128311757414,-0.9095553159259118,4.192328942518572
2.3333820179645315,0.4307617834193609,1.8602648287389434
4.07994817159127,2.764223577918015,1.2561724936772152
3.087919311289616,4.033295347552881,1.635290730726107
0.8670672200198482,3.326169818907923,3.274393302613039
4.638573210418242,2.468732687969816,4.099182062082659
1.9183469748104223,-0.30528546945160273,1.4610359029606377
3.754559255701145,2.353354956492617,3.4315101166690662
0.5084593370782016,2.3165049295991356,2.570561177393528
2.6592592284154946,3.715225118795632,0.011339282515042556
0.28651146345354284,4.16162794767848,5.449306968017612
-0.4244417776093678,-0.9915801067514658,3.0566008077136035
3.6920844452257082,3.105596339044208,3.8923936094183866
2.8778650055858837,1.1288242885367152,3.214174000948003
1.2828050669405682,3.745121831478637,4.656488800598484
3.444825166125213,-0.9570293500268543,4.45051331302109
2.1648304821043034,-0.010830984164772905,0.13930871126701655
4.997257437413648,2.2619567204518245,4.905657762144624
3.768174088446293,-0.6332620126191828,0.9088439174056371
4.068472926994675,3.0200035398149545,3.212693998790087
0.9275189837632798,4.5344465383922525,4.8539994613971835
0.3376222956684767,4.0057457229619065,4.515979897196703
0.5961715000885002,3.2004245184362308,0.9504584956068511
1.877457303904463,4.482002773133721,1.9350003324090685
2.316820157914952,3.336598669040188,2.970818352290216
0.5703514125272897,3.1878333837059225,4.58286733091776
3.789696240437199,-0.9792440336487249,0.7924292534044315
4.276371349294763,0.1416371923756501,2.5667668171634315
1.2380274216813245,3.0487556941237806,2.893229181162272
2.2943530821595948,3.720578973249224,0.9980436306822407
2.769060313820174,4.8020617053464925,4.1043390945657485
3.4730799566211803,3.6799391515174014,1.9302197662537317
0.3110984995594601,0.6054812979291038,5.6077714027092265
1.0447908377173603,1.138351825548554,5.156998826641353
3.5188829772212156,3.7855624318439824,2.039922464262428
4.449701863914217,0.4402746945023006,0.26570927680563
0.7725491496011005,4.913303317379976,0.6406668596594843
3.0792148411986906,1.2281540987731843,5.412296330762318
0.9557730100248254,0.6190103845737571,4.215297479046894
4.242515363536761,1.3513516704805384,4.4829485241480365
0.9885661760865956,3.86343536251547,0.8888788721635713
3.2034779717383124,-0.5364978671591838,6.053040709630462
2.625012780459526,3.518853451634989,2.1488170601814938
2.956523388333996,4.376137431881743,3.505813715917868
4.4247922659751096,0.9632708777774741,4.427073866734818
0.43493648308177024,4.701631556857614,4.190238057986598
0.32398550231504153,4.374746584465624,0.6786972053846543
0.17046221734418443,4.844370077472064,2.5783912490327205
-0.07958538494980666,4.767579505848914,3.529397595041373
2.4382706298205736,0.9013426884184392,0.4751162223066803
0.41152133573749694,4.6294318922588396,3.7797943455803646
3.939423615514194,0.26881557882281526,1.5433751524874226
-0.37564208199215937,2.735925617885362,2.877413066022903
2.1026218426371286,0.675338312374798,3.773018035598557
0.6909056537225347,3.9616497737766627,5.221077125333479
1.4574842073450978,-0.5540894271820707,1.6488576813036198
0.7253528954064867,4.5248258166445865,0.013202774770505151
1.0500545848409917,-0.41473052268953436,4.5644447411171285
4.597790834007253,4.576133479302885,1.9213008945658179
1.7944645147040434,-0.5710486067672818,3.4489509347006573
1.6222571769339602,3.3974714532363803,3.3916339294740956
2.8614594883879585,-0.11265060129036297,3.872947625452085
3.1527802121167805,-0.2570324603946814,3.324164369779833
3.131520997102266,1.088540294572434,6.247936353829639
-0.03382568026792365,-0.3249869832687662,5.54250333774243
2.700464184690791,-0.8097006145132226,6.017290886386002
3.547579799438866,-0.3819602690771384,1.1440884255304131
3.875626013788972,-0.4977217880296332,2.26329051499909
2.7369383856664395,4.578653722745337,5.480853880372609
0.2181518202900684,4.672095408773833,5.158653625073008
-0.039428218567715556,0.3858453423526018,0.23432019377215388
1.2767953120819984,2.920617302944202,3.6578489094881594
4.6015734520627944,-0.5417238624671541,6.115970301687069
4.425106489312064,2.6686761282198197,3.5582376852837987
2.028212243023637,3.7993322554562,1.1793664725997481
3.6531495860806986,4.337071055511148,4.707478901485699
2.168199466293022,-0.49236676780922606,1.954590925158413
3.397862437878111,2.2137905487971348,3.6836279525042874
1.2444860216694877,3.853535509986923,4.245853602746509
4.394258950001871,0.5459943476969187,4.483098331311722
0.9613943780512073,0.31818200777968575,0.6443316275554651
-0.4660274416864701,4.845049177554019,2.450477488111595
3.466411823642631,3.1817575831886904,1.1963505295176984
3.2213245478451875,-0.032306905593426416,0.7555701942639281
3.1129579745912244,0.2196567830387426,2.304170408240949
3.280782512723296,2.578861763370167,5.172488838275592
2.7244531606016573,3.698072317230256,0.7282009559462769
0.13403424193182945,4.719486484087566,3.0201363660458855
3.1806204730902823,2.3475993643115842,1.0995975849097785
-0.4637081192061236,0.47436715059439716,1.876100438431821
0.5056358342508536,0.5108733793303981,2.256948764216414
1.8148312285744153,4.935398611742395,2.4035967010231016
1.5810315922476006,4.400173284403665,1.8624212551109118
0.1543083932798468,2.3547472072334372,0.6715262786823876
2.929894839928383,0.1587207259644423,2.6677187585706283
3.3967471580769,3.3044721852616448,4.187090466483678
0.7700715245805236,0.3309672528089105,6.005487523707499
0.291038997490079,1.0914035262082415,2.7868472013839485
3.6189491446866757,1.0233140157560756,0.6094135096692637
3.1780047136913017,-0.6534130276830445,4.643044128913039
0.2522200664974218,0.32291466858813367,2.362520911042145
3.1502605663093743,4.440648212633878,1.0607726804067878
3.6247566245941787,4.927518822563166,3.0611510160855993
0.4016845926430428,-0.7188050328614393,3.4932088448898453
3.291159553116013,3.855624983553054,5.01157955144936
1.4560039750998226,0.7350669123727973,3.1874007902460018
4.533152381893257,2.0792882706130063,5.721059232435605
3.6334682818461523,3.280281871803602,2.4315869978877824
1.0055214362836797,3.162629041709077,1.4745493734455366
4.659144758007923,2.9201811988421973,5.676382461170492
-0.3612198414245103,0.45546861200163713,4.9541463519896904
0.5165320796311903,-0.7849179596476987,2.1138762759790137
0.8304663413092426,4.020396219660625,4.309355296495586
3.5264404585343634,1.3048375727121444,2.9706789524501036
2.3939241677589185,4.195676204463735,5.163191811430522
2.0540647434173644,3.151474124826321,3.7667725831852836
0.7239333632470093,1.030621848735962,1.9632536445167228
3.660569106977862,0.9193160673548091,2.4477891074781897
0.1440852442837609,1.5282250796172558,1.4929052827336158
0.8603767122267072,2.702376541747117,5.439562572146341
3.934981757662369,2.327151637937103,3.791863844120163
1.980761054563506,3.6222130034493327,0.29085520488527145
4.322497551297849,3.7604355423593425,1.5671646497337814
2.8091525732774083,0.9216490051268786,4.404119648161315
3.842495558271101,0.6450466932501131,4.502620069787393
0.530718001110166,2.0798934854527804,0.39350214608762274
1.2392202722205672,0.2603416254149793,3.464817090857977
2.0985686346264174,0.26494321178690994,1.2570627497483795
4.023563866703595,2.532089133075065,0.5729503044346386
0.45254792551623424,2.848118800674583,4.667183377332994
4.183172530463087,-0.31773238271283244,5.459904899977072
4.389754617788753,3.951063137102201,4.9024172403361685
-0.08464530441396306,1.8165469883009084,2.8136808827835273
-0.44835296708349714,1.1699104846534443,5.91887495016549
1.7040962226886038,-0.30767122132709357,1.8635374110297125
4.837471737116789,1.9915753671279894,0.7841844174546094
-0.10725271620584464,-0.358165598461327,3.6380881116944996
3.7971789587556577,-0.3984497018028663,4.882260885597625
2.114837244732508,4.372328440591296,1.3537603578866515
0.21430438625224046,2.5275140716501183,3.8819789787348635
1.5134416976886218,3.4426382614473345,2.6230015415681094
1.5949577389450087,-0.1038748374898506,0.7282125253141751
0.8396487516618021,-0.6548880383836093,2.0202933404058165
1.8095535716141624,0.8591963596476702,5.340236353420748
4.792437672031149,-0.49577193785514106,1.0816659848099497
2.0237331293987064,0.04434984264009345,4.4853318264563296
4.725742566617746,2.546587652984599,1.3775138195203007
-0.3320736062904446,-0.5343682431069587,3.899321539263462
-0.13639357784729272,4.65480101941715,3.980681425605283
-0.3470125159150191,-0.9347755141986094,1.4028998607014445
3.1626955104429486,1.2013183699071361,0.20090650928381146
0.7112798011258734,1.4497242711332645,5.137136801924975
2.6703109971117667,0.16945870073950497,5.315076320335088
3.8745137458298355,3.2565863722693926,5.64025045578899
1.3249765526217705,4.71235109659208,2.374549560425286
0.8512262098999774,0.9705933327648741,5.132607113180749
3.4897472292731617,-0.5213924736991176,0.9605720420901817
2.117437863147637,0.7855083532262539,0.284892199690796
0.3206558032711533,-0.21960216876927885,5.978618989952818
-0.01905185391671249,4.088938089076545,4.2254469791354206
3.5544212562668136,0.718607126765499,4.57793256756346
4.232267841834086,2.6070536577211167,2.533229542222298
4.3969914305593205,0.5351122106907193,3.366975625393866
2.30548954116587,-0.7728963470958505,1.4296151173629332
0.3440001150055594,2.129229808581977,5.7670953371448865
0.7411157675316291,3.5530909207305204,5.523374444035247
1.994381389615143,4.057710226613313,2.5554697615170254
4.185215554830875,0.8000735358983748,5.994388248373956
3.076085803593978,-0.5610249576639779,5.463340121888469
1.0081382632432832,0.5789735459149974,0.16166241408150292
3.6576625285644866,1.8938567627774834,4.831400456317478
1.8949209642633562,4.379286041401967,2.6033133632040055
4.905201698567909,3.970678263338839,3.779969633997892
1.857999256166429,0.09969409585482536,5.051780013979539
4.104579918969504,2.2859209201566832,3.940095583687766
-0.4200210275143934,2.352026051136424,0.19434963411673079
3.450216958012425,1.3010770259851254,3.070106750701917
2.2445511939440914,4.589185793745819,0.4181221052364586
0.5935419020106836,-0.358076053380155,5.232184852888501
4.612313325498439,4.634434627899992,1.3571908122541558
0.5980475735965309,2.2218743123306535,3.8534670060885863
2.588726872413289,3.3428995344384838,6.001248581207851
2.785400929672417,1.1068582957921205,4.191306152888251
4.2214388501473135,-0.7077669294301883,5.008860580979615
2.0666659682708546,0.21727862472171244,5.79895950936423
4.064402046385219,0.10986972455105981,5.374490461169875
4.759840626824404,1.9014136601887657,4.3892202022762214
3.441343085527478,2.694987324971569,1.2913875677219746
4.516578935412084,2.2537531578229335,5.983326823915936
4.6829829276976,4.387501359342409,1.5631354670199864
3.912353859749323,3.9435299379208377,5.369974568599431
0.17302150627528712,4.006714848617374,5.921287209352658
0.18435729028892156,2.807164341397505,3.1979896198142588
2.8893296266337813,4.8104050796269755,4.403193030169579
0.9916367551908125,4.95401582245378,2.6038510521675686
1.6183377832444985,-0.9883304729972135,0.3261898134821103
0.45605497142995055,2.0043094832329245,6.07024951009521
3.6919441468321317,0.06783040497001269,1.9571194616654002
4.199737370050509,4.540924960989606,0.577271008708543
0.23042544885358507,0.5145104446403137,4.881594038134442
2.3425921522021906,3.9921545611118656,5.433757422871562
3.8450842488943993,-0.5818765784068571,1.9391507646966597
3.5194497703149503,3.001480675302421,3.7608008262408625
4.880364627107513,2.021965199807999,2.283103406768314
1.8079819177137089,0.008790995906075016,5.22407160642273
4.932189783130401,4.939432295005066,1.2037805537622732
0.5046775826494483,3.066809793145916,2.0635497635772033
3.801445832405755,-0.03397375093652166,5.630158453768564
0.9944545129423736,4.229458628515757,5.081960378163748
2.6116510195928075,0.36162925303350346,0.5650820347818264
0.5982249198415541,-0.6346417509883082,3.60640036499113
-0.31076185377086496,2.772248396240429,4.007624977009073
4.928683389579766,3.0366300705655043,0.19852171075553887
3.9956457869284847,4.3350427670217995,6.278354178999829
0.18037890227712372,3.2226635722179395,3.845335635974896
4.163831865677372,4.00955400942449,4.72507570844032
0.9197161096338493,0.9376910162091865,0.9195712734128829
0.8600660721357931,4.622458326010316,1.3338980506585445
3.7493899271073934,0.17310184656239436,5.686131350755708
3.6654910679641715,-0.8719833252634979,1.798048612865334
4.1527653916262235,3.4117192078122605,0.5948611258567704
0.25158604337662327,3.818583563270061,5.277475385230929
3.6117239637379708,4.0973198540261455,1.558203259702516
2.0840313085026336,0.16298711253800025,0.39239290319756504
1.2923587447006202,4.419683618648402,2.230914337350641
3.538665826518991,2.8153213810876605,2.238753022012536
4.148286945270108,-0.5833297498928065,3.8171598346991944
1.2735341665974493,4.665810575918243,4.677777877925098
0.3514635616325409,1.091120811934558,5.622208865965151
4.954265950836384,0.1223277303132213,5.801628840629391
4.55554494080844,1.3440108836263525,0.967898369064104
1.0941263239882055,3.4203964706599193,1.2327854831719869
3.9792786939981575,2.435721560850628,6.238474379397234
-0.006687277809874048,3.9189901069095994,6.047148564205837
4.519002490995101,2.449919909192632,1.2744832445384449
3.7605872939575207,4.263772392599188,5.602411215809316
0.582747131182896,0.4127732286032175,4.805943114194679
1.4566671532726614,-0.3216620043690259,1.9198002628596607
3.5492859877109995,3.1946371469745802,3.9166424359140892
2.757995781391965,3.0123985862070537,3.3540492289800254
0.638657589123943,0.7989997094206631,1.3647903228919067
-0.4226750316809848,4.794106263971223,2.0534362892688547
0.11461298416674326,3.107031080955533,2.8391932595797433
0.3866429940865841,2.769207925734877,2.710762058672011
-0.43449643912440195,2.036058985125181,3.892124320149082
4.6144913801502305,4.546769245587573,2.591319621047332
0.8172992550974376,2.9352218122173492,5.414803874272836
0.9885120274478125,3.846497463854649,0.925192135178546
4.674062936506431,-0.5907775061996381,1.8930116259701213
1.4350063103142092,0.009075651194265122,2.7680456045564985
1.8712307091252853,-0.6662844012619409,1.5317962108367182
1.1417899987634659,0.3038375605372534,2.2589828693989453
4.869347692784865,-0.6625324388405796,0.10116916975546016
1.5067147367698768,3.8078040108719424,5.940648061814882
-0.04054418455702513,4.687339981807126,1.7652437210080483
3.1189031683149215,0.3761491836548758,3.461918079792114
3.4413270639351197,-0.29921530793971174,4.86110011712514
0.6626183549743809,1.9391346440266295,5.709070135569462
1.7508829815096796,3.709103755864769,4.46634624814963
4.974148918633236,4.046698053658012,5.220991628378177
4.22139429054803,4.759510845830139,2.959685184198178
2.914998941309732,1.283252498305819,2.6888565067163577
0.5665487132754006,4.693781518426153,3.42088010789665
3.283529867639687,1.4119879549275396,2.771858204333957
3.674494512551349,3.555379904592538,2.5564112690815626
-0.08536193718108764,3.222301518895348,5.131419405977686
1.587175841861864,0.640549618700718,4.415454455493292
1.2976628865019486,-0.7620210750095857,5.420336128929382
2.6373722743630665,0.7381299986932879,4.189791450208223
3.091792701025584,-0.3290376671816777,2.962686394059815
0.4976328361359874,2.5234571390105858,1.9733123162763397
2.0831268986254288,-0.8954077165609318,4.943923360112073
4.9569233759474205,3.201778529385839,0.7228706944341737
-0.41281048424944233,2.3734158374884444,1.8361406143542285
1.3387185512096766,4.833740591528101,4.102423377707629
1.730706610124022,3.900927351941073,2.1110767393694307
4.280565435385748,-0.9335932575439112,1.084706348799491
1.9106777106471062,-0.679189196995645,0.22087014641119826
4.356929008227987,2.7159374984368743,6.25842335270223
2.6654691366663124,3.3963208308315895,4.287251836676402
0.8876669821176018,-0.27920450764003335,0.19634874807404626
4.029876204268968,3.336587095867655,0.15753675377827694
3.043102849018012,3.9969998505006306,0.29019958599863904
0.6672433843518761,2.7928686338074593,5.1670651021874185
0.2153877140029592,3.6020499690438186,3.3039607419131802
0.18987230759234142,1.4474412826042107,6.245857301906802
4.499895795671178,0.08397062028826574,0.13028397907884448
1.7186534567783207,3.653998216656042,5.731675379478694
4.011692868985257,-0.400317905948155,4.998421395152939
4.424491510178773,-0.24477288043546053,2.59997774108241
0.744831762868563,3.660507824067623,3.4319495640099382
-0.32085207601963955,-0.8786079490924403,3.57466941683913
0.49184847600125536,0.015691390645654613,0.5994827306248423
3.7513828811360836,2.8750503602769335,3.7650216367625258
-0.415227531333609,2.1165721200447187,3.9784616772200967
2.602726330098231,3.305503162715347,1.1657455695747634
0.5519672107342573,0.859728301866522,0.4880776809615467
3.7166337530912887,3.873648947383197,0.18996139589892738
2.136566330362002,3.262000586812314,6.145208803956386
1.1137454129515592,0.08841437653887141,3.432599040346085
-0.24858068379810955,0.20256448317102693,3.013714294396895
3.9523580588845615,2.6858199772184,1.1090234538119565
4.491244078568737,3.9291866660368235,4.190137533944093
3.639561358451015,0.5073283864552303,1.4228169659334355
2.2259224984631834,4.544597615642272,2.9855886090358545
4.140813921942147,2.562799831933813,4.9581559967228666
-0.478985183104637,3.8861757166389266,4.114706703689958
3.1627657384351595,2.8778710738826643,2.436779272235532
3.7206225452355257,0.64242588563223,0.12672535561018308
1.2966093045574856,4.573100372649963,1.9583365427322503
4.2111443001918785,4.510245525605784,0.3760962677864674
-0.49895499115961073,1.4867291110805327,4.829187732307152
2.9766611629125057,3.5513636794787047,4.772297328468271
1.1556318953933855,3.794049566339619,2.783459126569201
0.6537892854782181,1.4189743705042153,0.18505387846083202
2.2331415133889894,0.8420631256076614,0.5881592007243397
0.5300437856996754,0.3062407853054556,0.8772506020256227
4.3739621145176555,2.5342069871315207,1.7643044315204324
4.353126640930478,-0.7378339009291774,0.2884420189257761
3.3835281514538247,4.02599505520735,1.525158012955186
1.9826270427944488,-0.8238013698596625,1.6474628382032048
3.907938504039774,4.010484332133181,2.5238325616188
4.086209354545634,4.765923445177171,3.755436484577568
3.7028783460612704,-0.4236188962067715,4.09766842509439
0.8373186160479844,-0.5643898988694047,3.584885255406033
-0.36531346891109284,-0.8181890712100071,2.8044990222220996
3.120391930602209,2.4912266774544407,6.058485314861055
4.418434648126476,3.041239710022813,2.7456516289436137
4.229161401506898,0.09932814736828899,4.284920773047851
2.4356365169738092,3.196135142546172,6.1676392610291355
3.4214424750894548,4.6957418231421215,3.4156295095139537
3.4015333253182223,3.1383105988819437,0.03683717611313432
3.252555912259079,2.5093641342730435,1.8912235618465842
4.133332298871846,2.1930982465764797,0.7775100372843757
2.338239139121129,-0.34072742981683457,1.6889034553028348
2.3429947348407087,3.818036542181625,2.8499653584546953
4.389393619106405,2.8870537101589315,5.146838925520472
1.5171312338519547,0.23014477848143255,1.4745885041190925
4.130537228957227,-0.7666875442296313,2.262598887231028
2.276892600669986,-0.3648851223309173,0.14958684653193544
-0.03063577076870294,-0.9115006063284499,3.121274929260051
1.9694009302192796,4.791943799936365,3.2069768976736994
4.193204204344671,1.234610787378163,0.30342765216061973
0.4870053997125152,3.9227151791978176,4.7113006923793375
2.703762384543551,4.584127524180305,3.90033895239931
3.734011713254505,2.9160080002691156,2.9522072120923597
4.675373293757561,0.28399826377008,4.659062822221115
2.528343346792922,4.301968326022338,0.9680503222702781
4.568899103743084,3.436016653581139,2.076780621771416
1.3510742929004729,0.245508754452487,1.0026428081881653
3.70375874224713,2.6746505007628016,4.8742238275442515
3.700490020747539,2.157274123625035,0.41262960726378783
2.532034394242026,0.02609932472650578,0.22994392624241194
0.45583795300120067,2.059067983383347,5.784671811040422
1.6241236261315128,4.337354649105347,0.5223777877299566
1.0996756503157468,3.909883431050141,4.245251119432837
4.817832405957965,4.289225871000331,3.618904102333473
3.0454235353650345,4.863015857268939,0.26952646642937733
4.499708102190954,4.98588073521066,4.748835472001836
1.12887873298913,3.550468086697329,5.466107441624089
1.8591703222218365,4.891363351494233,1.0294058745756822
2.620547791342096,-0.16127793032386517,2.715824106170552
2.010747949346718,-0.23560966333190625,5.927413290592561
-0.34442714107182465,-0.7016905036913794,2.25313192665394
1.3689613519344603,-0.8810417187080313,2.8608729904056567
-0.49878065159336005,2.0209562540437322,5.739648616636023
2.8440036579424213,3.677883866888317,3.7316338374017235
0.011447530361171632,0.19216877886775374,1.0448447514991155
0.8315192117963819,-0.21270107252683812,3.749069087021028
3.921955015824575,-0.23840065903495655,5.942066599877798
4.121548579172788,2.9484467353900974,0.7785947446342845
1.6325328984870056,0.07124048960717833,0.2556374402149071
3.9782305179767476,0.6750474860783542,2.3127700694680136
1.024271391676785,3.1010418948484535,4.117712422836955
3.3835952227241495,1.9232665199653347,2.5870719718954773
2.5000114301141294,0.6228642522627315,5.104649429748991
3.110432518955771,-0.10125619173191658,3.4791639928997933
-0.42635126496545533,0.9145929299110174,3.272075539659219
0.39343893489595416,3.8809569821598657,5.035109019953489
1.1160290541337607,4.300865307150081,3.5392043542449603
3.24309435373279,4.6951908656938555,3.716870027478984
3.3842942234875584,1.2293171808141254,1.954287630975606
3.2441845330231467,0.6043652451794124,5.717306488764789
3.7218940861005834,-0.7839183530978,3.874785080845496
-0.062466414424459604,2.731405511190091,0.07220095637822706
0.08238899628445084,0.9893345211130455,4.993994727551672
4.204431381441626,-0.7370423297610527,0.31963780267494324
2.6260420976593037,0.02751948746122146,3.1195153079982156
2.2692654315337784,-0.04633740597919456,5.9229585440902355
2.946644142356935,-0.7071633271547104,4.513536009515176
-0.07679308824626252,4.457240094682225,4.026785919916329
3.733846245015279,2.275249712394662,4.6574715194563625
0.1787128048973452,-0.24044552558496957,4.185493634172519
3.2475595400871935,-0.11654736791238252,4.17432711765401
1.7117815453289094,4.627128277199578,4.604872678018512
2.207438998341761,-0.5462630967138105,5.909228598665456
3.194315538984095,2.704994190113152,5.409035300849975
1.5405151288260024,-0.8206044919823345,5.5738064458393035
-0.246793907566903,1.2900668020738317,0.4351835117528773
4.803163534468831,4.654308527724069,4.3331790609393686
3.5817955258347345,1.6673920644154285,6.041876348397413
2.422121585482949,-0.574697198494063,4.902677728916772
4.008277964684847,-0.5697321727251967,3.3891980308142227
0.17516283112957776,4.723737961134856,6.1421837679079925
3.030486105606929,4.2029482969569605,2.7532555766124296
0.4500736819034137,2.9027508556415405,4.752274761121487
4.030097742591451,4.871384411422371,3.7556109448938346
3.2458388026004847,1.5904985716102646,2.3291537522274712
4.668947509787092,4.746638674152313,5.968440358342223
0.7383970360012406,-0.6192824063210489,3.00539114438243
3.7447475232794334,4.800878906854061,1.553224751584689
3.41538563638792,1.5004962264508261,1.4388648440284488
1.382631883008168,4.9125819096299175,3.5861166104097095
3.1044313283209233,1.3335425185719663,2.6955670484884244
4.643979837155909,-0.030144932937608893,1.9216453275638985
3.266455237047445,0.5271868848551469,2.0975595212154032
1.520157712388578,0.4381826882167672,4.975745460231871
4.509170817108856,2.4947789245142857,3.833503678255132
4.0519330600049495,-0.04357203530331977,4.236690623096627
4.203510681469423,1.1503398134690608,1.8896561519080015
0.08762757181315894,4.823009597774424,5.853231543263342
1.0995585850237841,-0.3067990840743704,5.276222581073398
3.8457029146311132,2.9150742625018737,0.8535001941770212
1.0114412273657631,0.3588087297115685,1.024470626870716
-0.09461735443179148,1.4316823328455786,2.493126418760832
3.2579630685992225,-0.5330066399390601,0.03250005116372639
3.8959847606347147,3.5283113760559743,3.689089626964309
3.029722944772005,4.096256601454366,6.003145211804185
1.396638350337525,3.550704536740561,0.2405646062472009
2.5787532543215175,0.9718441619292761,4.912576694049309
-0.3816402670389676,2.246558789587686,5.750464613945627
2.5946391066418197,0.8819483196310582,4.808391912886266
4.21240646093293,4.876337264072634,4.691196292919502
-0.07070720741986464,1.5629025488876565,4.782620061068647
1.608256681013076,3.9102789829581424,5.778400834904198
0.4067504463956766,-0.460982700857002,6.241710842877627
1.5900434314829108,4.68235603758707,3.4581917872351853
-0.4284577964381309,4.31122533187313,4.704065317033497
4.0526960590713,3.1438727092380994,1.6801479634886256
2.809870936000482,4.014552509389926,4.083279934380103
4.175155123401953,-0.20055323836897676,6.153052525904269
1.1019339865341324,3.0488262336162313,1.92330097390413
-0.22778185758311048,2.801893093820239,0.3616058039560191
0.9651950155330997,0.5621105925678207,5.14143339256396
-0.1358348348738041,4.4888236682763365,4.505524487149012
-0.2714283205436197,2.0559631002254926,2.654420697405561
0.5110918807195501,2.594760362527519,4.1383589169734485
-0.09158252864018251,0.23596877068482391,1.584894607219235
4.541931077773371,-0.06477643567322322,1.9442951545814258
0.3180364085884282,2.7715127997523865,4.03347083080821
0.021569348981823055,0.20022847484592288,1.6857385842654367
4.838729320799614,-0.1099461418433616,0.6950925672034121
3.168318301458999,2.403675741574332,1.790260127091877
3.491647229184071,4.7965264960522145,1.4005404198043032
2.5976219770110753,4.265075013194643,1.6370601450138609
-0.11285657233901414,2.028093506450295,0.5569595686339006
4.130324822268995,3.2814185930194038,2.3820659229345407
1.799159523128918,0.34715745904085615,4.468871025940705
1.6585730340689557,0.3805573736315788,2.7886265959100105
0.24420084202414094,2.4151933040569675,4.433204629715513
0.1227093720720428,4.229005312378716,1.6075106180695717
2.3723526310066414,4.68444026599656,5.3306069538001015
2.6280897426301193,4.227834120505568,4.845630045034551
2.352770485103436,0.31946608010797073,5.14461827418965
2.8721857287481787,4.504751483883773,5.544965803626926
4.327039046980921,0.2496801946466236,0.8506566402772487
1.5853122328492768,3.720849270175239,4.7849311929975835
0.9111498641923526,0.6799806660650025,5.3956293528895
1.187656533502086,3.2579841741123694,2.7428778234442674
3.8745478764150025,2.925202437918877,2.942469604441229
1.9261656646262177,3.4730994248972777,5.056573268501491
-0.2758071998026208,1.4218316736819139,0.12344484379451862
0.5348497705852362,2.745171740687435,2.5261729279155114
-0.0014127161627268126,2.783764030996402,4.954112234301905
1.3333887771637807,0.0055083572146614745,2.6299202982738406
3.2640716193901844,1.0770393552087323,0.8456436329212914
2.748931025476784,-0.5027931278894655,2.7741781449808505
3.141701744770324,3.541753877129805,2.5581561049673556
0.10379295323108861,1.2822629772494283,5.4347759040148444
1.1294077527163857,-0.8149381466654035,1.7252579781226738
0.8401376333561663,1.7520620812446328,1.4299289276369884
4.039158569917722,3.967060188435296,2.229670754697919
1.8832233479287201,-0.9187411406036547,5.163294678377409
4.150008688383742,4.534493481519818,3.8232479981626932
0.9602094668233132,4.842282143877264,3.6607760268963405
4.680667722302215,-0.10341189373355553,4.37800291422678
0.11521540520673823,4.223932146923061,0.49204943367050097
3.730503697831156,2.6884583458560174,3.46249000858019
-0.3889745084465437,4.462275959760168,1.1732374646724264
0.7997636494783107,3.4826229093197973,2.9303040918896754
4.288043173706063,2.987399054520467,0.5171008916798163
1.4255774989620795,3.6926468630056517,3.752722162309904
4.628637211823324,0.6893212695904967,5.930925050240865
4.611793503425712,1.9871711765081868,1.7533842186157074
3.9010591729142794,1.9358151878398049,0.9527521091827527
1.6785799707364863,-0.04624559011857077,6.103772743692694
4.220476768897876,0.37529481564367684,4.26100016817917
2.0140738531085063,-0.9036932978761307,5.660861127287517
0.19394707297095304,4.300815302255671,2.321951376715775
4.185771029055481,-0.7211015947269959,4.866226644040356
3.9893568743204275,-0.439446125854174,3.4334130227525823
0.24560992248767388,3.1886035161783006,4.3196911061222165
4.265895843381518,4.190525561289245,0.3951536357129638
2.354296792070632,3.181196608701863,1.7243238050568743
3.589749171816968,3.2762622825264494,3.2655570834704033
0.9749681143981268,1.2423038718330623,4.267169227611031
0.685038161019073,3.7024289720345473,0.8199161380327974
4.1657204819922296,3.638644557664481,0.49852671473254506
2.8011758893222845,1.1585408949821732,1.6668175369497067
0.3123800608475833,4.532215319755663,4.724538656279401
4.2246970002180415,3.0358664686178063,5.502734083336262
1.37524625686217,-0.4833870995813556,0.41767009089029195
4.035543112286822,1.523953692545331,4.920713180326997
1.9986446514688443,3.577081776981684,3.0619376084927845
4.715944265040994,4.0333440911339835,6.2627931276908795
1.2171008299586537,1.045379626201556,2.7830850228398183
3.6606418104299685,-0.6708712291503296,2.935784549157992
1.0713802097987744,0.012630353041998221,1.5434955284974714
3.7231134108669988,0.6979758511938488,1.8864599179161894
-0.4032111293748232,1.9690101404814744,6.098746313500225
0.21401539858870988,0.5789411738136572,0.5030797471653244
0.9259129859124091,1.2222641777472862,6.111057581380633
4.285505805472898,-0.8969834333954332,4.398767836896111
2.159390476604489,3.178526390617753,2.5822374704179256
0.0887448602460631,1.6934248932106462,4.681687192409453
2.6167305731081774,0.16411881039937914,3.2359845853622127
0.02796993668860881,4.581961326664186,0.8459665864052004
0.27881285802717914,0.10536066525786536,1.7262875588859825
3.9053481735509186,4.209961066185284,4.146293578154107
0.8415065743343624,0.14395386482022143,3.878267944654009
-0.16310458899686103,-0.09458859539245412,1.5472820678351147
0.30575085811373937,2.9618442960775067,5.926838778745877
-0.20950801940910257,1.717863022611894,5.6083660327924205
4.068037740908485,2.0489143784963764,3.1909267121042704
4.260112918394556,1.899965918693915,6.068293385430128
3.5921730742908915,4.741127626168068,0.30251356051059847
0.6053021649447188,-0.09207507020529149,0.6773007117928642
-0.033537872627039056,1.3480306358919751,1.5898715356719766
0.4424648882383537,-0.23364455855775668,0.07926226345585918
2.220190904569471,0.18534301012230503,6.1115175662997085
4.075901237429849,4.199304038078914,4.750538462465415
2.5511233524410244,4.128559975406392,4.09904301475305
3.651951861007472,3.255787138378997,3.8627392982241804
3.289168852073957,-0.3344521594151577,1.8316275809820475
3.271747837413729,2.310177856530111,3.6847886861143127
3.7437691362131336,-0.7681678783482611,1.6970057479463383
1.6923337079440812,-0.14240547730309028,5.521603533263598
0.154972126818692,0.825882994493182,0.5457228154749995
3.9986339428154016,-0.7057753042137505,3.058447822512008
1.400373670585904,4.234453761701851,3.7460398502046135
3.304694388310519,3.927843282119529,5.974978512882464
4.93656250156012,4.590942291496555,4.287576531246507
3.3596895449463178,0.3483745673556855,0.04344604424479156
4.486771521221907,1.6768158847846233,4.68321656359701
-0.4265477825103157,3.853884502875953,3.470686171427829
2.8204460841938106,0.657136348621123,3.4770128953131443
0.03527480703501262,2.8840185230647055,1.7651587275125573
4.298775469534422,1.0715499890712872,1.812280018761378
4.781362641672069,1.2613672429508669,4.00782025051981
-0.31215532355374387,3.052235168909548,4.829222644825167
0.23293742702899434,4.636048742270358,2.6964433755878914
4.080185693321676,3.859808586951826,3.012337110736047
3.277875348442892,1.0882731898094562,4.144591915892395
4.899117771223051,-0.5847036703366597,2.3208859579049843
3.660800571688392,4.813933959947403,3.1434160146302514
2.76804540988512,1.0413430927106568,1.835793659604617
2.465837895386073,3.3160658602003616,0.5253507307503745
-0.4457295216086647,-0.6557500565142909,0.7749903282176427
3.81098087318962,-0.9292961095385648,5.807547683781008
0.08659259733306457,4.185054254429641,4.965158693247112
2.8322187522386826,3.217609406750655,4.871775597737891
-0.40830330302767787,4.097278022456073,5.876213601747265
0.40736861366316146,-0.45449050526731205,4.4095102489765985
-0.04782212399946101,1.041545581220733,0.380997055156192
3.0000783149471797,1.2241624444819341,5.845527533979913
4.126716316019107,1.4926844598242779,5.457260585035312
1.077309942515622,0.032194571911832615,5.722217991961837
2.3673192825211595,4.182190347266191,5.516717994236125
4.483656012077313,0.7327224479216232,6.071457390565431
3.366278268851717,1.398333809831355,3.493044733004689
0.6369728037715674,2.5088616765616165,1.370928841904807
4.8157097124917705,3.1174748253028914,5.582429344999558
4.033113424559112,1.6558128758242372,2.0487190982044368
3.8437215921192207,2.024731570457421,4.935596022305437
4.56507470771912,0.3997958305379894,1.149064202769848
4.464978336513864,-0.8784437434258483,5.048445104954398
3.9253135335984695,4.49094429012282,2.825186415446609
1.2763478199505702,0.1311724035314643,4.254096374071147
4.519463154550897,1.403149241894985,6.232208798923913
0.34336875750644236,2.23135415474936,2.482195505937707
0.9310723714247326,1.0153082301073706,3.695885280097467
3.0549427323936578,1.5675309770184573,5.953686288017843
3.61499616133072,1.353356921454436,3.211756696203515
-0.2231504424245217,1.7184924322546076,4.267279730820355
0.9787529461220452,3.611676837617453,3.5742139198330922
4.159855883985059,4.217364358049275,2.156122111994307
-0.4894545335972644,3.0448839634747236,4.3891421080746404
4.39497569078127,2.0961665568011316,5.011560133753773
1.341018071575619,0.9960044548649882,5.581439825177511
2.891154545585635,-0.5359823284174605,5.380596257063719
4.6466843297559155,0.8772870725725372,3.215439742666621
-0.16120800306433958,2.730905649552212,2.299318939686771
0.7221962062735074,-0.2107881921857453,3.457349257526905
3.3623611730718825,2.425227018459147,1.9766017378227403
3.9980008133018625,0.754026105363826,3.1713249007079027
0.8543719415628956,0.6115447797851403,4.346733612108595
4.229420141981945,0.8529618507164249,4.823892030392557
0.4757740879229827,3.1220633796819373,4.594646083111199
0.22205436159332326,-0.49313487103303166,5.919822501772684
1.191341889693848,0.2473896089545924,1.638137767372072
3.323968032723233,-0.4778094161385811,4.839178739218215
1.2426756556064442,3.5746064791445704,5.422553414619011
2.4131042883161027,3.4558881593155837,1.2119470596874988
3.0822611722008055,0.07511027958279781,1.266415831573196
3.8215442727502724,4.918089789524043,3.211725825868701
1.1144613606879612,3.85485662904655,1.0183751584999345
-0.1900780851675581,-0.29983342126755863,5.701135809720902
0.803786422808141,4.346228566126499,5.57277691444776
2.502708374260889,0.737767649231623,3.2005244695958766
4.3272249177035205,1.8422977535117528,1.1294711487465858
3.1164967790460985,-0.16501115405141853,1.2757840315043543
-0.3252516621238455,3.9186363869809995,4.061378279045969
1.3199598893493376,-0.5550295616700702,6.060376577070445
1.4107903465735825,0.919582941544808,0.19494359301989858
4.776634250259971,2.2616035472211697,3.827717072030327
0.39907072733434235,1.6786750886158792,5.758494725468164
-0.013977552328213683,1.898093490873607,5.044871116984199
1.1779903837197934,4.960741407524816,2.9944747143476182
0.9828472163075208,4.887902874704141,4.953031473733799
3.3820147323097944,-0.6492223775306944,2.2029764053440006
3.3230052825528444,4.320302312640652,4.293767902493665
4.090846110438217,4.153937415049629,1.6690620366340927
1.2808094816568976,4.519074195639003,5.761155313464585
2.4701263482622764,-0.38355655514605824,4.735388316865741
-0.10568232530837368,1.1990048476850523,4.084690449074663
1.4097417298937314,-0.5721753037713071,3.4070028652457394
2.597262038662546,3.907891404585232,3.789138598217016
4.868315946057088,4.875569227154318,4.916187674270083
3.810084057798351,3.0775372863914807,5.779035918935658
0.5805875991346883,3.4585576703632688,5.2998744454844955
0.9847935855991237,4.981486714365462,5.525041465386758
-0.2666678794469883,1.829875208083033,1.516775302074332
2.698694466613161,-0.423828224497127,5.259170842279686
3.12198511006266,4.136794829771438,6.12808476313072
2.423043932144101,3.1516455575513262,1.2012980921940102
1.7923127600371584,3.7606485885896337,5.463576489331948
-0.27657764413502334,3.6479925058181584,3.7004291534779092
4.906318888183669,2.723083057199833,2.787813868327269
-0.0864149133249914,0.052741658334971575,4.235529911372023
-0.35993650595035726,3.9919677323158114,6.1362178347796394
0.6841660490333084,1.0718154264323543,1.9646775808517833
0.24902435667093925,3.047914581846335,2.7121004865329854
3.869380604172246,1.5741124373451711,1.4611042110007917
0.3339631545335998,4.52242129920891,3.164761333573958
-0.42713390459067363,-0.12176459880409074,2.4147656112772173
4.623629982385096,1.291986800334329,0.8168176197990198
1.2657221701047845,0.08946445335773157,4.003567474730995
4.1358312698717175,4.216003591641218,5.373879407210575
4.790641627403504,1.5618699531371925,3.8930049018226245
3.500986114498895,2.0062394346160426,1.3715100541028862
0.9340801983953988,3.91966941752466,0.26595837229353
2.206800111051071,4.357014293369236,0.5839784854035404
3.8045856645851197,3.0492028769411608,5.547846621969994
3.3425538637800036,2.4817211863675,1.1975224667223
4.051644340269413,2.871198272546674,2.5635914721097053
2.495158334969903,3.9173117232664723,5.427626350069223
3.1162643283236453,1.0825309376852585,1.959626098852769
1.4975792322889825,4.053227431393264,5.2528855318365455
0.55273457985904,4.946929571941075,2.479149821108295
3.3348214617565604,1.3328151666730221,1.8708290524286368
-0.484147124204087,3.78535573153075,1.5069027670219044
3.8113451771466726,3.9419217395736617,5.241073853935074
-0.4602172878106177,1.8157348430036886,0.11171959624155665
2.892405063473871,3.768381341464748,4.089030116417997
2.770376178633703,-0.6701119799005886,6.006577109558181
0.0803183143931836,-0.4004462843385286,0.3043112749247897
2.7571126048999424,-0.7815069866563096,5.60834389905888
3.6681588480034133,4.157124732040067,3.418792499801821
3.200183028386561,3.4036767578715574,1.4441029086449322
3.397694419880252,0.775292454597253,0.9089159350220677
0.6325043531200973,4.138687422030989,3.0580339896192106
4.596390785273208,0.8382573768496968,4.6073718208644765
1.3014779697267231,3.133473486329848,2.4763241823063042
2.7103607585116625,4.442209808956523,1.7013689315685057
0.06750588573132998,1.4986722350827772,5.449190601065858
4.980227593715214,4.08665677819299,2.961161359110738
3.0977760969830976,3.186274106052167,3.5829569712712397
2.0398209840750128,-0.3740948007203395,1.8242859979794472
-0.35046422739028454,3.8097967953381566,6.055861934322233
0.8204380533497262,4.717204007587704,4.1663989680223334
4.8607898112108545,0.44745381814255025,3.209167735331204
-0.05432663983983721,0.6072723547648937,2.0780169462058757
0.2793549172513162,-0.9905222883796536,4.254835162287466
2.6519249364224597,3.1561247396603465,5.553881966122125
3.756846689376161,2.4324339501436834,6.186186276846523
4.190802381563218,3.4065851530433706,4.762619872291208
4.2367555556322,-0.8364874302912495,4.36504365595725
3.6812218602268034,2.9864222101753275,4.249582188343624
1.412117546606966,3.1993315445904518,0.36067113325356887
2.698696346477357,4.514309156757176,6.091336125632762
3.9721771514235886,-0.7502111162856149,4.946981263650872
0.26365212832958984,2.735270899723178,1.6946742485086876
-0.0521868476493364,4.688831234069173,1.8208762380788925
1.2068718503570584,0.40776042941557633,3.5370040668590264
-0.47945898485489763,1.4528069886712087,1.0122188152088742
2.342749347290842,3.4749017199991474,5.134809057793523
1.5513777703214746,4.247731993716827,2.3462823788254097
4.357239993880927,2.096719348088218,0.27538436614623973
3.1446908496980255,4.79834932541498,2.7671129978824367
2.0718663103429984,-0.372140922528964,0.15911169940079153
1.5221297843202182,3.559889352626244,0.692943094229583
0.8067232748601856,4.438365351390515,0.6657781640172981
-0.015326041498841314,1.4551232735702415,5.565933265303879
-0.21333270802932924,0.9418413694847192,4.701573270814911
0.7248671727167435,-0.24864543869015532,1.221860779648101
-0.041743931868436224,1.5992825056320594,4.442278499878184
0.32847184868545076,4.857456555989926,6.050361888501313
0.18705937020327634,2.578228051629494,3.0157860243360624
0.8099561805490996,-0.9798090769360577,4.456126520570949
-0.47575123522656304,2.000807523702361,4.595098476337572
-0.31898335254364957,0.7914400791964649,4.406715263608801
4.945294884453091,0.2988077312499411,0.3304720384116707
0.8482946594981757,1.048091491198265,6.052301665544042
-0.27544819233925344,3.757044171710616,2.414739513955027
2.5340257606478116,0.8849579367935063,2.92289822640375
1.6386833556924882,4.019211715642988,0.04906966913484888
3.5333250852154316,2.306934946826133,1.6687251201806417
4.65340595855357,2.942605505473815,5.353237446882315
1.564292048034706,3.952613264227316,5.464915000598203
0.7896185484855218,1.435545930588642,2.920867878244746
0.45685650962249513,1.0312884086189795,5.692051550953722
3.2236046508208176,4.486171883661578,3.369892322456067
-0.4187649729430243,4.7733160262914645,5.993937176232087
0.2611738622187937,0.7812681183240144,1.5535493584651585
3.944594667538209,2.6199189103360485,1.8929378142674997
1.326799104018713,0.27573196197519856,1.6352475376832338
2.5753575282422636,4.334082759669249,1.398292839494818
-0.19478472990479895,4.622761941544621,4.513344511489212
-0.3474404865262125,4.033152800091794,3.463619988353377
0.6399213991628767,-0.5209185972605217,3.611233000541557
2.380967658263728,3.576105284439717,1.7292680871114394
0.18919614223013093,4.419542603981353,5.230968466336785
2.0247018384106465,4.096117767397713,4.206472547360273
3.7926592584268475,2.749852698858253,1.7273789481994917
3.381830785427633,-0.06782928489832774,1.2417680322614968
1.5299380430621272,4.013122457255545,0.1284524984586414
2.228795747112528,0.3952627599561742,2.5900644079235184
3.894515359247369,2.920471644377912,5.186716723044218
0.9474683441704799,-0.6544091118034392,0.4890033108963398
0.27121263111230887,0.7292437640716327,1.8873820278796385
4.829539722930129,2.0496969154152334,5.579169011150712
4.301540416258927,3.8790269244203586,5.642516220651171
4.308033161043148,-0.8806034254140689,1.9838924136378047
2.1244474382032315,-0.14312260690619016,5.017232584401979
-0.3055635149634668,3.672480909742095,4.718356545641461
3.586299295502262,-0.3150636287941271,6.147805584127627
3.845868221655884,-0.06012343477562965,2.737976467759378
4.808219337365723,3.7042322515924937,2.4286802501739317
-0.30320692350813183,0.3089615740495768,1.1245608877131226
3.970464120633573,2.385719595882902,5.154452307678335
1.352389669382151,1.0011397500031851,1.798118807916085
3.166243425688902,-0.517688823323255,5.031967146685713
4.453081628308936,4.248837789401603,2.996253187195477
0.8838995757399914,0.8441868079930719,3.787461723067252
4.96385520769863,1.5442274417257207,5.853159679943522
-0.2918321972291951,3.638545457400692,3.436860813903881
0.13093572151160648,3.952854728559836,4.022399312477514
2.1437275761549186,-0.20134786408931804,3.585112443585643
3.4542294909874194,0.8135396724096209,3.2160566734729317
4.595716627657069,3.844230318554123,3.491730682114599
4.159992961525428,2.8790337441929963,3.069234283469849
4.837823378750306,0.22479689880056242,2.9860508932473264
1.9274725168357794,4.285901016560523,4.481093240431731
2.741975507619509,2.8905955906510483,0.5899953938919051
3.3057193735627313,2.4533189387738528,0.4639427052091818
4.4658463534596455,-0.09119209936994466,3.6926522620637003
2.7561288417268837,-0.4082521857896848,4.149524790997284
4.482823722701471,1.631475945595657,3.492038394022081
1.7862310121596656,0.6104500444067877,3.365330016081203
3.7424713927632602,4.435218682566861,2.8494139801955845
4.989371012031563,3.9880002595279898,1.9990761571240456
-0.06676662399499284,4.841014673545776,5.3381744306130186
3.3898422031909288,0.44741415282142527,6.157960845775384
4.467379223854108,1.2931631790172888,5.9619784058669
4.419699973907441,3.3279490201011495,2.696379289722718
4.300172247785266,1.1027429539727525,0.8814328081634772
1.033109361748952,2.605920488207859,2.3850358896190564
1.7346549765683816,4.501778466814734,2.4713319997711576
2.29453182896483,4.500503744112855,6.197146715448863
4.833200469200783,0.5717062144306235,1.0925787982099908
0.9605941388509929,-0.5862168296236276,4.080181533342769
3.1327285546284367,3.1140823462752403,5.252897071699711
3.678785278007952,3.2277713780220516,1.4703912634225629
0.3067852755026168,0.1775296886091413,5.063888525733129
4.286890880866153,1.5208024355647884,5.557931564234751
4.75962732068822,2.855086352993606,4.2643476342948246
4.393301365130174,4.29844155407078,1.0725721986727625
4.710914345256815,4.279330077099263,3.7506962175692995
0.5054986978462721,-0.32490324108193924,2.9530783804391953
4.0905698683491005,3.405245850345775,1.295879051162215
4.245506414638907,2.0683291419395893,3.670056380462349
4.71003072340873,3.369399014446439,1.464790386498615
3.0725087273086475,-0.37507637944005023,0.02367623748370359
1.5269263455332802,0.4500400462186427,4.34002282512094
2.7279064765568255,0.9166377195241922,0.31828066517758596
0.36835152648699077,0.762187333856982,1.9874450855038237
4.979023965688634,2.9802106342672943,4.298814391667655
3.472209941298468,2.6763002102374918,2.09110382248365
4.553810939289022,0.28884797950482977,2.1286720708542717
3.4181498112518067,4.731838218736601,5.613395186613226
4.611614780020707,4.140804956835259,1.0114945880770152
1.2838803039788798,-0.07192006767214432,4.930705283736941
-0.3365141726093358,0.35711765311760413,0.7314124096478163
3.3549945107664665,3.6602076819298226,1.7362555753886928
0.09400867322600948,3.1488654319824754,1.8440356202944868
-0.23230264348682234,-0.8939310713264454,1.0518906620035855
3.108372659553457,4.862529141760654,6.19006700814761
4.825953637898649,2.3593798908283077,3.024469612056009
-0.14703040232015407,4.6617815296369995,3.484714965142909
3.679157219282015,4.411821510065819,1.0819893945829313
0.7576327062565302,3.4812145305195363,2.329750810998203
4.2367817684318,3.6364181222848346,2.0677525694056267
-0.4332064285376556,3.7638729582972044,0.3864776566043655
0.5678208810583272,-0.07254465764467044,4.749070618692873
4.863298990756775,0.9752021415290617,2.512288469359141
2.664647611585293,3.4312310192373507,2.7770395610051963
0.2244551520194199,2.6172036372438514,6.117127281066051
-0.4740435356199759,-0.8635267973377445,0.9479540486543264
1.7496771793233887,4.813542276043032,5.246038157517384
1.8893454279419402,4.999501733285577,1.7584423072482518
2.4304186804617,-0.2593468144171225,1.3990263856280287
3.2443885180350596,1.7612491758568356,0.623214942741424
0.3468632599238871,-0.18176376439860742,5.307670720962149
-0.2085785316438425,3.32519095683456,0.2891518845187252
4.980771259850285,-0.005679979264391566,0.131676064710813
1.8311767125353473,4.54918611321365,5.07283138223163
3.2316681107972838,-0.22054611542899005,5.814922855315666
1.0689476772777198,3.5485617530614153,2.986479549072578
0.28219832344533646,4.0723679995261985,2.2282571692770015
0.5644400473699127,2.0259713356726388,4.401614443718917
-0.4164531112669444,3.946367013321181,1.0383177981207357
3.2855323062234225,4.379843095863764,0.2951546122394837
4.943292479159675,0.9993123679385183,4.834525480376228
0.003805154034095981,3.2014092212108807,5.8827491957434495
0.40881994760809337,2.494815497648899,4.1151103331471255
3.9093325423455516,0.4519291991210217,5.672320272828153
3.0001392978065593,0.17813164422252914,5.968278280447701
4.71289896161154,4.7835774839293155,2.018218721091664
1.5059163604928445,-0.5834534567315885,3.67638812676484
1.0752138887046123,3.8046748432112434,2.6895148972079093
3.9241405624452934,3.9991100329156293,4.579504309418038
0.5313397317972752,2.3256100666040798,0.3088418681480206
1.5889048781893869,4.366028929132,5.24005371757437
3.1266892060428937,2.163458986465135,4.684031532823537
4.523612759495745,0.7926660771371716,4.166238816682444
3.9705628893873897,4.480858104594028,5.080318093255805
-0.032705612699041486,2.2261699576169005,3.9952644522112384
4.252437219643822,0.7336967999638762,5.453766834319418
3.852291161385356,2.648123210315501,0.2989990505775588
2.0890390210874923,-0.32949526247708727,3.149993746934173
1.9376728071447102,0.03361642812609622,0.6968075428055183
-0.19495719426352925,2.063720845130787,3.890278856587056
4.521964888499812,0.9149123249222038,5.528922627498574
2.792510584341762,-0.8430069058225478,0.6399989187246157
0.040000406970071456,0.23679363377114426,0.04219171424998659
2.532924984315998,0.6338965254778386,2.5231006689220123
3.9618124643270685,3.3705738983287077,0.5425827621023297
2.6987216927544204,4.665075246627278,4.067775715218547
0.60739088048376,2.1147043067183624,2.8966301119357296
4.834606411536349,1.1137054095932655,2.8716558120595237
1.129456890709237,0.9902642606351337,4.355697418929847
3.489501633096267,-0.9763607796724216,2.2948321693954217
3.282489957654968,3.0080164589107783,5.335403555547976
4.578022115374902,1.9139734795740702,3.4825901983125345
3.7076476343813294,-0.6822194081998996,1.868772968851558
-0.23590417120152957,4.942639123706622,1.6228355837457007
3.1098579376012756,-0.22685672430324977,0.2598290871077711
-0.43463062983948214,2.057270062902597,0.6497540979184001
-0.2117839890655716,2.796016245490952,0.0905988097644403
-0.3726131812476726,0.010799655377481399,5.2326323091782765
2.652217654118553,-0.879210243754827,6.199452036347886
3.8309338130297537,0.38508187859265,1.6744189819471245
-0.11361367458883326,0.9708708305959106,2.9356087820070416
1.2561307019306769,-0.47105226789718335,0.218057384223845
4.4468726039718325,0.6951413878184209,5.206977925451733
3.0548484351884797,-0.8965708757884043,5.390732481872559
1.726130489339416,-0.260124451144514,0.3790671000602652
4.5710481731647805,1.7537123372643357,5.335267870916264
3.2792216444528934,4.335009370263264,1.6003605796561913
3.1973555787420667,0.8426110907925299,5.719406685440525
3.4165130233384033,4.664575535651416,4.544927440735429
2.480053382839041,3.9520125722702026,5.329116761003423
2.071241928040306,3.6968777516754265,6.201571254619801
4.848703928010679,3.4692888246004205,3.4064891231087886
2.645048582990863,4.303553549727154,3.9122197199558
1.7340869506432504,-0.980748889541875,0.7984383031654487
0.014668167929961284,1.310656586243279,0.961306409549195
0.5574264074034672,4.1172202091333805,3.8065805307994833
4.908092716719723,4.915962124374404,6.000975503282861
4.789375173925347,3.683492346307416,4.2970739351385205
-0.4836312470444813,1.7030339113691486,1.5415233108379904
-0.0721266487975365,0.3453017573116566,1.6705708154513488
3.2338975554929172,0.3349778039975928,1.6379219424721356
0.6990913895565034,-0.8566473437407756,1.0547954757871552
3.1500916022394008,2.039136250559759,2.9355042395384014
0.6540209893069191,-0.2237354385191035,0.4877788441496171
1.6826345833566791,3.574026087371693,0.34276092336741243
1.292374072205271,4.443219090842335,3.2631102924879536
0.855660069981306,4.960422237090913,3.945815386739636
3.7631293288017105,2.883074470856072,0.38024387674082405
1.1709760496748955,-0.15491430923791905,1.025221463199404
4.530603337790424,3.610614099868897,4.066536803650842
0.5379644473025791,3.8838084880517876,6.230233752791961
4.422148598598159,0.7175966526422823,2.6112094292243753
0.34418704093215013,0.9765943735710487,2.2886098170608267
1.127694896167404,3.3149127556708304,5.29336422323989
4.910366178835287,3.5725239173997902,2.0775152443097715
-0.23975132785779096,0.10834432900474011,5.233340285387432
4.110619696407675,-0.35695778095023134,1.7450965560330094
0.40025867159048034,3.14821584567021,3.9104728939421776
2.3550266073480057,0.7699012579777229,3.0615334771627154
4.770099889580834,3.8595110829233565,5.287129610421864
0.15411442624365224,-0.7420847086848463,4.766220464519851
1.5729693149001447,0.655320690497746,3.540550680691147
2.294989804088414,3.340315449121933,3.0508074461047165
3.087278824960233,-0.7292414644280942,0.43024498421051893
1.3493095607414265,-0.024170178613274196,2.8810883884858285
0.8681072211405332,1.572954721950711,0.7350899032206081
4.493011698517858,-0.03347272283117153,0.682380144201482
-0.4556254064671812,1.849912344892993,1.594164660863699
4.896727427063228,2.288212841878292,3.8556629606376966
0.32117184865822856,-0.755500844612293,0.034635286152909096
0.7706659175882513,0.2421192455341108,4.278901468726711
3.523971793625644,1.2777094949882875,3.314313521594334
3.64183657357169,-0.1359122924402083,4.019462430618107
2.321605106577087,-0.4572808917296092,1.849897807275839
-0.38148877960453803,2.4071579009188975,2.4754433366275674
0.7246317849024204,2.9045282818716176,3.5844702294536126
0.6439248995969051,-0.5023668980777003,4.555717936785777
4.407745098517427,3.354726648424897,3.646249221712421
2.0235909593259422,-0.5147751224549642,3.1853811122346527
3.7209367836401954,-0.48918561302398844,1.4133071704472884
4.4842959529030955,2.870762051691151,4.2270341970023315
1.6623306488427616,4.965581572943192,0.2842795039667661
4.5813642777292785,3.078751562075448,3.383696871190947
3.2422793718884386,-0.3364533591056964,3.3221248528369824
1.978747092270015,0.5075293000636691,3.216181893239388
1.9316132355390936,0.6752600728659537,6.141807401877094
1.2819263790123978,3.1685257057023435,5.157030838290368
2.168293710377788,3.1524242282044783,1.0263129546405247
0.9427444683478976,0.22864230218753945,1.059188106520257
-0.09450667101782168,2.9654036930743213,5.6081525970366215
4.852981095357771,4.211454914462864,6.233723323089072
2.650023008888341,-0.3792846783084576,1.2049421588908935
1.3478185922018295,3.6301774767062636,6.1650092075862934
4.121692980366354,3.7748882579203276,5.917766682434916
4.097156773082466,2.8383106617933516,4.004721609362506
0.4062163599379329,2.0838138563505053,4.664788811648329
0.30078537037224784,2.668642413025058,0.2006518312411135
0.7939385893645157,1.0708763210341088,1.015128981366376
4.2312510056224335,4.897456812599895,3.2310961473806157
3.705410718151594,3.5261648381821686,0.33783361127187717
4.6344448285106985,3.6926782273809966,1.8524414453438327
4.231948135297444,-0.6649166258036214,0.06283940695998781
1.6344429109055305,4.919401554099981,5.404417273876645
2.7992147780608905,-0.14418197879508932,3.400337744978058
4.916580422168424,2.9556386517874618,4.233378394214681
3.384643580813634,-0.1654327934327,3.6549076464197756
0.5875731401861581,0.9687869252730033,3.51130413994433
4.401880916417554,-0.08495966432469304,1.1341786790584387
2.070565238501021,0.8568599192590425,0.0020831906007181635
3.5996669480078687,4.826719044159482,3.0966854348245247
1.9972432537205762,-0.5473672054980245,2.307630069586394
2.9822896049381002,4.266228889426567,3.2842732010678586
-0.4613525253938158,1.1912669898214254,5.669644616736716
3.6954603970592546,-0.7544044496507643,5.323688353096089
4.785661207979347,4.060231563686335,2.562446171232724
4.148720063324604,-0.38869094131938575,5.333062538513795
3.9919126429776792,-0.8635345185271117,3.6513638824358003
3.544477341341702,3.4055149962331654,2.7582593906569755
2.190375068949869,4.034153876037042,0.9518456089042934
0.12448346388424558,0.7853960939876183,3.079962800968331
-0.3155559107795832,1.582139603326894,0.026918550815570017
4.101467517504053,1.1898123934298734,2.9723474834235217
2.0859075289482396,4.637708129760222,4.981215014795827
0.1106302709552971,2.454993046903562,2.1459012719010113
-0.3154458532104411,0.8604789193591327,6.0700554283684935
0.8662503079558439,3.3270335604575685,0.12308222909277239
3.0129502053900254,4.865315664866459,5.751813972861294
1.939765627075415,4.136229527273971,2.100460780456708
0.2776475193672807,2.5475688817648443,5.775506685291831
2.417591945738919,4.583930941035183,3.358811257311206
0.061951643092962416,3.5428649151433067,5.163071041955194
4.230222901554859,4.538848173031322,5.54254422639247
3.4263323189628383,2.9768348476624014,1.2620212524739813
0.31857220218844384,4.492965315178257,0.9121698465711466
0.10638958124987352,-0.3605325155536647,4.584719367251903
0.4535031343644401,-0.5017449005683909,2.5311463773982794
0.8465739000310839,0.4533780681844348,0.1310863814328041
0.7575808754333573,1.0227416198135808,1.0896693276140204
0.15675021809178813,0.2350400201649352,3.425695315745167
0.6715558495797374,4.133117324564919,1.9800930533819976
4.529471682970963,2.1873424065192983,4.259132274949344
0.14733919671700035,1.3882322299877012,0.41581675514097455
0.725253677732816,1.963352184047921,1.2006672021880411
4.49672402129539,-0.959058501053125,2.893381628536055
3.7958484796983223,0.26086120624679254,3.3098867291884333
1.9654771408080802,4.65418763553092,5.33839412774848
4.832510528932475,0.38491583873361934,2.7669656246340004
1.2981053167349754,-0.8141535710933558,0.7987729631824827
2.765376160485955,3.0011169497332792,0.4937996405482443
0.6185203455080044,3.9410279108642214,1.4985525779062383
0.8491698958552383,3.1935549738706444,4.132705313991964
3.4641900597638347,3.416016325093862,1.0460937158570776
0.5131128210941001,0.6536411666293318,5.946353974568871
4.373004904289612,3.248797094015088,1.4998649194627298
4.433168030944599,-0.7065285069343641,5.486567596461787
3.7270821785839594,3.9496453067885158,5.754654507381384
4.372623128403014,2.9822025471908864,2.419962518576014
1.1631105057717064,0.16851136742674844,6.176289996577944
-0.2151556350307004,0.9940133273938514,4.524075008320822
4.495728059040042,-0.8203638512145408,5.198836396919756
2.6727880086390066,-0.9218573009679185,0.11479132544305025
-0.25830013340391383,1.5619417410044258,4.001696967947087
3.767660919134804,4.355638257076202,0.4383472252642787
4.736040675634223,1.9728481941010583,2.8679861807389453
4.915382371573087,2.8695550522900426,4.495651582134843
4.493109519788107,-0.41342431834014093,0.06438329666901126
1.010594192137248,0.7462935041314358,3.0957981382803434
3.515946128427215,-0.7975104477627446,3.342135916935976
2.5737008967593673,-0.8268670540732337,0.042892386397680136
-0.36416530724126267,1.2646880845294683,0.7723694487424458
1.4180093976456085,4.013500138649975,5.761166427058292
-0.4525008495908436,-0.8403474297086495,5.155695742240766
1.199780957528201,4.872563709765737,2.8990764507549462
1.4907341271102765,0.3677424964973157,5.074881811422716
-0.337885087209607,-0.5418895833886803,2.5159250776142974
4.71903322609186,-0.17828748724233057,0.08826269443460918
0.6611056529626609,3.368031890596191,0.5859156695175393
-0.037320946339186756,2.582185282432974,1.290897139451774
3.1907589077833305,2.539652917182245,1.9132565232526222
1.2648303810995192,0.863382138729855,2.6880735270346583
4.535005030531705,2.6247343279054327,1.2240625970264858
0.34990398500398057,2.463559444392917,3.4465863341633836
0.44601761775508075,2.9610612342713534,3.903155184586261
4.13998671973016,-0.6883369713108678,3.059422254923112
1.9702351298505763,3.205302983034165,4.7197151636272965
3.722842416568861,4.560691841264092,4.7865932274517276
2.1153474130518717,4.058572520638257,3.440572413946141
4.3975153646672,1.9468231469777821,3.883351545507063
0.7314614617084729,2.805866892391154,3.527930643402189
0.4344830289523818,2.6385593243666907,5.184769119736629
0.8086095008740095,0.8207413125477507,3.3399883319356434
2.8109914132425335,-0.8204044349058497,5.236523416137727
-0.44966355833560684,1.8340946099343118,4.2164098908245755
1.9657743471901519,0.4161790259646787,1.0972203352465044
0.9834675554019916,3.9717824929614114,1.1806266133645393
4.9740386447338585,3.9298508375111982,2.388583683284279
4.371234567457566,4.864825078874138,0.6496017197489797
3.301887758373335,1.7763116034764064,2.4305089976515357
0.0028349269138859823,1.918457641647838,1.9381892721955438
2.1988265388004042,3.1931894002787002,4.850388181450082
4.723385652996289,2.9596514762464317,3.539790905893212
2.422502748689808,0.8539682868663752,2.3087397369128517
0.27761994354887354,4.6404375218026,0.3174688164869482
3.6936363833504773,4.428603853173982,0.31116862535300643
3.779040664882949,-0.6179762030005964,2.48174862446151
3.539952621784339,-0.07833232540546664,1.0715376391955316
3.1339449353673583,3.1397080825235157,6.032044015112481
4.179878956156781,1.9658771501238212,4.234322628950138
1.866753125661515,-0.17281349797694334,3.562271557631607
4.425863787344519,1.4053979053110393,6.039469243447105
-0.02834149149029258,2.468904009669091,1.484656107823053
4.830115268841354,3.656945568661759,2.733309017242352
0.4812339954988816,1.1511687919505222,3.507981909397718
1.3387355194053647,3.0037802124779986,2.006044384100588
3.9102325750976323,2.9848012342463033,1.7248993231214893
0.1870392402285087,2.2140494983327357,2.093472583993279
3.068509624883567,-0.038661370581710486,3.1624452444901574
4.147382823562449,1.5922819067591458,3.02542126206736
1.4394419530706908,-0.9832794483099108,2.9333968510076884
0.10314156517314932,2.0785565563942745,0.8639058228759496
3.9888880891930665,0.5304926917895392,4.300807529875171
1.3991938661238628,-0.45405050480745635,4.147834604851443
4.387103282632738,4.237026534551199,4.671996159425338
4.536657891889935,4.26466476511055,3.6716686226367776
2.657214301454662,4.519286188777846,5.941984836637111
0.10720009668726782,3.7211406750330323,5.348495980823202
0.9256582744748916,4.211302997702543,2.0105887268076064
3.8532795529418644,2.7909462596135475,2.3994121920177336
1.585764615237816,3.444376870732375,2.438033602157813
4.605161467600316,1.7681262424679778,1.555779828947372
4.928681894345209,-0.6171856382992036,4.118088670877445
3.1055784418044037,2.4268828585701643,4.14256117985394
1.0331515470770964,1.0233289209737055,3.1692432566602853
2.509571151824532,-0.5412196349066778,5.743535726351412
3.9018361675441158,1.651975047302578,1.6606605678934274
0.8650350224209602,3.7468990804710325,2.0033732494184404
1.1237830100917785,4.040348226326118,0.5333098745961282
1.7902832124400505,-0.26847967160724084,4.515698915394053
1.4957748089351548,-0.5949104986033473,0.3220403531322385
4.667110007023143,1.3272298242133265,1.3341742358316997
3.059412650347625,1.3230065663181798,1.8953080313726587
2.744180708348503,4.12012243928381,2.478424059882785
4.7070941270433595,2.5246079185729773,4.343365855021798
1.7107880307072043,3.7372364354968877,4.925798691946876
3.2740956925664286,-0.033169850527174916,3.8476186456276995
0.4270252627897957,-0.6874003491846243,1.1795268542992063
4.08632459585942,4.715201200932241,5.368713397513592
1.3048035049664382,-0.8723839873245718,3.3041688586056446
2.1295789376574983,3.161505322042154,4.9085962337772955
-0.3489860422346296,1.468119487546124,2.7298854893851616
0.3078209899386726,1.5384080685743622,1.6617207664662608
3.9790267594075264,4.742774824974035,4.286785679415385
3.2167870169353665,3.047766347626321,1.864211319687814
-0.47290321430099275,3.8616007403844295,3.3588976833245856
3.6896409725826906,0.8287486458834918,4.768163423166108
2.9474648010992053,-0.9096442587983615,3.534094427474851
4.713925482204044,0.9083245149721539,1.0176731204816198
4.617451825276697,3.8892536492249787,2.2238894130094895
1.8198113309271866,0.49441818981987296,1.6545143666809534
0.11127353984327049,0.29976903070919625,5.723357165882503
2.2501216970253277,3.7956778853636486,6.073505377020818
0.8710019816154484,-0.08794644341396052,2.3860864530525383
-0.14785270632188963,2.8624924080335488,5.261170016240917
3.6382480074483388,0.5056991573450469,6.259948454953154
3.2445279032825693,-0.19836665066753945,1.2586563566066664
1.0220056576967438,0.49746422092277265,0.5079650097947966
4.1274906789159855,2.4108746120274924,3.817486879296873
0.8103520032211355,1.244402661970855,5.134685381601976
0.16331890232230717,1.6386793740752648,3.127044876549567
3.7955361976446866,4.325652271163538,5.584682730872224
0.7544963871118053,-0.42864386991162773,1.6553553485281385
0.4601078745900975,2.7594215916123557,3.815796594452513
-0.15643106625271802,-0.042288840638308844,4.454540015495044
-0.3989885921050301,-0.024230699445665804,2.3555853201274775
1.8561656388910626,0.44862044084909103,5.159009436117761
-0.03007820183074661,3.6303983614902506,3.8200524025076574
-0.04861517956610539,3.3190851922401325,3.9347792241168307
-0.4773409449313066,3.807215008297388,1.6721650230417207
3.5244660239352115,3.17694607546745,4.080438204506506
1.5270644138278802,-0.0447004427166926,1.263168026214621
4.730736291701724,1.857012965723761,1.9762984562119812
-0.3769573070101171,2.4832781676258344,5.580338826632311
2.94830404598453,0.3641177334422643,1.4322260801340725
-0.40173506175800927,1.0275410720397105,5.9662298021081615
1.2190749726136518,4.852668158132911,5.018816148231389
-0.05811902819932446,-0.9866259549827179,2.5962412084589945
3.8075438461896276,2.8268676483632236,1.4012603969416955
-0.0746500972779075,0.9416460822395283,0.49799781848031255
4.874432596948061,1.93719720007015,4.644214249670004
0.10907703407162972,4.318441382608942,5.864867333648705
2.206431375907137,0.7373869903480827,3.6363942767503303
-0.332197213804115,1.8802768958910918,1.634509148483013
1.7320125861240196,-0.18568008514320744,1.655263804812227
2.2036668389765475,3.4193400562929526,3.8497604990301015
4.20969096584831,-0.532095251953804,2.354870149015292
3.2265011197791282,-0.05906917811166945,5.421731787321273
0.513656065886595,1.9339885687665452,4.441435815295706
-0.2512959065182963,2.6339380828244288,1.8755077805642975
1.306818789192594,-0.9762233968112084,0.37459856457582824
-0.15445596024212532,3.9850979697742943,2.3137696906017156
0.4674818076241083,3.3096709413991325,4.304385319355813
3.0791104470564616,1.1663391111796404,5.075985288911982
0.6085278526697848,1.852912823939926,3.7324063070525897
1.556551080340694,0.8365078932145502,4.867761944336505
-0.46101648288669306,4.87619837422219,5.327402146430337
4.5197160240883285,1.5818878907547576,1.105538869081539
4.124714159739798,-0.6697509378169721,3.572015777236703
0.020409124045741578,3.533941588922037,5.892689411962362
3.2651274181039156,0.8420181196621164,4.184131515232074
4.020405245531675,4.5446619703941895,3.221209970873605
0.4830841482048345,-0.661403177029714,2.0608265831505324
0.4905736613093137,1.8634985854751585,1.4872983896244858
4.747014892976949,4.282536443120975,4.413918648419767
0.6454492068291879,2.264469694597877,2.874403401016632
0.4197356901769137,2.650336712128672,5.399652497482798
1.2874212994824803,3.887089439622926,1.7039118709684453
1.3174554016233544,0.44924627152968877,0.7399947294399907
2.8423856690739466,4.944852072174811,5.182156250890341
2.410213463632283,3.8336947052697035,0.1468984909733343
4.762272549208256,-0.7865644398840437,4.681041951396472
3.943072302104545,1.6363148005850037,4.2422011878351285
3.588967087929163,1.921208598244081,2.5492635691951118
1.131931449904104,0.8959362728917952,5.095349906428944
1.1658009256234212,4.918612289228236,4.485265283947254
1.1135143410790118,4.282719959969726,1.132816613145217
0.5218116661941878,-0.2546981921639606,1.1846962113969872
0.5817423154705788,2.2479517858869453,4.652295007442042
1.349133271135481,3.356540038381411,4.676049372234118
4.676050701278595,1.3789812128098138,3.5232319443884323
2.8276446982835686,4.372636920862012,4.078738093383611
4.284031348143677,4.228830388262247,1.869172590726756
0.04240367842139525,-0.1759783618521007,1.7488444683004531
-0.28477381173713107,1.0475219749246332,5.239070318116082
4.085520280352426,0.6132370302201138,2.825841626400757
2.528681234498127,3.5884731315562153,2.506906206346678
0.999932760295011,0.10855436753449021,3.067914542692225
1.8826824012649288,-0.6457706861854353,5.85521356027334
0.22984522601741153,2.2810617162413287,3.3643542695111166
4.953970518692826,3.71470661744869,5.244571049660986
2.5230790649426282,-0.38897005385596284,0.4683369341160757
0.0434996798559415,4.010044377309777,1.9150982408593444
4.183675277428221,-0.035220871690055944,0.4374505778159775
1.865437850146614,-0.6127772926151729,3.7569573465344828
0.3648830588026577,3.468265325942987,2.56580748561114
1.6757368714424445,-0.991064752278157,1.9314210012246815
2.2389282828087174,0.890176569391048,2.8790972293957036
2.234889281245971,-0.20603341266839825,1.2261282700443203
4.008658519693714,2.256105071890593,5.542290019080897
2.226841916657096,3.653018765714915,3.85479466447097
0.9726531888005272,0.564844089815149,4.4758123101581075
1.1923602109417821,0.48012793948268895,4.957221868056356
0.9536212084454425,4.0091571342642,4.872399027342737
-0.32979430615173116,2.35259315557325,3.476211941765139
0.5957987608113324,2.8918097642342664,5.471745125346382
0.9879341999353939,2.785944800784878,5.743576834097257
1.3250617709892447,4.8052987852701765,2.8170352702457895
0.9221776412604439,3.838683954946485,4.246591506084451
0.03225364836540323,-0.9512927877092088,0.9105172214573716
0.49216284813725364,2.20192647576415,1.3456314526727107
4.116424943116906,-0.48660336745379906,0.8265201305396318
0.716741456098025,3.945190014588113,3.0836007685501867
4.056188003839899,1.5775740670945204,2.9244663619209974
3.5881478451531343,3.1973343356486437,3.6681946486070265
4.858619852399033,0.558420233133331,2.286472184842586
3.644745793255021,4.687184045289813,2.5467356578629046
0.13312179737926777,1.0106767814512434,2.2501100333427337
4.6702351423226185,3.0360306880247885,1.4421660006106913
4.13152041559108,1.148119049462177,1.806727684466162
1.93995730917896,-0.32078624172248627,0.09538056839497804
1.8847391877834219,-0.8485552299453918,1.3255556974472908
-0.32975144073940227,4.279527876270963,3.713468546086288
0.6970284601006589,2.4785121691356435,4.254766544982154
3.431873634621228,2.5474392308949576,0.05047723343762991
0.10789739673669041,-0.15793404588649085,5.782906584793805
4.95459691121364,0.866430259465754,1.0552183497372256
-0.38074639451845305,3.363831796668939,4.154465720233286
4.950354034088295,1.3143507380613006,1.8365230056979265
2.034758677169817,0.2955855349256169,5.264985112547013
2.500092987714944,-0.6004298524032694,1.8405535553546892
0.7127366365990548,3.8057349852187805,0.49697223308430444
-0.22186942625210826,-0.7758215877399037,3.30179834917373
4.028881524372724,-0.13950344758531807,1.9356527687066105
4.847701540743444,4.341493574839852,0.39480042637529345
0.19056611751023056,3.6594231787283116,4.995655048670658
4.229069612025415,3.7000541798677347,4.736560750051095
3.462966959145354,4.369049527149304,2.245946769031128
3.6262393764714957,3.8539950977855364,1.1561492460734486
1.632930032212394,0.8496316864929117,2.7450439806815607
-0.18333799490177505,2.4898471736941796,4.835235315606319
3.297327179843064,4.8651283722670655,0.6720375134629778
4.791695357290017,0.7834675252181464,2.2171259033658024
3.123170356791919,2.4628576796465014,5.158807961402426
0.7872877246962993,3.60473866395534,4.270768314543816
0.1692132867806686,2.484354107402255,0.5271284310132796
3.4483320038227436,1.467418600835587,5.518184302492418
3.200753066388475,2.6108501619255042,5.038101943903226
1.9573669965327833,0.2958493880165849,0.6137973648614008
-0.45234528463476803,0.3812173335073066,1.800057318844821
-0.1679866045858998,-0.3841292351652672,2.554218847651089
3.2508772750306214,2.9345372344711187,5.11437979648093
3.3082733883038546,1.2376075163408888,3.403102735170516
2.6636512978510716,4.344153493605017,2.6867863553227593
0.7523017253319246,-0.32816973008977235,3.397829214821372
3.1472237294732968,-0.8573934547919495,1.840501667815053
0.08027860858110147,0.5109361355755226,0.21772103285829103
2.952243161824943,1.1025310914511786,0.9925562422912431
2.647748493748365,3.0520522764716596,5.767930218301523
1.4552150018225996,0.5880317690635262,3.6114710060244177
0.7054132288868211,4.432090193590963,2.825387333107689
3.485204868304341,3.320827906149626,3.5504151167210916
0.4954557525704364,4.910016840414618,3.3720606298388534
0.36545061937004975,4.7997965405826,4.289666890010018
2.9802026548615164,3.8581540901626186,3.992702290295542
3.1334349197874785,4.315410001095921,1.522175982000924
0.06083004030145056,1.0196205140607635,0.2025351846111543
0.9425856886958472,1.4199222476179059,1.894988147638324
0.042278187468895556,3.884553050280788,2.8183646476966824
4.526073043098767,1.8245509432060123,5.743291576106292
-0.45387416692407545,1.376408893547473,2.2670321298452234
1.4305636774613038,-0.47567836877347314,0.8655463227273694
0.3625155408722679,0.8788167931953372,5.82763970723071
2.0684718235872617,0.44235896478307457,0.8771851226992076
4.487605465641144,1.3383346065401813,5.953378893666564
3.3905700697413725,3.215382272825929,1.8429652046493232
1.4809556503698627,3.6525794406057663,2.5671052259048213
0.5265953248990458,1.782970466785116,0.15988151771676345
3.37756673578895,0.0771533884036193,0.05169843771129308
2.4805373014320193,-0.21762553240326588,1.7547734265933945
3.461594833064532,0.0176867502570357,1.3399427204297472
-0.25329592654497135,-0.33769688205069026,4.456756451430966
0.4522734328816871,4.151166097251669,4.269237276029546
1.2593031592396846,0.7618948541421859,4.7103463083129755
2.6319531117990342,-0.3172343223737044,3.3123583339569764
2.59151697109949,4.219078922874479,4.663982746058091
2.486036140611866,-0.8467638415253638,6.1340195385252985
2.6136398758379356,-0.20327034727798665,0.9495909552360825
1.0334706684057235,3.8678007534712178,4.500834993881439
2.3497124748470872,0.8818489325795795,2.6235633729779724
0.1702328230142025,0.7160714243318604,1.0193462033253116
3.620992533729442,-0.4692391540730769,4.874037600608883
4.741146481015559,1.173289392625061,6.074590540808965
-0.20246931902476456,3.1582029095020214,1.1890400806898436
3.8027992761117577,3.936901324977386,5.669845133903021
0.7310809014238533,3.7142056862076283,5.0731948929028725
1.3502624521390352,3.5264751114849755,5.852013201603373
-0.31554003429818356,-0.8128134954679904,3.322721187012813
4.82997188305521,3.2350489068451758,4.396386260865512
-0.05130212265702577,0.453153617097918,5.400773455605931
1.2685559900286614,4.455529444861847,3.995588021051181
4.875045864204845,2.8983180997598224,3.742438324717894
-0.1697730834069473,3.963641734318861,0.8440713736266727
4.548483580079312,-0.6002191469949856,3.5002179378839435
1.03730746949841,-0.08424038394216526,5.179785182541596
-0.07162094395531687,4.4845889273808615,0.4393559845174078
2.9355519396824046,4.5551462161494145,0.08600829709925763
4.429300586422309,1.1950855474280995,4.603252844741729
1.4064149423301544,-0.6448813925803161,1.7749023031463278
0.9430323730461121,2.47983957641142,6.0334985169873
1.2118595367344756,-0.24401068912289814,2.937027302401742
-0.12857545850919877,1.9202221948894822,3.384397046653273
2.2789909305993348,-0.78391905100844,3.5064533442959194
1.3786244437259936,3.5765783078266224,4.14949609117719
0.4137826431526116,1.3200732838356277,2.994008993023757
3.473036259147773,4.5821660909523825,3.645696415895517
4.412804262377676,-0.5212129888508277,3.692274359955017
3.9393492249187263,4.544213670768695,3.443988569325884
0.2455059596188498,-0.8067666564663165,1.7089860419680485
4.524470399351128,4.435559611647105,5.070667231199366
4.530229126836301,2.563060149767822,0.10177040975276784
-0.03999850136851946,0.2115275132437564,4.346453921869748
4.910844577597636,4.5191033350471015,0.8576407377560812
0.032067295013621266,-0.6876138598427912,5.1207016860164645
3.5998364440458417,4.044606309474517,5.683844930249084
3.429271384227863,4.932364480462333,2.17443891246179
3.664421448229147,1.1479874561329826,4.118752609015684
0.8456522995373859,3.014789526543316,4.7790427543061025
3.613613084455518,4.161946537526422,0.6618154143168639
-0.24122807359262954,-0.8942610164995253,4.591670957479658
0.03641002889582945,0.48360448551042556,2.6390357435034724
1.0413051884862259,2.669915892712293,2.1115555847541976
4.160969206713498,-0.053922910986428985,4.490872217260903
1.8407052124953776,-0.5676632676975399,1.0945438048250715
1.0072415124061809,4.939370162364216,1.0094943120239928
2.441958357395843,-0.9993519591944111,0.8683584915144674
1.3162043201549753,-0.8424005887269845,4.163480059924123
1.1944205002777886,-0.4719834660111475,2.8998333095733853
0.5901112442450176,3.2242409896212365,5.817926720728703
1.4321316819055865,-0.9551898714969993,0.4774527668274212
0.4113144706846963,2.861612893607874,2.778605048113579
2.6575731226754815,4.235613736631876,0.8316255506996548
1.5726105434887816,4.4186795261577885,5.191939020179265
-0.283163819610859,-0.3707853892339763,2.080903653966602
0.688662710474101,0.4659591380375141,1.0832179947539176
2.131269998143023,0.03520245059583216,3.6768400587111705
4.352838457425394,4.044662501644709,0.15715033296466366
-0.17968981866894285,-0.02775141305145934,5.6739105229154525
3.06359628069582,1.5937066502218147,4.817154398559931
4.235420205220225,1.2737097346238317,3.2822773842049675
4.56445035551917,2.468110311793623,2.3414093501207214
-0.3039185136940137,2.113511541284934,1.2298679339196992
3.07446773540099,-0.33800985247799775,6.030237056985421
1.360220788144351,-0.23353154934980047,3.7826154331530857
0.3895753213760551,2.334680701690753,6.0140864274355526
2.0884244133544496,0.17763073349039815,0.14644291285430394
0.3927525400647942,2.3686092486778536,2.9497958236361193
2.568638993919873,3.499989896118721,0.9172408809311845
2.013478338925842,3.848850365627075,2.8332841591321984
4.971439914468942,-0.23550845480415838,1.4160705010297234
0.39592526332955424,-0.5143843053376851,2.8903888847427592
2.993669188029336,-0.7421399163816638,5.921748016331802
0.5967841692688989,1.8693782881371739,1.9546770224762526
1.8015926345244133,-0.15110461463017688,1.9851670262877439
3.610907927242086,3.960587918551089,1.9963762831835585
2.2343804725703698,0.39691070322792266,2.952337945177386
4.39023288961134,0.6794405949220068,4.9010242377969835
4.2967127419155675,0.18006430729595424,3.488578847594121
1.6039097731103515,4.649377928027383,2.344502514694957
0.02064647853761936,-0.5667748388090537,2.4813973009089345
1.3857650538763688,3.3934184310999695,0.06481048963528079
0.5263974686692565,0.5279229498688716,2.4252409030808706
3.5967973729264386,-0.3876714662368965,4.563329161147096
3.0120795017732496,0.01591697150466831,3.3747050940708077
-0.4099402323603761,2.909705591437759,3.019476593441945
4.813507387964694,3.1225261377095848,1.8502003233629274
-0.4259285304049091,-0.2927037236115724,5.306177698027779
1.8740440598753025,-0.301999360838775,6.093920724801352
0.9404184419764479,0.12397128239139432,3.2689235875413996
4.394984003340536,0.38615482322675754,4.357684875241717
1.3868327524854895,4.618128778652875,5.746201550680494
2.6080914345598423,0.6748973257177777,0.12657061223347701
0.21809430594934287,0.14884524529286436,0.75395871351653
-0.21158569292524676,4.898618350174857,4.559717756293729
4.121239762006924,3.159911329845823,1.8555652321182399
0.20878063603050667,1.5918211595669698,1.9708730687673846
0.24389445908083585,4.737874817320298,4.125911608224253
3.112616733211363,4.165188316877314,5.224138412156067
0.681959294959972,4.5800240753195265,1.5135025390117063
3.7948031593306997,2.8390930633318634,4.156336727559543
-0.08938174805558335,0.5246055877590068,5.080863281162799
-0.3284990350688507,3.9146838166328504,3.1455480652791783
1.5860364304425136,3.938233888614132,3.600267095726458
4.268281979180201,2.915172129505439,3.608079932227946
0.2395515418907036,4.863257174648368,2.480212880400633
-0.47091081308050076,1.433639903394655,3.9580955463013776
1.9688773741164285,4.294260073255107,1.083856132229434
0.7641798830361974,4.818433833667729,5.050653465302247
3.406549496873175,4.420919409211674,4.1414510054096105
4.184125057652178,3.020928445069445,0.20040301153060472
1.9964981711361722,4.431072122095035,3.5724161536804435
4.592496852051148,-0.11269345725645352,4.705755081717182
3.441793420987128,3.1196966348506416,2.1433532402546547
-0.07769313055022264,3.5407831429166166,4.039368927351433
4.67240706658828,0.5885246050855666,2.7493169097174692
1.6608941983850993,-0.061592821447539636,1.0805552642414114
2.9554606560798016,-0.9687773295601654,3.510437539795622
0.46511088906125997,1.1938435803836756,0.5100822749342464
0.712618638911837,2.7816804847358205,4.804502682411731
3.101414534964696,0.20553594700344702,1.1833310054632011
1.1822347640407695,3.3712500234264624,3.836927648744764
4.982526038462778,0.7032354824235783,2.2379008458512035
0.09890942338608344,4.2499058033745545,3.668159653045689
0.5096264881217674,4.757204707490057,2.2168408207865546
4.231986815338551,0.2364405638785998,1.5805260965224295
-0.010435815555914607,3.4559182434581146,0.3623947224120075
3.5073667790342338,2.9107811928780194,1.6551519788500282
1.9425439361644568,0.5077393881651173,0.9285914104554139
-0.04522892377893206,0.01841286914780782,3.05810626134389
2.165063585197892,3.3261970849719686,0.08583961812491699
1.9504033376110064,-0.5073032023410873,2.9827391143888247
2.8049592542666226,4.999980600327493,4.382893026104661
3.3711188154627063,0.8828691105090094,5.9517229692318825
4.942042347771437,3.8001679214218473,0.3760567755215146
3.4162554496886575,2.2243277828526207,0.6692675464096932
4.526224591987264,3.1896206691933315,3.3774124854588354
-0.3734549752488552,4.272983386209762,0.5243456064532326
-0.30166757438144487,2.558339551414946,2.9504424983499833
4.875278274736573,1.6109299857760133,6.151060934295268
2.5030470560539397,-0.5189449295377753,2.9727822324573645
-0.21522837329257127,-0.40537966972092265,2.7552208805617915
3.132051332522651,0.7875229923723763,1.6344269986826236
0.03090220233963903,3.981890171499394,6.260081545350131
0.08379091384534743,3.652966063480351,0.7245186580639221
1.7150323444542352,-0.8598616753074726,4.815053976114379
3.150364054639875,3.0716414531142053,6.146625893007577
4.010662918268126,0.316575130348995,1.6261200593138536
4.196282087246363,3.41113803160996,4.483706953757748
1.6272853941839518,-0.08352036041018018,4.253934310878072
4.8910004201782025,1.969211070825402,0.42798583919722755
0.267059924242979,2.406390899684525,0.729512588143492
3.1889251041791478,4.021575598976125,0.1721842458369145
0.7739592416344963,2.8017492663694337,1.5374284753504863
3.3952782833163835,1.327657813111542,4.237047652181192
2.0813698664303204,4.731853364106971,5.946896436102557
-0.3333876338236347,2.2160537077521565,0.2000952524469053
-0.2543814111040629,1.0398635649749988,2.610394141429756
1.1274650808393,0.39729916226229944,4.921471038130173
0.03578938352955463,2.802144297820247,2.375962910928124
3.284415993304046,0.7283728289639264,3.386413194089048
2.034142951348443,4.4509403839923944,1.4407798158997258
3.0420877491096396,3.1622536484898713,5.276182522390315
3.166306461045339,3.20325463712242,1.1487106469796033
-0.238767290914277,0.6210033841391509,3.0081976569275763
1.7802169278225564,-0.09904343540788973,1.2602504491558033
3.2558574696437708,-0.4934960684863392,3.9085494009246773
4.467135711038223,4.570907370495293,5.347814339208171
4.702992780158255,2.5360535340703008,1.5917337454058873
2.6699081311916526,3.1290011713204917,1.4693936401513754
4.637103690663927,1.161945227870326,5.164753901958016
-0.2515205919860497,1.753427332530169,2.470961060311276
4.869034681563251,0.5653873651727517,5.966410368302863
2.001341042769596,-0.21759789700870313,0.7141760032875508
4.171415626712925,3.3064044271487782,3.210961023154803
0.423070970253965,4.858414050617226,5.734145154223624
4.647138734641804,0.5657291637216857,5.13023065118081
3.7595090757358003,0.20838932514390707,6.008374992527137
0.4518435351711265,0.4727417198712853,6.262653846309549
1.9104979800744744,-0.20863358387128583,5.408551314699093
2.7212920309719495,0.37786960349845633,4.233857531903991
1.7107220058206059,4.241267992653788,1.701852459071122
4.41078629802039,4.955695814025649,0.8697358947363948
2.5293288508615728,0.9588362084388999,4.587358105877079
-0.010206919024164873,1.1874933775156382,5.598917614514426
4.314350520448929,3.8607026103915594,0.3792709278245639
1.2121908686731906,-0.7203934122441447,5.80042488844221
0.44363981233363226,1.515332141344751,5.617976957982904
3.035841119431667,3.2410959967992152,5.540992989255654
3.943854706573231,3.273750187016219,3.6592129884796423
1.0966747985796148,2.9605336245174776,2.611642311324937
2.1806152549605673,-0.5493734131200694,1.7176353513517684
4.8238976876783735,1.2072086315499022,4.538939318982596
1.551794972871725,4.863914894208085,6.003052947346531
3.3889420449129304,2.3433958241858734,3.8147023457452214
3.037768117807786,4.170778778063827,0.6837055807269525
-0.3174211409920749,0.038995306274341335,2.4992163416507243
4.668154271669828,2.968627683456033,1.416325715076667
2.0218593754371628,0.4301348302651171,1.60879428284403
3.3732153152180144,1.5462600484937976,5.284292872297131
0.40326086386132487,0.3711395059321785,0.8061109247982451
4.971076748665639,2.6894388330378636,0.9671936344575255
3.8291474516841335,0.7148011598459156,2.6489859032213143
3.19998453118086,0.5038308189043548,3.9308082010560477
0.9833283415466627,3.411492688518706,1.9711320561828671
0.5530935046683081,4.409337939247213,3.5114120446743526
-0.006976279060613155,1.9555403212366977,0.3990067732210282
2.5670032002246526,-0.06423678811360056,0.4986822350867381
0.6610559322465384,1.7060658097906716,3.017075780624402
1.815026059599742,3.7605797070120985,6.282357471334741
3.6857663802703673,0.02795410756219474,5.85072939778323
2.8361302260050736,0.12722416427039906,2.0057630187423596
1.2463058583780455,4.270549030190379,1.968682672133568
0.010619474108590987,3.4291420651840676,4.111513079845565
1.1949698229436092,3.072645379447856,5.438037440083446
0.5851724200339223,4.678759424247787,5.067966128806593
2.4989635460394086,3.4875216605135453,0.38448231837535174
1.8232193433959272,0.08627113302048883,1.019578624685337
1.473413607657508,4.914063607993164,4.3218731222359335
1.6250347039798911,4.746192106340665,3.235894049561224
1.7439567690975686,-0.16718890617611626,3.0287270262160044
1.2992328320570277,0.4151636899893172,1.8873289573128504
3.6782684462726474,0.6906898955210554,3.3937155051193835
2.410446398233934,3.3800690986909263,2.8424805174450145
-0.4378928706331705,-0.9140023726375466,5.847967805773822
0.7375054636260616,4.7959967143408235,5.734529562757025
2.7749507016975685,2.8949820942834505,4.606993223250912
4.116586674161003,0.6762414514643522,0.05304827938444517
3.5885178317326485,4.9891908271297565,2.7769801040992603
0.17653930295118103,0.7519168833558756,6.281764187737002
2.252760938855654,0.6058031217591255,3.2894260460002247
1.5298250731391336,0.3144279638198648,4.854134719664552
3.276829920484851,-0.6878917113749867,1.6654002137154542
0.1692842310413969,3.2618907412884326,4.025398690775178
-0.22560590207901232,-0.42462238532246377,1.616494192321068
0.6029467459543709,0.05055137325378256,1.0506656795573432
1.4725268486313938,4.238433196916944,2.5717730560958447
4.571327589871886,2.056440969260615,4.901678213444051
0.2804384764099396,2.3550631163999416,4.934658084366298
4.173846722667073,3.1280373770716787,5.041716100613831
1.7316446303478585,3.732378609244914,3.419252121205822
0.554588380430022,4.741686332947189,3.4084591629928997
4.916863080303458,0.23872583024855687,4.938405161012279
0.7223047943112291,1.2886493254606677,2.73485839300415
3.6987843000740153,1.2373909002717767,2.890944918561485
1.5379347125551934,3.1578993548863608,4.614455845955406
1.4611065656399378,3.974777643132673,1.1656564527953654
0.3993210497451929,3.6834176579142337,5.878608506534344
4.053712626538717,4.453512893289978,0.13783144084621976
3.3865825924628874,4.283364201135996,3.5688926959634197
0.9332762098903502,4.216669061469705,6.0474783157998
2.4022816776323004,-0.27908568872949147,4.81420900096759
-0.42996383422989226,0.5543573716778605,5.2347243859210195
4.146557593884842,1.1275367837393322,3.5778645349586973
0.7228309602529368,-0.6423249125954993,3.81755516635169
1.1922844836185496,4.024764286003042,3.95314585610191
4.398551581479756,-0.1908452885569205,1.6709341407438065
0.5809727795345871,2.842199866384311,3.920736342327536
3.2201539387202747,0.6906156216625672,6.120281859442133
-0.19639522557755712,-0.48018960812067557,5.0153130340145795
2.6471226055540678,4.007847303893686,2.338980320396729
3.7357603314635037,2.8575011131071313,4.587022492021983
2.6163338583742664,0.11614642304909384,1.7530584874832318
4.970370351575225,4.5598853952803635,6.205507604349152
1.1280514174702474,-0.8835343284461439,1.4245201789717876
2.984314753112253,-0.8568047992289494,5.457080429573489
3.461366829579649,-0.46316662907184103,5.556544452506086
4.727841835341756,2.3190327816782794,1.1732150122544691
3.2829982482434525,2.1706743705949156,3.9214934572233977
2.8529297828463522,3.9313788554823006,1.3818794725444314
1.0932510459421403,-0.0022562888919461788,5.531628209743431
4.909532464188544,2.1090284080408876,2.5499004135495436
0.8338964856765831,4.098582862565944,0.24709050048314576
2.214682920265622,-0.6780829452905968,2.953501079351995
2.0858796750501387,0.5901273476791034,1.7481518959033102
1.4840533848888593,4.8049736848828,5.4138069547146275
3.4206931673751475,-0.45426572255608155,4.773665261737427
3.982222463372322,1.143932246375325,2.781981629209897
0.24563141504388986,-0.12148502385712101,5.559410674716306
-0.2755706440484709,1.4259060746947725,4.751388181216491
1.9449727558197853,3.635554285573516,0.6826180101958982
4.997564869455053,-0.6649049661385193,5.509047249801484
3.168340653390943,1.4816516372420656,6.078059736873676
2.8533293674035556,4.096731567979583,0.5439172427977874
1.9581780215591853,0.24048069637725167,4.057729323859172
3.884724738161169,4.200111382862987,4.69178779395163
-0.13990287358147102,-0.6964022388218987,4.025880348863977
2.8961707806939065,-0.06231329604232916,4.325007079823374
3.979671046539683,3.5776718733468904,0.36350097590977226
1.4973725377856173,0.2615822515081847,5.634864021270159
1.9774749092628543,-0.37353910366052334,3.0441019381511127
3.1188841417868733,0.6439931395500753,1.8321194678152721
-0.49792053314817275,-0.8605891480240409,0.9437732209227524
-0.2694020009659389,-0.919803010078029,2.91134606059132
0.5947211374427539,1.2395643568828394,2.4651894972040136
0.7263768418009133,-0.7362918444208311,4.773123064701516
2.547526594474402,4.56412032684838,2.411623978582776
3.5833283469367325,2.0678110176061804,2.9646177428106193
0.6003083257987005,1.0422027981527613,3.5848655475075373
4.2720279721097025,3.5860529121551803,2.1410490783771405
4.161859492985701,3.3524343004506374,2.008662294187035
2.683445234313378,3.5587406395327488,2.02563682038452
0.22022330527655598,2.62816077035604,4.335741906661082
1.8840558897201922,-0.8203484710318933,2.857604749601942
-0.13950480164984946,-0.5493738039310436,3.5968185905321577
4.817191509184095,4.137711015845427,6.173476412696166
0.3423558788870884,4.197409613319637,1.4567832411731376
4.330688817137756,1.417257328679983,0.4248828227118833
2.389140811263577,4.4888131706773615,1.4735069152019131
1.2389019661145113,2.8633988060642563,4.411529696058193
-0.05912975094272821,3.622564612157337,4.742603417800862
0.1518834052819149,1.3511403121677295,1.1913990754514372
-0.053940249103194504,0.9510403794410871,2.410787477072335
2.083845017096526,0.6946989806942574,2.6824089252651144
0.24769274922763418,4.752527453186511,2.596341982454155
0.9691895760997056,0.24566006749694713,4.4422176099204576
4.893935678202387,1.4698699932872552,6.1068746477622575
3.387717107094161,1.8377190786068338,1.3597496968601837
3.478234848194691,1.7514530783862536,2.9898527551790286
4.870458239568708,0.07199843339732426,3.0462957384080194
0.5155822580599478,1.1841670432356284,1.1224640161642072
4.444079498792746,1.7222059898670916,3.244212691165537
-0.04904519841625016,1.2436126817911095,1.409138055996529
3.2283656472194138,-0.42825010867431956,3.639073380472526
1.0191302987774689,-0.5666409455760655,1.9397718617286268
4.124609679218163,4.149103677684243,1.9761095434176772
4.475348329882699,0.1927423215153108,3.024834932231029
1.6501149487598168,4.819659560719695,5.928111165748142
4.673156894372663,0.8269724962577216,5.549950635599715
4.225284132700115,0.28211463170138984,4.212294671126073
4.29999498594314,1.9652752968194136,6.2287396978739995
3.216185327517713,2.8334437301937303,2.172082791827007
-0.39739075284699193,2.4506570906378515,0.24394980403338304
4.568616745232816,-0.4634522807231525,2.23798057630266
0.00017199696101444228,2.1141831949545704,2.839950019104213
1.4961786752955766,0.24784160609160977,3.055653703652331
4.492427143144812,3.3904367278603766,5.2190911601670456
1.04699828073397,4.518522201641078,1.9665342917562592
3.7883225074145175,4.239067429344274,3.2585097487556394
1.1002310100591557,-0.5181468252039934,5.385067637277421
0.4863914397668776,0.5170007869083333,1.1469756868104868
4.3476745618796935,-0.8287150205996057,5.71238320080475
4.634701714973059,4.992504424175387,0.8609804639461108
3.029697974662698,0.4392282214876462,4.348772113788935
4.385511827615809,-0.21561956830724038,5.973688327385723
4.982615357690259,0.07286145633821284,3.814423799358206
4.095788995539929,0.4062763933957869,4.303759839875735
3.487064350248469,-0.5754015423799725,4.8224388675967775
-0.12382668820932613,2.6816920972173124,1.5160824528777979
4.455935048160142,3.22500502347813,0.6250314629867152
4.084963345815666,3.0216990813320965,2.744242235985442
1.3879356489384158,0.7213237537639121,3.6432541758862755
-0.08037837502221212,4.370061947462817,1.6956683982294374
1.1445834249817655,0.4954802364417059,0.2752048313448443
1.6776952955272786,0.3095476086773561,5.263405976510273
1.5821250856342641,3.9076300777760773,4.719290359353912
3.7417914983687073,0.9837600005220462,5.945321882603368
4.420689431817122,4.441028603360534,0.9659436763487096
1.813809056188699,3.7235939367642388,0.20952048783126748
0.398058861269021,-0.2991612295180617,4.6423852521164495
4.482574062642178,-0.7552159618739929,5.443370060585461
0.2898049033374607,3.766135899775456,1.3956863302795401
2.3473487972062204,-0.5307363216717607,2.370946618988375
1.6994907654214186,4.293025876678663,5.324889510620267
0.2987740385692953,-0.8793824344919585,0.07214025979604222
2.864210133479757,3.278404956036156,1.6781124521167603
4.585678348131589,2.141787956827682,0.8153363700026879
0.8284495034124355,2.0706219117074145,5.955510094957577
4.709456622084749,4.015996025950063,0.2784455343377956
3.410801033283454,2.7264001531405393,3.347311503055814
2.344176530125692,4.205492103761523,4.410301336059475
0.40158497409885774,4.514472022173314,2.985552832031995
-0.05053211876727681,2.8124082895556084,1.6510483373674225
-0.3121649268692796,4.446088663711108,2.078832930925131
-0.2461931142292158,1.8875536795452912,1.4029436289579993
1.9660757054808418,-0.39955817808133265,5.370392378150627
1.414813073037183,-0.8986786908101898,0.01780741675327639
3.4398004481022406,-0.778125596577516,0.7907455537470625
1.7098028776425935,4.7632422820548435,5.445286330611723
2.184534483456484,-0.15691658959936783,6.16427095403272
0.24317095590353488,-0.6826158188124696,2.7818809033777336
3.455448927512644,4.827343514938601,4.8599672237305676
3.699800968258235,4.734819917003527,5.561462507657204
3.2614362335709512,2.7613739809941555,5.162376767667644
3.0373738477626584,0.8005852088676733,2.6421312439826883
-0.42327595350982344,1.9687777194470106,5.525808204217963
3.9906092518753447,1.2146398731026262,2.8822151191574985
2.9030492360969644,4.674444078080446,4.353584822938679
4.096582673126099,2.3051455020367575,6.18976876682213
0.6562229730962144,-0.6758701342514968,2.19337536870364
2.764545929315538,-0.9460137165198352,2.3730441017053887
4.856583505871269,1.8631556873091037,4.632050820608585
4.063819123624861,0.5895158167686636,4.7524307282472815
4.559368195602771,1.3216048536548848,0.5372939348204547
-0.0820633536196067,3.263647784787554,1.3406426154847033
3.1441389520956147,-0.059776075370138404,2.5521990841064026
4.05493628242791,4.762780278137233,2.5950186975287868
1.0757010888830365,-0.5635136617596936,0.8079503053993674
2.032547274227293,0.39237072256661887,0.9346985119287247
1.0590052422487752,-0.15357099424683862,1.833550917892861
0.49022425727207675,1.6455370995843643,4.793671956574215
4.190168543960205,-0.4117794690609693,3.1539289924128804
3.231900805649002,-0.20814224277124427,1.50733762978406
4.056985982739658,-0.9715251435738994,1.2417208589501272
0.8528209939336122,4.402133558330961,0.4070875262592369
3.2078762729857297,-0.26009691877184027,2.863750011549147
4.72343542053666,0.8160167015108695,6.196022875796737
3.9425418333412745,4.456475987169716,1.7149530382602278
3.3577999495748494,1.3822646252210138,3.9572763378105775
4.2179031449482896,1.7560063543211726,2.910382300128283
1.3540342746513927,3.6719043662439645,3.447243206375615
-0.4468107780704102,0.5226335308041501,1.4102392333251996
3.3170738938956488,3.480222030748462,4.854963758031844
4.242141095514473,-0.026605221092694142,4.666987723761271
1.8108304880464652,4.194951839912903,4.784652251502796
4.362928439587436,1.2152030950226758,3.598742569871288
4.036465383630413,1.704464187562916,0.5410268116390545
3.719420251143764,3.4215295130994505,5.151157743618615
1.4993598596182207,0.27494396164936696,0.08931340289375665
3.8339136621684045,3.6786054897582003,1.5194364986564204
2.875866738434649,0.07734337030600114,2.5668824075152123
4.741928031009878,0.9939414391240391,1.9242314053382594
0.2882436193297617,1.251832200664408,3.136333825930917
3.8763414689426305,-0.6785273968851846,2.3262234990758652
0.894508517853384,-0.34614988745351694,2.085139719087832
-0.32782720042451613,-0.9674654674390355,1.6545690422969976
4.609033811162364,1.8601081052241386,0.452501475613377
-0.26876492807544333,4.37431393697286,2.7287445859432395
4.246419490723593,2.000941568180858,0.19658650122288798
1.5983114205106088,3.9008497600266745,0.5340463698788577
4.423862265452573,1.413129341240119,1.1255156415368734
3.1557860691532036,-0.3438836002862713,2.011866033981049
1.3429065583849185,-0.7128697544409144,6.139735108269971
3.056979032952462,3.6428546593468116,4.996517527337371
3.765439701433034,3.2912304709002074,0.13184140565791944
0.2769676416495155,3.280076134476734,4.609963952835604
-0.035578450390463034,-0.984184695632996,1.0563033892854508
0.8066082980716414,1.4331683142564948,1.0170743242353641
0.3043290745700056,0.7823687420067011,4.830114589882645
0.8365099464162684,4.018029070630747,1.256098924347809
4.578640854545401,3.45135840006407,2.6818860164067493
4.485377134501989,0.4910968824922044,3.6276012268433107
2.898564591591067,2.891800499799186,4.643648065606484
4.4853196340364505,0.15923458904064858,4.487233626375975
1.1095984599056714,0.582811477450004,2.3879832851830636
0.017958168832729715,-0.0072367495145249094,3.2310620469421356
1.5114955882342125,-0.8198752479117575,1.9056331165447442
4.337820535429017,3.0020857687541866,4.237209027997189
-0.3447908195949859,2.836988310219863,2.650713635066411
4.312369338980834,2.3067110643436775,5.029358725282452
3.5944523469901597,1.9387616233281157,6.281558389323045
2.399262559156967,3.9553860296935976,2.31576268960193
-0.0035086669969664475,3.938257882371035,2.5146012597769483
3.5357299329512086,0.6691761793040709,5.079055690110161
0.2017736968004783,-0.497213847921816,1.9188893618825744
4.697649548205905,2.50652782120517,1.9779775523410503
2.3142244092310995,-0.7875479008903303,3.3908455095774808
3.0493010264014258,0.7661970963229299,2.3272300327483086
-0.4202365640362511,3.9044897324536922,0.698354358400251
0.2547998267435593,-0.7707543427292378,1.8532438612519946
3.9957335600876016,-0.035235528772040725,6.269375388721348
-0.18016081560303016,2.0301638823722836,2.7794794691327414
-0.2691189731034858,3.706646034336994,5.330460493935362
-0.023681402358274706,2.341880689334654,0.8034208904170175
0.4588338177357487,2.9739728170236432,2.7781477631943647
3.62835335571833,1.5571338495562994,0.7098101707683744
3.158323542926434,2.2727072255923986,4.555480717131204
3.849278941851165,1.5084983826167715,2.069840060959123
3.6899833578286776,4.216733169882129,5.655603990344443
-0.14379978648473102,0.8596828948531674,2.234939139434055
0.859782385637406,-0.3235077406954292,6.259704741600392
4.607887130157855,2.909280637048565,3.20096063261971
2.4449585250237846,3.1752319570576732,6.137122411397057
3.371930474156016,-0.5842374700815447,2.6739619617831214
4.873684028529371,3.3781348252035377,1.949963643661363
4.597972221612272,4.128541470609252,4.95922069278135
4.597611624377048,-0.3822754712020573,2.3348630582910457
2.4464551851264824,-0.20988075204738266,2.1049663865677646
-0.13047726946016713,0.7169788597851054,5.568073673431539
-0.23751868639224516,1.5021457085523,3.9492254479684634
2.4397833366501143,4.997161969202641,2.92841529330062
0.7652176248620717,1.9580984392836047,4.781648443656445
1.4379010207666558,-0.5581109674722078,1.9087839437521033
0.8716813714979814,3.4070532388456547,1.0669664010585103
4.600226322177569,-0.5469056076092982,5.275346878307647
0.7667314356620796,3.8081530946102085,1.5543423861078438
-0.05148259757198442,1.917844082447477,1.23389210051536
4.742937783870432,1.2250128292438833,2.0795373811888567
2.2659997341223472,3.9090715820162405,0.8110279280888987
0.032904573687905,2.22870957259721,5.493811015259799
1.210998409352337,3.289723765525679,2.921775247436133
-0.2875353789874842,2.928150096272341,0.9666989171635109
0.3254556636291117,4.916299783922248,3.0919144777896075
2.1088344313536687,-0.8073751801510078,2.611574560394437
-0.046234788332915666,-0.10236700423463696,2.8645502713996858
2.7569879253644376,-0.4243767054536389,0.015775799957841292
4.241943059939667,4.471730239730361,2.0369050398863533
0.7569283595934511,0.4791131452725661,5.267087391768335
1.4956394677006855,0.8939855148678648,3.48018001548407
1.0249659531683797,4.611091801507245,4.767800465811855
1.074854495103959,3.1767782207791795,3.154909548323956
4.780816726927287,-0.8713211119719142,1.0789542754832437
3.951839131759609,1.0065314216959358,0.6036844451122392
0.3236877811053327,0.4453581624796392,1.4273943810013914
2.0376621960193497,-0.8290362431019138,4.687318194295997
2.922809686570509,0.33275107427290873,2.891846834882382
3.2000539502488463,3.8290576549398025,1.5949644710189081
1.65790545075508,4.3291201519173566,1.3131146924830044
0.5905751467862161,2.511139376293064,5.344654362050221
4.696066468399594,0.05478350533466614,4.289775829838765
0.18721663313934256,0.3737342834335353,0.030539965913927554
0.6379354761160925,1.1694646478468287,6.095613966944479
3.9041487300102338,0.6962745350423925,4.885060470180044
3.298941217521775,2.508397616231087,5.083301885000452
2.7996237178469974,0.3600012907631198,0.586044423054439
-0.4149576075898875,0.9667151907694362,4.091540443462506
3.701041568824845,0.9621989761106537,2.3580329937701268
1.3750121399767288,-0.6072296315823944,2.7070091564721515
4.645962993302215,-0.6341014846209945,2.5883706476637682
1.955448490243203,3.9868458992254876,2.6594617483681744
-0.02600953523137889,-0.752076471530388,0.30063030820463066
4.1262167458368175,1.3149643488917304,0.7004778866261652
0.5345199843657478,3.5449534486963996,5.418166797149451
4.8764491190583446,1.5376313974127331,0.30556406464815594
-0.0961136694262153,1.6629505568799337,4.296901259823344
1.363894362588272,-0.9598648944940316,5.750163402137611
2.147202196377373,0.2878024425309855,3.7759150053140407
2.5163561162497197,4.836101294798489,2.2395741982972788
3.2677506775565752,3.3545287443663545,0.8546713349856833
1.6503907156983906,3.780460010366909,5.138280914093207
-0.3103290513537735,0.6446317595507107,2.6728249683052607
-0.3831093191111856,2.392812751802863,3.334788991041527
2.2549218287940387,4.258295844088984,3.1913763710319576
4.280238848771102,0.3763018922693009,5.541050434372239
-0.03688390421189991,-0.7322702502424487,4.566077858631986
4.521853942795078,1.425194709591071,3.762289526951505
4.0666703568125016,1.752267275264355,6.048807576871844
3.560696173202885,4.192004007158188,4.891728136631065
3.408439481359206,-0.639360873668144,2.0747617549498223
-0.45755708778520265,2.9916254897431775,2.7041243453980064
4.3921115964180695,2.5724644511316033,3.4002002686630663
3.472173740968763,4.093508502813628,4.679585516366748
1.435667586172916,0.7933136618879839,3.0945596834651306
2.583278935629414,-0.43085933759480044,5.009401840677725
4.250066863862456,1.6904345350931615,1.2018220992301778
2.517566016208452,3.2271604945312085,5.068260741143815
4.198977104347986,3.851384218200648,4.866746077662567
3.5525313627469384,-0.23758866365487075,2.404319668381423
4.981923448428625,-0.49800855837097724,0.8501564039952323
1.3766315135592748,4.791906112336684,4.460150470949582
2.3362770113101807,4.984054770825977,4.80405921355544
2.9705939313475613,0.560549981059739,1.4801882058064435
-0.4181573006048167,-0.5486084992539524,4.184818093774294
2.0853496762309667,3.4558265928566954,3.7013963425904275
2.885888201157448,0.3672537579541282,4.143058772156928
3.4670860172951192,0.10470481093810013,3.8433586421332513
3.1862235352332737,3.0748538523825992,1.8948117480443982
4.484958544059555,1.0723828106357391,5.058884944663497
2.057659655937775,-0.32169905971388313,3.345790259083144
3.4164115456366453,0.08057814695831067,3.542947937987345
0.4872115925314382,4.483697464264685,6.063418690998071
0.22600725952197087,3.682260542435184,1.9724076078360688
3.8778868869345358,4.074191587818016,1.2198326176582184
3.9658659873107043,0.9174231876449801,1.4021878033684834
0.26599328125413846,3.551862849110755,2.7398129907427133
4.587197443552804,3.7394611105249727,0.640494640197316
2.1902544917891618,3.49933126052822,2.3082504827052563
4.522775849798877,1.3956568717551807,2.27204889411209
4.257771694031057,4.870972359806985,0.8308562046779374
3.5094123982140353,4.075783974863317,2.2464332132452554
4.3483983872564345,2.120803694469484,2.8284940667833314
4.994181784258327,0.9496845129762124,0.5393992680481291
0.8936222101240179,1.3009022460966655,4.341043432895787
3.8394161653848506,0.6529839942336488,4.778913349603118
1.6286678969636994,3.629884394829265,3.1924224008706585
-0.1257403213766931,4.830249007200606,4.7677803938261
1.0443761078064435,-0.8046497786107776,2.5675842463803216
0.37570102871368816,0.7308604239791587,1.9179277664791479
3.4718817063758123,0.7600715509172364,1.3163165340913672
2.499158407159599,-0.1547721616107054,1.855284364897567
0.3359240167915767,3.4825324413677556,1.7204708667671842
2.8256848381624464,-0.6269989085616188,5.629224594036778
0.38457053786749973,-0.13377766329191831,3.964900523783521
1.3915082224685331,4.645149935772597,5.631776887952282
3.6720306496996162,2.6146723120419546,0.32160613653073405
2.214671627017162,4.111431696682331,5.079875534398981
4.031441005267385,3.129438345300948,0.22611735730541788
1.4351353097860295,4.412045069706754,1.7132350614203178
1.7272577555200344,3.8652849149356427,2.9010497864767095
1.001728025965642,3.5209949516072117,5.5995511663657975
3.315313335366774,-0.015835174333191926,0.6162900683778795
4.602600409183091,2.7096618309995555,4.308513927652433
-0.1119479129186628,3.4695255109427645,3.4973981651882973
2.7115409322732633,3.694072002215405,2.696860047997112
2.436949387268534,3.9663999743164524,1.48155219748958
4.131794251872296,2.125780881150464,2.1306487370956604
2.9694338801682454,1.0732761721615218,2.4594357311029094
1.1392906587666174,2.821857102989224,6.061129294842165
4.013689922652739,2.8869904894920353,0.3211943154104779
0.15292598506892863,4.578293361359019,5.97857460435653
3.1942245080695426,4.871638130481708,1.644364391473854
0.1450558291487809,3.9634330386001997,0.22648411423963355
3.7943696554852036,3.273274571444456,3.455245338472324
2.8433035074562194,3.9232768418761363,4.53682842859862
0.47563671748574854,4.443388091001911,4.174674358117435
4.008556126313941,2.4926897551680156,5.842686630466121
0.8562091961233951,1.2702973994208913,3.756481831194786
2.813214968822242,0.09075596026910437,4.7641307083746005
3.2689307126842886,3.1518562143200857,4.616369745598083
0.16312491988198774,-0.14920217654160872,5.20439489995118
0.3742382000999235,1.3668350517477332,3.4871634229708683
0.28395310314201994,4.157768672361618,0.032284676501600405
2.1264009533217516,4.529260507336707,4.562790344756062
1.3897046435128093,4.489580370145695,2.29277008383216
0.3130383870137805,-0.9320777096374837,3.819367961000621
4.411278069001099,1.0862848529299702,5.873119767287444
0.912710521848437,0.7811120643814575,0.9066195862272368
-0.4981883559497925,3.275284166384976,6.011531357466621
1.2326800073695956,0.11785938082186509,5.460005946873664
0.9177406328067521,0.2642113678349254,0.24228491381439726
1.6781666402702484,4.246648753924985,1.7836638151233384
0.8014529585261174,1.9040065661443508,4.33458066116877
1.3593831251210593,3.7127225010547553,1.962882440615165
2.559737622204635,3.0313097119337638,3.385883908218367
-0.12939901424481587,1.2641625063214512,2.6512590546224044
-0.12452309562770797,4.200103278405447,5.869024563123773
0.9017651450101412,4.401422787754305,3.186995016401969
1.9240611674211405,4.681755995634497,5.68878022955815
1.172671363455714,4.79597253866865,4.503018864368665
-0.3414702242240547,2.1890804429968163,4.265290463847037
4.370392830276239,-0.6928365757419124,3.412655239452563
2.2535008116625748,4.216650689719297,5.974216980480184
0.03137530363419638,2.064085496386441,4.732803173977923
0.28552101734301183,-0.3580832090822965,0.14921701734294276
3.2077942784830693,2.3798977693753276,5.343641698507192
0.8110328980572272,1.297174566551817,0.5917649485494408
2.863668213669908,3.8651186571539995,3.9428120654005183
4.449623198060746,0.4930235414510047,3.0584705836584254
2.10120735767065,0.5045171035293403,2.502062819034185
4.525758400551847,-0.653040167665067,1.1154223862978032
2.807353706445926,-0.4962020205772737,5.264203617797488
3.582579498629771,-0.0005617652847555998,3.7644832618227677
2.0904559277758676,-0.4741548632717896,4.346291190042037
2.9887425561803522,1.076137413408683,3.0956676468972986
4.444803445740362,3.554330601587833,0.7838268378983422
2.7448233884821787,0.24738661244858373,1.8104182529433361
3.337329904669218,3.9578902671462677,4.644911361535454
0.5667545605747515,0.13156146071918196,5.128939626260983
-0.06772711987856556,2.111298454729199,5.014609508546108
4.740834331338454,0.035934927760129964,1.9289024636846797
0.5073745264973339,1.6562816159486182,6.133324646239447
1.2236857881824634,-0.7119153308027897,4.747040525212171
1.741715037332245,0.31717996233679013,4.6186867115566965
3.9936959123240943,4.968680986744729,5.275139105214905
0.36449967197727395,4.3829091974117524,3.781536786955442
4.038459604051924,1.1307593234481113,3.3333114761736486
-0.25778982085849705,0.7675390003991893,6.144851504622862
2.434842565638271,-0.7632999088198007,0.5368755244235573
3.3722220816913158,2.012826232589025,0.880915521731638
2.065814305569804,3.257206446931373,6.071629014309219
4.298936831220721,2.610688364284761,2.8294903307304766
3.3883076249893005,0.1697314982044451,2.5624119024647856
0.42823499350422345,3.418768441404005,5.436450118565114
0.24977166051708743,3.199481999294288,5.330528664121558
2.98713930480771,1.4600550251908162,3.9653609621355903
1.8653138523673212,-0.03539367287458739,2.134884392962825
2.4696962185235467,3.7801472302374597,5.466332955994184
2.8913602601996065,4.4219959304226,0.6465857640224958
1.0470537992730669,2.9163230159107036,4.10698230420674
4.125617100372254,4.4051885693645545,4.775581275066333
-0.002086291548864916,0.8206615444692975,3.436489126962966
4.055265822871128,4.998552197223749,3.637969239368125
-0.38599270319519674,0.12189374741553549,6.134590577469442
3.435032894469994,3.123529156248285,3.7410223919630545
0.6101116901037984,1.7828821310371232,2.8040932660968285
1.3277821187605352,3.6480942498966584,5.32102788398556
-0.4793088438896244,4.972245090918781,1.2271818215147847
4.093816414065917,3.420003677071085,1.1200781813761729
-0.05898949352226934,1.2845271681362802,5.112938070998785
4.542689471601866,0.5350194015948961,5.021145145687348
2.2195481347967543,0.1757077843652155,0.9670088397917223
1.0678963016829734,3.1862505940448527,2.352289362103415
4.644524864567867,1.7343467191734785,3.194089152954393
0.5887514000989325,-0.7097579538492162,3.598181095774869
3.7849846286622046,0.7939952047566872,0.5504481017721936
2.3949450480734527,4.508958098329674,1.2101267941924752
1.2337993178357496,4.470574121327146,4.122867835479698
3.230948097418982,2.5550539138034285,0.7588465148325844
3.8609661253942287,1.264563421471891,1.8766677735625885
4.332508485526901,3.102016911032897,1.2777219519971672
-0.15876654259176737,-0.8247379627783002,0.26265663590095584
-0.39845188896368217,3.269434084686421,3.1411573537949593
1.3095803283572534,3.368963166923873,4.860638910822087
0.9751084569465531,4.927821791004098,3.242620917920639
0.5387573919934043,3.115344446625496,0.46908533945880765
1.0459113627928007,4.426004741163178,5.690343582752514
3.520484804655842,1.4322326348788752,5.402005698442355
1.4752905292790146,4.6789159397782445,0.8950494582444788
2.7278187339759374,4.946863215099178,1.4083549682580006
2.5322635899083132,4.360221608692903,2.8547493198208262
3.987903149060294,-0.5136104234039376,3.515486531290385
3.165400855486148,-0.542146494266436,1.2265153498343908
4.019809738617744,4.045643028012165,0.40501655994819846
2.540402464397032,3.759227748108958,5.257319244253031
-0.2272226128871731,-0.6581326547598252,4.524334019326061
1.4956839662114179,-0.5817186466312592,5.346918071946604
1.0164442260893953,3.8429629623775545,1.7723919696078727
0.6446002877747972,0.8859771285061866,0.039187506304673894
3.0744900248238625,1.1691916554895863,3.103902332697422
4.056235920534943,1.344849895321758,2.6611003949698797
3.7592448319509657,-0.8796631934486212,2.8038754771704437
1.9966768329237996,-0.3020978370392744,4.995634260678339
1.1197459584297214,2.8737017543611616,4.438238400511864
1.5170603935074216,-0.4214138488574992,4.292968010265422
1.9718495308629111,4.741121534568341,2.6831374454625077
4.9406989407602016,4.068367183530085,2.680888003144783
-0.05601472286092157,3.4153986184908085,2.2076451903263132
1.7478181492197038,-0.8265212203200623,4.953942267319941
4.537086451412011,1.8783481736757452,3.2639376937778746
2.6811793675233524,0.3850277835900746,5.860428928931417
3.663385292872543,2.342543245837755,1.631584144567879
4.8959119392596255,3.35558669113884,2.036605985048749
3.6254635588730206,2.5046965540252315,4.871509395863707
4.512025159619926,0.02732496355844516,0.12961056689468403
2.6026398167366405,0.06936160397199043,2.212104556317694
0.2424503323640601,0.5829857577565509,6.224935115191447
4.684431290183915,2.7769153081268874,2.4953008234940848
0.5688586974204921,0.05356292481913916,0.3038858595588932
3.875026600968905,4.04557938650712,2.814145839860427
1.188935197915438,3.3678073492951865,1.3586329343485943
-0.4105715942863675,2.64644225140446,1.3082979768583178
4.4818730668346305,4.006173544343014,4.7898640479812995
2.596581161864061,0.25636384409691737,1.5207261048149434
3.726251838092683,3.8167261260504244,1.1388476216835854
3.1265919654238976,3.7171291951579652,2.816518344558851
4.406300082948107,0.24977918352993989,5.461883411364778
0.06844035081795097,-0.6412702849683802,5.569981449716922
3.307224699190268,-0.2380613321043139,5.107985879326348
3.3687900201241834,1.6874839618228528,1.075886528884541
0.561152335859409,0.38988517967152636,4.513542688466489
-0.39439004983020304,1.5461909518150594,3.0115580785431106
3.454860699231729,2.90208471071191,5.346310362454423
4.930481413530566,3.8411347169329897,6.07109098173698
4.1726672278814245,-0.30499561916904394,4.641293293460459
2.223218972364826,4.97292406719222,1.4911321329631002
3.4270758721425687,0.8546437154854105,0.2569472008744274
1.265077423712183,-0.6048271928180302,3.5326786388030413
1.604196324056181,0.0218612026976559,2.92669878721169
3.784668413773394,3.5250142239563127,6.057329675961907
1.447301956884087,-0.27306904559016076,4.309939803252177
2.8128344640349274,0.41418590303499747,1.6949098818483923
3.866751086535328,3.5582054545948223,0.36429592524349086
4.615937909810541,4.567186539470895,0.21875255843642255
3.3434719212478927,1.3165134697847645,6.210468111128546
2.4594082583458956,3.7143061622795273,3.784922279708767
3.986011186165471,3.2130895117240383,1.1463745873952729
4.202896575680154,-0.5804967895598232,3.1989308266980916
-0.18128042084016677,3.1902888462111356,1.007224854635071
4.107223696853979,4.419762607094555,4.330732204544949
3.796988710892954,0.11092527649962558,1.0444766187239471
4.840619114344384,1.2724672912425183,3.5931772533396926
1.0903329222138352,0.649379639852457,3.8904448048493494
2.755427822502229,0.7518787606617434,5.962030565218303
4.413999850255595,2.8137828694181284,2.7580327338379607
-0.3730180237778196,0.34232832223512255,5.904555918781883
4.027682068784235,2.1243158384095846,0.0061489589634301485
3.986317311466543,4.699391204095055,5.379289199037333
3.0785703771096413,-0.14102377554254208,4.422694388703193
2.6802690799436166,3.191752390402356,2.174009009825087
4.763148819169537,0.14215323830093918,4.881479769891597
1.6742375562573701,0.4018477702972827,6.171271814320568
1.6508520077516073,-0.6992784909843359,2.887386183380407
1.4998962943528675,3.7337876218024935,1.7560424240900212
2.270521252154345,-0.7226206700642541,4.704482134250199
3.3761752845299906,1.6603081872637793,0.22148391315079935
1.882245587691715,3.4778201853504074,5.256546349239653
0.5353554220316101,1.1635248828455067,4.325188037439076
2.5224272961447958,3.8374549530555333,4.985280565017968
0.6729873731660805,-0.2713390301144474,2.7883155749806745
2.9220967615090503,0.955503107507224,2.2000615027031554
4.889137103120525,-0.6059049970956474,2.239287667493088
1.9500991386693487,-0.5447883406936518,4.802904601942299
0.3373520392460374,2.30042300231014,6.041521808002893
4.959027964903727,0.8876025445200812,3.4378542283021942
4.304396438142007,-0.6769615250297918,1.1208553781971058
3.396324259388178,0.4767127902262134,3.8789560599032438
2.0593722295033823,4.616511151040772,0.8449321116041557
4.246210125019034,-0.2081650602683094,3.7685424846157467
0.8663184746837833,2.6099505273285613,0.41784328781924585
0.4993059516536933,1.4870808094576766,3.654266522371018
3.0855770130285656,0.6284637794872407,5.2037396321486815
2.441660196899047,4.385498119146026,2.8247898539535385
3.6319134747842554,3.200744010566403,3.7767341841119264
2.096433120494016,3.934082172182073,3.1616448772195467
4.668755428889886,1.4073469628635582,3.4809646635825344
0.3088521310539444,-0.532377872492356,5.067097462616593
4.114552075280444,0.920906061981601,2.5172389269868765
3.8392763564128938,3.5501969295623415,1.6465756765727526
0.1492111501475084,2.2318557522214695,1.5183822680115902
2.5318112538978736,3.6824432732020416,3.9794735974573343
3.811720310522019,0.1870826897394262,5.183911604537635
1.7814008727289439,3.6173740434351425,3.3994258253942466
2.1686227115403764,0.22616235018973074,4.196834807936143
3.600213214344908,3.4575289386310724,1.6724832753181362
4.23855934146552,2.7398953215427175,4.326541489175462
1.6648220642953802,-0.6566233979415568,1.1100628624599003
4.104140819578007,4.6385699566788325,0.7926575400164979
3.967836409253879,4.508898782541115,0.03580125913974817
0.15242591609522593,1.5620138917276125,0.22019352677767362
3.17860832554094,-0.24704986647709593,2.8475912062146356
4.03076252199049,1.1663598666624209,4.534658062035901
4.103742670988721,1.4366350394572205,2.3737005001041136
1.7998537491765658,0.4518487924435035,2.918260023596351
0.6853440111363729,1.1658618379883339,3.7542209415027283
0.43935458302317687,3.8643896930558057,0.13344940803640265
4.189202729891095,2.5791596374535493,1.3962683982813913
3.9319978070858648,0.8727531824440742,0.08194616466436033
2.84528847159471,3.448484449222984,4.76063187573902
0.6950694112231128,-0.18281300834112835,0.12370251839835304
1.8083187679328923,0.1401904922022439,5.292229962883249
3.9371315887857374,2.1636476969077574,4.076285331924501
4.285668816935522,1.5761971884471873,4.139555275639804
1.4402113665940486,3.549433948371254,5.073272128145777
3.792600557637452,4.319360393241498,3.31426755209439
-0.18511415360145705,1.7224268050681433,6.267300044294339
2.40821231056292,-0.7039327323137661,5.4552899579157215
0.2612450249906124,-0.7845945811343729,1.3890995648715927
4.793515372199137,4.370465263229566,0.03933612801349102
3.341036963443406,1.6967761291322856,3.396678256234745
1.4497269359615979,0.12335817046906583,5.954430100387656
4.787633364719684,0.7375858324567719,5.578672744028364
0.05106181550288891,0.4830258365183293,2.0168220908212535
1.1971158469257857,0.4272721901278542,1.0210729273067876
4.958370777645549,3.4952698228889734,1.2346000380566797
-0.013442630002725775,4.825672880725431,2.747758925878881
2.4017820270939145,3.38767547848175,5.529042553196825
0.7255905196836832,4.267798369430359,2.9613942844836276
3.32509071252715,3.2353510149666738,5.836298721708159
2.088537037379486,-0.2691043497573129,3.2543058836056007
4.191152459745051,4.983318111654543,0.23091308681458894
3.438658668981656,4.0168030425523416,3.7218386255286156
3.687064774929559,4.6015660053748615,5.494897454192677
1.2309340772804283,4.561930308278329,5.111643280532213
0.3597373946841811,0.8576265309938618,5.580009667409538
1.6247399943292793,3.2392285879842744,5.594729626631322
-0.29406386728658523,3.787538721145994,2.7319753732660064
0.8391341375625609,3.351092389931411,0.46462495521601127
2.8785880761214395,4.945002243163809,1.4628722902939812
0.6099861206783501,-0.20776773932427917,6.013140536446733
-0.28735497267529303,0.44534963965019037,2.1312599850809297
2.598559112352859,-0.8543936291707706,4.7224926114475885
3.792795713936626,0.9092559556327775,5.822421863657833
0.5403064945498675,2.695627063836963,1.0076855461776881
4.577247627674111,1.0842990773268406,0.5491770888970144
1.3795157440320178,2.977366798726507,3.214782170491454
2.9814040660031367,-0.3179333120298151,4.374788310375392
2.516269963102797,3.261220516578666,0.5159152810507592
2.704105098847634,0.4441970154252668,3.6173376385595275
0.06902423788436862,0.8142762888846728,5.288818979823632
3.6241045107037966,3.185741239029028,3.493437728681918
0.2780873636479021,3.5724606433378403,2.964764290599179
4.60799886333494,1.7250009836794429,1.0372563146020055
-0.151054035348478,0.26751685537482484,0.5833019359114705
3.789955857347751,4.479823400857336,4.701689817181038
1.62825796853536,4.148642074114752,1.972125758554723
1.1150460175197163,1.2170772927636797,4.111400056127752
4.172457810797764,0.032579736019898276,2.1025948836471766
4.014952561617436,4.091932661869355,3.0460147553355266
2.8386351490774824,3.3654751314457227,1.0085618366638152
1.596718089785358,3.8447068459800775,1.360178529839057
3.8428233943638554,1.9614165080525732,1.024753250763008
0.32877225829866163,4.118855457328234,2.6607372330891477
1.6998676961218515,-0.5645040185932095,2.3598765127616406
1.8170005559886873,3.9769778594951717,0.42629721001278076
0.3746079284923546,0.0009115085708946147,4.422881172019762
1.717841982144237,4.822992037453847,0.3336349645527339
1.522018426547184,0.8985212997120955,2.3374101858492784
0.2886329781984227,4.99328550510335,1.3766071599627117
0.31552811375950895,-0.6188177577141631,5.100554675593787
4.810350893031124,1.3542410293376657,0.4029227129648192
-0.12183739368974772,3.549310743498605,2.3400665248868897
0.18133682627574332,3.000098394765743,3.162673604564617
4.817298059172021,1.3178471635233358,3.424660029326663
4.726796882315504,1.3508150178179261,1.8486077444893596
1.3447520905016692,2.9438486944739477,0.8926141589932741
0.06534169008657542,4.816956720662544,4.680429819471682
4.736313684166386,3.42646908359826,2.8021206633224005
0.20584454742093294,3.534759820763618,4.872332213217217
3.7801924474344446,4.951404025822763,2.0160610930327296
-0.36341036149088474,-0.6078155951016073,3.0443659032161867
0.6420912197318307,0.18587618313528353,1.1692374052981498
0.40435011519279507,0.5330132628374167,3.4392979754178263
3.8723371375695717,4.815332493493682,2.9064815958737893
0.45473554050893283,4.312252936429354,1.9956971850962706
2.0341047941531456,3.9392526218072854,4.629998325860934
0.21138155966773464,0.16391696804613654,5.318739690884878
3.7680854053550554,-0.2829308439020415,4.15506214698147
3.19199191718788,2.739617277029186,2.4761661199423135
-0.2304869054315874,0.242488166271001,3.451065110905781
0.48806827729227653,2.753926442380259,5.889949644310585
2.9360592772046092,-0.22834328318416652,1.9311055685700727
1.8237844238451992,4.4542626805847405,2.574101449290337
1.1616142345078369,2.930299078007545,4.128199459862475
2.963102038774309,4.1430870939573285,3.6390640208201765
4.363532590025947,0.5105652197412718,6.0739483463466275
2.082649927064855,3.131652503157566,1.2815712185361567
0.7278530822453793,2.342793000731098,0.8149841040948655
2.4365670196454072,0.9130238638337669,1.3526984321585855
0.6526679506024955,1.0867485527151652,3.8008198762742675
3.52680810318932,-0.49002988252481083,0.4178261272135497
2.482788506255863,4.050984125753793,3.9944782451123513
3.1120823034650713,3.1419966041849587,2.5146190970197915
1.9127798618444296,3.657505029970581,3.01156075097446
0.6557454363533877,0.7029312423349934,3.6836986320352634
4.403914598321526,2.2480169499197697,5.377447998745289
0.5854640912254969,-0.8866297745748148,1.9611531707060617
0.8715362712110555,-0.24143536543347133,4.181824025861871
4.851791220845062,4.356666660107264,4.86027128584311
0.3039156215701464,-0.3789144651374683,0.1087767754873224
4.117425995829903,-0.5666136572770937,2.333839396210563
1.0968749339409427,0.824656184364216,5.711343355317006
-0.38478338910318755,3.8526137082270537,0.925429837906156
3.527557218578055,2.7691353274888395,2.7918340661272
4.789157783976061,3.6626077057300677,2.554791040953908
4.42150046946734,2.7759787853196287,2.3454632755419693
-0.292611183227614,0.49473538097290404,2.4842349415699423
2.040402445159348,0.7318784262719498,2.858426889098156
0.5498272700115705,0.35325589607186525,4.6760914981496295
1.1681836716095924,-0.3526412979220208,2.7189150277671676
0.5301013140863531,-0.2702191064849393,5.821302964185188
3.812231548055797,0.9286478968737872,4.898653903958238
1.0412988915152386,3.6240219432626892,5.166156266078573
4.812249887131868,0.5662807390683424,1.5130758153936748
2.6463896588297464,0.13211758896941683,3.112869629066601
3.8331173821451676,2.2585596995849295,2.3045893178017143
3.243662136660827,4.722586908554769,0.7804945380336428
4.242527376743374,0.7885463706905029,4.08840141033478
0.20034922186735993,0.14248910271222726,5.17654335659853
2.225580805540841,3.7517119196057687,3.8357914562830007
0.1002817017999027,4.224233295901327,6.12358230887221
3.5294105663346818,3.5696187165268105,1.314691799103112
2.910842042944829,0.9938867404561953,3.904557636706327
4.248532536755116,3.6518236697171425,4.1167814056859555
3.396390993817839,3.4384734765412146,5.797285463937793
3.741236291757346,4.044232254119123,1.2274390739932688
1.1104873233770431,1.1238621206411823,4.399792924340183
4.577614272619261,4.237746999696016,4.908917264587239
2.0915474281049837,3.689279842646229,6.247447027970899
0.21544367595982794,1.3475479281000973,0.1476107274620301
3.1801005052444498,4.562485402867951,1.6890237662770105
0.7443629647547645,-0.7093144898045922,5.808447133030671
0.4048811280142275,4.195996050789511,3.0955635485235153
4.282002620222046,1.2215558360805625,3.8333977384461955
0.4729743104976327,-0.8645155479474371,5.565498699142699
2.7408216464506543,4.633998030289662,0.7474171186468719
0.9639373710935115,3.6437471531002394,6.164640996983835
2.1615017482444,4.905571895076858,3.1198448101447154
4.545630829725505,3.402929863548101,2.529846977586213
3.7573828335049413,2.4362661242835575,4.720028832179366
3.7226651436681166,2.6005945196351545,3.434966871564868
0.00911353347252053,1.6255962595339932,2.7993630674507197
0.0886476790331383,3.104643334163936,0.20800504603425896
3.739684542113105,3.577544933826248,3.0384106105831385
2.1320586902486753,3.7204833829015387,4.2859049479005735
4.156628106851453,4.9931924750491135,2.806636007155192
1.5652254254927422,3.98275858728395,0.9269507993479333
2.9605673006109274,2.6748120070373815,3.1822859934220666
1.7056644899991733,0.31205621638199155,0.7292074705513293
2.2405362631268573,-0.8028797460265207,5.398460691932534
0.46126778662516776,3.059359032492056,0.5917334841034675
1.6265975577524996,3.629092935023416,1.2163011911511181
1.4570190481887708,-0.30510354225968084,0.48467267673429143
0.8238327147182203,3.267147872752494,4.70923912052057
3.6756795183514885,4.2919011008240275,5.2018271338620545
2.8358925852695287,1.0613294486316942,2.0877558221409407
2.6580369325774464,3.5311783643997954,4.518657374402809
1.960899233636742,4.506811795607959,6.171078785974243
1.32663161330885,3.0899075622705006,5.831237571587755
0.7173997412036066,0.5873754711651864,6.067865797035543
3.3468089793576805,4.3549024883848,1.4234053468119083
-0.4266856531724252,4.921951541232536,3.516139958529936
0.05853922854675431,-0.2846039942292862,3.8622563702500616
2.619945956515194,1.0265601772336899,1.5781630098296433
1.079763520397964,-0.5068053871650404,0.5078537258108438
3.727822952072824,2.537635783067984,2.748920265425713
4.95350008223698,3.872628420425941,5.7176198344079285
2.4260300195338527,3.295961304638964,0.4229445912518085
-0.4857904002617321,0.2255238399445767,3.332920203662538
2.807721633602657,0.2910499433139382,4.723279299115474
3.6572503701322043,3.3500349573710944,4.685593582875537
0.49743486779571167,-0.2919474121691661,5.621839282734376
0.8360529564888124,1.5144491664280606,1.6083971406382433
0.6463406324812082,3.970366419531066,2.2987853109813563
3.8130177029972723,-0.6593785991440861,1.3647310157683168
4.6209671757306054,4.076531318288146,5.772705889220659
3.9139161611983972,2.7930351344424733,3.3721995574237345
1.6111505812226548,-0.4813760842894965,4.276590025242638
3.796065648103122,-0.10663917046587135,2.2445649314662157
2.50192833576411,0.9671140756359047,6.058481354365728
2.010139555244389,-0.005362970269399803,0.40893809511948603
0.23574138159475888,4.731399035124211,0.3037290839432617
4.844747655530861,0.1873849920737214,3.318781208292154
4.029325122174632,4.444091321003353,4.591344820637445
0.6468763942791711,-0.006550379399691497,1.9065573118790404
3.0470281928774585,4.152840899314601,2.631735576787585
0.07871760677170059,0.5733397076187543,5.479680925364774
0.02342285113678022,-0.013039325779151234,2.7095626055471307
0.3060745253309973,0.24635183891574597,2.3138940770428555
1.2545336373708624,1.093910427068208,4.765329524011079
4.100244181675353,2.8163864711980615,5.46512611233735
2.8427017723598795,0.8434275945106193,2.1622993377830326
4.208795483940383,4.53203993660005,5.137514596725821
4.797649052929063,3.8950504299761457,3.199925893130619
0.12217688775251778,3.12840548564599,4.369140321384666
1.700603024696644,3.190138214526341,5.726075469228984
1.5121868191406524,0.9357195924951189,2.6122919665086526
0.8153740776378207,0.4927645677356216,0.391066475691049
3.3897710528901643,2.2353973962036386,5.049854965846064
0.48420696006050723,2.566122938390257,0.46556466105187666
3.3741230327680207,-0.0020946113583277803,2.906779465675917
1.638472509787956,4.439150434294529,5.6303883675959785
3.110394575338984,4.129645624371248,1.3224941002437949
3.0657855005005135,2.7192095590887893,2.3047841070815998
0.8242370559047225,-0.7241356021534184,4.0090436568797285
1.352433700776137,0.3084973524037835,3.9443162396301075
4.885000833997667,0.6042587641813122,6.169961796042655
2.960027497582007,4.307507827339346,2.781654936324562
1.3215970718375023,4.331339293793919,1.0118468235289793
0.8738076021575796,2.921131679850732,4.079663794560998
-0.42764166869792336,3.404571600127448,2.2062248411880097
-0.06182958531850008,-0.14099749689135233,5.141447487703574
3.966699224798953,3.2246959769159416,0.6880918696938444
0.8188973731367768,2.7100947416477728,6.2143628017952235
3.032140237554281,3.2350128925957957,1.6098192447474524
4.730948731866125,0.4119945153404918,0.38963312270730255
0.16466548756055932,-0.3409479488668923,5.245192253742097
4.638067312901488,3.313734561065372,4.705542007733855
0.5427633334953599,0.5991741447236725,1.2373168768332663
4.368847515136348,4.766053413521116,0.05610194439837356
3.5075307434042458,1.8940430976353504,6.278814524478732
4.016083667641143,4.962701628626655,1.6724072043557874
1.4576047543019657,3.3671396343920117,6.083827408508947
1.0933445189847413,-0.6865348544981462,3.1294358757188974
2.754347643684646,4.625541103900994,5.182711661261503
2.9000650867223294,4.460342553249036,5.540755998562835
4.2290217408457105,1.5239620134398795,0.9207901975150925
0.1698717487539675,-0.8628425302867209,3.927915496577344
1.726997488011154,3.9828972591370393,3.1472653355631115
0.7377885655558556,3.0691943499813705,1.0241641930674492
0.9497188918285218,2.7873457738692053,5.305888402948225
0.15934881566107495,3.448352410489753,4.209054018256318
4.971933211276672,-0.9575099130500235,2.9768481036790524
3.3070900852191434,3.0081418025383577,2.1272919366939846
3.900873841407952,3.141665816320052,5.922772185042397
3.0417062103237997,4.746007293696458,3.834715676354855
2.3399241370602057,-0.843914726047847,1.6534070509056167
-0.23367080870260631,2.1980743418337836,2.058711898275942
3.5899512733670225,0.5769225350051894,3.3592381820979873
4.082465617199897,4.566784071329156,0.9980583323997727
1.7699287179082672,3.4126319511752747,3.016959753929918
3.249288304911694,-0.21960653779804762,0.4534009089886754
1.8987120659057046,3.1804661374200407,0.2967258852874311
0.3549076013267549,4.13077651436485,1.4689789489584086
2.355651805343311,-0.8795597109108344,2.382537840176477
4.806663132907232,2.907642775745532,0.5179450764313721
0.8527391912307545,-0.7100254926931311,0.7728819926022694
0.5516337499643524,2.4664583746061037,0.6045826948073767
4.13739210121517,0.5060824797093717,3.9240385644116085
1.5912126883418694,3.6830239473211748,4.709860738777457
2.698517157311256,0.8019987338789261,6.028508238755294
3.93835441756986,2.524209776569286,1.7372982977311686
1.7432159978769426,0.7604661701243125,6.233186192029181
2.2849227459698946,0.16137662632333583,0.954980003109248
-0.04439768621792861,1.29613286933606,4.245266034128882
4.321183651794434,0.0973188555314266,1.3551523720257501
3.201650279870821,0.6878511051544696,4.631975343306109
1.3354942245335062,-0.03616322619383805,2.696481058704214
0.47588352969759296,2.303305736540639,2.303962911935562
2.4100176421779933,0.3517457177574781,5.884452955679448
0.4611292188306554,0.3888924967837273,1.9457532324764326
1.5106781950906139,-0.24721722997280016,5.147331185300951
2.5220635083736163,0.2815494028396366,6.259356626881585
2.1940040685489794,0.4409194072827647,0.126702929024743
2.550506809157054,4.90849732816454,5.893601725684991
4.991598156729129,2.9724364446587503,0.7320662081916528
0.6845117469361686,-0.8903506714669025,5.092790575764285
-0.2046124602338681,4.1728817764157204,0.8557565126243527
3.9530550268287943,3.4817268589472086,2.868498972529166
2.7205822637251265,-0.4753234232035859,4.101007812902006
4.5929894798637045,3.6847711311093727,5.800375907344263
3.1170940903347115,3.7999071018957506,3.098526464725354
2.1185692329445818,0.7261162643055581,2.0126226584401667
2.4141030993121366,3.9943069087858785,4.338981204086677
1.3358638177378488,-0.3315515853787636,3.317294473676815
4.012890397552704,2.146196597653582,2.7937019159505048
4.275304307879493,1.384867883791172,5.575294297686358
1.358488440303719,-0.1885554136432528,2.3702548330150024
3.3043501579869563,0.5341614385904574,0.4280942399736983
1.8692630697623969,4.549714069184956,5.77698141277313
0.8387540113717082,3.7198023884492226,3.1229109551360175
4.941719484559736,1.2537100292623795,0.589196727007696
0.8096361832863663,0.2642217234401334,0.37307254618934144
3.1316224706997016,-0.08473981503861827,3.0032267701857567
3.693494532542985,1.4854851114148238,0.8233551650518939
3.32197326673616,-0.7479803451025802,1.6832145703854176
-0.0139603067248813,3.6110918661955473,4.245720468344493
1.07333984327625,4.2802579654154265,1.9356364852559456
3.258508872122612,0.5911508192303732,3.7035609508678213
0.9035306268719736,3.867465128460047,4.381786730651973
4.825619920391027,3.513579168018791,2.3983708655770872
2.536873023834136,4.378316948464891,2.513180769861794
4.54456561332521,4.606715666131845,0.35041497960284734
-0.3712026563215793,0.1819148278638245,1.9062323924669862
4.833765470480381,2.367704995425518,5.6657594891653495
0.13034190422865732,-0.35659087812301515,6.194483605617083
3.309273660488322,-0.3010581024192902,4.073551089231837
3.9014800590827923,-0.32395768395446556,5.0671749115516675
3.1189155318054587,-0.09438154200826543,2.287889620696141
2.196056183796209,-0.1966265646903993,1.0226752609181198
4.396900698882831,1.2881194347359237,2.630414172180847
0.8607601574029771,0.713783500603558,0.29581167589176727
3.7946547521156466,-0.7765006552733242,2.991600829531466
2.6046699195171863,0.22657357031138314,2.9415495469158244
0.23849770638697532,2.0755612064872198,0.6656188485475909
1.3139952270132702,3.5502592636251915,2.6445543189395617
-0.008922434623771958,4.491351976525813,0.6412004884096745
0.3246595634369316,2.6975698251122155,4.175511549498714
3.43739275544589,0.877762027663705,1.589479144571257
4.840929781186406,1.0328634572273323,6.078429421689832
-0.4359733217015075,2.5930032096509157,0.7821676947979775
3.4386126899080587,-0.9976583049700629,3.7131386583511032
0.6202399045807643,2.7417842640762604,0.6809630690925927
-0.3103619607301133,1.5945126832809047,2.459535116043257
2.954939986970674,4.735937207616028,4.340743399388965
2.5014344768962617,3.8930146528792378,3.3459619980427586
2.290315218434319,0.48449729749873494,2.628426572734797
-0.19700021416123153,4.479825480389184,5.539469294934444
1.8494848259481564,4.629962316284886,2.3616413627828257
2.6727186190740175,4.407735037320272,5.696312117015667
4.310906921490069,4.610321027292053,3.288279435809672
4.159492952943717,-0.5239522274375925,1.3470070128106892
3.884685257212297,3.6783628486159117,2.68580721805942
4.570964662003121,1.83804931889902,1.7474511016239354
1.9697725369826737,3.237955310854412,3.247318989039571
-0.4494205761939459,0.6335517423698387,0.377702114987277
2.01535536421566,0.35208002456458853,3.103918839320742
2.3000209563985665,0.10659384287909823,3.203653195855906
4.74544796196219,4.518195758690994,4.730639711942765
-0.04760691461455163,3.84297474681384,0.4925622494515285
1.8428431302597548,3.4615302479029495,4.333649969680118
4.048728002189339,3.2829104113856307,1.2778745529622106
3.0923974387526005,-0.8377246541148655,2.4013916349407936
3.9258164731031613,3.3337163429283807,3.1749160042555213
0.063069043983359,0.40527218337450077,3.7795925564396944
1.3210954351979476,2.8988194026683556,3.5260085045537064
-0.4013742669445594,0.7413049442128625,6.216153190621034
4.579309283624468,2.733886886779363,0.7796031205409895
3.4549461678979823,4.97268362505504,1.5031615900115973
1.4810181834454685,0.40534068970441894,5.757848488524003
-0.44639246642469343,3.5563497234064636,3.0834894768585817
3.809307913362696,1.160938974711815,3.5623117959405466
4.549697420686469,3.2119600513670292,0.8674486047923333
0.9146830344850967,4.409656759646012,6.1774374010189605
3.359461571675415,2.2382935138315987,4.312160192314047
2.3183512379122746,4.146024078652877,4.298140508900514
3.1672455077183628,4.2097136734116365,4.278107767252392
2.388821682719097,3.7945818178701742,0.7780205462648201
2.749467367558527,-0.28613461299145304,4.319478406345612
0.08837342262270576,0.9206486605947373,1.108249730049407
-0.013876433555176204,3.8907425066626242,3.8257315648129753
-0.011140250089730297,3.4534863216157046,2.099730122298001
-0.05131180612503805,2.9339327030088893,0.8613030686855512
0.4137567270648732,2.4685202448646155,0.3028669627941971
3.380170261675118,-0.7402483236846358,4.959710140090109
-0.3671768822615518,0.7605474014033751,0.07664527823694182
2.738912912159632,-0.04813360976465031,1.8738104649682792
3.634726284618208,1.944798315141572,1.6344404556296341
3.9065004178190943,1.9402688568429483,1.7127117653737003
0.1369032914654713,-0.3533687429993708,1.3378460205522
1.4496195099216038,0.10103037293968131,3.633543756654349
3.00665759473969,4.75618036073448,2.918651427011052
1.2822004535381066,3.677281808532988,0.34932547928160684
3.056900487294317,3.0118360011929965,3.593413650170033
4.07889746079443,0.2065631934980654,1.7722041546174818
1.3478382666254012,-0.9094883867730206,1.8000036756310815
3.9915261158947164,-0.3651909780884661,1.34619306938086
4.908422453625538,2.8961878649406105,4.045919294120756
4.276141563554748,4.706609135854807,6.106476243679545
4.859603799236424,3.78596266525542,2.6076591868681467
4.935031466558552,4.2483218866125565,4.121819208624555
-0.1456550084523059,1.7738525403322516,1.3578511237614075
2.7846404419503394,0.35689603442273454,1.1889819662484156
-0.4362461431663766,-0.7662813074659864,5.019064364349874
0.015601493082869844,0.8038628214502763,5.36541670475521
0.32216780207873064,4.860641202611298,3.9871873744645985
4.901744412334865,0.3135286932527337,1.4632134522965883
3.1707950319811395,4.966710892289939,0.9770197212122458
3.0205098687356715,4.426714841253888,3.329349361271237
-0.22558664754312557,2.26783711511134,4.200249555513094
1.8926690246722369,0.3843065202995417,2.830419837278209
3.881674238391554,3.113467476767285,1.4146924125903555
-0.319928795438211,0.6647983924848202,5.770107857139522
1.5056136952393482,4.099556052221972,2.333927013922398
-0.33603421845236847,1.7984306320109358,4.564643953472498
0.9652280406338951,3.657199885107567,0.03022930379786057
4.24490275976666,4.8520301435855675,2.4402322685033306
3.3838836934986123,-0.9351982885738184,5.246446574350817
0.9646942124455851,2.978440242743182,5.015108856049808
2.525461899640214,-0.8152275028846014,4.301251082532081
3.3625450342771233,0.18919185831654617,5.889863236188743
1.9415156870234527,4.6528465724152985,6.069951758750578
4.300085771395475,0.3631458964499077,0.48636553804353466
4.599858152576939,0.4598789964212382,3.541909537772512
4.211252468490667,4.150571858671911,4.835378785726382
0.20633773939543665,4.363616800859356,0.13779796971052474
1.0516652131130246,3.2289295363479855,1.740498402033821
4.475439823216835,4.284535187332591,2.032580501099969
4.661462290450131,4.668082481736206,5.1605794430905805
4.732037441565294,-0.543450284484899,1.6266491661527729
-0.4349971238221743,0.961218318285104,0.0023942329851471766
1.3941868145214587,0.6901410388510885,5.941924565220769
1.9113639992836209,3.3581579891610485,2.0500274430388643
1.707927123031391,3.5267791442640597,0.5947379489101149
-0.34255217129443083,-0.08582760375815801,4.909092290844081
0.8473669404598765,4.545874918778101,3.48924089805329
4.6975438583392375,-0.033573204885558594,6.158836200368808
4.4996999557754265,-0.6234457573625165,2.198452112122884
0.21506316240864431,2.0311516220214694,2.5849908089673357
-0.22640181637540557,2.959727106465033,2.6722276169470445
3.4142644726206157,-0.573130218074515,4.342709382244352
0.4690917715994012,-0.6584324983223095,5.729256646198773
1.137268232730357,0.02589210929803909,1.8359643509203165
4.994366192885911,3.4081101811054317,0.35568087185018266
4.35699892839263,2.8526081732541098,2.913912214807561
0.3534521193785365,4.041586726609725,6.025031848581731
1.544166536705382,0.6032974741576793,4.609971072135836
1.7398100869023576,-0.74369434646765,2.888530084131186
-0.1745474679131746,-0.1741712153890702,2.9595808510952315
0.5524724275746316,0.29193555389857484,3.1041811259610252
3.9939786585227903,3.1371038474948003,2.259068925026727
4.379896553470996,3.84936911038528,0.524859182263096
2.912966121120566,4.978019988528637,4.03566860207105
0.7240062876253008,2.359035883444155,2.9907382279726193
2.3660403851279277,0.8920972061799994,4.3599677198604985
1.8194457425688082,-0.679738324926118,1.7938116821337475
4.5842752354755305,4.794111384290273,5.078288277421651
4.634769209398783,0.48177625101254606,5.900576355308183
2.4752158688024144,0.05371582794513374,2.3771244326109624
0.9299018100890319,-0.8214183653445795,2.9038728216930085
0.8679764568046158,2.1292839230629204,0.1375613143798753
0.5732547253135445,-0.1510216843054868,2.8062297845374253
1.951208242743279,-0.39739449688557826,1.1361585332116402
3.4759209735451657,1.5776806046778602,4.332383506784
-0.3128771330257902,1.420601400636711,0.8232085869230285
3.423807419327719,4.474153424095697,0.21774350747914786
1.2396168441417115,-0.5309995022890586,4.8458281678056006
4.997612546829592,2.433211266227307,3.255868960425589
0.5212020376073956,2.4315853899704103,5.357359664093169
3.63756544237096,2.6150002076824594,1.4172672404061124
1.6511750041309652,3.2298676523373926,0.5539276918769176
4.274735928298733,4.764723794576563,4.996701245563124
3.9081412112225786,-0.09924169819331818,2.2920504067110112
0.5953886936137287,-0.4525103220723885,5.469519524531078
-0.4439636699152847,0.7945716000090746,2.2269660307658485
4.937100847097134,4.225682980955071,4.000905793109807
4.949822156447509,-0.25885722662425104,0.03743059837217068
0.843773566132267,2.140973096188689,2.559305731128055
0.8722883918521036,0.589554928064774,2.1812902123729336
3.741704700348323,2.701342210841564,6.176985680133392
3.924144954962629,3.6089638902751533,4.1239327453785295
3.53226687521051,3.4140133021487395,2.6710614482984387
4.752812580052896,4.184624346851538,4.65912681480182
3.9244221412145066,0.6289849780257846,4.294027886881899
4.260563725874543,2.4881873385922058,5.19446445803445
1.2759710396976451,0.77453251491601,2.0003118409060874
-0.16026578611515302,2.5008681540947135,3.614054446868231
-0.4622896580430478,2.955640105586368,2.1025212967031512
3.873021955901791,4.704903246535453,2.5065014551995612
0.8858579085466696,3.251798681037526,3.430791917446883
3.3353958605484286,-0.458349889919512,1.8412930496485211
-0.3740786143862346,-0.21199095580382488,0.10362080674057317
2.330769301051866,4.218503690464955,5.9611146730018145
0.16670528506950055,4.5369421094681135,2.8458457596817164
0.18795721096123197,4.376413717494014,2.841211807216016
2.637634242627693,0.28533452780487556,0.28410947632273514
3.5185150514824324,2.079751659385475,1.6332534371998642
0.6788254821924415,2.598974411070122,3.2329743546073466
1.7532901068043607,4.815039740581582,2.787108735570575
4.635860253466124,4.156244948171125,3.4522020264901148
3.0052155291791456,0.7340091643523132,1.5941425350533474
0.0258261767223672,-0.924674757653039,3.557192540663452
0.17643076229102828,2.7440710223801927,2.037371817555112
-0.32757263465577835,2.80274238059984,3.5584488359086173
2.830850766763614,0.9597775940259392,0.3098218207532851
3.748438799725051,-0.3547360586301622,1.3006277987448207
2.1940694005837034,0.2197651920485284,2.6657410313505396
1.7526366731280172,0.762531983708107,4.119045661264042
4.396230299307236,2.6436776302117844,2.116482683196881
-0.33802275184689523,1.5940968918844556,4.180238330292494
4.821559863903975,3.4793212919965546,2.1843372470698217
3.029325623387741,2.578057032328832,5.642113832509719
4.041521880883403,1.1622564992851112,5.8169747764621995
3.732562151726704,3.433137275478482,1.1489042397111322
4.367360289888275,4.8009937587185725,6.251768010891535
0.07261248884877292,2.266676153136687,4.436911855865483
1.2602346946857343,3.800276215386651,4.192071775557626
2.7884974356866046,3.1832097474613015,2.2467948657770163
1.1115978287605552,4.844850655817747,2.5194523243997837
2.758164357927598,-0.06129341114268905,4.101388421694382
4.455819303739097,1.6054763979812572,0.28564796662530306
3.2025741819341453,4.447206240745334,4.481890648648241
-0.16080227979898015,1.5294622584447568,0.06126680437639484
0.1771382141538802,2.392409233618404,3.5634505120243274
4.85431779307787,0.5835803921037834,5.992399890055616
-0.11253649648788744,0.7900905614073173,1.48886277594143
4.133586188482339,2.510313806621335,4.899575938771735
4.9265229270846636,0.5044184347048362,4.659218247075472
0.3920300076372434,-0.5441096431158581,2.9546291791233705
3.3723365461805828,2.8259653052141966,5.169787033675124
3.944136431396511,1.1155515877853954,0.20152905364562057
4.732904442586057,1.1802418876568441,2.6328177082629627
4.1370242456221336,0.8154357143369364,6.256120156856439
3.6181796079934445,-0.630325435966631,3.2559986260850473
3.7369772854731647,1.3742317749233042,2.637180639048319
3.77962498948758,-0.14274145510827463,0.258597044812665
0.0011199857293053839,2.801493286784891,2.228936550247509
1.3578089227550625,0.9142260794358392,3.3078180904610655
4.203382438942339,4.056183600656087,2.529229840341127
3.558454547593202,1.843774162685503,3.6774261945710256
4.7337812605875245,3.8510563879180193,1.8601455593415255
4.1268810380157515,0.1508356310039698,1.5117563160366203
3.086205312295121,3.7063143306273005,0.973542590637038
2.433418439766306,0.04795953059437785,4.2574368317020825
0.09311320738526829,-0.9178978883409061,3.19641942137178
4.790709550642737,1.4733814765204203,5.646249792563295
-0.24469430795925834,0.3074973347090799,2.2542010421656675
4.803629095244705,4.690813256943462,4.860139355651995
0.01579384818640639,2.4612347822329594,4.252069362978113
3.7105606325479528,4.1369684707195535,5.474062868420932
0.21356722413263185,-0.6853451320082933,3.992119214982684
1.2396822720454141,-0.00933880695252598,3.3681026011078385
1.1845300338405955,0.46380396787306677,3.0124947350452937
1.4530405209762114,-0.4347751599069438,2.4775668530187622
4.223023095800482,4.955694425943655,1.5400668682669656
0.49484788280182634,1.4488158331598076,4.13164653658628
4.292412851803439,-0.41445908264086895,5.944572547856073
-0.1065308950798578,4.793263950878914,5.12310794553374
4.329822572915746,2.550868101253992,1.2814312573939715
3.71925142540936,4.638591631363874,2.4597852423335764
1.9593073551845572,-0.14808366765700387,6.2684724257973965
3.096584376501008,3.304097018738352,1.1548024597836375
3.2248751049417095,3.2813866260469355,2.742071674758733
2.5156307869026717,0.47996826370474643,4.742775777746596
3.3683226841128997,4.173589605392236,6.018638571068091
1.7223702487720298,3.867937143514223,0.09897848419663771
3.7449914833463964,0.9268787779014325,2.2158580374378913
1.1073776364711945,0.940943522333803,3.7912952354295455
1.4021328946779554,2.969320649693237,0.8449865319818646
1.8522310197608438,4.969960516526943,5.169693614808193
0.753170554931837,-0.37447065550823844,0.6707282162093067
4.29043744070966,4.259462702973288,3.3951310116509155
1.7010172013946656,-0.48429446370579843,2.513201163908804
1.3057528363864808,4.587873613266991,3.908890230400191
-0.158048144671745,1.612515585940761,2.576740403079583
0.7299610215105903,1.5955688336092844,2.843251865255525
-0.23483224853213658,1.0613546709098598,5.461415575829667
4.842285560780659,1.5553929876767203,1.2535826518391517
4.976435164504976,3.9474204227953056,2.6684756046312943
0.27663387511503135,2.932700794755546,5.133662434856974
-0.22324961650868058,-0.4790041227943014,2.9252537139766783
0.9618285119430894,4.501604869706086,4.665672092703946
0.4091696109886178,3.526703568146866,2.921586847198751
0.06590115244806682,4.0436393309192935,6.279655170598114
2.1830489028435416,4.860707910131259,1.8003813303146368
4.322494611169061,4.726209042551331,3.750295902341389
4.922857927101362,2.0330840622427804,4.180369943676544
1.3634344695358422,3.3042858970963396,2.386148400413339
1.6822666312342407,0.3241981084690515,1.9473763132444346
1.6125221005825763,3.386451861499749,5.195719397977742
4.47993849308039,-0.2768748853646643,6.007119105877219
3.8623733662815667,2.551786371026931,3.94179354497165
2.7497711986485607,3.4029306619524,5.958069016616604
3.1243490503073916,-0.5980634300577752,0.0747901746077428
3.420412479727365,0.23112637350043252,6.209486847250669
3.134695035830357,-0.31732561334064235,0.91773998297943
1.0604944324839423,4.761356545298163,4.01411939721756
3.2073472312439764,2.269489848848875,5.385856435782856
1.8504202066046718,4.889981923090996,0.37776720184348744
4.124187716173159,-0.3390521218171778,6.152034003195591
0.7103511567725993,0.2495996238130087,3.7170711543615185
0.9345976517750763,0.27181244956796835,1.8895654826960941
4.257688556092177,-0.3508591440302882,6.160570478201873
1.4693979814510574,4.8008920374851565,0.7080229914838835
4.847560802689873,3.626525067586365,0.12552540790879066
0.22754081590952868,3.22885786529201,4.439820041067597
4.214326308657732,2.413992029311718,1.7582192191181625
2.538578093129648,-0.41239280576587434,1.051308341896706
2.4517382475476746,4.312479318124176,0.5348977057171752
2.43381348461114,-0.7073782162170708,5.9249189709552414
0.5033420285897447,-0.02197199739877065,1.7984092686607265
3.7655104981067193,2.292757846402454,3.43667721942382
2.944409249244379,4.916372339223927,4.92419858220522
3.0293072528291454,1.2120714090522737,5.597833179187292
4.272289290538232,3.6287397288777195,0.618769668746958
4.5971268445830535,-0.6242894288262697,0.5623048763102062
2.4547048386187553,-0.7892466129686195,4.253844126775873
0.6333597612521196,4.592765469405555,5.949111758984414
2.389543663605839,4.30363591512448,4.264479742257161
4.995070643071708,4.400340112597453,4.152726391396032
1.106626764672763,-0.09871860893980977,5.4784820497635165
0.8005450553058127,1.532052170066331,4.876976029785743
3.5716468283206204,2.9089726740702595,0.09255192073259602
4.3978217574040315,2.8898033726735406,3.189891604863226
0.5742398301746066,1.9153757660049076,0.39208869792903217
3.420583151210027,3.122243837894705,3.517053316272841
4.744324800697429,-0.15515200109151328,3.6789734148069346
4.366504044727418,-0.7651899766703889,2.3089610459730525
3.262841362930718,2.404674896511395,0.7504507382568493
3.1722379853605718,2.0641855708280215,0.5183944711601469
0.24371965665574646,4.487544067784117,1.8851134757975303
0.7447952879959812,-0.5374126315245147,5.798333371742674
0.8194442588198165,4.797660840814796,5.54768832068743
1.54492440347574,4.679710499956351,0.4385734825085284
0.2026173456826873,4.051375440112957,0.8641643446419258
0.5714786696512526,4.0533444306328725,2.3914410293895725
3.9969897211060212,-0.07452823624975968,0.2204326074079668
0.9455794122178411,4.805429980685324,3.2539064286706165
-0.1767594897927527,2.2211126362503584,2.712860885041524
0.4338750992079935,2.792041121674364,3.318490029125854
0.8589210922354389,0.7496545879812371,3.3954722222730274
0.34802315174654797,2.768658888106092,3.1119180795140853
1.3230931412581681,-0.05782017092790581,2.281898302433338
3.803426363140428,3.5641926139016267,5.272054479306576
3.668026057322577,4.746222550994452,3.536324878178112
3.4351751548691962,-0.0512314369128648,3.374379274990616
1.3516401523364867,0.8569039075042648,4.285739723302689
0.8719609565822193,3.826109593794203,4.611972994104708
4.8095160524446126,0.651514196212355,3.802674764652023
3.120703187035292,2.496969815934089,4.36240665433492
0.06873531052179116,4.692868729314171,4.624419198537738
3.724203615098496,0.633187040963135,2.6149760433076015
-0.33606042510428635,1.1161820957317792,4.698410859827834
2.896359854234992,0.8527028106141359,5.461579894284258
4.2891545512149625,-0.5214905456209751,0.25227124908322557
-0.21545848859212113,2.640986957970239,3.4786335944870395
-0.15923255449992152,2.8366174578228525,0.2844940012404927
4.03047927469618,1.8115277494749078,2.0790968991241825
3.75668280633937,1.1809422801727352,0.015072098323816579
0.3208673440145008,-0.07719438930460942,0.6875575879329507
0.9996991788855443,-0.7678078792427212,3.3668901566098275
1.0220357619119922,-0.8046701968598484,4.085903300902842
3.4066252089054947,0.013073618663957287,3.6216563026271595
0.5670027684684273,3.8065361646528917,1.3978728731020218
-0.22308291267916497,-0.11715276461259116,1.8219176125672087
3.9424137043901464,-0.5304740610263474,1.915989621540867
0.3828510806241996,0.3329056391831602,4.827907821219634
4.745804546257868,0.44542756066068434,5.598126418327542
3.239561247070705,4.779916257685819,1.7852393575963679
0.8764488842992255,0.578109855275611,2.3332983015051463
1.8719921304155624,3.56836332133129,0.34875685176826526
0.5493594428328752,1.7658506882319922,3.8090854747859937
0.5533726821481868,2.8735104820201824,4.955455277005948
-0.39164694188000054,-0.4348646257989919,5.8848896574029865
2.124640311556393,3.808712248998602,2.258787872491468
3.592659785811521,4.683401054325844,4.929692360791564
3.971715900199186,-0.16148176632754452,3.540120324939066
1.072039153022806,3.244261864080447,0.28023144672122685
4.068220315565549,4.829636401468833,2.2947138055507703
3.492562902376675,2.9311612603094837,3.2645552011388506
3.3852671494923388,2.073632323855132,6.064774146161234
2.0650242555399934,0.5186016363220625,3.933699280957986
2.4138850728216026,4.959027577849861,5.287360627549038
0.20356671124078618,4.3306642411044445,4.53984887137632
4.213656069386825,3.6925335244197885,5.272525343526424
3.1064351963616663,-0.4093766660919247,0.5164424776340241
1.5325936463153331,0.18207280018304495,3.35678414176539
1.8368656127944463,0.06398056810502561,1.2549008104931494
0.4437618152884921,-0.07302551560809056,4.395481804272685
0.7614249326896341,2.9739060094799257,5.894289693240924
0.40357649291020636,0.3822489491021799,1.5292716615482818
3.4774955546185424,-0.539278158935228,0.29120428628943223
-0.251427930698063,1.7719023634866415,4.005647096716059
1.8759273324532222,3.891179309705607,4.121026592702555
-0.26244686791597327,3.3168361752427336,1.005807379432679
0.2962307181512064,3.013798275563558,2.484551692149819
1.7199370233251288,0.2905374367141771,2.9829390498482344
0.8169340623883916,3.0058071440794123,0.19043089877289318
0.5304464828926581,-0.8859648636715585,6.092908627470925
1.9986916711325984,4.64600310240899,0.7048920813610651
1.4707696681251872,4.345142822794026,0.19350113422421686
0.5704465328445343,-0.2298573486024018,1.1755602697704102
1.036956223188602,4.472800544403809,3.026018682911104
0.2812746570679263,0.2160181582014078,3.7258101880587335
1.9106503606575829,-0.17970410618102828,5.144291335918779
2.4538672315879957,3.2779116025558057,1.230572275561572
2.652777663101554,3.6264266270362295,5.3438463801276646
4.269285774831772,3.2059855272375533,4.493575096675116
1.4125304887951178,-0.0713203335296051,2.782324988631172
1.1420838453111055,3.5875689389536856,4.5007341979446736
1.1123019752111476,1.2359516157966075,4.58040879787257
1.7043215112293693,-0.30349716873409904,6.137815210755766
3.282527759137156,2.711217909544442,5.632448990696705
1.8272584963792102,4.52716437848821,4.562753530945664
-0.2248021880295969,0.0017463391973961961,2.3656072525259604
-0.4986334222243686,4.887376865443964,2.3941321372789934
1.8298104342880759,-0.5722516163903737,4.495426245810313
4.289076038485201,3.309066668067935,4.940377399535597
2.8644411406249017,0.5137214222067483,1.3830169843240199
3.5110621810524183,4.839900220135941,5.785761894522511
0.32718432665728414,-0.4438860415698802,0.8808949541141705
0.8125478678185982,1.1280086481391365,2.6209228184447615
1.7283428124720386,-0.25218226816531586,4.081925493586006
0.4765187199210118,4.663514422920928,1.873536422302765
3.7981189609319834,4.750556385682164,3.140197056057959
1.294723270321887,0.46899344888370864,2.6632406711515606
3.6284416244289615,-0.19462021002673824,3.194246416319825
3.1511310525960146,0.9661409694323553,2.9822784667249627
-0.006788696552158413,0.35128766021908064,4.95266920147797
3.2043258419720626,-0.9664114283840815,3.8468105945426743
3.891987447312456,0.3098735585421657,5.53403183523973
4.98326514358971,0.7948102666675729,5.59381683950191
1.364522229278959,4.7006478364710444,5.05341311822498
-0.30270962996859885,2.152501832985095,1.445547672794008
1.4716950545870184,3.6274213623213356,4.955901462735951
2.7182702231084974,-0.3094146802549138,3.413902947227014
2.4748032459180327,3.2252526066257294,5.830138888463008
-0.3279806654346011,-0.8374194341767078,1.6454239211653294
-0.32855509945010697,1.6372584282407576,4.392501915246924
4.327640450136528,4.606475964235573,1.7972585483749177
-0.1073399625705081,4.227848129838605,4.786256724323355
4.0627407378166325,1.8306514914347058,1.222015141237647
4.355066828764201,-0.13475914314841275,2.6656546412189166
1.4601297986213146,4.899759144952478,3.0010848028203285
3.988023983944915,0.6219164933776815,0.8415390081027383
0.3608186509636686,3.0812527253296214,6.249917977357513
0.6059487148310505,0.2023488212925808,3.321098586513695
4.837020573999021,0.07923752439576104,0.6017990358395061
1.1737759774235215,1.1150072545218643,0.3500515446741069
-0.2612475060581444,2.278733739866359,4.68002434472474
1.9258531660487455,4.085153841805358,2.149769426118802
2.705444821669267,3.2093892121469443,0.1531798560168508
3.301427567456445,1.439762240989526,4.123475471096796
-0.4967724054368843,0.6020455111798761,4.2517344854190595
0.5414169534108038,2.5619746983731924,3.445119928293246
-0.4671935077596446,-0.8663821093701525,2.528383781075782
0.649255810653353,1.6837787259980592,4.270101655188612
3.009167126784455,2.5656582425588548,1.3021911671742812
1.1799702941507553,0.4812642508374978,5.021437626897673
0.5693753077593389,-0.9001934840311792,0.5742947550392047
3.693994874455279,0.7993287647779292,1.8021463709484764
2.433571657273847,-0.8603715836437194,3.0366822708293912
3.007714549623519,3.3821319873365088,0.7565033421776056
3.919108120272801,4.2289118243138555,4.437589570743029
0.8070245711655042,2.555674207749127,5.196482976958495
-0.17544971684014604,-0.19907661680817879,5.594937916448287
3.1493674261504943,3.0801269439611723,0.5855958283773782
3.877444439288885,1.1182989554069742,4.097479885429968
3.948272191174034,2.066877386768193,2.665639759349427
1.4872062345415356,0.7043362754283353,1.3530789365185472
3.433367319577361,1.644219099727926,5.761614787542097
3.187640516831622,1.919468859170899,4.932560409896836
0.17460749258390584,3.120065521853679,2.661854960195434
2.2328853930375696,4.0659652839015505,3.6966602287722585
3.3135527386121693,3.7317394137645516,3.5391553789810692
3.440314575536367,-0.5649727873470936,4.30688924935893
0.16187689301189545,3.9539241615780183,5.32620991550547
3.588671649760803,0.6712890213431142,4.2550874095693905
0.09761532565302011,0.5010097561745135,4.778501948976032
3.885739560302067,4.838341054614572,1.029083274541429
3.1340494408975363,4.276118297992852,2.7566194958984838
0.8132155215684422,2.9945129663858525,5.8014054649490205
2.632505601257532,4.949202521904489,4.604388653138756
4.558366998151634,3.540218450767455,2.9138015749843427
-0.22507539927508285,4.933221210079981,3.9966649154223832
3.416747139459529,-0.8862635330407462,1.7671079845539315
3.2258915232368546,1.384339275426333,0.10297000785554464
2.9338854584282026,0.7443130415779087,0.1888159374950231
2.960811643744604,4.148027075353939,1.2029079145286645
1.240747614284718,4.738882827763474,2.272143359224909
-0.37704169142691957,1.0145471330763929,5.832683435794122
4.231804333174894,3.9514103765819595,5.601858238054479
2.3694681401177387,0.8732453072042512,0.5329368376086253
1.0020453331317003,0.5526362174621955,0.4903490952223412
0.7702648917174282,4.243328141570322,1.6649343485376955
3.9764486225187614,-0.6729951890999923,4.2018302659027515
-0.26581000256067144,-0.7149566140652759,1.4527149527181957
-0.031584757768374994,-0.02572910151070995,4.9900542197491955
2.1456976658221256,4.022998079956368,1.5593736520578836
3.7552389571084692,1.0315960759675185,1.3827662423203728
3.1856129816045935,2.2842590698658847,0.703229496642309
3.0357820647475102,3.393783893326421,4.433456269063567
3.892599406421227,1.8018663858493968,0.33724447190410173
0.6643813722269123,3.8132423616669175,0.3111699059485233
2.5338374359798794,3.025465862309419,0.4135700908853707
3.9732630773023647,0.38990936052107705,1.5992439034060857
4.818072007968783,0.8885154783218707,4.485816003114758
4.044230605480864,1.1152560432833374,4.882640062722243
4.553857477867059,0.49785903635365725,0.8567190729459339
0.10606202772188911,-0.3886451866321641,5.305928219055241
2.6866469869274816,3.6523893161645553,5.221483001064765
4.4133280598400475,0.3805303960262758,2.407193660989635
3.0724243905952022,4.105671337484855,1.489755380090176
2.782119647641216,0.546766908604505,3.056828167924774
-0.021970876060759703,0.8212282849111179,1.5821793186597237
0.1985643169393323,3.156718765679729,2.0263508311497263
3.641347975414984,3.73638529671451,1.185649371551296
0.8242505466827339,0.033964377828369585,5.025663378493301
3.899935985662701,2.4616910442615256,4.012005017181867
0.01884548646710893,3.16067591005371,0.880603412475614
3.7430911669358586,0.30921913957969216,3.6857381128234032
3.9211752337311347,3.160473470363078,2.477373983101089
-0.41959987415764394,4.873490424751962,5.958120226149431
3.6282382784185376,4.4816108536928105,5.92919531168779
4.83202049588282,2.932841001905774,3.6473452645609905
0.883359636655286,-0.3083718851744872,5.22570129180867
1.7339738691210584,0.526696944348727,1.7024579989403734
3.15925336098101,4.848939870792555,0.756476757610553
3.3819437029723183,3.1440922536795703,5.37363651444001
3.283258037514656,4.650886071014612,2.5134207397681094
4.072348406332313,2.703432942244455,3.3910245696989763
4.6528546060219815,4.546483753100544,4.677918032127187
3.4742526067916493,0.2187654226596707,5.9993550799945465
2.3238822373055763,4.917097751830899,2.294971270233931
3.6065285042984234,4.018150310478624,1.3997795623780385
4.897820809177903,2.849148238028077,0.12080068401494615
-0.478235139885358,1.8026081932107183,3.3397715079321797
3.7029654588817245,3.4990209365101306,0.44907067557252167
3.261027663792586,-0.6295204409145145,3.179793034230486
0.688408744057746,2.5311239748414742,3.903342371532422
0.7583249560177832,3.4373387945968696,1.586043568386431
3.750366959098317,1.8480622212926399,1.9390868341980378
3.6830977748234135,4.98084397313837,5.1041244600015165
3.1517516388670415,1.3811642015072527,2.963793348378554
-0.2580778316191503,3.5878773194353135,3.7239694909913172
1.9104753158280854,-0.9692417536384381,0.919424791425375
0.9429864979412019,3.1208895451235703,4.784907777310635
-0.16021708243353694,1.4758167656881742,4.5941572622707705
0.6100885027266061,2.1314301699727842,0.8237078937188211
2.992234627358162,2.9983405619529537,6.178686067833832
4.203358332521721,0.3166142635700453,0.3877264813466145
3.4244992147781894,0.8714073932583726,4.738237321215977
0.7749301425887936,4.339290709493731,1.2814400926558998
4.299113451554099,0.5800166156615718,6.034229966356713
-0.17789124626866926,4.969906138457248,3.2249586718590404
1.505436156696328,4.595545747066655,3.581042924347189
2.602785772996336,0.8734919142109139,4.460195514653966
-0.004281776418832484,3.7739541370667142,6.1922593729244415
3.4625406445083295,-0.4722017923475672,0.8709217444426655
4.714854150800131,2.4455963042372835,5.344222853731551
3.4689469001280004,0.36219386860700253,5.824312350164581
1.4440641607348277,3.44513665122078,0.44803262517846126
-0.33776432581659005,3.7081275113143093,3.2855415342750787
0.9947221615455806,4.266045202708613,3.739810863716126
2.7384160733642533,0.4729254445735118,4.253420792999781
0.17717161195982256,3.4965773759233034,1.2889435056418448
1.3989698930065975,0.2756092723588275,1.8694362863931595
2.532351518496538,4.489870379280978,3.8780765654776665
2.3892821790329206,0.7745101231837164,1.5718362612078294
0.2550698448575357,-0.32481787713239885,6.10253438830682
4.0699892134641775,3.7925796179073537,6.127299543100186
4.213601648337535,0.5140261826469676,4.40613154786749
4.220821009679466,0.503692426156005,2.117607142659372
3.0129972707606894,4.1583424171855405,5.813331768197926
3.6957023497364894,3.716051197630647,4.414047856335499
3.845825017926111,-0.5128405918540397,4.998112666804694
2.2369455735580734,0.2204142468299113,2.602110100219128
0.4078038007486131,1.3927351137410158,4.715681077135686
3.2516123102640826,4.004535955805895,0.04622459083122737
3.571868844289634,4.242317370307458,1.2925725495937126
0.11299010341218307,4.984632721529027,2.042971572480975
0.1399323997111337,0.047385871896211684,5.722437996133211
1.3449616569092695,-0.7589732166848868,1.7882114261174777
4.90597851772852,2.2942335673973893,3.6258480478244732
0.2709349583831694,0.0700903344545194,4.386689686530052
-0.25948113154542596,2.052900929580398,5.812480188911152
0.6127617786633801,0.9753516023388016,1.6846976960762112
3.600130304317231,3.688381602090116,0.14915168326038528
4.6823253072626345,-0.5760006853346364,1.3314872415349666
-0.30954809575422726,1.3042589632667063,2.544606812859036
-0.08092024322479668,2.598716852043778,1.0456577946349552
3.6552494775460627,3.12969584669744,3.871038874553226
0.31476036667721996,4.540512278733359,2.5969527783119313
3.996234406726577,4.146847039953616,0.28121039557164457
0.14676293789233297,4.802000386739127,6.04887970028223
2.019491877820495,0.20227615109992736,5.697587725427933
0.7606749467732552,-0.7841858337444712,0.8208498365301538
4.193975007721386,1.9398157309783732,3.1643652008336223
4.6862362483959155,3.2331533285040717,4.661132531560825
3.2059770452110796,1.0131041231389801,6.096308327805047
0.24694074396922416,-0.0725852896970518,1.9031963669876835
2.1472778580072385,3.478433682441171,2.01224618261595
4.0896210033745195,2.5973404434819716,2.6568853045034997
0.2695602474196195,2.2396523604683227,5.825824398152231
3.8055097705684577,2.561900191006275,2.9899335344707634
4.993757084908013,-0.20456333606770616,4.497436900007551
0.9708031044921759,4.8867189903766635,4.447308822654887
0.5059107459467493,2.19738984412883,5.156783644015567
3.0636291927369843,2.9167166264744973,3.3851973364912493
0.08466608185303937,0.4929391476796401,0.0019232708511472067
3.8540890400875485,1.925520298369909,0.20881309407218768
0.4892802332390598,3.3080009896238423,3.4874186801970977
2.6439374573580787,3.667824053258732,6.090643879318834
-0.3475949922185282,1.7007841444063532,5.880175247198315
0.5621196770190249,2.242136561720597,5.64526329996693
3.327058256802304,3.296563159311643,3.578491540205522
2.849885908075465,1.1404659413379874,0.9055165405953058
0.27714506947465034,2.4674871774097036,1.3461128988311224
0.5457289888189911,4.981808777459035,4.179303714001387
3.539058943701791,1.5458044319422095,2.0230093114835555
4.993622683369907,1.0827220884730004,3.3373099185269224
0.9495339840987054,4.420042653642258,0.6655912012785702
3.86179539421172,0.6810537731267055,0.7034927721958846
-0.18965073793744103,2.8925310412854297,3.7420418355020417
4.583702267870613,2.5317950499972213,0.2020778615835591
2.786537865202428,0.9239671502461868,2.897270228756785
3.456706258687197,3.6817917074501683,3.2958605232883342
2.6329876200782776,-0.5363215866569637,4.039783979216122
2.2771231569889867,4.7956335497821225,5.491018564388088
3.969093361602476,1.1832882384042192,1.6265640803558645
3.7887390946872372,1.0809113786131883,3.102772573442556
1.9289136232211268,0.5481088711735831,0.8757214001629097
3.179361637012614,4.778234827865997,0.7668317265071072
2.737169658862299,-0.6334556436851919,0.776501226609065
1.3579580539242415,-0.7428275192310936,4.883349102856547
0.4902602357534809,2.1287335173693824,3.0160811239455114
2.5434494849065774,-0.20268412388824797,5.082350855905482
1.2802098980705123,4.610007643117093,4.156820835623935
3.700282940710645,4.9407495576494656,5.80434620973
4.14518945804634,3.196300961357669,3.4233010362267837
3.128957748193131,-0.33171377621960274,0.25686958860791614
0.9392143613592792,0.7009952115606342,0.7379333889629998
4.646782668768221,4.959589549247873,2.03891733640983
1.8689307049657922,-0.9334770470693772,1.9890672807072889
1.0922376814247081,-0.9068976271317091,2.607302422935065
3.859576302520293,4.988130591373864,1.9516123077541607
4.776299564710155,1.0299991338847927,6.05814954734332
2.8648157423881835,4.096349557599553,3.6539227712151208
2.69496501894141,-0.2598844256865567,2.781282091011635
2.8443740686305925,4.197802697028536,2.4787919515242054
3.7611256251118856,3.2229279339349386,3.028701125552667
1.8410031778185219,4.32396743016236,5.5260432830036645
2.3141185156305353,3.9447975376208433,1.6146171908775568
0.1623947607584002,-0.2364845354063292,1.2570014809335524
2.3198967305503113,0.7223936384417866,5.053415240629275
4.202380047639635,3.300404216054865,2.8647677093786545
-0.0332332352950071,2.8506260076162144,1.6997908113549813
4.491360807059961,2.4937209156424336,5.105281698834655
0.2613628592110614,-0.5124212008779523,2.8075752927758257
4.887062679746512,0.06351208933796948,4.065116712491693
3.240010745258421,4.064360945770957,4.888610960737862
2.771572503469463,-0.04083070927579602,1.0682026550796146
3.0188173809622,4.795449976233678,4.348143655071268
1.4964261986471195,3.819911988518455,4.1562823677165985
4.829975673649663,3.1401841672830493,6.064945487704862
4.70082605817591,4.075976388770255,5.1876400887401966
-0.18965905955180795,3.116937651586296,5.773155333061569
0.6959369788114458,3.495294340890414,5.385654997093858
-0.2180757522641263,1.6863232173800764,1.6437599365206883
4.23349145262737,2.965573525873787,5.911591917475706
4.431357645621564,1.9072580042086713,2.8987550121826895
2.259046373715309,-0.6413941045374887,6.261973451996298
-0.16784854692658435,3.3277216820683115,2.1856294422309968
4.313558226846702,-0.02542661808507285,3.6978155658768257
0.7207745777542103,1.9122341152198574,3.231915358435839
3.4709891405220126,1.9607705287475086,4.46939722949459
-0.3119925700864267,0.6561088447943131,4.928557771050627
-0.37583169916177517,-0.5133889692055518,5.873916943166366
1.380280686311901,4.71968740530388,1.7318244745898066
2.5032508571013423,3.041552353704386,6.1986116266005675
4.011727634194947,3.576991840837332,5.721120219262807
4.756935226371847,0.6481534077845099,3.2825349318685673
-0.22272356457251408,0.06658611279841242,3.286997024864417
0.5536284119452386,2.8052317107973543,2.7169501559964555
-0.3903522487944736,-0.42790915120301176,4.869102842949753
4.634335851233345,4.741397053622679,5.293204103159958
1.521405830407787,4.377347080885961,3.7161250402877526
0.8621968188372808,2.480332704221833,0.22053677794961937
-0.40493611438243077,4.022273900272663,3.936297343941862
3.779650259839185,-0.3461870201384858,2.592471977306729
4.762717041204875,4.269638228826781,4.874658520537081
0.0153290118170899,4.345398417049549,3.1730556438719955
3.6452679056826964,3.7771998276530336,4.376284387873918
1.7529714407696595,0.025448159797752723,0.7750826170089227
2.8442900346521713,-0.9341548123928365,4.056630118481091
0.7683521680447358,0.21556553073999174,3.2497829869972477
4.669544254841654,1.4138166116698323,1.433919547914896
2.818935745443253,-0.9480757975651635,0.762915160754981
3.215640737262727,2.799384306668271,4.758547886325474
3.655137696856902,3.850007375792716,1.8608430866305814
3.928176750070227,1.9416577161512487,1.6908790353916086
4.3660752950089625,2.825066763436597,5.266376396249626
4.11260403064426,1.0883891670779748,2.597975854955539
4.490031467234716,1.977469112650664,2.4868787882636303
4.570098405112698,0.46427467504012676,2.9811327140372628
-0.22530668817806093,-0.7429747555034372,3.7637535626941463
0.7336136994873814,3.641629069249733,1.7818028416870986
4.719620058092555,3.7886376627652254,0.31389825214677974
4.703179017286006,3.826648389551101,5.219032667249379
3.9620082195762345,1.8903276852816076,5.430555094416148
2.1818106076657364,4.4838600203264285,0.4138978097501138
1.5023473775315193,-0.6924965317401273,1.7749958855072254
4.02489291907986,3.2791018668782392,1.7537579513925763
-0.26159627939329333,2.359431291782992,1.4156568447927211
0.062301431536675445,2.987614355484399,4.672345340483291
4.67055545560954,2.5940963298652098,3.899177563873337
3.1617953680490256,4.781513911054544,5.706313159343539
2.593167639277654,-0.9769259131847918,4.80049256338353
4.971354595239399,1.6631267096980782,2.8514147169356034
3.939914230435588,2.9043096697069553,5.415256211665903
-0.23770094820596288,2.5908088102007083,1.9331761570838195
4.087697433045564,3.8382962792561583,1.2870771637579879
4.898682526332942,3.059909504160755,1.490634219029917
1.7949744140912007,4.249091389801438,4.952972121626673
1.8029870203190832,0.8004698776359558,0.041278712829871334
0.40202522305172406,0.5835874065835731,2.38000048776021
-0.4369709536998864,1.443808814454651,4.270940049630301
4.449016715946684,3.0577576065395524,4.911333461825108
1.1219297037075038,3.057385972640681,2.872222152581885
-0.2618922738498695,0.398033919592937,0.9757536678596558
-0.17453945239436885,2.1238038555295993,6.234917961661649
3.762359199949797,4.927666770563568,2.668444273268675
0.5002949967372001,4.556347457587165,4.176502675452293
2.892646580997468,0.7150107155322851,5.503468162196449
1.6225002930691428,4.6183823844610865,0.5096463248585088
3.0679002747766093,2.448707928311145,4.707398458298901
0.3623979733320266,0.5425734504927926,5.569348089849235
0.23720388953087257,2.8120529273575094,1.0980936413279354
2.5259741315193414,3.877674646394734,3.828575850168913
3.9122592342911755,3.4648348056821066,5.348018927828125
0.7700921812597059,3.5984408334823312,3.873745992160388
0.3494182364558567,2.9245049189350842,1.45996175910289
1.3173149347917477,3.908928179668413,6.243967912989095
-0.3930832608598976,-0.4288389946209499,0.21512363861075945
-0.3420083979672196,2.9523973130326024,1.8893094486774855
3.8711340291568614,-0.49879680712810437,5.916935557926865
4.440705108115165,1.0517678354344344,0.39220890457868995
4.960246753841368,4.65532507029173,2.0360949765082723
4.115081601308116,0.6676670841146275,1.5344185848791523
0.11956562735398824,1.4647264640857425,1.4003824810693337
3.398066154077271,4.3462754161600445,5.097546907965435
2.043780111454502,4.696123012994451,2.658090804440461
4.844492410761749,0.6687880449452399,4.136290425204082
3.408223486633731,3.1494654628169325,2.319765496974931
3.0975137417636307,-0.22409325595059926,3.5075687759965075
1.4177955041508672,3.570571042416205,6.023950195551942
3.126014906309564,2.939644066870626,5.795988572742384
0.16807967677594038,3.360130420416561,2.283112639408171
3.6002958125242026,1.2198123376739343,2.4528936184281114
0.4850833640440555,1.9843249561503216,3.67962436116381
-0.4165053591522793,-0.2662811332302151,5.870636783228059
2.4961499346011786,0.7757435552381924,1.7278110299365703
0.9013489017681859,0.24555316745958367,3.135888980606204
4.369708985937598,4.019183723005228,2.970224538677285
3.961471752774644,0.11799768378474917,0.5092845106026811
3.7098184891790993,0.5949785853043421,1.151778623011126
4.367592096540248,4.4443065933889585,0.06301643562233364
4.511625243132115,4.172345630145709,5.76740201044215
3.9679926981960447,4.9032133070947745,1.3924328221395283
0.22018298817343496,1.7567476354155023,0.6584219374092508
4.593160620046689,3.5987572565336663,2.1588421859213263
-0.3610819674495848,2.330870652696773,1.2382095005210432
-0.1474299608562485,1.4626449262051846,2.261991028018506
2.8878275353843197,0.7646597066202754,2.1112879998765606
0.34837471778023565,3.1307438122634377,1.636590792292784
3.1838730741080226,2.708346794422084,0.5470343280053682
-0.4919631519659366,2.9861821541751774,0.43551634276900436
1.8780081938777236,0.17691519775904285,1.9779983381131434
2.2500954642320745,0.18425245293850012,1.1147746115709884
0.4834224876123443,4.5386627986678425,1.7490914589272133
1.4910404304246285,0.24185618636142792,4.311150305920049
4.160745127539717,2.478770612483687,0.35649296764281035
2.7445956999384515,4.09070555311111,3.446014169618429
0.5197467509121132,3.973822426127869,6.07139134962086
1.6007082455467838,-0.07789009765409904,3.833690436634578
1.9652018206575579,0.7397838303372621,1.125739070453042
3.8770970867686776,3.0836268527733424,3.8241616328578965
1.568094111510117,-0.8582153149334724,4.304242528820424
4.781788019635281,-0.12568972606492634,4.26453154545345
0.9030095011274444,1.5682911559568193,1.1235294936470115
0.8008806970076856,3.8391648362672406,4.489702824129719
-0.41185356942675716,3.0696607918683165,5.083640119195121
0.6765646311164168,3.719197990674221,0.9425544098723299
-0.46495752873485924,-0.29419134803896685,3.0295742300081887
4.833343417089275,1.8516778287384605,3.8736263815959906
4.467790629191842,-0.9876376230187531,1.8464472962956537
3.258074023047966,4.704659746422861,0.7338695315904978
1.289809479831343,0.22116086611553776,1.5814050331947818
0.9810715134631189,-0.8243759884945854,4.307627108813123
0.99902067709343,3.6776354213390796,2.549811745501241
0.21492017687517584,3.8692603026156176,1.438807573946034
3.629973590548695,2.166499760025788,3.3121128818391905
4.986283380853383,0.3844581732590233,5.366622887411383
1.6864176297391111,-0.9828468395974292,4.041994510861491
3.921751850691045,3.6057539971199866,2.578019691057664
4.505229378298227,3.652977631773684,1.4576546947001512
4.804263916287255,2.140392535693176,0.14931595372466938
3.197056464413481,-0.8569449949240244,5.57421346809508
1.9331163772776714,0.20560999724906104,1.2260966066175816
0.3912443943089128,-0.19858694201116744,3.32251711603034
3.645325513553095,1.6635313787335289,5.950165109124564
-0.25684138364884257,0.21095999842307567,3.0979605692849796
0.14682628027133726,1.3638326915965244,4.351613019607413
1.2705503948790833,0.5767680089914813,0.26647105328914333
0.47782383849714405,4.9582955090880425,4.178956514559624
2.856797477466962,4.382405263167158,2.0542377960387874
4.757747326523782,4.946314853046253,5.3084173229688085
-0.029784913482510555,3.464639265526402,1.2778758379962551
1.5150890748567836,-0.2262526148097277,0.7800311436524677
0.11184596801765001,0.4212956162934449,2.540036616017106
4.819833583233479,3.5628313987966527,2.702861240688946
1.670010535539845,3.451832248627853,3.7218558274902347
-0.3634655095749046,-0.44385633443001016,4.769423358590131
1.3432268876290459,-0.8537245283633792,4.959256905187638
2.0020403411351966,3.399232875976063,4.456597159189071
1.1403935270989853,0.8378595348837456,2.177622269385682
-0.1834841618943423,0.2443539335446845,2.976237324047238
4.464986664899614,4.738249460415529,0.8125357405947831
4.158001295620016,0.48339462364896413,5.031117296780291
1.0788281961853468,0.7655846911814599,0.6829559469296829
-0.07122410189083062,2.5566076106982702,3.037779638477538
2.0977085449502275,0.19391936035438806,5.374711699626024
1.7242622633464109,0.5962975105130688,4.398769757111277
1.8327262351443663,4.756959473250783,5.585173833498989
2.1434257084358683,3.1970933882992547,2.3011936336041607
4.984152153247228,0.5844980699708149,3.452656268451276
3.1215139340636724,3.069664352263996,0.5863505136543419
1.213061263796181,3.5678705250511937,3.4688790838781993
-0.312877132960249,4.086882997403415,3.020635666624023
-0.043896131723389686,4.027173252917619,4.013182949543712
4.915815870455129,1.8333540259785375,5.3190162955386295
4.649301295552684,2.0977365471951277,3.915470935103568
-0.20092069969833115,2.067208101654491,0.7439515261918747
3.2118361469748256,2.253470472655107,0.8959046231669777
0.8123106710435537,1.701459361817228,2.9828280789114956
0.946011064967688,1.6050121123217913,5.044795101392656
4.619204597586906,4.813223160059519,3.340357355328122
0.4699031003478912,1.3947717605728527,5.859332351690536
3.8053069973788727,2.9996430832545404,1.204809730438997
0.9296731194968941,4.3320059821217765,1.827380210273907
0.8802302879555013,4.129956573146229,1.6328925484188355
1.15328298887401,3.625733099907351,5.8268533092722725
1.751829965350784,0.2899288018025914,4.966181201038795
4.567316450690454,4.6128986127750915,5.327005084765851
2.8704832319167513,0.8491229523072137,2.006754888108418
0.3566768045119175,4.717182621436535,0.5627556260199115
2.8314812674999756,0.9820756203622969,5.198635200514519
4.1999833436555445,1.2576350741148072,1.0045365835409592
4.962250616607383,2.8678950336683915,2.71322993406822
4.013646962124969,4.616934378752669,4.552072840144206
-0.36366517318415775,2.906987271783395,2.7833017334427157
4.308029734138279,0.30371824870435393,0.22391074187192636
2.6789056046714794,0.09822496412382042,4.713618785467186
2.902823481983593,4.584931226269541,1.2964556096885929
4.145761213797483,0.7354234116848049,4.019513146201493
0.621990380747671,2.2460003926342225,1.3895473472232356
4.0459379278653325,4.062203840595694,3.0316911132218145
1.718521962455522,3.473275813753495,3.1392660850432335
4.133472165429764,3.070616082152946,1.0144125268180693
0.44870045573258244,-0.7288629710992589,1.4666769375488218
3.4851151412518133,-0.0022154430268199743,5.599797190968105
-0.2641680790026781,1.1581916766558837,0.8335423386282937
0.43119927093113086,1.1629467561433047,1.0008489927721014
4.144524123524106,1.3271250546401125,3.0271877742085644
3.8508048761215115,2.74447343670911,1.775193812107924
1.4882492384483101,4.626225457948989,3.1992950272754506
4.019542553677172,3.834410743501641,5.8045630690999115
2.8694405097637112,-0.8130113714970992,4.928877801895463
2.901258043169873,0.8735371092677702,0.5836874081581315
0.4753517797668084,-0.7862696477768234,5.466598941982869
0.6649899201259879,2.9122364882196132,1.3959314512016463
2.937154886581045,-0.3438118952190754,2.4551469552388614
2.8106916396366293,3.431299313727334,4.011675851363474
4.728342820149801,-0.5846726780269724,4.636822356866789
-0.3511704693088601,2.5296360153352944,4.118666511758301
0.6705708222078286,2.6045459079666298,2.5703683696871815
0.778071431298758,3.4936961761073544,5.0995541821721115
-0.36478234699158796,3.441316243205753,4.398084194018538
1.1590016180684637,3.5808460612108286,1.5202434637746227
4.1023962754689585,4.817746136802608,5.86244551602585
0.41316118062001017,0.9852716277239879,3.905719546406832
4.117803269749246,2.0965523390745084,5.433796150656371
4.662073993995304,-0.4922974621092817,4.084886413710877
0.8340189091181696,1.1700575038978833,3.063549688991202
4.159938349785539,1.1179324193588531,2.959156510304027
3.5797930284868693,-0.6486373930527682,4.3145822522967165
4.034775815586753,-0.34179342847338634,0.31909453389036174
4.399573179518616,0.9291650943671106,4.382083554603261
0.8483205228834549,4.1561163562627375,4.341566920886038
0.3818763879447913,1.8513595587402278,3.5083419923128765
-0.45013839774195363,4.731503604196071,3.9089697020639114
4.620204390221349,4.7704756852091155,3.010935644989815
3.357617005180689,3.7577178316450173,5.556635697000196
3.2979492359045106,1.7397910254864986,3.7176696291750115
3.9890769463432276,4.17371001607417,0.045774115931493005
3.879149118766409,2.950218025385274,6.075487381866149
4.013624990955328,0.7682462826024936,4.2866831158491605
2.8854010314964262,3.9141927727118446,0.5164555841202025
4.724708612867396,1.5483351254875783,3.1180001575351657
3.022786684889176,4.985887493156058,5.089057022000582
4.3952926707131725,-0.10045415783304801,2.9523566322505914
2.919317811438682,0.21355395981648462,2.0568900866303115
4.743642038175547,1.1796404382275751,6.174368305148227
4.915095066984163,0.5179525154304649,1.8102172107550212
2.093249869433071,0.684773059519244,3.5446946668172816
0.3369558511075583,-0.9791134764324303,0.749856624300089
4.094930888358435,-0.9404963890837472,2.079276497276011
3.5835976841032764,3.0285922614008953,2.8562368642690776
1.495640286799452,3.451809452760016,5.350100641443851
2.6119725977537622,0.41968192102837576,2.4166424339867776
2.906053148758775,3.574631375363004,4.651282278456271
2.725147688120121,-0.8720153878540144,4.8067238558030105
1.208920470383794,0.10015999885132199,4.034108254760021
-0.23841112613227183,2.862606664262689,5.809815431115101
4.413549902298588,4.006793686272801,4.47769436384662
2.3793502692197053,0.21640060924067583,2.996208240952974
-0.10439799330090488,0.9449651294153285,3.6022297709488402
0.159637713443475,0.670129384719413,4.427975837713153
2.834365081785431,3.2377357551821833,4.263315754152674
2.125322884485719,3.934223620254966,5.98346335295262
0.2791099913917815,4.549756227503426,5.733391102991204
-0.44175405313168536,3.616517319218583,1.6823923228648627
1.1430289149318904,-0.21468087435935335,5.357135480752352
-0.028435839664887663,1.8915639277339116,3.552468985444378
4.056948362388074,3.412305793056806,1.1445657060561305
0.8995089974699799,-0.9913374228363334,5.454877949211296
0.9141334202242319,-0.8399434733882729,6.05005727763154
2.620366823178038,-0.7634100078302126,4.023324765477719
3.647069266185686,0.10952110335216148,3.323729558020012
2.416129280048795,4.451838327640365,0.16513786422597962
3.851909232321325,2.2486212975838056,2.8601313268917696
3.604115718277699,4.186539492664153,1.4895905815824633
3.503592859239033,0.35671463958513594,5.614567194398534
2.364973029426278,4.762831562532172,4.055679295087806
3.36890499921333,4.077773865673352,0.8369926708320229
-0.17555601099199952,4.662152960563235,3.2392925872967693
1.1599183652319942,0.9974558503989148,5.673873418681756
-0.3383072428373466,-0.3932305783189112,2.8721907746593147
3.7809148279015137,0.31812265463087064,0.5752526157807737
3.5521895945220345,0.059713087076973315,2.5012181267048628
4.634186476152115,4.101189337669502,1.6864097877448028
-0.04579396004086966,0.8653334219244504,0.5718023089767765
1.4246458559043398,1.0039002845707627,4.147198934133142
2.2348065681790565,4.4066450639921015,5.541953985630335
-0.08905870360492008,3.114244312328899,6.241215778068677
3.696464168721999,0.2698602684971496,0.5374175215816765
4.367756785298168,1.6928613890988915,4.46976512643165
4.655105962524645,1.6703020217668083,4.052972136006771
4.246218137968735,-0.852694741810643,2.8105648514162773
1.3180170505752045,3.6691403002594694,3.4671352716350925
4.5353447952869335,1.7900518782169388,2.6541993226780938
0.3940248935892765,1.8293159255817542,5.748213172319973
4.3527118328753,-0.6829182383431407,4.103470380645543
1.1953797558896353,-0.7833599641551385,3.9087912676685845
0.8883542845213623,-0.139188599758169,3.8379202697694472
2.6926962330697495,3.6578468883752953,2.592428487932064
4.421653580696761,2.532474487506788,3.0480110053962375
-0.1539849708818431,-0.38017819504351325,3.4721969823600474
4.775568308198533,2.611427113720098,4.296007349227428
-0.39333649199564585,3.03149130492356,2.7745723172701826
1.6030567763621009,0.8397791577983993,2.456027536381093
0.9743332250838057,2.940245776690372,5.643388093594695
4.571795473124134,0.48019765381306945,3.803589401331772
0.29934498714730673,0.06435700073487083,3.9970368136317993
4.326036070791681,1.4135549760059876,5.378460855848123
2.0473400394139887,4.879688776575046,3.2492238357625407
1.8515537704579113,3.9761176591731555,4.748058627401057
-0.4702963085268844,0.46294648526888627,5.465284136760678
3.104995769932513,1.1423619798924576,4.293449816231062
2.14728725757113,3.576852010431063,4.245634003371359
3.610951243262077,1.2114570152200352,3.62217294362895
-0.4651507926355115,0.2038691320758892,5.570674634986291
2.9755803826720806,2.589701019480244,5.086811722918571
3.787368541319304,0.9010507503003846,1.185607424357407
3.234602919742118,4.587909823415718,6.008208564639067
0.47192239079620824,1.549169062687655,2.10046644508838
4.053511127850995,-0.7739396512410455,0.5078694306850657
3.9098454343279965,2.9278707437061375,4.664702156604994
4.307672053497865,4.864418291811529,3.0011068546734987
2.6862457504223465,-0.4381966384779492,1.4129340804592652
0.7156968482944446,4.901155105299508,3.8571975326603805
3.681579148939388,1.3114639927240974,5.064690871588694
2.3980086383998485,4.5580741487922145,3.1117474019168183
4.039921792851142,4.30559898403344,3.717757110405517
0.1796145851069113,0.661446437268594,2.8017116657456844
0.45491547032289603,-0.6535211512360595,6.26585183117141
0.4922447996590984,3.166797697848886,0.95573882616268
3.8104596729652274,1.246923753580377,1.6021973574319444
3.285017754803208,0.581577896018729,3.5470897534888235
1.3158671446400119,4.709525319536644,2.9046104069325867
4.567802284218979,3.975092845529735,4.802510859168212
0.1625376346182319,4.986378086548688,2.7261565641168315
1.1060008366648195,1.1624322952901638,4.853067638693433
2.7921245412554856,1.149602566035791,3.0788363102844873
4.857288208856817,-0.221792615860416,0.6632959305357211
3.0800233143584155,-0.8166532354278222,5.111841177026857
0.35657795592231767,2.0028989038456464,0.9675080475041369
4.32425224463007,-0.07058754956722502,0.33579998236667535
-0.23490905095990144,0.05381889956886576,5.012554610892341
0.24713709056876343,1.3437469044094081,2.8204955937815135
4.568164303781341,-0.14092062431981534,3.221321394842628
1.9986431979231711,4.199508305565009,0.43883385057426616
2.5542864533719305,3.3630084599022094,1.9561613856888307
-0.22891746359520276,0.9498709222427997,4.107537575073569
1.476771005465033,3.0577429465431534,4.577331780385449
3.6704155282896576,4.159242937557513,1.2639818652610166
3.247810659294959,4.116260125552355,3.652422220528758
0.997845981574045,4.771634735218699,4.425801112934814
4.65220257053213,1.1235998733163122,1.6845952307281098
0.6560178613649232,1.0413695452755372,2.1122401428311055
3.20913667215084,2.7940066421408574,2.664020410361484
1.6027172182533995,0.13562813138334828,5.05160935337157
-0.2544078370614994,-0.4863823430286496,0.7190911548292456
1.7868106843759302,3.666834571808348,0.21093857615085077
1.2646680123477185,2.9067647038632316,5.565916774805815
4.958482521523797,0.18173697731388594,0.4764687725989247
0.9509745699906806,0.5414721117713477,4.804791245380503
2.1822078714704536,-0.6176796432127736,1.1730183446060867
2.0244419137752603,3.5738770505164794,4.014502994262611
2.2370040278718735,3.587470752524922,5.2527460193644435
0.3433546541882273,1.6170809914081996,0.11977706976492809
2.9598715913252502,-0.05620824662168755,4.4791892959712305
4.523110038503884,-0.3853645127676997,1.5492316155125527
3.2525611414995534,4.9135471790786145,4.401578830825754
3.53356784925633,1.8629218031319494,0.43427841393570715
1.2299539683306373,3.1296228091759772,3.502581288032108
-0.48791073101655696,4.092903546777282,2.170320422796907
3.364704547528254,0.15333229905818557,5.182153263077374
-0.3136219683726734,1.8898636081178424,4.458620632352517
4.965790932915535,1.5674867366683514,1.4769833458774568
0.4106712401584408,0.6001990030566331,1.211543908279358
1.9991067498721424,-0.5389957478620004,1.446771746414576
0.4228712676123586,3.0010917392487775,5.531645661305297
3.0573759072544653,-0.9595698009670934,5.849980429167586
0.9350382992910407,1.2888708822933679,0.37621566922732275
3.983856613030568,4.454834425651729,6.017772472891253
0.7528517512687651,4.9601226687055675,2.8191555056343627
2.1408462171096354,4.917509416147752,4.975204878509862
4.9088045850297375,2.8970014365562884,3.084965444355065
3.7014753039777295,-0.6689711633788069,2.9899804432089647
4.58292057775237,4.41399089342187,6.21087489397269
2.4015333428392087,-0.20411719390822292,0.8921859519087133
2.6382793717250856,3.539047576298822,5.2825336037639135
0.5699371201793442,4.558467876057737,6.247811039258651
0.9195369817628118,4.605911118522744,4.0708663872446476
1.455532729753458,0.8438552089456905,4.443364764703736
2.2791874990853014,-0.4623404401529563,1.8515606027742908
3.265877379658168,0.3033736581796387,6.092976899544469
3.666257255092696,4.359960606891859,1.1925019352061572
3.529687972891412,3.810843250818502,0.4652315398693947
-0.4361862402171455,2.748376146437458,1.5589024350141696
2.270401000341563,3.348731149112826,5.44419573331292
0.5371368365591835,-0.5125465869629937,2.8352111092350354
0.2669207912795467,2.6835623140413403,1.4010886284110557
4.333383888259795,3.3106457471454735,4.0388437701909705
0.37564989554119776,-0.9982821477597521,1.5551779152987402
1.7846242661255851,0.3795987247874384,3.0460342084426983
2.363868703474171,3.8859442491733347,1.2630633751756573
4.255628053484416,1.7556186522627275,1.8861327351482662
3.3791652598028903,2.5335064834687637,1.2374015941233558
1.2439939959550979,4.745421095399048,3.8807047162677977
1.4579860361207662,-0.07502198950047645,1.400624065715357
0.5100866266245094,4.490690451138736,6.260934699368876
3.8221349741344213,4.906409928736876,5.6143523662780375
3.611057723352447,3.698942133339089,2.964764168623548
2.6702901566850263,0.23721506906625978,5.093758969283431
3.2454567898027378,0.4230445968340881,3.3142203472774936
1.3373325139776728,-0.959594877184895,4.8121304014749375
3.114239945986825,1.7730535801341825,5.946794444135209
4.379630204777795,2.2281967823003375,4.011639871700522
0.5314449901810798,0.6878126415613983,5.858006622735826
3.1353294775505454,3.0862748780864173,1.0787730857275042
4.212978013875595,-0.5399383601137562,4.892411472948239
4.857338453947454,0.6174875016583674,2.3396557702386094
3.9693885495141075,0.15965925664315317,4.2752187897250105
4.4451922334199505,2.294473875661531,2.365071050895816
1.9362996448748553,-0.304068693058249,1.0586575009390193
0.645172224368403,-0.6508729588210185,5.784177037466017
1.0744487304817407,2.996939652880183,0.7129620321605853
0.5448933873707311,0.5275667407070672,5.232890484952181
0.10067858295328891,-0.9783513154540664,0.4511849307982127
2.585161722938526,4.039737343031165,6.255656012354506
3.4322142035308016,1.6507655997694677,2.830805479309357
1.274472204127764,0.3095903623675682,3.3760051323046643
3.89652223837515,3.051002122687401,5.35005350199389
2.025656992625152,0.360047491144595,3.052424112263419
2.907295841771579,-0.5492289855583132,0.7657537157880603
3.1484081920863107,-0.04693448902518016,3.431790796601248
4.0275670346068155,0.02389671438859553,5.821591470680409
2.909488509015494,-0.9176501088838454,3.1526194310002222
3.6119061817882443,-0.5266364563013479,0.40269401693179113
0.6313760662370358,3.367584510403752,3.272413398328629
1.8597011801436345,4.6254038361090934,3.791529172254269
1.4764988145223354,3.0292694936206965,5.113380038069358
3.6263245684876306,4.896302557663454,3.8261831040173973
3.533063670639648,1.9721605392847694,5.868097025685381
2.194120774287109,0.841047818400481,1.205393490068139
0.10373371974467349,0.617875688280221,4.7125042398069645
0.03214184712526946,1.5678789303214513,5.540319624763635
2.19893880087654,4.640994790095587,1.4117726800150727
2.5217038896359423,3.7113522652136437,5.244218178128431
1.3316016126222858,-0.9360949275920067,4.082617564396369
3.187186086943626,2.463612219119405,5.7503675555791745
3.8764021590683706,4.9828184866215075,2.090802828223842
-0.48547602678935553,0.9401301982028811,0.7812785427203066
4.742613669651506,3.0779971413956817,5.024852456289919
4.617852871108684,4.436673703874811,4.3565704647556425
0.36528903399031165,-0.28499870157233675,2.074314970230614
-0.02599060365036765,3.696027747819474,4.9850593547557
2.5888370145971273,4.088535202526684,0.2717650894338798
4.617546827752229,-0.9342326624548007,5.767308456331888
3.7728780293804407,2.0488484860258147,3.8369974552934925
2.545984087522891,4.980834699352355,4.107743369232437
3.853054232836344,-0.6272297761376193,5.8202027111726435
0.49389408160061754,4.6277741692674645,5.636130944863201
1.4302917201156689,-0.8047720833154255,5.270271576498596
4.34672765239108,-0.3492876532598195,5.444812615322722
2.915273888534921,4.801403898562727,4.780017731606443
1.584562405623699,0.6088054338873794,2.2334653636047657
3.9300528714756773,2.3865417422521187,2.7523253184067182
0.8523971190868393,-0.48731989189850355,3.866077916903481
0.9171430394775613,2.5288102214335453,5.8433417343887015
4.135644669977592,2.311801281015177,4.771400810378467
3.212281291987822,3.357078992981222,0.5793465844602215
4.3548808425170025,2.2654360773473536,3.80300830829689
-0.1995491743929837,0.050327264105028524,3.9004388468238127
0.22726774969628383,2.339998046023538,0.29839160407753174
1.5243045631716088,4.605353600219374,0.20788758612367556
0.04712180027961965,4.11918470262632,3.1995653822038865
3.2289027149109217,0.5612526001825582,1.5843769657026494
3.905566832685701,-0.7138993383465089,4.300620757798351
2.9708394615014635,2.841190314880552,5.41987016515972
1.2614831966058597,3.373536066689663,4.3599550642177345
1.212925996912718,3.821029743124887,2.7677374952147806
0.6375531870737121,-0.5963030542643093,0.5618862532945192
2.0143020565969403,-0.7217295620485464,6.1229916249341985
-0.22103567578359895,3.6197895146707317,0.9049812963078968
0.4218243294376769,2.7453169918661953,3.838007020448153
3.3063177692668297,4.832115045925322,4.782431986329589
1.0902459797931887,3.4845828914954797,2.837938819979418
3.3961508364730073,-0.9534533172656217,3.594990822484322
1.3199231500784667,-0.7920221205454943,0.09976000683478238
3.9378850162718173,4.948356271713236,1.4859510705015386
2.9662742005451195,1.0822636630576525,3.0988557228127447
2.706051421100957,3.7976787401652112,4.2437735900561995
4.018788830422407,-0.7851260334168526,2.219640577392088
0.46215570583241505,-0.6207305243498882,5.77846861455431
0.44561582908448916,0.3317437815181874,4.835363634738955
1.277193764869095,1.101622316783612,2.549527988101695
2.3457203920176877,-0.6623018807816763,1.9771057183828233
