x,y,theta
2.2897373228588234,2.4859198178176745,4.08230916785386
2.1474484316259517,1.4921264935782999,5.197913469195944
2.2330103418690608,2.447451973082078,0.4186495302821381
1.5133708247808066,2.1225156550552864,0.9589812274205011
2.4005911128504125,2.423067945627293,5.743448094073212
2.0963298230637295,1.415942058791202,5.817335514090712
1.732822845863761,1.504675557193015,2.298688209933749
2.5476452145241097,2.1741532104702115,3.8200214628710394
2.2380977278871614,2.503098619592787,0.37187933607423895
1.5792747412158876,1.580657391578561,3.644079482975045
1.4848639088092874,2.2727245836116032,0.7916701550813044
1.8390990947970942,2.473721578275258,3.0580495314382197
1.5973927836505193,1.573125428529697,0.22627944064419864
2.376303032697053,1.6652008947643355,4.792581596815507
1.4357860304800247,2.109200255062918,2.429575061429318
2.086827454504717,2.5116474483572775,5.845630660818019
1.425965289524995,1.875767022782336,0.5013845856201514
1.5421601359084312,1.6838617500585957,5.805886979339677
2.1336621841954795,2.514881276096933,0.20235348415800428
1.9390476046689582,1.458908141037817,5.692104714699978
1.514580311374704,1.8677771210382952,4.080586314457987
1.716042526752154,1.572169059321733,3.7312278636030456
1.45555290234514,2.165366391602098,1.2687086450761653
1.474799987569575,2.2129689959037444,5.779591497262301
2.1397071183265655,2.5460533704243797,0.3271300010003862
2.4199956242448515,1.6596939515906532,5.28269937403262
2.194776942475481,2.5672345507959795,6.212357556745831
2.002367204903424,2.5982359765229193,2.249367204063469
1.6266836108178269,2.4313287514887696,4.204277760765908
2.558945774927048,1.9044482282704203,5.405577773505425
1.4593299000228193,1.817229697835045,3.4660884197236923
2.3284971058850656,2.4299662871235803,0.11072960458771458
2.2744822326182454,1.5646609143100418,1.553626984170806
1.8560860257147613,2.555565014581351,3.843126935945789
2.5499885096933568,2.072812187699658,0.9907296108582172
1.9407858519546997,1.4702639421534962,0.4527419673594752
2.5349534207743725,1.8685970811842678,6.219693889677946
2.465606709836559,1.6379861141702374,0.0006786267446881559
2.577332202530429,2.1393998374337335,0.16503771755512728
1.4774272350740223,2.1275742019203596,0.5529376213844415
2.2030379963195497,2.521194640639,4.4236148199956515
1.8243946201128913,2.504547701979761,0.0469250568371472
2.215588327311334,2.518550553416991,4.043871565855373
2.113749461249367,1.4763290204037811,5.48272188401217
1.8977689972680503,2.5316266661281372,5.674427930511577
2.5763401573942426,1.8744523927137333,0.6589119995713004
1.4820237899243764,1.91821992244828,1.5351488195071599
1.4924829774694823,1.7530646688761964,1.0840614712566723
2.119916432963364,1.5051649397027276,3.6690375645136695
1.7533646009855224,1.4701303592440467,5.282758218335641
2.376164549914838,1.558320200585172,1.018136339406864
2.3662098682016595,2.377121957940595,2.7161232526346146
1.4116601722554833,2.016416835222717,2.3810232662299424
1.515963633881615,1.8511669388090133,3.6317966257899514
2.414597344798525,2.3392372596664988,4.005698976872807
1.9437351421627527,1.486808995469536,3.6034036427912897
1.475408749509737,2.156017147264279,3.260461661655927
1.5768302814851751,1.6018504564065328,3.7660786335295033
2.342977883414518,1.6028390572100406,0.6932344614013152
1.8694290145619075,1.5114577184328766,0.8026438845903392
2.071849714565112,1.4620982237459332,3.4920694648331088
1.8614241971379903,2.5026262843874836,1.233212020324998
1.5178498255598947,2.1658735792869956,3.527599356153659
2.4962477795132223,1.7400486511157327,4.712378399624956
1.5923033892467602,2.3415260578497676,5.077704229003401
1.4401597721911301,2.1024614849692904,0.8005736740395885
2.356788384384879,2.3803271586470407,0.5085355662730109
1.710603272222325,1.4804983386866901,0.27003044811647164
2.080092255246989,2.532679405605644,3.0048059167939343
2.2616768238805154,2.439465266655433,0.8889611687813709
2.385342589789294,1.5868257205925715,5.194715520802128
2.263001204754821,2.53180576072,1.4628414676605979
1.5373533594806605,1.7094839539114828,2.810113839031919
1.9395674085374133,2.5927502477393807,1.7587060783824828
1.4505623020063134,2.0557382770548163,1.2357604528548327
2.4730139875298827,1.7297539707331888,5.916014732014385
2.084988113945036,1.442325811777381,0.45367232791591033
2.0667545710452733,1.4041775072889182,4.600777022429886
2.497421548642344,2.327040681245325,1.6000371715197643
2.4289073446069627,2.3415310455378906,0.6412289410845251
2.075427419416639,1.4275833009213843,1.0638657647787524
1.4529916419939122,2.074150878451451,2.392630465031372
2.3168284218560595,1.5441007910449465,4.094234121253267
1.5885808610297054,2.4088651601291806,4.317099276153445
1.6258079373876069,1.6055479196315394,0.7406789286044334
1.9365949337044657,2.571640613029567,2.6374592798621808
1.5343367711336695,2.333741627401581,0.7309445600632949
1.4062952232120711,2.006418998883568,1.1770199745355678
2.233306636122434,2.456301000658703,1.4515779364624133
1.5650428282293198,2.3755048889210966,5.883290699312423
1.6339407988442698,2.4669232200243743,1.753948377997387
2.0348798693329595,2.5960329484240168,1.2030679275745422
2.029025358720882,1.4992253779420182,6.177018691746426
1.539361593901116,1.6355652750440854,4.356248957809528
1.4535151911259976,2.243486771873223,2.7141487714380568
1.467529658189107,1.732103649056213,6.008688457770442
1.5117879468289748,2.1673709427711594,5.4089725569031994
1.7052273811522383,2.5197097966155315,5.843387547292667
2.1056204629486954,2.580290641778549,4.020288854736973
1.8176697751897872,1.4457285771840702,1.5965632380418815
2.5483425718349286,2.0460336347936754,5.146644857683469
2.4216544860781863,2.312679573254256,5.171306435392771
1.4696124285501033,1.7614714111254282,4.099958666531264
1.8553535848991003,2.575035418191471,6.139988555327653
1.8775052938080563,2.514071373358896,2.5485017473292073
2.065175734228482,1.447700345368369,2.4486283861125933
2.545766158622489,1.9709808461589433,5.544136184110669
1.4183200613321347,1.8814236376452893,2.183001788451066
2.5043700350204623,2.008188162442539,6.093049662416278
1.5378875576340671,1.6579871754848743,5.676773530560572
2.020757780813038,1.4368391244945122,4.210706421213466
2.2103398460119728,2.457031004793052,5.68740542663003
2.0255165332123606,2.5731169876593816,0.9291852387217612
2.1295831107678356,2.4847342649858,4.314136227688456
2.123065879192569,1.4358817503060486,4.755096987777072
2.5024504416060127,1.7677350364588933,1.6634990764611477
2.192340433263494,1.4385673486341553,0.9826976994054449
1.621973960220689,2.3381795202084525,0.032696304026413214
2.1136503720294,1.4258671811375514,2.297387625086161
1.5135816780460574,1.856010010653894,3.7250763808856817
1.5475061408889128,2.288311299007183,3.960166543023314
1.475061052828381,2.1475532522739287,1.262434291581481
2.398169544996183,2.444665989618928,4.577562320200261
2.5496711343168674,1.9014751465672823,1.7836240263051268
2.2351726731750072,1.5275924227528481,5.49768850130664
2.1355108466626356,2.5081546408202464,3.955408236236263
1.638345219577522,1.5342760097760917,6.028930671421112
2.413797118406943,2.321896849819963,2.575791579155242
2.4244164504433106,2.289087692984295,1.2947975306938102
2.3211887553517596,2.422556702356525,4.20651929089105
1.4930437624556079,1.7602732590130286,4.666226672881582
1.7657286249666944,2.5060305110159504,4.095360488447571
2.3008350659236085,1.5014356125221702,1.5789009951291673
1.564897723461568,1.6502309852606234,1.0664794626786855
2.3283260306489995,1.582952818993216,4.530382993376505
2.5290665474128895,1.875472147278197,0.515950879990819
2.4418987957431506,2.3804191913239303,2.234453234273547
1.7443974732616423,2.5035703120629136,2.61591050438837
1.5173928327701072,2.350126923893403,6.283164991890043
1.641323230540547,2.402474173420128,1.9717359217487507
2.037944427202967,2.5561901532763596,5.026724092645422
1.850908756675958,1.4586096940824118,3.6062616478964724
2.252979269010416,2.528501203746228,3.331533830178588
1.8541996317291436,1.5052835743452606,3.3765081584584196
1.5842976316428323,2.349152800338957,4.387360505221907
1.4186922062009146,1.8896517573710716,5.521855289539206
1.7200842880613778,1.5800183909355117,3.726284464567731
1.652064189747997,1.5315575139206015,2.7341594874504085
2.031516682559017,2.542861808226835,0.5037596917787485
1.4290751090918676,2.123786943261914,0.6226849537599619
1.7400443947448818,2.4283901084120028,1.871889700319967
2.5340186719617095,1.929437011474415,5.217023187924564
1.649755571679431,1.6312478548962484,4.872574667477497
1.722980280807711,2.4950229071221406,0.1467525104468084
2.0007209629070815,2.5292663611627306,4.263812959051752
2.57014071278999,2.0472365895455926,1.3787142524678089
2.521847938018829,2.2854695895347286,4.61933294469213
2.1954950874208645,1.5248878531935373,0.9597352342999997
2.0376263077374985,2.5862677489510473,3.1093505623541886
1.6825889386870236,1.6052959655232706,3.5671642085680104
2.5149439079813565,1.836545028992429,5.258581670396387
2.395460239346317,2.3753482993511454,3.9811825220055326
2.5047114775249715,1.7785507403348542,2.437517561914035
2.2214986077468235,2.555292015230891,6.0023828067108
2.4349583802275188,1.6177209943496058,3.3678435672747966
1.928702118164217,1.4718987578646976,2.1361401300169804
2.2284934828328673,1.523058940006216,1.4632482610101374
1.6373280658589915,2.461965681244013,3.98159619797347
1.8545960730695743,2.570790230324904,1.8099477940457598
1.5359979830033155,1.6985371601128763,5.708211421835478
1.6047376997894567,1.637177392603319,4.358701828157697
2.381640802045193,1.5376243880652845,4.401637963050342
2.3848504248563573,2.369653811664817,1.6975107743519167
1.570325819984165,2.292366996614942,0.9434795081753572
2.091933511967591,2.5816863611266405,0.5304096767525548
1.6371239895040657,2.4557169020332608,5.8338405563257485
1.9515118473879458,2.5666716277255452,3.7029466017784944
2.4348968802693034,2.4077869578929687,4.0727525701812635
1.797787547966514,2.557618801455072,4.323879915494702
2.5761647502945264,1.9815198516986767,2.2639837484469756
1.7914366563595812,1.451202690659135,2.883382360023373
1.555704591609691,1.7175327779746463,1.6392698154829999
2.1597265230541245,1.5100769865660997,0.8193295663035544
1.6483171811631476,1.552757338394906,4.509656170572388
1.4413027568753805,2.1283176899611758,6.1349168477021
1.48468113788425,1.9468747469297472,1.6396277460864461
2.5168839031135644,2.1623032062025382,1.2654223421828088
1.9763142642140554,1.4087579850822132,3.259884086684183
1.651705354771099,2.4363999593668617,1.5422515225942757
2.2795266730647037,1.5147353405745805,0.8287169730692172
1.5554793420156718,2.2715799323277905,1.4429016746518104
1.7690952362528793,1.495475037855556,5.488643007072154
1.489465791550515,2.216639428581915,6.236790072119487
2.2853271991118524,2.422340277352368,2.051288480672444
1.4060104632611299,1.9279574675023137,2.290737708193151
2.5457456474149827,1.8774634569700261,5.090115870696952
2.0127318872356845,2.5005425817455413,0.2928033339963683
2.208980449151241,2.539739366738557,2.6340496588623177
2.330394797116657,1.5015539080696299,4.441265342237832
1.5904098334885273,2.3835643343852615,4.475460730269386
1.4672155212072353,1.9638658174491916,4.1474611130264885
1.518665570928404,1.8026601507034699,0.4718950582847442
1.5039061044609519,1.7209502256948634,2.3113834739390513
2.1825542257620825,1.512008434000489,4.2672801513569665
1.5312991418750466,2.3063742380976193,6.1406773176399625
1.4380896701018657,1.9775703197631214,3.1671582010031747
2.5175516304624717,2.2966594850149233,3.5011959197683775
2.362675232367675,1.6444499261210328,5.414826874167775
1.7431971144919125,1.5110733300410293,1.0880333404352494
1.7107368988370928,2.498174247655084,4.155937191726184
2.22858034449692,2.466096521722574,1.4976336921345925
1.4680084465238532,1.9016520080208383,2.666437287492435
2.2308217031286777,2.4512647185353886,3.7970777557802795
1.618631746070715,2.4294242074106487,1.4358539329610902
1.514851266961019,1.8441629877910417,3.8635713112468837
1.4593884443663483,2.034629955742675,1.7957355753797284
1.4460350397965127,1.8019840605152473,1.5748079509706145
2.549477224358149,1.994725821944076,4.619704340538484
2.1277988985043854,2.577975651945273,5.664645443574532
1.4555801471814498,2.1945710842039587,3.0950345868618756
2.5587889985424477,2.1960624663728954,0.9799289439873005
2.188088979986477,1.521840124432187,2.833785489389629
1.5636327060335242,1.7398548398629243,4.9852674114592865
2.453779954273034,1.7723607217710937,1.0764710241816142
1.6777279078370233,1.508355137328678,1.1804263844735934
1.4408995142681487,2.084583358780712,5.5193060378769685
1.4577439315230962,1.8971348333115363,4.638186724562598
1.5062980513888948,2.155718212548213,4.264864268249933
1.7139223224118885,2.492209549415483,5.946782962906883
1.5772472179614725,1.6740214762569119,4.699321693831474
1.5033534480310986,2.2855503237201025,1.1375404704346095
2.2350941011024488,1.5046517893418436,6.1931929279113564
2.374074090075249,1.592703719886527,6.017398302465163
1.6954777643021286,2.4940945643661303,0.872117738061731
1.8172963407558165,1.5237423226798783,4.11244492609563
1.4920902879415308,2.2359897450362367,1.4819559506991542
2.021577171576515,2.52079772452393,1.7704863184224808
2.5808571225916284,1.961269574827189,4.586797634221027
2.041117390685457,2.549620254500722,0.09005650478267875
1.679997567665009,1.4936849498877705,3.4966416182475633
2.040626668752124,1.4818559664529232,6.069553566001236
1.7975710646444794,1.438791810871848,4.078815711088225
2.4941101160321475,2.306522539565437,1.7553559431877002
1.8763534478020425,2.536330294457471,6.271865967819407
1.7631189449673996,1.467669169757751,1.8346030701502485
1.9816721982809469,2.5621187341306726,1.6815930968100083
2.556282630912169,1.8876926022717686,2.088791620074605
1.4467101098706046,2.2106567857402517,2.689558288625035
1.5198616211442033,1.8367612700522038,1.3764657449364925
1.4154853962067784,1.9861659699336358,0.32683903555627486
1.5089468003519924,2.225535764152252,4.463041547744699
1.4779281954938357,2.1151131995505077,0.6025340291036555
2.520130605881044,1.701994802631034,3.232000781497641
2.573332840078968,2.08497299403567,1.100134825477584
2.540922881588471,1.8960225916855984,5.485674415918388
2.409328113545315,2.359081632874977,3.200697498386672
1.4665535316853124,2.248923773650659,3.513413879604044
1.8202037867681908,1.5233209070547145,4.322870632517488
2.177878653272439,1.4556790946780487,4.955735290936435
1.6828527222523486,1.5139705638288765,6.01267986760127
1.4198018034307367,2.035800202046179,1.297190656040261
2.4124057415290037,1.6603339226898073,2.4336242122079743
1.4671203369315786,2.2316669479881663,2.3966679691701565
2.008527085456016,2.5241311070905343,2.3429902718341555
2.1036932320135424,1.4716993392130875,4.35414202255891
1.5000597061746692,1.7855728679660066,3.86159853140275
2.369842885812249,2.4156577173749887,5.209574965636117
1.7537429926201298,2.4491603160629527,4.9044635025986905
2.459703139434905,2.288855122274153,5.7109053472723375
1.5166831358853259,1.8717896853832767,5.532726053509383
2.338799558865645,2.4659364106942685,5.462883066574129
1.8753102805382549,1.4271485147035756,0.7549397013850583
1.5159525690466982,1.8239870195390968,1.6277192333054353
2.5627812756057566,1.8965897952477357,2.227951310012514
2.5818108409700997,2.042631972193128,0.37455647565402217
1.8735586784554423,1.4151806195739038,5.261920855642506
2.1680085346535862,2.56088331597946,0.8473448323623824
2.5319259311685762,2.1170748356790834,4.023542291285545
1.5855644118592185,1.5687125074634478,1.7704085390197541
1.4268736233796835,1.8306942382674876,0.5443441694625724
1.8214321811208216,2.522989485336748,5.244205433403952
1.423655025044344,1.9734370730604898,4.039565719383938
2.5569330224173066,2.20086749857847,1.1688258009938528
1.5066747672692313,2.2429123147715977,5.822298370871325
1.4797882286534234,1.7272433328530052,3.5598759870531134
2.4037212426542003,1.5948065887794396,3.585736068356603
2.3046552053044738,1.5646646418700976,0.12196256604966538
2.1690579476654372,1.4469528410439736,0.14995366359054937
2.4934223865811447,1.7367326931327929,0.5621705914365829
1.5558843387027157,2.2511657744760214,2.4468832131970975
1.4861607290082357,2.1703556587852755,3.475683001314726
2.507198879983127,2.0293395231321165,3.3203224365288095
1.4697486623547436,2.1456430049102457,5.164127861483745
1.4557848501324102,1.9688675803973006,1.0448347709941597
1.4877882116227896,1.814931897469691,3.2557669355010743
2.537251697362428,1.8392092895215146,5.339223488251997
2.4462784095898806,2.253636656958916,0.33711075138010826
1.7793085125306327,2.5513708801286215,3.2321589988037913
1.4902853590371021,2.255805656849722,1.665177464580298
2.2716074846661014,1.4834292655438577,6.078954227569958
1.6624957893654764,1.515501245251362,0.571491598943316
2.1888494874209266,1.4722679882151968,2.245120598335661
2.403600098682094,2.302540847892165,0.9199787317063604
1.7204932354292204,2.5001394997519473,2.540402900853316
2.5555550414000336,2.0628604799852526,4.85434109629148
2.5176918339437124,1.7300917572456525,0.3509106988778835
1.8927684715023467,1.4549871089797648,2.5987795174429182
1.6280962117138869,2.448491273882223,5.3372848170946146
1.4005545158482096,1.9816630491084346,1.299028347552908
2.536171746064808,2.0328768607425163,5.445543906083674
2.108360781197275,1.4929789950104726,0.3179268320544772
2.4713059680721043,1.7336263669213001,0.981943220174082
1.9738550325030255,2.576326244031804,4.793726775950406
1.8368447882707537,1.4787557584107058,1.3211258444124612
1.4407086612178257,1.9562391681928168,0.6560283165671256
1.7433850656682175,1.5548503539378262,3.414314271900296
1.4842214167891175,1.747322261954654,2.516786374654838
1.476735680036775,1.9163129899044142,1.7215855899208454
1.5619178435163033,1.718838203493014,0.14599070279945578
2.4595531465119747,2.365698517053454,0.08398209145962625
2.474691564962616,2.2945391798668013,2.1399894740046963
1.7868166060690385,2.507787085509433,2.3452663102748925
2.50091231817457,2.312981570828558,0.2761545347530771
1.6321786647564132,2.352375982873883,2.1640902589625775
2.4980250846919194,2.280264169231646,5.826733180838836
2.2689696778406168,2.4623130587344697,3.2126041851711347
1.8567421680680074,1.5012292449546547,2.138589769272411
2.5628675952782616,2.0860692841963258,4.8025033792669305
1.543390498839452,1.7146612924175226,4.557858541175984
1.687608708750096,2.434396388941656,4.773902034259106
2.0066090178671274,1.4052219951460523,3.7994010740644066
2.1648190824864186,1.505270288416919,0.18813064120412593
2.4133243417772747,2.3681060864160406,0.471894649028449
1.5938434007531024,2.296105165375485,5.380198394549115
1.6840710525387375,2.4100724206540645,5.44271461963398
1.6175431731823888,1.5517781393993644,2.5313459552057074
1.7396577240433084,2.5186898202755517,5.747871711308966
1.6628131420967998,1.5555262361361404,4.045741769006349
2.259646822149946,1.5449687908434369,4.840738342099214
1.713036576573796,2.4785438618390763,2.877743849881293
1.5745457724610512,1.7348117307614574,2.4140809461787445
2.2330116265278317,1.4764210839748935,2.4621083774216506
2.5703126622584294,1.9401164285491195,2.0431247076363874
2.383682323746665,1.5830433751135995,1.7746846225983965
2.5560179877635196,1.9100486100514353,6.024032662168116
2.5066454388366974,1.9623276375220593,1.3044521723061917
2.48386311957018,2.2073189285024912,2.586441808744371
1.541550993373314,1.6790543759236194,2.9716524701009415
2.5401917740085653,2.0394130886465103,2.881314925918425
2.4982823630774456,2.332922275899219,1.122594134340267
2.3500886222314357,2.478591627481473,2.287254379080663
2.5132001985566252,1.942151702886606,2.8506874464415284
1.7217172579950422,1.5127070894280827,2.349505706205281
1.6359846746600661,1.5594588502885998,0.5987350860931734
2.489711078505477,2.158754008333963,0.45381254058161735
1.510540680041718,2.211695761145813,5.392128762128335
2.1657263563923372,1.4511049845747146,1.2490368382993784
1.437438446095523,2.1806831158273856,2.196291772989378
2.524968718923499,2.1095423921342586,6.0943332407835324
1.6532470284669023,2.395026815569535,2.5524329638858037
2.573230135249303,2.1086477443041924,1.9132011241846214
1.9423107614961743,2.5576917128536816,1.3426273026710231
2.357702365627027,1.5822994565331963,3.1052290294530542
1.8565507931551752,1.4924580535436909,4.014372886908825
1.9480453006842668,2.505265403100516,3.6135196553351343
1.5226855950222693,1.8446326446790633,2.877080403111277
1.5438098029311569,2.3250957150753306,0.5618714577268342
1.8462384328868795,1.5026273926325198,3.2611650157340226
1.4389831045639645,2.2063217648777336,1.3067366741803632
2.3566491043259092,1.633088687138155,4.59765459009899
2.4912647850998866,1.7583625077999194,5.778982935782594
2.336259760798051,1.575333129446335,5.486338582563179
2.3631101535760686,2.3790847908468136,0.5045954646826843
1.884436059547849,2.564808025277266,2.2475895683697615
2.4677068110185556,1.6805350367322145,1.5885995092137184
2.5318936193157846,1.783383926988644,0.17936921098485262
2.4853628200355224,1.846598969117612,6.275335958531243
2.535921755380733,2.039870387961972,1.5071562691548976
1.6902083436518476,2.459576726819183,0.821401267275188
1.4953485837201776,2.2055876306033415,4.101681071182461
1.5892245016887703,2.292799285848109,1.123497889850592
2.512502351609205,2.093189911654224,1.4726491954696515
2.018777883459924,2.5946428360001272,0.44463846506154514
2.486984047017695,1.8247025166377668,3.8554589484658357
2.493102534572251,1.6828633623036795,4.424414914379621
2.3993807452800704,2.4253587988940914,4.211513429620578
2.515106293861877,2.166456658931007,1.8025660197581042
1.8691166063556848,1.4668811347822925,4.027364210096134
2.261045259410856,2.522011083580234,5.623515721157094
1.831769744469148,2.544586151987679,1.5660632414646634
2.5848501021624375,1.9962358257500257,1.3713550489822877
2.4284669208697967,1.613022323432102,5.139258199625877
2.320435180314748,2.4726110006708706,2.077388614708448
1.5902728458853737,2.4272596527193806,5.697831829429795
1.5128078956337707,2.3211738440215983,4.9465360034266075
2.4838414177480876,2.1886647240626864,0.7339166442323202
1.4248535843955823,2.038875067541127,0.2563372452975693
2.1834892145274156,2.47525430423586,4.99108584291505
2.2229178275950296,1.5028563300486921,2.8258147110827774
2.411510305787496,1.647435146650211,0.4914117748108402
1.6208622977357987,1.6415406674961228,5.542843736478121
2.1020027393881806,2.5854613591922746,0.12631041923131625
1.4941584709087299,1.9325479276349942,4.480335192988449
1.5587981768203467,2.2363892697896697,3.29007265476891
2.4752052306711025,1.7556615520515408,3.21554774659062
2.547750682188204,1.7572015050110652,5.252738755186772
1.4890751980448333,1.8655667047573328,4.141919075511212
1.9633785279565588,2.5831254041733405,3.9022771151474
2.004161780985328,2.5186763727521058,5.451178583832292
2.1895107209351594,2.527813703572063,5.774741597762045
1.4382196245182852,2.1995691273553017,3.9923446249842427
1.9028128068384575,1.4348707180762796,5.703130712237823
2.584594306793602,2.1269069491168278,3.023839142168554
1.8724999519795174,1.4550734277404258,0.6287812055492521
1.7578611093061527,2.547298433520899,0.10610342686760256
1.6232343384915136,2.4473508799558497,0.23234633193723125
2.579314084374696,1.9984199631902997,6.035253204720523
2.231903113151738,2.542176017240524,0.8828748828260182
2.0081131789373146,1.4348467082053675,0.33236393732811914
1.5832307531475682,2.339858051220623,6.102379858825078
2.3752061094639574,1.5909383373778594,2.5434334941890544
2.1666555689349125,1.5028672562905956,6.00548937363957
2.181897512419311,2.549948314482965,3.9389016220316777
2.5173093523998142,2.0331612589827395,1.8855684214470418
2.5584585203167123,1.9598022951626226,3.1088967578519298
2.5549187410986502,1.9681554866391116,2.319165451895414
2.0202982766730493,2.56876822023268,5.942263942967879
2.0017893334212955,2.5776247260454532,2.4428848817090536
2.0680512311027455,1.4926045946084743,3.461140276081342
2.1892051668621564,1.4680743373213305,0.33942800168151455
1.4960601246154166,2.203911130320397,0.05653430385863388
1.9404126869436031,1.4396327007701164,2.998289624444705
2.5486345101287458,1.8408193666242472,1.6645370709084044
2.1880796998016465,1.4717682507116874,2.431178917593531
1.4559008033909582,2.1859395942338637,2.360511585495753
2.3679907910815823,1.5855297888006155,4.464881519394324
1.7574188663818648,2.4920059477453096,0.9846001914488455
2.4911440090521735,2.2008037289780678,6.034769395349358
2.5241147227981573,2.0225929423902294,0.4570874245360187
2.1597390730361083,1.4513957161891051,1.4580872110296006
1.9929121812862851,2.571382544041426,0.8863783820864815
1.566918338840912,2.289729789968361,2.770399972284496
1.805936156803373,1.4349855394850701,0.6159830995629155
2.5631798872100426,2.081578186262734,0.829231504265983
1.4469943468039035,1.9488285129565361,2.4765118920123013
2.4235547777482207,2.4038943412782627,0.029818799920087243
2.38935856452571,2.3897655139873533,5.657101033521145
1.5031720912284512,1.7643817392969605,0.7748246947849462
1.9359710618209007,1.4762534209331901,1.9017282427543052
1.6666152882834673,2.395005742928708,5.714008291927165
2.1273325180147373,2.558627508750623,2.4947016818337264
1.425991364529914,2.1156126849098515,2.886083105327395
1.5195837532637948,2.306199437397349,4.8924068117553725
1.4613221055335122,2.0199121282063452,3.2521140577062044
2.512019820339116,1.773802887697488,1.5944981048279352
1.6367507057802788,1.575706089658344,4.691677539416837
2.4901429714056693,2.3358305179160967,1.0193366288192844
2.387327134921544,2.3776530866663133,5.440140845341053
2.507795533637289,2.1013399612457087,2.3197552565108706
1.5362906372945868,1.6374586296634126,2.832108274514782
2.0829621830208516,1.4155879785237386,4.63021487866123
1.4957497484574627,2.032262970562181,1.335118194552106
1.5605664069195146,2.280540123092433,4.899424211889746
2.4363684754649326,1.6400364525172706,1.1281913391823337
2.5704144507756723,2.1067722879127375,2.088050592280114
2.5511402953415248,1.88606778071012,2.358113166241414
1.6724187930016523,1.59532066472894,0.33664532275863046
2.234892775143459,1.5441864882824925,2.2450564445466146
2.067764207024826,1.4513060944447562,0.6847102367082969
2.4371355796406924,1.6144891314830578,0.034070082827168
2.4152986347143703,2.3184406285672634,2.9950982039482588
1.783496791890861,2.459772723543336,5.627968394159725
1.544846213030364,1.6783635907667436,3.142578661483072
1.8609753870232129,2.5017689142240007,5.132157867482367
1.5757565002333265,1.721730234917636,2.5270231368673115
2.4705452501839353,1.662885370661733,3.4000741829822245
1.7292730220650419,1.483239097757216,0.6870834870801448
2.5018597811895225,2.2048259520793465,3.750452827055575
2.3801527636006745,2.3712576947960553,0.30068209002395224
2.522289146111239,1.9122654817505764,4.861986029829695
2.4863710548955944,2.230542954350952,4.49376604074692
2.3072964884111666,1.5319949690943968,4.482085246959036
2.553077510291942,1.953465322590145,0.016561748004555402
2.281831752265519,2.457885655315761,2.548007900338555
1.8389479768875578,1.4576177053336004,1.8664921819587779
2.203060799971195,1.467927890103908,5.254867754597857
2.5322648352865125,1.832355049599829,4.6614516160454995
2.2986705149520734,1.549002922233448,1.5614730039427174
1.995601901210949,1.4355445431742675,4.075483953135403
2.0716131213188764,1.4432407459156875,1.2139476229057615
2.0942120100815256,1.4722124277057371,1.657516303191513
2.447437644542311,2.2883603052424095,1.0396192448263641
1.708224886584111,2.474235869460827,0.18862619929670182
2.3457266834503963,1.5552184225481085,4.190974416718137
1.9572264376824127,1.4384323276326687,4.0180847624322125
2.51567090854477,1.838149157989909,3.462779729095394
2.3031087399643244,1.5305745836120206,4.264437984881617
1.6543252555238417,1.511181392638385,3.0774639754997413
1.466868804092708,1.8866252892162658,5.189268115528966
2.4561094415428517,2.3670092586575535,5.1713315615962445
1.534496379769196,2.205552877858182,1.7479572074829162
2.571711892524106,1.8606421159254996,0.5265164272318344
2.569519706298783,2.1709824003973375,3.672027347568795
2.5147891028559815,1.882538426178316,0.22247931793422296
2.416786419584357,2.278604084991576,1.8495572741999136
2.0537297142543496,1.4520547077637551,5.135969637694363
2.3563855151778377,2.3782693655508966,0.24006549091639667
1.7582558345936607,2.5462958872839625,1.0102989917513994
1.79550317294657,2.554010717936043,3.1731801973446303
1.6341815056805176,2.4710095186576986,4.928788201506878
2.3550960554046023,1.563728921669595,3.499609274262448
2.2330076300180304,2.5023694703230595,4.161534602509004
2.4036872422933167,1.577346981743366,2.677824305337286
1.598849930235116,2.4010448949349947,3.427170992423771
2.4743192469789186,2.2288287489494016,2.626893363456909
2.428211391996411,1.5884098300823246,5.46295020074663
2.058700388284003,1.4569335179634857,1.9474553734924367
1.4527564653850322,2.1887212201532718,0.7084210373472003
1.6864465501592831,1.5452611635655928,4.093789110057533
1.7705964206680684,1.5335847509661995,4.372292681108574
1.5701926014931895,2.3127579788907764,0.4353855032099086
1.4659402468065235,1.8327715198082792,4.584772067761689
1.5758853757216746,2.293013676715483,5.370596069232207
1.502854636190974,2.0660125116247205,0.6468796138712778
1.842285004613288,1.4776456998275387,3.0534452096919162
1.50257470922239,2.2939553860695945,0.8274109416092783
1.5357859076088127,2.319472340801428,1.7980160574232888
2.073034558538362,1.470545512250658,2.6202408587330446
1.8495375630323063,2.5534054195472313,6.280213328278371
1.6880409565058399,2.4538481737589066,3.097713441816268
1.4609290376530608,2.263339412740702,0.4627451127637377
2.0803386160532114,2.5735060492615407,4.615055359712205
2.4025971006871223,1.5765793662819245,3.463722346986483
1.5726578415709642,2.3097241664844357,0.4744793381724533
1.7559784484058376,2.4551987788548506,5.035086146454153
2.4821776971958376,2.19856509846569,3.0555591779124813
2.0899688698563983,2.5380099892519206,2.330027986165208
1.5600694555629602,1.6641465807385183,3.38443368474566
2.4972464125989395,2.1554124622031035,2.353763298581767
2.570097162931205,1.8961580545899932,5.140767739336215
2.5876028258159645,1.984177671505472,3.3810967579488116
2.3370225190805676,2.4137346614271213,4.492188222568339
2.5256585697851404,2.1719596745014154,4.1135491615490745
1.5082286444466946,2.271186541210415,6.19553464586834
1.9431579777216759,2.571165986063363,0.20171623964555038
2.261801021345977,2.4446146592425766,0.9399990750387541
2.4230464168428196,2.3192609370887682,3.9653408196164204
1.42689552159079,2.0439194304577324,0.6027913044606672
2.3997728707840635,1.6092535267500712,5.7299825078540065
2.5884646436162395,1.948005764820545,1.5489236636721286
1.7103481944677918,2.4640756957336745,1.9833769931714553
1.56734857577579,2.3279331609802307,5.875921594077692
1.6955860471786592,1.5629096898167798,4.373911924691239
1.6082961276840166,2.349312266324396,0.13475221643371266
2.469910310614736,1.682559301913041,3.3193114137276725
2.1415159245472646,1.4909924329638806,2.101234791199012
1.505899672736019,1.6826434593893456,1.5135755283506924
1.7137057965389895,1.5552450645733569,0.17903282756704628
1.8681578392393672,1.4462065330100637,3.363942418264027
1.7029994739925538,1.5264063522802582,1.3956536613332249
1.66523225125158,2.455039583074478,5.056977350840145
1.4288686819059917,1.8506518737589823,5.580641573120296
1.8537053291647412,2.497289250785535,3.676856556764046
1.8914262321599506,2.5046696414322103,1.1045667038290259
1.7643087747244912,1.544084557538338,2.56841755922522
1.5437099816890179,2.224070773397084,1.438571177606411
2.2999821594369365,1.5322649076496786,3.6137810992564994
2.096842502231927,2.508774956612655,2.271858066632788
1.9604018349110952,2.58070686032789,1.7763345392535408
2.3323778317434503,1.6231550248103612,3.673985392341175
1.6610843290292518,2.4199320598159684,1.4241900213113512
2.5412802950597757,1.9047735381695576,2.059539331674903
2.3527058121795066,2.3865445939723453,3.599530261988317
2.3352864244440736,1.5796041178479379,2.1063503229729275
1.504280194197118,1.8303859320608025,2.054809962743548
1.4839202403315488,1.8789100608746812,0.4113081679895021
1.4197732275607635,1.8763363059548532,0.38316802929136523
2.2240771776360786,2.4956598720460734,5.222212813863726
2.086433386319252,1.4661700521064165,0.2596249118973976
1.5370111636220876,2.3207343560599423,2.2201289404203366
1.6012795524519738,1.5949350558867907,2.4242249972668466
1.642613360898729,1.5585192981183171,4.759464121777402
2.3431705891048535,1.6237588098465703,2.509904241685994
2.502056715195024,1.7511057686056217,2.6574013852102145
1.4403750257582577,1.8666902696960694,2.7886353021222825
2.158343971303194,2.5589630640996885,0.04202938420286723
1.4460976066329598,1.910944363819052,4.2741000239741815
2.514154308727038,1.9971046203663088,1.3485835642434454
1.8668463670142226,2.491407718347336,6.111550984448271
2.0453959695549253,2.5324238088119353,4.560051837715642
1.963859077537765,1.4077793462189665,5.006086016449489
2.4245504123262482,1.651080416764413,1.722254351221656
2.198866402805245,2.5558365619690226,2.8042160107355736
1.8731331901497177,1.4666435925022696,3.552945205356548
2.552673070997506,1.8338209751027532,5.506474531397231
1.4924706347577037,1.7860422173824653,1.4412599712916556
2.429139071812411,1.620794375303392,0.2803659383285856
1.7854180829286712,1.5112829844384552,3.0370378821393706
1.7083480420946526,1.4873360609034267,2.5396579610587136
2.348897915926132,2.396860342971461,2.8821675508953652
2.0741994331630926,2.4951503764358325,5.437053882098977
2.0363972868774307,2.572715875439833,0.37766040996040007
1.6054102650926858,2.4107620138993857,4.180020438152976
2.394417628487027,2.408281635431345,2.6908476138484887
2.193919440373566,2.5366664708174613,3.7410760249619126
2.2312063051783837,1.4890863990283747,5.33390963114548
1.9587201020630889,2.5108587425746522,1.8779536752565
2.530522724304432,2.205324251997686,0.5960027079571345
2.241789939700041,2.43847857721413,2.4889555908212517
2.0095460084837367,2.5196360172342227,2.8174164568043154
2.3082581012855905,2.448635227733279,4.426672118388081
1.7354797779018385,2.4707968605949824,5.080357673213539
1.8531705586215916,2.4914542532221096,0.798395284425145
2.110310675815615,1.466336350080418,0.5256842083955624
1.520055158352591,2.297070439079036,6.065269897599581
2.026528258810466,1.4607252750656188,6.266487502235281
1.8767874758422398,1.4407562096435838,1.6342041186856555
1.7281597392753767,2.448892306840716,0.47269607421221826
2.0017899779252977,2.515574995445695,4.017625377393807
2.5629268001145125,1.8755315276603375,4.666130696596211
1.6901256315050444,1.5229905975521254,2.8385050204505635
2.4341077392329726,2.3298200221339833,1.4317847871939087
2.0582202331516117,1.4884779518127096,1.156844172809479
2.558397292287381,2.1058190686611264,4.26717697569908
1.5735597324477122,1.6118713735089658,2.1701942044396683
2.3561907297504368,1.6242848740166131,0.7103150836419713
2.540916954228777,2.1822965707033,1.1315787893713003
1.498747172299695,1.805408935908031,5.7425145560809705
2.5478609312429796,2.2247475197981954,2.9037975321987917
2.2577201832546567,1.4840061310634503,4.903251774102578
2.079317973510665,1.4767227428945195,5.313681005065402
2.3515820144616453,2.4791377487395976,2.0079208667093975
1.7631849138757076,2.4435022188844764,4.766699628971551
1.9261826403098172,2.514666531844644,4.963152068933259
1.4747007029684613,2.025883882327738,4.711688678047453
1.4363045027580252,1.8869681657239425,2.508726009609327
1.9072346838033623,2.547058570416474,6.148067878332785
1.864528662470506,1.4682775051059838,3.7185037829334293
2.1805593248400745,2.49180992006896,5.315348548879798
2.548600304283847,2.1795803115022023,3.268097986613739
2.1818710433244766,1.5206205798266454,2.041704847594621
2.2806660966956556,2.44545939928366,2.4094991976551796
2.5576125639015608,1.8333630781237988,1.731000790928648
1.7666924638143766,1.5048406169219206,4.848403600588548
1.647654005484683,2.4714893966728937,6.105422483206869
1.9990692779992671,2.562300796035454,0.20457027346450696
1.4728923405260725,2.2429144427351737,1.8125527974540798
2.1890894558444383,2.48462308829714,1.8431426180513277
1.785068354925061,2.4884555183328283,0.8851205225644629
2.193921884293898,2.5038173959779266,4.694096995759621
2.5474689354473576,2.068115177215953,0.39060582954793105
1.456106274532169,2.0784282352807444,0.9071059097924978
1.9784473087691374,1.4168990148912635,3.4988470202013175
2.2001209238189525,1.521457865637545,5.911587188878695
1.8691533374191005,2.571439061931106,3.785275993548479
2.286009454936119,1.4842542447650016,5.352678755874408
1.9233985711556791,1.4975666063937139,4.324337723016483
1.864491226942864,1.5176408878409369,5.6674803439625325
1.4805890860845652,2.111423200078267,5.094914448794352
1.4671833000555015,1.8990629467736142,4.734374842295253
2.4145216594422267,2.430024683705015,1.030614995412108
2.316318850109712,1.6027628784451877,3.8847487851902214
1.6763712474335444,1.5191590598884148,4.680476170069985
1.6247288211515973,2.401831167557197,4.915620705860482
1.5889632898347998,2.308763518929316,5.200801891367035
1.5201333424323775,2.244942493064496,3.273310084317909
1.5296799321199748,2.2658913096139637,1.9719713146485727
2.248828659447019,2.4635485662484955,2.1711297304418014
2.068753997225549,2.5269277950470403,4.0022393992736385
2.27913472248331,2.467198970607223,3.3008055127124885
1.8999544555684502,1.4119186769841967,4.0704469221205235
2.5262027564745617,2.153575133620476,5.841575147871402
1.4581329248391695,2.246768969258701,6.148765071753014
2.484925753724993,2.134927911302437,5.197694923550418
2.3114595329672123,2.400331222573134,4.474962666807325
1.5863952411948106,2.2863404497715973,2.70473832491329
2.0376870347517237,2.56730379658564,5.155643452675609
2.2008421420178306,2.483619716318728,2.241923537878609
1.4630863052609748,2.158524144356386,4.074361570961523
1.6344359955093652,2.4515010891873548,5.700302679109924
2.1824925891833775,2.5031858363920656,3.65753615870139
1.9031737048205022,2.517348231619489,2.377449877161561
2.3603288997340184,2.447166667588199,1.1422369705468995
1.5483648903865754,1.6863529291904311,4.34781366055637
1.5221506162390754,2.1951232495238013,2.78758252204302
1.5042281814410288,1.8824020967687085,0.8909533972890226
1.4844426066324217,1.7444828787158,2.478543870276499
2.3941267833583573,1.5649029585526049,5.401202723335613
1.6601193674501507,2.4821005955490003,5.790228063211056
1.48481226052817,1.7982789452703978,5.748675120713484
1.8448101586543173,2.492743458042025,0.07112805613929132
1.8596178320156347,2.5050892616782128,2.1847523890868192
1.5553824476378983,2.3196918202329186,1.8651761922269792
1.6475779665759458,2.468511495540795,4.477067109707934
1.7837723767885008,1.4758174640145043,1.1706196061788021
1.5312303289170057,2.245800245601193,1.3238790485916352
2.5489040720265415,2.178486891070384,5.4942777270989245
2.5458000487613965,2.000852089974318,3.041068564725205
1.469212800009787,2.2763493844717364,4.9351514625736455
1.5399914905485934,2.2924930022335985,4.2215776584521
1.518429359637691,1.668064288271922,2.371025432130975
1.7291855362327242,2.422207420190781,5.445535419115584
2.3945914212536237,1.583704492657807,5.656356716313807
1.5860839267072246,1.6499912672857575,5.949920965125033
1.9283311578385842,1.4525015059909991,2.2078441869159358
2.3054249110939726,2.422594914455265,6.069528249296538
2.0423076740712798,2.591993519579942,3.339597230475227
1.5683964808615884,2.2927103581004085,0.321660785700231
1.572580419679142,1.6407131510803556,2.542925315994009
2.2470376729640034,2.5046587032143393,5.4628638277220904
2.115312588312473,1.4245594870191842,3.2087028284728922
1.7467596912878607,2.4870345628482617,0.6722136915209975
2.002296889333215,1.4158058839502958,3.5394206673846864
1.7141978225401524,1.5246625015589772,2.4055955807641687
2.5038573498785412,2.318315226638408,5.094740344052548
1.7349065409254505,1.4915195975591198,2.298552712029682
2.1777432154133884,1.4354303160080666,4.112204934452832
2.594584236578216,1.9886314395523286,1.5634905964863641
1.6914474128180728,2.492993284070205,1.5755266265493233
2.5003021752332546,2.114709038799824,0.36333548678472394
1.6764482819403272,2.398749835794841,0.5275760103492729
1.5150303373857175,1.7126134678234477,1.0466092719660545
1.4883566548711835,1.8656354864958349,0.550663739490422
2.5303025108480224,2.1055746307271446,2.174126015269211
2.508850498791343,2.1009567695025955,4.769283853322507
1.4636948283400544,2.2149782449166397,1.3062602059515764
2.42183653376883,1.592509280867761,5.191890546857017
2.463509636472852,2.223085915902095,1.1849683906935724
2.265609886295281,1.5138896922032494,3.258144122834176
1.4721891767770785,1.8780690474552237,1.0848285195494325
2.429892964141055,1.610008045775422,2.781651603509934
1.6598879715624817,2.430665718546786,0.30168156012060054
2.2316029147242333,1.473930531870991,1.3793476310443133
1.476514242166248,1.8044646124893062,6.2503881131927725
2.331412048847267,2.4977683662317314,3.5405690496002005
2.1646475937641845,2.5187010779070524,5.63696932984323
2.58851861351654,1.8891413638583905,2.356031132660288
1.8179789187598534,2.512412499990401,2.231325945704181
2.5004936662748216,2.139998720250495,1.8509625128625131
1.4596123227737392,2.2097857834795334,0.2478717558519161
1.5409628153701487,1.73699058308504,3.155024252948098
1.7981204427671482,1.4789648142751548,4.458136166164902
2.566619178852032,2.002089245101632,3.781104013213051
2.193960877075132,2.4840905664863513,2.719426817170269
2.503416788215265,2.018875917662708,1.2249399604772224
2.1527208384684933,2.579007783444295,4.6273234911430805
1.6228379797916535,1.5554083601202915,4.39768726595517
1.8247201411005034,2.4825811321526308,2.5761635981887068
2.2004324516126665,2.550548335438482,1.0101333836344764
2.0415445848861715,1.474007253225567,5.0057584738638665
1.4850359729498899,1.8903944696329178,5.677900860936465
1.62484848197942,1.5592629615416898,4.101163871956563
2.190347055339046,1.4549515435458626,2.971744968337434
2.045437521298309,2.583944123603269,5.660300233594403
2.4798309740327382,2.186531384025119,1.9065923109260638
1.70199299336777,1.5066174878728904,3.0695255680049627
2.1562139753572422,1.4734282384392992,6.281669171657681
1.468655719337718,1.9406667858489477,1.174844384996323
2.2076029451986763,1.463647192908236,4.318149634710977
1.623001553494881,2.4481494284701575,2.914227352890845
1.8839639508074586,1.478457749918825,4.867472916222767
1.4906328178917108,1.912969286894156,6.254120434356049
1.719778944442841,2.529680544327578,3.6630599421928487
1.716106362318239,1.4798891451815432,4.628617026908797
2.380909873715198,2.3698515845390364,2.3923512561144107
1.4173716642315162,2.011392815262694,1.607468558389442
1.822427918336418,1.5221565002456718,3.951294447700315
1.8760368400199887,1.4211967650507886,1.2311983127100312
2.421203643968113,2.3972395199210847,4.383831370779072
1.9783754547082812,1.4792435102040644,2.8634011884409176
2.412395638707097,2.3353437554884726,0.30394075998339065
2.164850443555291,1.4630313181458963,1.8786673852796416
1.7139832595466689,1.5446674102967095,5.7689674302155005
2.040573318646764,2.5738811075198487,5.7287718234932665
1.4913591157103145,1.7624197683795093,3.722843752906831
2.4572045475107185,1.7475378176478742,2.371445269494753
2.5355806134886754,2.1739696885734165,4.295622064200682
1.8818013020141957,1.5125827586545169,0.18353397619629094
1.77449912859048,1.5401721880128583,4.470940918478908
1.6326147099921018,1.6356362963088336,3.362391937299893
1.6301864682282416,1.6099455165741148,4.575167529670812
1.7965804641451446,2.4581818019630495,6.207600463469321
2.5876941191638294,2.0830990367167703,4.309578626836737
1.6051830182495632,2.3470814544504273,5.682098877727208
2.337994008520589,1.593145860592349,2.5470280591856067
1.4652777461097672,1.9265645383882735,5.946946865587103
1.9140128968596928,2.5882919996257527,6.227540596152985
2.064135168015343,2.533466780999462,5.6132109424942955
1.4602708136644134,1.9217886223108729,0.5093459735389465
2.2078332423412355,1.5104684449872525,0.4794630700109656
2.576550899693572,2.15803801415555,5.2837850231465255
2.4633441413079744,2.2746752654517213,4.983851643406599
1.4945036376982834,2.060518955779089,0.3580026467695929
2.0841661236603573,1.4384894239693362,0.43802320895894414
1.724098023775322,1.4973026349840097,5.071538954737596
1.6637256350486047,1.5782582968949028,1.9749906305844698
2.157325297281946,1.5015011354730734,2.2715721897047887
2.1294313243687593,2.527508475668726,2.4555210683045434
1.4822954579813286,1.8259899131383535,0.12601640913942258
1.4764138985614959,2.2921310883029964,3.4332249436132036
2.2273816419156627,1.4589588973740553,0.7308414360272807
2.5520397077563945,1.8835863414953864,4.056530991232973
2.2400427155712825,1.5377117036235153,0.6058940006326914
1.4755102520545333,1.7750975730391185,6.01208841212202
2.5040900251949223,1.7182498682342637,5.307581703157902
2.3912008478308744,2.324429742645127,4.623794620840416
1.525684701859543,1.7416039574854785,0.1816665532654049
2.419074920845114,1.6678411999529437,3.01419915896444
1.669958189959351,1.5485358828075553,1.4503977033147775
1.534324910856899,1.6759898684113774,2.3910984550632066
1.4810238661811093,1.9751720067440697,3.5003031018100246
2.4693552626979174,2.285251074231593,4.5611597169850855
2.4183661820468423,2.4290783206344697,3.670109649062377
2.009369907244687,1.4983467381216014,1.0758121861215377
2.0312470750206555,2.5383613262520326,1.1198328530231343
2.1654454290994734,1.4906845957422017,3.5734727986591954
2.4501956494397916,2.3032128121105115,1.6576988091017508
2.0790697584256463,1.4174544807397238,3.9551764617474197
1.4880328831124894,2.1900084878073405,1.1032885149021276
2.195568599763351,1.4442199149383257,5.283718377918288
2.5573810731593225,2.0513392833713966,3.1127622749710238
2.0020150923888234,1.4552946798079955,3.3758252806196505
1.5527742148251997,2.2788233073420074,4.573957160280422
2.5728944993854337,1.8886922434899853,3.818545396250559
1.99459049955793,2.566421039762232,5.2424526765011965
1.5654209365846665,2.2906645924912237,1.315661140950236
1.7391842773828436,1.5569617249991263,5.044063803984679
1.859212423453841,1.506060424300597,4.939766141847399
1.7748565223221142,1.4529092119469285,1.3087657005290363
2.2653630885030984,1.5267606309744897,0.37566087912256557
2.5380250576076744,1.7746937755720806,0.7979003071823602
1.898838970765735,1.4184019632359135,2.8143266237010223
1.4775605679098354,1.9557996034556537,3.474952537028101
1.9893745570721793,1.496541900013323,1.4554843565964657
2.5159233635893146,1.939501632892176,3.015894497063063
2.5786368274146465,2.014390259977997,2.6663649296196645
2.04462546315938,1.5002960702464523,4.086253553619197
1.4907328987553234,2.229568173298933,5.069624420585061
1.7897119609756016,1.5237455670988898,0.7278068856770848
2.1223218350781115,2.5651283427018585,6.254831456646915
2.073120158456786,2.545329963448273,1.9421783571984814
2.079519672680259,1.4485696644586292,0.41382399598044406
2.035236593676054,1.4698742689463753,3.4566918687987873
1.7179915583203487,1.5302182695887272,1.0700905491277954
2.485839453841596,2.137798444893029,4.738583814456824
1.4609763596448748,2.220228690946479,0.7612403153469892
1.95410889865366,2.5896769356084692,1.4809320145949985
2.5339631956247812,2.218344985944701,4.773341589902672
2.1644656150028685,2.5267537483976663,5.829944111188582
1.6126653696973183,1.560923511666671,2.4258472328725387
1.7992285877893615,2.458378813184961,4.936809868730152
2.3489119983515034,1.551094963076751,4.411937019649483
1.8686983157386112,1.4368194617932604,3.773599302205531
2.060996597098174,2.5312359186214657,3.317737328766639
2.4084704967208417,1.5788411946635015,0.43930273469206416
2.4665481408528467,2.1798714330947524,4.388060218558718
1.6271792136046683,2.4248974988039076,5.6755621302163055
1.5105471321383845,1.7913171591867032,1.163358229112811
1.496351509479461,1.7440951942420793,2.3797221825635306
2.444665280093382,2.2827052196723763,1.7272263198470192
1.9035710509951875,1.4864075122206404,1.8345631481583082
2.5349959191170184,1.8192874960697367,3.993784081650198
1.9021194443551344,1.4567852845380271,1.4056829319464579
1.5745957762146785,1.7006137576647826,3.2717758951472624
1.8954293556229331,2.5801243165261374,5.96838851223977
1.6434268362263096,2.4689542746313657,0.899517798787949
2.5476404092187392,2.1026767098419836,4.389592838451832
1.9219531097805558,2.5670795763877856,1.1960600742400076
1.5356173769145918,1.7101701874682238,1.468011552205725
1.4227626175557773,1.9296027387625216,0.314914827833349
2.4182030188956816,2.4084487998237365,4.957210805436338
1.67432640384328,2.4774874612883306,0.2904709550612662
1.5010635517650752,1.8332403137935371,2.7858682191308892
1.5036635233063445,1.9203518203277279,3.751241869895846
2.3693446659346318,2.4312683113302893,4.689162332797642
2.264474524077644,1.5253511060719924,2.265637959268721
2.3676401972984604,1.5382539894131424,5.065770980863607
2.369412273805658,1.5438007014561825,0.7630519833166886
1.6424214895416174,1.5747349776929207,2.047798065538902
2.043562424184742,1.461835367409512,0.4126953219802541
2.143044072681913,1.445052035977822,0.4766965349017478
1.4273240747621316,2.0085411450822335,3.456194885932102
2.29005074434986,2.490837736881827,1.976692762253896
1.5453587850096702,2.3687384053899914,2.8201949604373304
1.7683413191009658,1.4902556523696897,3.5977472504578545
1.9664028456887281,1.4471564289922445,0.33828509993108546
2.4235845248603036,2.3569818552751456,1.5464100177455857
2.439039779432684,2.3937409611125418,5.881596723638281
1.724407719776085,2.46302431875445,0.8292076098389319
2.581956408236831,1.9372506295550993,3.780331352159336
2.351884052895459,2.4262809699379804,2.604464933292131
2.4901959605208264,2.138185400363752,1.7053232820913948
2.161478472173823,2.522793192026057,2.37276259222092
1.9849138608029182,1.4691478434204375,5.639680442343601
2.518887127314022,1.8029631912032054,4.399008841068912
2.5725745907956217,2.1265797063597462,5.166958768111856
2.460972298990555,2.2392585370631792,2.5209678443912846
2.0189954471614504,1.4505330932082816,0.48969274681134795
1.4859429446400283,2.223205267692109,2.0115681241858323
2.3454943906530166,2.4640192456056007,4.764955082099962
2.244662356156016,1.4581072086147133,3.384391429546961
2.411965663032888,2.3753014247478035,4.90344312931416
1.4276625408077077,2.1542978122987253,1.2431100857629978
2.069771879871087,2.531181109074169,4.835302791244014
2.3497910650444824,1.5398680779819887,1.284034210488151
1.4577971257805658,2.2000645985753984,4.667913388922428
2.5219285878945987,1.8044719022155884,3.916409222451146
1.7610479556197105,1.5395451384266812,0.3595831368138104
2.3555857519220016,2.4074815892193104,5.904696650884779
1.4726215780915606,2.062173250772975,5.768905314866974
2.3021838148675315,1.485178098609563,2.682934673548821
2.361312170938014,2.4363049230061016,0.7884875359983364
2.1211339604978456,1.420931156374369,2.268606747379475
2.5315667426773554,1.9962088604392574,2.5516382464794267
1.9404554965050829,2.541883620852283,1.5203725001545743
2.228752582414106,2.509983540779229,2.2680852129715454
1.6783802395724772,1.5692090647709995,5.09397697463401
2.430177050099573,2.3393562502070115,3.748087207683059
2.1454265251274074,1.457068234414773,3.457733472036881
2.214584579922748,2.4550438607848055,1.9611425466510697
1.5172981681558468,1.7668087296381183,4.658442021762454
2.4924648237111295,2.0866186144849865,0.8557562165348849
2.192613293303378,2.515731769103873,1.1940046913318332
1.8120779016410147,1.4693726749335232,3.31296412105056
1.6050478370244545,1.6771351063243922,2.697787387141455
2.3319383364276587,2.4079795644950446,4.764156090065046
2.213707833970981,2.541080457987463,5.5704211777346675
1.9426403542150574,1.4176419978922916,2.8509186835793368
2.54095760008,1.9960588218225,0.31004091771049175
1.9504426790499567,2.5806106115976433,0.22557202715056215
2.1415258579775722,1.489651237527465,5.623938072440394
2.5368245779363523,2.1987241227882017,2.824057358552769
1.4521634262893826,2.0993746300989033,1.176377925231896
2.485649586226471,1.7498892683682874,1.8195956287426331
1.5356975540038684,1.6734546141481637,1.5530210243632803
1.706690637308047,2.4067463490406906,3.3589050932686897
1.9011065794640758,1.4919755221717914,1.4946359423928937
1.5187117442200813,1.7748729338107059,4.707435550497296
1.4303070228999717,1.982342171210408,6.100630374768101
2.219270179093681,1.4712217165673533,4.5947630165114495
2.1059980621842,1.4399570539024196,5.516425552664902
1.4601647283679795,2.207402413737146,4.435249211331125
1.7520776322863167,1.5558320460695616,0.7653921351143869
1.5656789848491333,1.729790755665152,6.265716074554889
1.6925318626153794,2.499551771213019,5.253583860996453
2.228848647970964,2.486703656394306,5.865946203694662
1.4720843552402185,1.8160817736844708,5.824439798755204
1.7532265622414573,2.494457459289984,1.9453019542946028
2.0485096223017347,1.437345843886956,4.439309796299743
2.284648757543794,1.578764646469638,5.0134988250429755
1.6894360369373427,1.5119150179045437,4.5564532957663255
1.9623719901044623,2.5120140515349636,6.225591790899421
1.4317481828879448,2.045178126904412,0.8296236833585595
2.498870162947117,1.7870112880275215,1.5135666032645643
1.4999413378835857,2.2325728152841107,0.1524786349709928
1.8602082730816043,2.55167434584622,1.9993681613461647
2.1427893171345915,1.479979314364556,3.87005161138594
2.488636694202522,1.8723351930738443,2.1826728897379954
1.4721052426467678,1.721808706375723,4.165088771837049
1.5767239443726024,1.6417656637515283,2.63123479329948
1.4969356348392115,1.7197105870317828,0.7142585653951515
1.5678097800829907,1.6512106000496203,4.46233969006988
2.0903338215176137,1.4238009371894806,1.5123595779987744
1.5012138452419697,2.2516349568747316,1.8999056869140805
1.4880507977725714,1.9624331135001702,3.032122003533907
2.411697652572762,2.3887348260424015,4.383297975453811
1.4829990683670493,1.958629595980591,4.788269588646206
2.3576361848375513,1.5388077254043928,2.8536143571174324
2.4908785019058257,2.289750017115965,1.3273405470489286
2.496892723673747,1.6736925202269688,5.738457646367615
2.3644075674432465,2.431747624938067,5.39164537200074
1.4974917894809003,2.1491758662817717,2.321717911795708
1.5067501057298869,1.739251707880371,1.0813149709752667
2.573891243867838,1.9255433637785435,5.332259414367561
1.756042739196277,1.4815479119254098,4.571514867459607
1.5560905681183907,1.6990065549771716,5.07336514537573
1.6376532481695432,1.563200895142474,3.1011881153058343
1.6128248299842785,2.4505274514015936,5.360452899843467
2.559650670576696,1.889908076299833,0.45605032528515005
2.5077218100440772,1.8193851671281185,5.211879026823029
1.8902410095459719,2.5814949529933084,1.0481520807399332
2.5476664342242,2.202731689738552,6.097823002258957
2.1191553451149914,2.5743450333727242,1.9881268559530882
2.4853114288002454,2.1619424851980713,6.276153904566291
2.340119554502443,1.5921889403834966,0.3991731106813566
1.6398371625091397,2.455188739736776,2.465355440848961
2.4215431911659406,1.6797966856371558,4.764027070224112
1.491984166364963,1.9947496964409184,4.188893243544127
2.5296664744602047,2.211217156511686,2.4272438736896174
2.4115438780656224,1.589449964511751,2.4617677299751186
2.0992434711817025,2.5574452370621232,4.129988695143017
1.906077180263538,1.471690175238523,6.091502833294407
2.5453638518000608,2.118967786548425,2.65015699609553
2.497316004242574,2.0710210291633437,3.107723091444156
1.6952376346572557,2.4679879088219394,4.635387584791546
1.4376576955591374,1.832610448788466,4.748789379568383
2.217422150463201,1.540311557313478,6.232295722023171
2.5198182533894515,1.851830782335191,0.4106945484270918
2.492055952167281,2.161294602713989,1.241846635001637
2.1938953961065004,2.5041879054463343,3.7316093438746467
1.600866123864478,1.696482302011446,1.6053677347952489
1.4177534363734652,1.9548019875822236,6.089801946580589
1.4662632354204161,2.140398825755977,5.5629782663657545
2.3714297030599476,1.6000112965387026,5.172373250297964
2.1820862934746676,1.4679830825540725,1.2188509987340828
1.4396415629710786,2.171760078360902,0.750913064304393
2.1024820050781945,2.521091276424616,3.916118054917452
2.519281540941358,2.0988612573364787,1.3011305651097433
1.706075656864074,2.411160362097871,3.931102577832763
2.092333911461773,1.4796363299529536,0.8080770242139472
2.4430785412185223,2.2469103270707613,5.711690522691331
2.11441529006868,1.5085932692894537,4.115799569959747
2.209004920663854,2.5168339239847133,5.3858282103829405
2.4285005664546704,1.7057057558116064,1.5818601990358103
2.363284288415844,2.355236365280063,4.326656383701897
1.7422329397571694,2.5332867560789754,3.5005646445227327
1.7839419131571617,2.468699937360334,2.0033139055873743
2.51026909774884,1.9924611100139937,3.2331448956095636
1.6215492852563547,2.4621143180274943,2.1852379743663652
1.9783617390299624,1.4317587205320503,0.5340394582034593
1.679342129914768,2.4764572120726935,5.28937820762226
1.4598592100845216,2.1421279937581064,4.337488700967112
1.6800125249977422,1.6058542345845903,3.399492656326924
1.4160479142154883,1.9599193568751918,4.877327862071028
2.08340319147043,2.537612405097878,1.7833054268293849
2.2699690427029244,2.469348672804607,3.401315396201025
2.482796597478476,1.8216983951174615,0.11872102244386015
1.5890852482833329,1.6940535107848584,0.7943670277424109
1.469767725153373,2.1621751748298856,3.666845739209678
1.497716460153041,2.245505683134649,5.6094882090407845
2.4683498779546937,1.7038517237566762,2.4778919376336557
2.051532642683492,2.561059801904413,0.6503992511916723
2.105471044272382,2.579151655233508,0.45384111682147693
1.8646614552839087,1.4641399331373615,1.9107754880419348
1.6670009521452192,2.4252268556721166,5.081645192158412
1.5292529194177045,1.7620500401195816,3.947029285074899
2.077460235382232,2.5270228103266223,4.882671371630913
2.501941820232803,1.7555758093582507,3.954195737357019
2.2640191683343462,1.4825206899978123,1.5652832306417386
2.232720505033803,1.505667642340362,1.8136188469622032
2.4868494004541954,2.1321420344982553,1.4171262605088149
2.5158136961492272,2.0680678064622127,0.6779124475618676
2.459826236830714,2.2202988370347185,0.7642247645990365
1.701250953079796,2.4443160840072586,2.019675354726698
1.7410370828046489,2.5081531657930287,4.842264455664021
2.332825607213069,1.5481087125283475,1.6402053544387654
2.3111745543368856,1.5246007660621999,3.2407927135534633
2.278192812166974,1.5281798820950072,1.1855507668353698
1.4909751914289466,2.054494066868094,3.4123557378332596
1.5044339254017447,1.8076398670160465,5.992678997148263
1.4902302424874487,2.215268313987345,1.872961379588657
1.6236915648985502,2.4038317815990835,1.1964117906290426
2.452998732838993,2.2675722345711344,4.975981086202846
2.185654726006976,1.4465422381882886,2.4509726776151655
1.5220871075136333,1.7368199586710862,5.470804314347601
1.438030669317314,1.8351041385002989,4.785293529849016
1.4802731605495443,1.904667939855962,2.7566728503528815
2.3146255459023486,2.5046029333165767,2.087993311969094
2.243282670639313,1.5493140225492497,4.871378355526163
1.7406695386857047,1.482933480303416,4.64795855568501
1.5259909189245047,2.165939449465863,5.28230766418044
1.678939821914698,2.4158312578888226,2.224103211814659
2.5291517452826886,2.2564357501176584,2.5876276664273945
2.3496445492691884,1.5922497833898948,5.484955831868994
1.5763902398243883,1.5839140529645022,3.635985216608247
2.0559717093351213,1.4091505794006234,4.910602368094699
2.3777248088668617,1.5580213215269558,2.4583464416230685
1.6776518217265797,2.4355034458859506,5.825021092450139
1.5123185381278952,2.3264602994611203,0.3044051544449647
2.472275442295813,1.722083854973367,5.441234340413969
2.399902638625844,2.322423356907508,2.326407831390075
1.445206986458235,2.1895260739485645,0.1418789864146567
1.6393719502401956,1.542032154826511,5.89990894076579
2.3287952054119705,2.3959872615979627,4.862920647102743
1.6982375649280248,2.5042393773269422,6.184300426939937
1.951200213915341,2.5520004680428308,4.610737371197941
2.5442283844009266,1.8112926894667383,3.5984494706095647
2.528663180157408,2.003821548615212,3.7705337638138237
2.158423295418906,2.4986008651105567,2.749517973414944
2.5829080119551002,1.9405638221417518,4.298372448071912
1.8507607490740168,2.5419881583295867,4.793593845195239
2.146519454286004,2.4947521103872963,4.943278639038723
2.224654910350469,1.510330845628285,6.276056483721308
2.096168257450534,1.420996022238803,5.217932590807571
1.5738940444205447,2.3463306348105455,3.8482541348774
1.5059784108068324,2.207355945003804,2.766378357475832
1.7546370597100713,2.4767619454922176,1.373982056827495
2.288924025486504,1.492817814052573,0.20642384725227894
2.2923400529898177,2.463152444069215,4.250950838253471
1.4077731382266203,1.940114864157505,4.847574785817993
1.7205302069498014,2.4541350585141517,0.7276938688808523
2.5565688545401666,2.153114161214586,4.468546802940183
2.414123364959564,1.6684439070224415,5.541665873957501
1.6289066945133632,2.443567387034193,2.158619150816543
1.5049519154116529,1.917155740344232,3.749931738423949
1.747193687348069,2.4476262685043273,4.74503888723447
2.2294848102385347,2.475242024223481,5.766719827261194
1.4143175410855129,1.9481716927795418,4.282941183830115
1.4779829042485475,2.1138989602294247,1.6622957062337287
1.9690552695652552,1.4502452972548476,5.60764077273313
2.1443869206750503,1.5091565276558139,6.20145315228363
1.6531396314392213,1.561796284607211,0.7491609453789186
2.44777284613315,2.245069126981737,2.1222088549516633
2.00213357810414,2.51533649686881,3.7561788079935217
2.253369128672642,2.5233651193064786,0.5164721908241238
2.49860596781044,2.1679947033406153,3.704603529054251
1.9083497749679077,1.5016646265097875,5.102604549760991
1.727293940772425,2.491764315588725,4.498720158253264
1.4870239450230607,1.9454969341910844,1.283365564123012
1.4949880176533772,2.0277981527830917,1.3519843391108624
1.4652202179635787,2.235311154736123,4.555345954978606
2.4880445915748814,1.764410129802946,0.7414709360948631
1.4282625190065885,1.8646541053625953,2.633125009691791
2.372294760003264,2.4395908019510073,5.204955543082734
2.4391533943763717,2.2815143682063233,0.3566978968614677
1.494376012871562,2.060610446193706,5.316131165084182
2.3947103557616676,2.336233598587745,3.972057104390816
1.5592624974377358,1.6681050287718002,0.5431016945240299
1.4622675291706817,1.985996958588144,0.9355252730231007
2.330884121367267,1.5183012113616972,2.0599570429302783
1.6754536339850032,1.5569580730423438,2.444830548304931
2.467792089238542,1.6963669512476283,1.041581461863342
1.7098167848787595,1.5434767820228483,6.001907034512616
2.245598695365539,1.4777736907672168,1.2434266560271927
1.4709193333189803,1.7858574652577237,5.701039099845362
1.4355585843756868,2.082709401377933,1.040338009929832
2.19206778372232,1.4541196567192964,5.3960423714679235
2.352120938158255,1.5878622571646317,1.6475974890187306
1.5066857266222582,1.8594992163076498,1.0335428011714158
2.461128310372262,1.6431619972178821,1.3051765936419455
1.4712467595598122,1.9081986702943852,3.93642990200817
1.8623749573994255,1.445785929973444,2.1927378716508494
1.8232743546320733,2.572275542287535,3.9965105670584347
2.2386747773506004,1.4801652747694054,1.9304328627797553
2.5456940083220996,2.2279330597034983,5.793138674729354
1.7070880406484734,1.5929722019092023,5.126084823254872
2.322514328472356,1.5391383834447683,4.323256114915081
2.246502474476933,2.4471487741428453,3.924613174837905
2.3156608792841333,2.496320177587267,4.387902477427268
2.5963435650810456,2.0012669727187453,2.0270808170641645
1.6205621062770414,2.3313363522706343,1.5632193998457906
1.7471893429998238,2.4480463371658328,3.388100230452299
2.4765819500902215,1.661660882080367,3.7344352083482923
2.473418619758036,1.6815155931050094,1.0450040793114483
1.6873278999437162,1.4898838237510457,5.695865015383142
1.60325923676959,1.5806996563021685,3.310365677653815
2.4081752317547336,1.614313743595041,5.371752336347914
1.6993607524371048,1.5320974452596592,3.894747142664758
2.3060418385641688,2.396766685365707,0.2888845218872642
2.2084690338595783,2.541073266189937,3.2313511299593296
1.7589310429121496,2.483865636756137,1.3702552231844736
2.2546995533667604,1.5563109315506702,1.6799758493363501
2.4258209496940735,1.641073341079213,5.558009199746538
1.965644398070739,1.4619334669129005,5.58296545305919
2.1129950367201267,1.4487500596631406,4.106199493059088
2.4159545153886284,2.28074147372139,4.612456593723544
1.6006931689488564,1.6703010055381473,0.8995453177271237
1.5309133658669454,1.7011034761698216,4.424091281576493
1.8685178319810243,2.5475420123403016,3.8852021281609215
2.5083363427176986,1.9747468775711756,4.434895130412337
2.563174319353205,2.0532564767891945,1.47863719876759
1.7124548105104727,2.5097568933538947,0.6901576940576853
2.091604079323011,1.4773577786844083,4.517332268859788
1.7548361278260296,2.4972334073964544,1.6746512482915434
2.521890517778718,2.2780349037336998,6.038197014708096
1.6682423390408014,1.5338858296812725,3.030634844901155
1.5433185510624967,2.2533406999906918,6.244126544013798
1.9048149283969127,2.589282611650599,4.57325793086892
2.389507407281221,2.3686627652868175,0.32825993275502646
2.5504705730094823,1.8059783085791836,5.8910528681609255
1.8130751322158314,1.485377792809662,5.718057350456968
2.530963120022708,1.7655802972910861,2.6430868397874763
2.5445485227687206,1.7659735046949032,0.14363096641206743
1.958329211280505,2.5895448346799186,5.218077807632547
2.50987974621476,2.2802301109301806,4.261250358643522
2.4509968684655843,1.7134188055136073,3.999892262280161
1.6004088456052648,1.5632893722148489,3.9660992199306153
1.8741455432262244,2.501026976180232,4.658303751124352
1.6343427253907212,2.3806786111062834,3.486457934620387
1.4347089399855286,2.039304861220829,0.04449551500414587
1.5607227392574576,1.6267234116353628,4.197316280466885
2.4554165374726478,2.2193918151343253,3.316889720868054
2.0550228930871968,2.525877875707617,4.3371423007250165
2.3648027144665154,2.396878612450252,6.01720476711672
2.4208078605957577,1.592424409292555,3.085348676369963
1.5112688533019223,2.1065494043870574,0.1634521166605447
2.005365952104777,1.4101943367738534,3.3490156193130094
1.8698446890149842,1.4805002825275975,1.6513494170841654
2.2026860753786806,2.526062207119368,3.1499487011216125
1.4809744252450832,1.7109565095951016,5.829522647536119
2.337414122905244,2.378057600905997,4.620897373602613
1.9903012769964754,2.556672089082718,0.8172261225877192
1.9360920674178268,1.4800387511760684,4.377773901966567
1.7918304352275198,2.53283454820786,5.372936601579886
1.9060126821476069,1.4245641648724416,0.12612477579958453
2.057861891403375,2.5232011471264966,4.092073945711797
2.3168592956886744,1.5058455812447733,0.30366059396119305
1.7848003451834167,1.5275546694851532,3.63006672121245
2.0655616307799214,1.453639659036865,1.5771658846517536
2.353194701760842,1.6262426055849382,4.904051209829759
1.4990212111249683,1.8187623358923886,2.4659804309946978
1.9736574861603249,2.538943438254672,3.337870621309757
1.4419678107014575,2.1227983565083037,1.887048661377381
2.5273469335855467,2.0822114636170026,3.6905438479264654
1.4771204695473936,2.1867058713591616,1.843555862318633
1.5386523911211967,2.329853918008907,1.2161907591027634
2.553766005689894,2.172551720933945,2.4045047179907395
2.4365930671859357,2.302779987613013,1.1491096183943632
1.6820255988851973,1.606184410501144,1.7675135441022316
2.494499512008822,2.177611826968814,1.0093275092830418
1.5695079626337922,2.353172441237293,3.459213678159031
1.781100980379576,2.546468404908543,1.4155448054761184
2.5666724241663705,2.0348180882635885,1.4544448215072476
2.50247982159327,2.253603426718063,0.7883122733554753
2.234294448388455,1.5543531911795254,1.3420353963911296
1.9564447794908686,1.4496483007403698,1.5089272747781641
1.9420983679721708,2.532021239045492,6.187363933305546
1.8862218126138,1.475337888725913,4.159925717130762
2.38102026929646,2.4586460938353802,0.11482450833021093
1.9326542581346704,1.4867301240095079,3.1393178807085578
2.3663024812758486,2.354320393379484,5.4170291288920485
1.5554281102586194,1.706886297614435,4.693253391821537
2.5662418881786544,1.9918182078075817,0.5494400263914185
2.4920507965894823,1.806239947610952,4.90588085641425
2.4999283723875965,2.2787685727051827,5.026450963076388
1.525505507167256,1.6816996985196933,1.8075847250613997
1.460068900237384,2.081705298946798,5.230025964804821
2.5543849105771113,2.185672542755176,2.344259927119596
1.8489500390906786,1.4873596787781609,0.6999975428926067
1.435960222419976,1.9797405182632923,3.239722430087765
1.6100100308991618,1.603376310634409,3.0813084732057976
2.3337090782753633,2.3827853243927204,3.2946893726458986
2.18789877061472,2.5028805888074737,2.4974278078335277
1.872114799193065,1.456317541033536,0.8497427837645218
2.535110046707474,1.7334975481653747,1.6065701016321765
1.6417891897373873,2.455945936013218,5.8116469830917925
2.547569391331068,1.9446147018649969,4.942565503315879
2.100690055718337,2.5113445654958424,2.360079623750776
2.200763565030818,2.4892748334710246,1.32388989295605
1.93177735817653,1.4999876865979331,0.9584582243993041
1.9739859772681918,2.5597295417910084,2.6027939222092065
2.5223747020289746,1.8457599415340549,0.2639143654619897
2.54307957685054,2.165844129860215,4.8287241106225265
1.4945748789931415,1.7697689732071624,5.529473211069364
2.1759000876797754,1.4853103708495863,1.666249241482507
1.970101636356632,1.463503080067802,5.097197563058194
2.4883879246474994,1.8737237861835891,4.726609051881255
2.079451349969862,2.593138989404372,3.1340461513222198
1.6212133844132863,1.6611897262687223,5.632160337991592
2.343772057229504,2.3669087659748502,3.061465396278218
2.3192894063316385,2.414412350184036,3.039582454547349
1.9679843539646695,1.4862340167524137,2.955253228198876
1.8047138318426266,1.452961679029837,5.871338915828869
2.080842441632442,1.489957097175564,1.2376983134619453
2.374355156477803,1.6162647733327886,3.526652424362152
2.1939303986734204,2.4624373713040013,0.6737764568471318
1.8710555009019851,1.4204778556430617,3.2857983560890616
2.2010072721624807,1.505115649934357,0.7319302435752225
2.0256407801449576,2.5848582527339357,0.70794985786816
1.4048478418510155,2.040084176412598,0.9483614315273833
1.7559101305228657,2.520038323499926,0.8412906941526122
2.4303777573264362,2.3057067057926193,2.3961130689008026
2.352320124726673,1.5757282334003326,3.7217896021149164
2.007987171568357,1.4203208487602472,1.7946698851131788
2.5703915273238978,2.038788952457,0.23404796649181908
1.5262802625099692,2.341500361812055,1.2844648391925484
2.2304091586501356,1.4932310326099922,3.22072016398867
2.5486171561505353,1.8539024211570505,4.765020358177934
2.0164041200558196,2.5382215988707384,5.750530342576428
2.4970878503981147,1.845215115131475,3.5838385381155216
1.4402749532730381,2.1157769463305693,3.8720860662359438
2.476283480346053,2.153202819378003,1.96638779709939
2.5773824430888395,2.053445467120204,3.4731230530086576
2.4123555719350973,2.284180464736523,2.1288096343255116
1.4652911232070425,1.8212976823085627,3.7625841625879546
2.561121562579181,1.9765454571271959,0.002452217300999359
2.248274316532227,1.5528241620589063,3.9183873184466234
2.5486981504616213,1.8813720447027988,2.7169673284802776
2.5230134726221958,1.755418552592925,6.006659397632955
2.440522225192009,1.6610320302510622,5.123952962464208
2.2205002915510006,1.4752302581191872,2.889639878428322
1.5695890626012863,1.62224304987841,1.5545619346986423
1.8172505854325447,1.5108653165664345,5.738459824048273
2.559355428648497,1.8023909917364094,5.895682750942658
1.6780687953116629,1.5729287426641188,5.662966888601831
2.480648723195911,2.2884164004705236,5.875114441207018
1.4990508432753535,1.8980193151057905,0.498516061679948
2.152730868970217,1.4201053254789224,4.899170118679721
2.4300239800661636,2.370182250395285,2.9719982969262255
2.483934251355702,2.258077624071318,2.405809854390795
2.3257994405526503,1.545986898176268,4.437976423607356
2.425848917458547,2.2676628755572534,1.7106513843626305
2.298731431141729,2.4326295102220943,1.4158948907458728
1.4056338512638742,1.937193332672378,1.1588223624322243
1.5335491508229862,1.796684795194147,2.5164344672300487
2.115314660634791,1.497715591136148,5.778641085524661
1.9117854458195458,1.4474996007610557,5.071551295370416
2.51668249460938,2.261105598468802,2.7655440522657018
1.4564494461154491,1.780070822756365,4.672103550193519
1.7759216602883017,1.457299337770173,4.485053294797446
2.5762868265026504,1.9610393685364276,0.16993434483049372
2.158797571343274,1.487139704921879,4.538257141895276
2.4528068738072326,1.6699396086131086,1.4715975891944735
1.7254621384301498,2.5138798552124078,4.082834131032084
1.4898042263088576,1.9294782652348346,1.8234902734662377
2.479209624232565,2.1712144827107123,3.910117204280437
2.1699297078026754,1.4788778780851373,6.254579666229656
1.555651631380862,1.705565008341991,1.4716693288554052
1.8386955020802085,1.5263000113428902,3.055362272232784
2.5538807446721057,1.9915674661405809,4.771398272746544
2.2199749852289825,1.5074164423369996,2.2629300026034995
2.091313598049017,2.5820709807995597,4.410754251529449
2.4554276568290216,2.281682467012249,5.664979311515425
1.6976468936748939,2.481119960186147,3.3911330377402757
1.751209334051055,1.4994085234607004,5.388903813564021
2.515790566488133,2.130090040499066,5.455599401232098
2.1720980181096587,1.4786367884386284,3.890106224782453
1.56192530859653,1.6861000789452811,5.0208743386853785
2.2544585240232635,1.5402334015512806,0.7475580851593618
1.7228685143733908,2.4276582968263467,2.0112985740838343
1.7737393080375992,2.4522603731393113,5.121573576510211
2.386467494385159,2.353751634961581,2.6473955301366976
2.2807427545235095,2.424674730994421,4.66367997028351
1.8680992334382271,2.4991709374093465,2.94765652972396
1.761202573053331,2.454661386404999,4.119604693163121
1.537076993259572,2.277065275081931,3.632225906698049
1.4888486129892182,2.122161299796359,0.2720113193566607
2.468704888873505,1.8244987109974848,1.843640927515148
2.435334426045582,1.7468117884879097,0.9967921529208033
2.5012295897058685,2.328138379486991,3.5951995543743585
2.24558615091282,2.465460348117634,3.083785584384121
1.520026609433138,1.8447048600214242,3.0790423467455548
1.8950415964372027,2.554837643279943,0.6771506688582367
1.7160555305026561,2.479641588537554,3.6759441999747073
2.541024320732613,1.9918543576272552,1.152996310335511
2.5558832990883555,1.8528257512369966,6.027857978007097
2.508259151940201,2.307799859714229,4.898038056152139
1.7151256569993867,1.5390816922019688,4.201184836251657
2.517256325793572,1.8459489227975718,1.2635100215951207
2.1834444516447236,2.5224062609011595,0.09478353972614643
1.5366708528726214,1.7527784952882814,3.234493817511609
1.5046168252001488,2.154054017531741,0.6647704532232657
2.2575340004231212,2.4758478227319687,4.080078391167707
2.0721474101344275,1.4349629709237535,5.9759471127032855
2.323670129109692,1.6167737638636221,5.0118483831738185
2.3371723594284806,1.6107208234675179,5.496029827552177
1.4178967301932477,1.9930951733510955,2.9047715876163958
1.8832314553546599,2.5223993578305617,1.420938204475862
1.5931764638439707,2.3821017678503322,0.24474964249048956
1.5420698898108562,2.215416618634827,1.889000729317315
1.481353878223302,1.7960605813735913,6.137249115816435
1.7804201585343156,1.5474120157456888,1.3755240310007297
1.477780350567423,1.9907768915340909,6.248325035104091
2.324125569701033,1.559305930485484,5.682842492803306
1.5165361197718283,1.7281875100735904,3.42207102465395
2.4486977620198296,1.7500915343510768,1.4496423981631634
2.3638725071735096,1.5900111766261462,4.307613068597549
2.0796299167156747,2.5740315858316434,2.93273307337634
2.039816340582698,2.5710089970667322,1.7433727998461361
1.522292007643736,1.7502124204445098,5.340242610076639
1.9447393891825813,1.4508896469430428,2.9305097050353996
1.9135063432524437,2.5748122776414775,4.87700831511772
2.468941882278859,1.7570125971821366,6.128231635891481
1.5758728813651337,2.292472972872251,0.067860193518846
1.6065666041874365,2.4492226146555818,4.166212879782658
2.2366584287158946,1.4614616109849714,0.19349330650772578
2.4176174521120735,2.4144349489513197,3.366505298555469
2.5498258683089396,1.9865663369706763,1.2453188019320185
2.4671987285729804,1.8112830751614437,5.919647087923382
2.4257479348829842,1.6121022275741719,1.4274830446860343
1.4205805318600375,2.034502816892546,1.5287817100956673
2.4462396366082837,1.6037241194987748,5.393666237663333
1.523315478858771,2.1634249945210176,5.616766379416847
2.3630026996807154,2.455673482262446,4.428524654646575
2.3534170467586257,1.597328689315896,5.533952307386944
1.5044770620061358,1.721105958407665,5.935602094854489
2.1974627928750086,2.5568393646251852,0.47809774408691713
1.9878454216980324,2.5268114062367113,2.05378302027007
1.5028806641455736,1.665112750207437,1.7699115570617336
1.8568628102608336,2.48339952520559,4.563852373977339
2.2243003301979214,2.460769005363138,4.740432034681154
1.8272169081448155,2.5225136885212303,0.9573190947159828
2.4858838805709778,2.304961381851926,5.8076266341870575
1.705433074887642,1.485078006701023,1.0120397732546191
1.875148053414216,1.4276261268504222,0.3943266807826622
1.9812885893995913,2.596997781141898,3.174214555886478
2.2054332841287847,1.4936931601204881,4.146616529296971
2.46388587727896,1.7180344241179633,0.44701699031219355
2.475209883613153,1.7016460547122532,0.3576886513252172
1.7077109857910864,1.5094069714681668,1.0743117046488189
1.442833209703366,2.1971854326763003,4.616162187058399
2.5263119985727025,2.1952389740624167,4.034441844751701
2.5862347314931085,1.9226351885852984,5.279537274250974
2.182486531117596,1.4877273321717621,1.6789691887776121
2.003806278618009,2.5786492375337127,0.26840265273692054
2.18528818522309,1.4295127445267815,0.8648058809522282
2.475533338533691,2.180368266230793,3.2115689005098047
2.5702714128145536,1.94913390333128,1.3529117483464077
2.42320289375637,2.412609858332683,4.3323650181425775
2.470362930701224,2.356584790618311,5.078247457243889
2.305295533393154,1.497209703508615,6.260167892991502
2.480424124168146,2.223281992449568,3.5175741515242196
1.7669715286833396,2.490296676602226,1.9813995609376194
2.101841449189349,2.5436165521820593,0.3353772418794897
2.0214745459062295,2.59682732281803,6.067579252989103
1.636280753885136,2.383301699425733,1.5517124614816133
1.5379597864021486,1.6695859989179929,1.1034486346812395
1.4296658742054675,1.9089248084583652,0.18701025049984185
2.513076790302066,1.9462606962886355,3.2769784612303723
2.4707922726266855,1.6477324118623404,0.8890480132143063
1.5469034377370545,2.3166681192932597,0.6310470071990162
1.6094970694718693,1.5497778241104663,2.6993408169856203
2.0436316361371936,1.4118143935537057,2.5348478591698185
2.4654721284704397,2.370882709926379,5.7325200605874835
1.6211014233744618,1.6442671752732585,0.4911361727128834
1.9173841040546298,1.4212202395521025,2.101182105447506
1.7893314512093423,1.4517948460264019,3.595250430733806
2.5836147617522407,2.1165951299714103,3.5935478170990356
2.534179433911726,1.8099934029252642,3.785619365060264
2.5390064212154044,2.003256501071343,4.429507047413419
2.4625092297449482,2.3172433481286427,6.036804641005335
2.1018868734896996,2.506937960247833,0.943271887871963
1.6634042156855853,1.503730156774022,0.5733298500312087
1.4260704523609773,1.9929947753186692,1.879270984976463
2.5322364207780197,2.063840664565493,5.472322420985888
1.784163975359436,2.5518070579950374,0.7761228973661393
2.1822487154565553,2.543275622441751,3.2892193347031906
1.7999570375726912,1.5033849448326215,1.6645780281619154
2.3983437829480243,1.5600516778221885,3.876036499333887
2.2956234047403363,1.5547086250000919,4.826495699449684
2.327141321862927,2.4221069391863965,3.105791634905604
1.7393957999306355,2.43052893915975,4.622343920959367
2.392614305061382,2.4158772627548872,5.429325919897191
2.316971328106728,1.5982421741611283,1.7058690799246452
2.385066476510145,1.672772623702836,2.7606501256541596
2.0541308849021145,1.4349891147147844,3.6528212390887354
1.7539238114912172,1.4559728111509838,1.8582861041387857
1.500142053261802,1.9151387895663174,3.666100558030137
2.484787880291321,1.6860511896689399,4.142336631985096
2.4415841090504777,2.2831185772061358,5.974160709585447
2.32246323630978,1.5093340274715814,4.45247316696342
1.5672467228434785,2.253101703944359,2.6510841958307174
1.65971323359997,1.6055873553824904,0.5672146688816546
1.7509018472083948,1.4566620848027025,0.8252011414030062
1.5083652779232226,2.26755981065959,5.464804285565309
2.3052819866300247,2.413874391186038,5.7982722181523325
1.8036211416864378,1.5396148641679857,5.630167279179528
1.457330848813374,1.977555937603572,1.345999169985701
1.4802372531598205,2.166233557250003,3.225108396002128
2.364977213680929,1.5811921596926108,2.7557182465886045
2.4600827915261485,1.663530691886752,3.7688371900918494
2.1146913328227295,2.5037689583269533,2.342032090469513
1.4770051244053448,2.1072206069303174,6.089495376447932
2.2218858107600172,2.4545273548979125,2.7352354118658964
1.4701635844587622,1.719128502757189,5.3996070830946294
1.4701949116190738,2.126214510165773,1.8158501506622011
1.8220564042752128,1.4587334862043662,0.07888040932902786
2.4497247916562013,1.7187055540624012,3.92078200614268
1.5081085893892983,2.153905187165088,3.9822225087956724
2.5053605235622483,1.873906613288845,2.0522742973539234
2.0131836692364593,2.5014948939322563,0.6757188192779591
2.3368202579799693,1.5392801719713212,1.2773351221480667
1.5527890472077437,1.6014172441188206,1.8457191772448114
1.6911345491927428,2.4058056633147347,3.815650291707603
2.4277924212535575,2.2918390708424434,2.7165319127481076
1.4447319863664987,1.8271877206839262,4.690734288001573
2.4231573275526808,1.624579353132244,3.7469325622965184
1.4079292434304431,1.9390886016628806,2.2643097111102968
2.102580447798996,2.5287679821426545,4.642370498999424
1.544219709633406,2.298916688750493,6.0747864586368365
2.5280969670325955,1.948834863578154,3.42085526811706
1.812321924179964,1.4493097503084018,5.026837497820172
2.410689419800053,1.680686681924726,4.3806470036832135
2.540014487584722,2.012745617380008,6.120713293882172
2.54900672133216,2.1453458085153114,0.9830112411434875
1.4679185384637847,1.7404589175498417,2.7284485036665047
1.8108729152756253,2.5510373885784947,5.704301036171339
2.2038298224157673,1.5333102837644952,2.648846682887565
1.6802041789492013,1.507273526963162,3.5525226421019194
1.505511485810091,2.3041824001515594,1.65832150873403
1.551544033598424,1.68271774928216,1.8745784523258855
2.1992834983509613,1.479229885238647,3.6759920222254694
1.4885235298473092,1.8072689007372242,1.575423300797923
2.4687491141873057,2.1907226364733505,0.4774072653432164
1.6470335537731189,2.400806311607044,4.00654149858345
1.459256896242306,2.240907022538763,2.2154004421589404
1.8215892485187217,2.53293509496253,2.283143965770495
1.5280484351377468,1.804905846926486,1.9011198344084859
1.84351324849047,1.4650510339403255,0.3871222981954138
1.6392836450234398,1.5665128186072033,2.486289700672836
1.7126320897844491,2.506612212115824,0.8977190489529734
2.1966984706170978,1.4753247237462173,3.9809144608114435
1.532892695573002,1.7677101298794562,2.004572862821875
1.4036222375680065,2.0320264376310524,5.294823085007451
2.2063573202954063,2.489903862175717,2.977993339320414
2.547112610734032,1.825478299808543,5.080014370144362
2.3617150900188553,2.441375115752747,1.2051522546171485
1.7273640177132483,2.526526412889264,4.928440842194363
1.6476667132067424,1.5417269288894593,1.0974206541915685
1.9336597924024168,1.4631140507113711,0.08597713027747274
2.3574111529678277,2.357126286221243,3.318319815585443
2.496860599968903,1.7255428941518045,2.5901190253872093
2.4915343212509033,1.9015043227566604,1.3692080071034267
2.298519569652122,1.5917716487633418,5.959405706988329
1.6681407079282988,1.622618036148101,3.6245965880708444
1.462260407369538,1.8454668851022673,5.379420803111648
2.5589587874926707,1.8444887459206933,0.329505807233004
1.8398305209665782,1.5182599617071615,1.0374179754248147
2.4060463159164143,1.653230619331347,1.5328919305885387
1.8343104819171807,1.4859409283525091,0.591902068420937
2.588061739349751,2.0558645038676784,6.236788618523422
2.041049890502968,2.5651653520815514,2.5643939438164063
1.6220118122536642,1.6105805093334065,0.6131770147838914
2.314120219531068,1.4972580670512463,2.80836272418472
1.8967037735460153,1.4388277247676744,6.066691822795925
1.4980377255441422,1.7317072744222397,3.718460380255293
2.4279384309241325,2.381049812760693,5.904719348561877
1.4812427470981295,1.7987738083188833,0.8921246970539725
1.6937406953638912,2.4556644345180048,4.507239858135378
1.4350451690524961,1.8055774767438433,4.483457590522215
1.4505495482491741,1.8950944580556837,3.3799675616538667
2.12131516346001,1.4708834059231028,1.549819141600291
2.3258767405301812,1.6074471840121076,2.648107600260801
2.5206989997609845,2.0045912738950546,3.2632069048282366
1.4175508298909552,2.1375311549201834,5.417770365662921
1.760587612934599,1.4536766411747037,3.398027670428501
1.6938328592953518,2.3957133520767915,5.097691856067056
2.129094975076898,1.5081748741331484,2.017822737671073
2.569228388377343,2.025631874203639,2.0325513035988574
2.26684090185846,2.450308517448309,4.156662864272846
1.4529177300444274,1.8460427918379727,6.251728033647391
2.4845047452798905,2.19579471797627,0.6550527977533857
1.7389407415027545,1.5251308019885876,5.507696463163466
2.472357620045468,1.7495488865485185,0.540045574745816
2.2659459748232336,1.5457028066618217,5.851607564209278
1.8213182246768997,1.449241060223786,2.735819924060109
2.4559490374015764,1.7251727883085923,2.718073326517852
1.8991731450486906,1.4165224836581651,2.7226530191293246
1.8329124988089966,1.5072109417896964,2.158645563524474
2.5901511508303594,2.0128293080704083,2.676001279040019
2.189352271348304,2.4806552383506095,5.18092655149128
1.7580607818868041,1.5266932150685737,4.118314641856921
2.1370222237453262,1.4173918694554706,0.5455856067933309
2.494364419789512,1.8960346505367136,2.305701813553195
2.109579434385375,1.425365558386956,5.76126714720749
1.9429320662245433,2.514537097172215,4.740352891556299
1.656530788923785,2.4348901392186795,5.281686756457531
2.1756294792689737,1.4303015852195782,6.137318971767985
1.4983770422437488,1.892964039796229,5.996472086999568
2.0337437107896643,2.53881420571487,3.1762382025540687
1.7274908761983814,2.4812884514785725,4.5074376510893375
1.6824309475262242,2.4699951844541737,1.3866970164879575
1.4726419032522124,2.0942317834352076,3.0648138992323486
2.5244828350906783,1.952251700364778,4.593481647804295
1.5914303417277467,2.427704416986371,0.7572548492548825
1.9377372703884514,2.497001855501542,3.7194219901128527
1.5345195107194205,2.3758489891437478,4.610738207284968
2.1917372504553936,1.5207711780777682,0.42090699177985785
2.4641833724040043,2.244840999702686,1.289232523543201
2.0113491541440145,1.425238629888257,0.7148949459743186
2.4581194431275617,1.6493387570604268,3.4777142729964092
1.7418575937494754,2.489688268418522,2.667492044056645
2.478041696072016,1.8455773293052493,2.8848484973003305
2.415569382989289,1.6809471460401109,6.033278465806727
2.515455654950208,1.9152417215147095,3.4238017633766757
2.5726558135497872,1.8578021759027943,6.167974646453119
1.7763421670077935,2.500448791513926,0.6921429995016386
2.53529114364261,1.7811801489567498,1.3085776660331725
2.1417671396678806,2.5740975502198644,1.331838882768923
1.6114839227511686,1.622770798192882,0.6797787147531456
1.5167368542935067,1.6563664487328835,6.074679936410298
1.8959359141017886,2.560371531632308,4.844885721326115
2.261517863547907,1.5018604614460114,4.428449600892265
2.4887381633149515,2.246393891086869,3.5751240928999337
2.4802018713615457,1.7391582329233841,0.6153408148674799
2.437174697117122,2.307435866126255,5.5632153327222085
2.4784527027193266,1.7724864886030507,0.3064328154042638
2.4961464478467383,2.2391747823174915,1.0241885293257071
1.9418119445350264,1.4601326047977186,3.4481679534360326
2.316022277495827,2.4230659635249667,3.3378709160269695
2.3618779939313432,2.3565868534983734,6.1956106256025825
1.654598575577503,2.4876038124482474,2.316475762631548
2.42541514529153,2.3633488878947526,4.847204909207151
2.5250814694966426,2.1060463211775087,0.3934431900918054
2.4668374617401807,2.3528408195253383,0.2207004308056504
2.4765011570901856,2.276625907426633,5.856730303978387
2.528754259188854,1.7502760146656005,5.553954542756681
2.4875785747955033,1.8256685323897472,5.655222941540812
2.061509334381449,2.512086232183014,0.9438196656572944
1.7005163469239102,1.5685045616376803,2.651558831995493
2.520733917912957,2.271037279442276,4.093466611980792
1.4468120463924747,2.1676046012093653,4.073392566499998
1.5909912089802603,1.6553316057276874,3.052974362978244
2.183122832828361,1.435062016972544,4.316803652478599
2.4511873047551798,1.6244084948595008,0.8847227555903131
2.466348816354735,2.2742401132268006,2.8288337389898226
1.451904051033936,1.8751996542945188,0.24589248142718473
2.2165895367582493,1.4419493024731396,3.5653672142472623
1.9724387667027878,2.571780770956325,3.208807626183053
2.098656167775391,2.5118773518760107,5.746542709866944
2.5546222587731027,1.9092064500085901,0.48442035948200646
1.8070118152444667,1.44251172310701,6.071296235169663
2.2938520758423637,2.471388338750919,5.947778927059894
2.158870059722381,2.525520322055986,5.2897879910609245
1.5264715351272136,1.671725523509092,5.29184991311171
2.112785819569579,1.4640669594264317,0.9691517647008479
2.5411539349178414,1.8362984092267318,6.079432059416983
1.5320390573749099,1.821715099715201,3.3731412648097923
2.0155091339481586,2.577640610332552,3.971016176654194
1.9932089992578852,2.596378324948608,1.8322339999738435
2.584300560497419,1.9604114123907677,3.9465303589199925
2.4716838671465995,1.657432368234851,0.986648409791126
1.4878604385154808,1.8004812970383797,2.6051221421177235
1.4252412197301094,2.0232785594378555,4.779611328467382
2.1928204211586544,2.5163601326237304,4.264139646723716
1.507339516095154,2.1406247377822543,6.017430184032057
1.897588438535063,1.5068461154338113,0.9935481159171627
2.0945480652852315,2.5285472739610007,1.9445452247458597
1.6605171039887787,2.4762149868136403,5.053890148427697
1.7138247457357183,2.468851655031459,1.7294616220399954
2.4787085469835883,2.1817986041309663,3.6620182278545954
1.72677581930903,1.5768692518599727,5.961558192621486
2.1023387125472346,2.545519217681148,1.7102694699426126
2.438827842676063,1.7088726556103166,2.2160607085364035
2.5642849374730523,1.9570871412181134,1.940145846370177
2.5086568055034664,2.1542673441162172,0.501093928850135
2.1988942883786398,1.4908473955758819,3.812832626325184
1.8744257058452987,2.4997840003790577,4.049347502229715
1.4590621433454123,1.9549821691138296,4.017696406710207
1.872498609320392,1.4556723822937523,2.944224974371405
1.8078735482343131,1.4790016646411377,2.2838774150980123
1.7083791056194932,1.58024258574437,0.9663597757506939
2.0273651528094208,2.5863920245388865,3.6260060018345226
2.5586952569455064,2.1280088131569515,0.24315102026416707
2.267543028513615,1.5586473383590715,4.102551439663043
1.617791006228685,2.3406524280044345,3.480604279649835
2.3453422139449787,1.612948559032692,0.20454889152408023
1.8060977245420282,1.4925271841787828,1.060888212646772
1.7224021203439683,2.447069228656029,5.0333929013623955
1.7769979033946703,2.4747859332565514,0.9245154629783808
1.5027038142522648,2.26783913158583,0.49168641351649217
1.619646737381784,1.655810517334544,1.395815521328741
1.5074812635717438,1.8243400692852565,1.5136482019559403
2.0755717073901576,1.4127365576663609,6.052714151169993
2.1381228617533834,1.5061692000336597,2.745856980696853
1.7761021649099111,2.47368220675536,1.652592775963837
1.910492676008941,2.584741754433414,4.783978883074483
1.4224438298322313,1.9515661286380512,2.8963920676919668
2.135866640432664,2.529952638292992,3.502040418333507
1.4030537985725933,2.0174769327983895,4.056330691305887
1.4903191936748161,1.8381742233189973,0.5918083799578686
2.1368276981705656,2.544596827224566,5.03567169156042
1.5570512148527054,1.724016702232371,5.951643666558185
1.6541725880615066,1.574654741099326,0.8780942409354919
2.397582795494488,2.3448352050529255,4.444580630702151
2.2610835918432564,1.4890018011132518,6.104780963984708
1.4896963293746277,2.0992593580885632,4.116702445155022
1.619572356245716,2.450260930964875,3.2187002428198017
1.4484720753227218,1.7890964464024692,1.59027591479961
2.4329269661010926,2.3835568870378716,6.240279087037368
1.4105719549542626,2.005200219381948,5.582258539535844
2.41646451143731,2.331390284753064,4.914009615680342
2.408608344579463,2.2978860655341515,0.6184993089481069
2.468287594193689,1.6385843247656688,1.2378637416877898
1.5234031392355256,1.7062123343599525,2.9718094513466475
1.9696947131864813,1.4960996259943122,1.1141978454403476
2.342282848271634,2.467114193920238,3.8275010794261637
2.4996894456177103,2.188883861944704,0.9707254100769364
1.4218655642876896,2.1431131990988006,4.161464641812822
1.7801135002251465,2.556738335888795,1.4474877146438734
2.485800372698464,2.2833522616706095,0.4824667837458173
2.2716451061085023,2.525424710803615,2.9027293671992727
1.547883300382642,1.708683613542475,5.122030995587177
2.4676577478468467,2.248008295670851,4.5205802716310775
2.5375889443797077,1.7967340425716691,4.203239725167284
2.556797234113598,2.038090130199762,1.3514476434546205
1.6631063360780343,2.373121097050821,4.1948714318457965
1.5497252526260987,2.2925967187619873,0.11941731551351416
2.169957597016486,2.471237093430223,5.912480622891088
1.865625752922044,1.484307086656413,5.597420474825974
2.524319566753123,1.837104802195374,0.8064914986156199
1.7453102058278633,2.474286613016602,5.731103328287075
2.486447764413921,2.2665039424048463,1.2734112374791111
1.8517735123201542,2.4809066506151733,3.2473001289289942
2.4073292484834763,2.4341238853734306,0.8590118512638515
2.3023200567033406,1.5735909283632183,4.479818554431953
1.88445388378674,2.495885749040289,4.8447826346230745
1.5471965191331047,1.6658811527884545,4.404497744491497
1.9790811633887255,2.568662976138325,0.9725110725738706
2.5190975932967876,2.1258344001276015,2.4728645725101908
1.413215115839249,1.920102563676372,4.8040909588178735
2.0287130407704694,1.4840798114147955,2.3414830566562834
2.2859386633424483,1.5673807295542237,0.7293760593031485
1.8190304453495392,2.5568211155157616,3.3921474617123186
2.4903753922185756,2.242768773328634,3.886378306831896
1.9538897821072685,2.556282278460865,5.788033002213918
1.4252464598846881,2.064149952893934,1.0490263133276696
2.4377029797215526,1.6672492677635231,6.1652466364644205
2.2791141694892767,1.4803408928117827,0.44793705984430354
2.213304009609973,2.478675911988976,3.549350238735813
1.4732987111939768,1.8374093449896267,3.8177165018479364
1.5164711537051576,1.8132126466277056,2.2196705321557424
1.60906552687304,2.3512014062307074,4.512444062743624
1.5058425471788741,1.7292950434743544,1.585165366528738
2.5110948430368554,1.765475183219381,6.1155292097588285
2.422766873228833,2.336469966875431,0.582361175454268
2.46474054954526,1.8128558030777928,2.2284454452564857
1.467603818725972,1.8740246329291512,0.7831128975186752
1.9133900658859548,1.478302702306404,2.768330751968398
1.6441086912037202,2.482516475592231,5.930818434849408
2.5340076137361907,2.1687202467297118,6.02196856510432
2.171970641917542,2.5637825730435626,1.538326342394864
2.2268418060574664,2.524004341768323,0.8433917438432299
1.492140421750372,2.0462098184197663,2.058938008496867
1.4515949204455434,2.0568190064580354,1.4150651287436014
1.5554673412176367,1.6039464324920065,0.03517386994438145
1.4641105068836915,1.854149027629768,1.3716963828825293
2.4129007628155015,1.691673291884478,1.879520916116795
2.258829272681089,1.483395571766571,5.969704454586661
2.293167216535276,1.5003663377567344,3.301292199644777
1.6183661586034623,1.569703981500399,4.845824318977726
2.55688897651151,1.887957300339067,0.7231792557293737
2.5854924772554293,1.9717840789546734,4.424674182845505
2.54524367210773,2.0066633729978314,0.17025397040230883
1.4638749019376753,1.9975805151876465,2.7617305679263096
2.258147125855521,2.530921215586102,2.6290976269682855
2.4516124542077233,1.7644594273279632,5.8710879005900765
1.9909262940965335,2.597092935176765,5.474589759594699
2.2559237563419767,1.5481950522074928,2.9642513101214214
1.5779805823509232,2.329657885565083,3.5288947290318444
2.5266910587295577,2.246578953190028,0.9060781064902281
1.5223289121252468,2.188603066287693,6.1782133292439685
1.7309943371710452,1.5323955930120552,1.6984669801104808
1.599347184148011,1.5989420071267206,2.8858998371591937
1.465011045675176,1.9876920649905347,4.2738778597796205
2.288127458882868,2.509833525681619,1.2590967413417062
2.5303299487773736,1.966317927126471,1.1301748927067192
1.7466380652642362,1.499311647270174,2.2148304176983356
1.7644957881834114,1.516961072709392,3.4334819434137143
2.271567743114782,2.4339513707813434,5.325160650596542
2.3664407799816543,1.6174451847113511,4.408062074993656
2.0841684908667166,2.576795827766707,2.554913044266155
1.4693757643556433,1.9425400872539245,1.6776581362130678
2.497840120156073,2.2003474284473445,3.730091181560647
1.5928487901462596,1.5734206311044916,0.13992432786363115
1.7237730295763072,1.4761375956910565,2.810446509818693
2.429316297005075,1.6410685258229036,3.733948580011597
1.85338345525759,1.5094415521657565,1.5511762961520905
2.2684310981073144,1.5456236020011611,0.1045171391160133
1.7431147548063792,2.520649173494639,1.8842526762730465
2.4984416640310227,1.7919826933576413,0.14621853568575607
2.19918671775875,2.558952485297724,4.588957886159073
2.53525586565073,2.0721887027756756,5.475703657844404
1.9447203577605594,1.4037468666406996,3.7234933232077885
2.185852632244183,1.4637441208490145,0.8387250055745694
2.310190606770675,1.5705296070591335,4.272698944287398
2.192502744741768,2.5226223457750123,2.2182774788044948
2.4773137888958354,1.6680236901813865,3.8560145974176017
1.6539640468134174,1.603061944945219,3.2116264892438724
2.4816876013472644,2.2246168179592853,1.7847767740440827
2.5109132341187643,1.8135239118516646,2.769019766062356
1.6875780732541708,2.4385294013713636,2.8138276191147273
2.229012883416709,2.5485392414127066,3.916152150440518
1.561809923435007,2.3594130072867676,3.05726064011849
1.953276768666286,1.4408036536057247,4.314522525254706
1.4657833731851562,1.7377892485510231,5.30506643974868
2.2304305816739234,1.5089628245809066,4.9550659269946635
1.4916499484382049,1.741036413894832,0.4555594317940052
2.3716755552967776,1.6388936626828214,5.187737250818159
2.0533228848410117,2.582136720942272,1.7501697704922674
1.5053817859993557,2.203590010752349,1.5718537409881528
1.4568819142645504,1.9127399077458036,6.113896455442942
2.3813484696501352,2.328014670176209,5.525138161481675
1.8378240870047113,1.5102496625392505,4.183044196622323
1.7152091158367058,1.4915959407266308,6.2299903125110045
1.824580788353496,2.5418153195730318,4.75450564354129
1.506012199863193,2.080734063628546,6.2132547219034695
2.564370745944017,1.8763938489627332,0.11910454968148329
1.774098006901094,1.482392440611687,2.496874250448326
1.5876711939981798,1.5707407946412864,1.826640345660675
1.5147873660272606,2.341932356378817,5.391001346804428
1.4559652577477693,1.9794469992192694,6.009744043838116
2.455477082091178,1.7659784230320381,2.1096288245277255
1.6965833008505102,1.5482416791906435,4.239612387489851
2.1923408124472648,1.4933888467664682,5.1851048213260515
1.709325439073087,1.530414295819759,1.9616578984948103
2.4790791913663286,2.218867923716779,1.6259168448255592
2.262928451336995,2.465568529003871,5.490800389972649
2.4763490958925165,2.1735928705792498,4.223058875585214
2.117666974266787,2.564729531117212,0.34243863720399453
2.4970955863403157,2.183369059503374,0.2984967357356298
2.1805613760620264,1.4593632018256262,1.0202540991000935
2.5014334379953467,1.829692570878127,5.26007128899552
2.075695684812265,2.5803619361046364,2.1274824357738025
2.390273654964088,2.3519851052323024,3.4392680554587702
1.5399924053827514,2.2272870232567166,4.601159733578481
1.4215988239658435,2.036916168750272,2.93410761804155
2.1139335309338376,1.4880341043866454,5.040415614453325
1.5811033093917668,2.3061498327441514,4.2154579934359235
2.302987324125055,1.529889637708368,2.6785771331177073
2.4908373392763257,1.8737063538926726,1.455509678722901
1.5918893434706576,2.3806339370338243,1.9776487842955344
2.4764254140751625,1.8417626688129212,2.215090948680116
1.5550254557173437,2.314834826088639,2.989211527557955
2.0315173461770613,1.4571478588176068,1.5685543149072454
1.8539682666798027,1.512072578320419,0.6402092634710508
1.9253616131291813,2.50344494000238,4.8719706991007365
2.543542989841927,2.138332556242938,1.4456880500711853
1.8764918723054471,2.4849731162598188,5.346646521828798
2.438718431292987,2.3715043183093907,1.6197705189625693
1.5399564701864439,1.7191063565097258,2.6190900376695216
2.5249554430545076,2.057728764445099,1.9071858001289022
1.8170369420314831,1.4333085096343483,4.352905712432756
1.5354739264419182,1.8084892148089065,4.9599310842430056
1.4496092267129006,2.126633635342745,1.0827649644863824
2.494372658145339,1.913046140723073,3.6250743845498627
2.2202753224267315,1.506543753098415,4.35704962433092
2.531985395353829,2.0370545352487857,1.3710110769475703
2.4803195055369924,2.167722365940601,3.6273144501984773
1.5756701418706376,1.604911341059114,4.356837629982626
1.9393860673713794,1.4439150543792811,6.150704789776919
1.768549793142551,1.5472994369342072,5.740329462599802
2.435511820455787,2.4096560828087963,4.220799257274678
1.9128044533778015,1.4954422953410695,4.1184614664413
2.2742374510949572,1.521541592262103,0.7242712681839962
1.6604125141300288,1.6284675045646344,1.5987533015413153
2.0578976023991666,1.4602888556283942,6.124995509790108
1.5383395744250175,2.3015675516985485,4.339683259986036
2.247586922772315,2.5318783084400995,5.917594055657465
2.0914718941987815,1.4377163394093073,3.8782259081392048
2.434834554242182,2.3157046747811205,5.808264203998604
2.3655915233613167,2.3696159619985098,1.2762881660922936
2.0844745650244927,1.5021665642671669,6.196370275908211
2.530600889798354,2.0678164547071507,5.2549947166696604
2.2461850619162704,2.443061842279878,4.030818609055701
1.6840811975579926,1.5882416407453395,2.9348844368937854
1.4371379160200974,1.9309457940532913,4.711363707495632
1.894475125147729,1.4890840990526835,2.0288391232461582
1.801515405539591,2.5017318879328885,0.3879652870427156
2.190985079768335,1.537069800457835,3.6977843794255882
1.8539917070034235,1.4263486260297178,4.646770319531504
1.4337915243562487,1.8520059281458356,2.9824837837931946
2.2131990776493,2.4636316811547747,6.263125162759431
1.6613801885747943,2.4589544331112148,2.493549320815397
2.1689982026316663,2.5249153668678295,4.804413894103071
1.5606666842106778,1.6160802915345538,0.032209960268929264
2.2256126971676964,1.532281501498162,4.315385440405064
1.9960137647519995,2.519418504825092,2.592669254240137
2.5292951116036355,1.726527912407804,3.2792260057386455
1.5657256754250395,1.7096298996942942,4.187052445327161
2.2147380944862833,1.4982662384970897,3.66993559616003
1.6858571927473798,1.5880424652285368,1.3787552326810633
1.9205675208045836,2.5286198135130005,1.959733239511376
2.482528571922422,1.768666290154299,5.59129215610858
2.4904705552543827,1.7238001668901004,1.654589530770734
1.5231199644216542,2.2842352915094137,6.251671089065967
2.032043472605934,1.404837277001056,5.8596418039367375
2.176431100236659,1.4452626631356305,1.9619161447482953
1.4981157307146629,1.7173491163953198,2.285787382590321
1.4686379355069121,1.9828831832478797,4.99927308186113
1.5632498304100406,2.3042454730568886,0.552708990579581
1.4809102959279539,1.8242975111101312,3.6082200122093306
1.813731325508645,2.4975683548265644,1.426486083460273
2.1047947029574607,2.5093665709054154,2.8534823774128255
1.5582620698807348,1.7234092420138396,3.3371912790332057
2.5198668458989766,2.14642139814887,4.654936215892645
1.4650581645971394,1.9713661361578898,4.930339600569677
2.3111933728762875,1.4933643333681965,5.514589640767051
2.5530799048905766,2.1032255432143727,1.5424439186525416
2.2995455554760893,1.4940819363203222,3.3631897527908965
2.49546561481977,1.8760568755448888,4.708804816832906
2.4151818858740857,2.286231594006139,1.335814906297838
2.5247865962511513,2.257506182454285,5.748978817569777
2.5361246717485892,2.103325337727329,1.8582626555715607
1.514831927419181,1.7258001348684215,0.7070490656786723
1.5617253600431216,2.2965029429475683,5.018777639787307
1.747864492296991,1.516180473956823,1.5854845109154372
2.2095517607697137,2.46977118268223,1.5746630264234391
1.8125219886264239,1.4308502783754826,5.401803547510236
1.5049113562529763,2.2556341450815705,4.938637265476595
2.485047618233331,1.8400037449085402,0.5101521392528334
1.783227901809497,1.4553135186231887,1.2780148107257232
1.5304868571262322,1.7227525190885782,2.5056663517717044
1.4459516746520678,1.8864123489063729,2.666024797560473
1.5558329448524624,2.2646002424368077,5.240737797795257
2.4177039066208095,2.3450191064601538,5.4897419127813585
2.1804842346590774,1.4782682617515956,6.267092730796228
1.6695215198134337,1.557866807671606,1.0968199202076263
2.162634877298138,2.560109870543355,0.25240265726037947
2.5354592225215615,2.1334925441728747,3.449713324848178
2.4187955022412995,2.328458982992755,1.120595977799921
2.526364637517667,2.0489216940314368,3.1969903775024098
2.5201777195298076,1.8848377478354812,2.0685833607214685
1.531928287291023,1.7121360738036282,4.909661732783951
1.5442732601364093,2.2671807679123104,0.4440110440266044
1.649830015039005,2.3616422203081133,2.413014343655706
2.2233656697618844,1.5288060348560781,3.768567474910173
1.4534738330279682,2.122091284485119,4.32460737784832
2.4795520405776736,1.7768665771864347,2.5489332846129544
1.6926862106345348,1.5617540983812588,5.8020108906642545
2.1183435713060157,2.5142356968898083,5.389765616622884
2.3801041160418923,1.6591687603295147,6.075840597034927
1.9652202585478187,1.481701218844512,1.2590206412939147
2.13885617989669,2.508637239293682,0.22600006641632522
1.5549562067176597,1.6201783037750428,3.0785678344497884
1.483317794200063,1.9141260963291409,2.1485574153563216
2.2780973184995834,2.5136006634732273,4.432947799449191
1.4251128793024939,1.9643944476353237,2.1081177080549143
2.4594317049396475,1.6177763671039829,0.9711864135729494
2.240117681318748,1.4753683053958628,4.689804785448756
2.3769728531090877,1.6527912674393406,3.7671261032348036
2.5883724805491717,1.9150145484281764,3.392556018610705
2.5852824184735197,1.9913455827689384,3.7300131576284645
2.028875728002718,1.4541379858280188,0.8329793266018891
2.5420872021831102,1.9380625397279152,6.16455771130495
2.321393844483368,2.3874415670954945,3.348298814992582
1.5024472057876497,2.1624247092455327,4.101576059975093
2.3992080602396917,2.411424838010647,1.563402219535655
1.519767584121205,2.1775803330156527,3.0635976924289086
2.570240696281848,2.184167007165416,4.511328086886608
2.49848638964266,2.0624210817805713,4.888133917989122
1.4009722782749106,1.98685202347831,2.8282545423329313
1.543467854867918,2.2723256018460107,3.395157468078766
2.1015579256852264,1.461129736138734,4.49935041899267
2.176390630224287,2.5280986700640113,2.2414906921888607
2.360454864166532,2.389773192214735,3.6311440809890443
2.365781869765339,2.3747777427795755,6.264135503481415
1.7239782725392174,1.5764735929785212,2.665960166955327
2.2533138939738424,2.5257468037061788,2.1810214708719897
1.8910930248869708,2.587446424439369,5.675855394275282
1.7916016981867786,1.5305519515946733,1.7603953946480868
1.4148835721724717,2.047118553955542,4.076248974390845
1.926375168163162,2.569068294073659,3.088848436013424
1.4256533299317007,1.9485151467819306,3.6984871276853553
2.3185551130185797,2.4372427707966913,2.014773688320503
1.7870280310269766,2.45932143487292,4.071958768223942
2.2217666732445682,1.473914373666322,4.902760811254354
2.443660884312809,1.6012533048706528,0.48556289899555144
2.539175064646686,1.821804442257725,6.069173260964684
1.6368163436417262,2.379266906344544,2.286334096813232
1.9393644163025212,2.552597688233122,2.179125299940867
2.5001268673168786,2.1151407066307084,1.6211758188787053
1.58661473984484,1.6024081656234557,6.0509533619801665
1.7209118552558857,2.4961097346263807,0.3838443523378002
2.526337551297016,2.1487149018266734,0.26931039209635294
1.5124426962984723,1.884930586537512,3.276402077735935
2.240551605850235,2.4458421164842497,0.8349472329943965
2.308664280084978,2.479316083289758,5.874786266066416
2.5444654913612923,2.1724030060143487,6.221138389042791
2.4717083277438343,1.698728893695169,4.39435609081768
1.497187573916254,1.8509171415540473,0.6998276970412535
2.3977954966039157,2.405836441773173,1.7812780201434348
2.307761656087092,2.4085196876701933,2.878519815376103
2.5223250908547885,1.7850084590035324,6.240867582109208
2.4974525603591524,2.2559217069087554,0.06966267340731476
1.6023098440053765,1.6381342239705114,0.09749657687826682
2.5143419245995275,2.097778572177089,6.270755691532144
1.5773068536159411,2.388631704015552,2.1258101219353693
2.4858560588193495,1.8160081383323228,2.8460417465813377
1.6534940716241386,2.3837221051591677,5.336884776760116
1.4686118206722183,2.1929524707484607,0.7750472170235014
2.5126263844739665,2.244709804333416,5.443126255931354
2.4600846963950307,2.2225728486341527,4.422239791296375
1.5276131454615922,1.7639864973497787,5.575245655516467
2.489506274374725,1.8542976626915202,5.178179872559513
2.397514310164358,1.5612474113164345,0.7995515248232247
1.7067342627847184,1.593899367105768,1.803686400372837
2.5323601787595464,1.927861843520023,4.503372764208179
1.5298466604243108,2.21495615390882,4.032366125749631
2.5297620945314225,1.8560501487690066,3.6586159874250916
1.4153797249003623,1.9107181807127185,0.5105913244559862
2.5276441789776696,2.222267905433529,4.097227007698168
1.475135796949576,2.118897776949952,2.5947153701790024
2.5088601146020544,1.8923278575249618,1.1137072556226988
1.5042068335183236,2.2859029044725707,5.303386380787032
2.5540968806477475,1.949133578019719,1.004439732429364
1.5603726233302804,2.3687270892459504,6.068981023194288
2.2661303626448963,2.429078910630197,5.04740003135965
1.9852347013336635,2.518485732313752,4.335590721481735
2.034546138768766,2.5329095865913493,5.31555004425196
1.523123193592618,1.7281405727993218,2.7156442816907407
2.3013667683757832,2.4709746629647054,4.311247027170241
1.6484219405444556,2.433846986311376,4.707461225688365
2.546993929076426,1.8974409225579165,2.8131110949629816
2.4179312917684626,2.3709531410805185,4.152738885385087
1.6872389859864085,1.5549125179728804,3.9500213715605117
2.0780459712849058,2.524002137146701,3.0444734627040284
1.5411910027654163,2.310626067086356,0.37553121557300495
2.4530724118675926,2.2411017338485277,4.531979547722357
2.0170910776337934,1.4236947460417313,1.0205708590026983
2.348234331034426,1.5167239088167954,3.049684433969425
2.0268503179778956,1.494797393074827,3.100511647359447
1.7250746047651537,2.5103645878949665,1.7342731267836309
1.4933273423231523,1.8661925413470644,0.5095778798331984
1.7913895802303894,2.4934439601477836,5.989642644444245
2.499458248591223,1.9349564974173097,4.232303727832079
1.464312654807732,2.2638910871211153,4.793014647571662
2.232606957597397,1.4923342439454177,1.7259422126282662
2.4299545060046666,2.272237176581639,1.1169263654627957
2.5049190757603803,1.8255642045511977,3.9848293292826296
2.4490087667369465,1.6051683337452993,4.137295710625261
1.8154338998760542,1.5282586587790947,4.491590891734064
1.4113549369649316,2.0668330858634163,4.449910248546023
1.7729181960311986,1.5212725162514242,1.7592632882967374
2.260928875062998,1.5635556126157055,5.953739200205421
2.377997323632678,2.419319761184923,3.0700500468700347
1.7313122704285693,1.474269160400309,4.462224459592362
1.4906753641789663,1.8242327026444292,4.395489852474457
1.6416183651233078,1.600386558497199,5.6636442751399265
1.9656772836265402,2.5269559740639336,3.923269087857572
2.45856048133078,1.728045085177023,4.296857638418791
1.4934969200496306,1.9702826510165246,1.1569627842091306
1.5057617346732914,1.752394758337323,2.7236633437862445
1.5644353133937363,1.6871807348386179,4.513009883280347
2.141392659627019,2.4982808130629257,1.7538033550373278
2.3200267259508336,2.476490944153344,1.4491561002281768
1.5922192609857215,1.5734194634813696,4.328073908001898
2.179732160489489,2.5536093703904905,0.36206156740804346
2.3068501795226934,2.4132228049361117,5.096762595466387
1.4600923713996563,1.7571231576165072,0.4429896205436302
2.5308278667720203,1.8851493895986438,0.13685520250881947
2.4252483943663754,1.587970406857049,3.627888622867166
1.4911033936084555,1.9850242203609016,4.892942845118429
1.864194988251306,1.417098730198767,0.6653651023080889
2.0813651896331513,2.5040050116975365,0.7939722548507389
2.071882280969935,2.5716901840712993,5.470091866385395
1.480109726339674,1.7585470417701439,1.625612790471997
2.399147885213652,1.5829036146236073,6.21537147498188
2.4977540362514294,1.8292546768249318,3.0392841941582844
2.3980278621285303,1.5830514628176493,2.783967418272504
2.104029188512484,2.5436883842568183,2.7623718105565573
2.438723128342585,1.7496054010457827,1.6017293084243918
2.1323221896568,2.493172422893197,1.237075922359689
1.6056332785183933,1.646021197304735,5.830744886875988
2.1342864019812087,1.4297486989254553,2.6344692179502602
1.897924280002856,2.5351585294442875,3.4984354551763697
1.8672897400421737,1.4876204364437924,1.2147103271445692
1.4472886970882546,1.9421261476872518,5.154704858848491
1.6970137083049113,1.5589519374853145,3.7498347308027817
1.9849925614894415,1.467399599329002,0.8939542227759724
1.5713267631088585,2.296717847218821,4.138636594725802
1.6181875985573404,1.6220292025265692,5.201641762365142
1.6469600500523296,1.6210684980703765,4.893409222151585
2.2769995548757307,2.486233183824548,0.7678151892541196
1.6932686832667443,2.444261308471556,5.228952616620114
2.4374879519002244,2.2508804806076586,2.9850063646606046
2.0228708625451945,1.4772666283314975,4.169368783073151
1.5072632164236046,1.7553863003148658,0.46927836759699176
1.61300641994403,2.361689172284239,3.379374681559335
2.578087118306045,2.113455069508244,1.5201314827763952
1.5223869314165048,1.8317978586792707,2.4541757723997573
1.452723788664527,1.8524850037446796,2.317313407616724
1.4325600392490356,2.150732528166114,0.5859948071527822
2.2784697329184884,1.4767948634056722,1.2211467223606136
2.548700143617216,2.046804157374759,3.7476699469070196
2.4793367413935283,1.745878638638806,3.741710744500847
2.497049098325578,1.9171518040036502,3.5001651951942256
2.3241229499724594,2.4427814152057175,0.5382717526774459
2.389837092267959,1.5882763108587474,5.711148651667028
1.5974329202490545,1.646242792209568,4.784825575399301
2.4375873022032,1.7237594175758266,4.516383306872687
1.9900041746346158,1.4507563639491545,1.1555728906834037
1.7353347048066268,1.5552446376697628,2.8148683694269048
2.1118100909094273,1.4533087860142408,5.2408193970048655
1.8920718076837184,2.5372346527187695,2.488563691446858
1.4005302908307122,2.008053947967819,1.9776718003371845
1.4835603237314197,2.0347644364573214,2.2666313666200453
2.3061661498667263,2.4755372461084115,0.25572341429121687
2.0679064636306186,2.5170342305714017,1.6215008319618627
2.5413234351986502,2.0547794778655386,4.5743453236829605
2.428665684246552,1.6146898785468033,0.322193448527886
2.528609842718084,2.158931569025696,4.087353689484253
2.4481190561048636,2.2981043830971677,0.6048818188803267
1.8110766585550746,1.4413295883532842,2.74908198594791
2.3892011054335187,1.5590274902359122,1.4235004420059534
1.8229061477237343,1.4893964718608388,0.8853944223181677
1.8815272859061367,1.5036360754587557,2.038496460364323
1.623783376407078,2.382330162568779,0.8346159596987052
2.109433385390261,1.4915196330875578,2.4498292375133985
2.083355012412249,1.4299229092795585,2.9672570980861335
1.6399491173797247,2.436583270361824,4.039563597580013
2.4877716382493613,1.7399142379277563,5.5698673147846245
1.5162891146962187,2.1335102048212966,0.4589799500515934
1.7211790766492872,1.4722414941839879,2.4595791413517394
1.592174329755211,2.291821267356049,5.0163361220735965
1.5033528933598055,1.752288275274648,4.947364281447915
2.46753035840777,2.2808847542402546,2.894185793145261
1.5362406235434412,2.252459124588819,4.5232300229996625
2.0475593189085184,1.4120903204983195,3.5484961920886633
2.2842595948541033,1.5451009586918314,6.215537302176759
1.6979730433822333,2.470044195972471,3.7400036415443516
2.4839232180659487,2.173724509311965,5.278845437408082
2.2470528192360053,2.4412858378070124,1.0206154977581823
1.879549706044678,2.572639958373684,4.044321816362495
1.48629046159614,2.0166770163249685,3.294825263555446
1.9575028027026276,2.5129053298645716,4.777449687095267
1.6104211910648492,2.412893068836105,1.5591378382684262
2.520064379493766,2.056322527295601,2.0964501652720693
1.5027219691029101,2.2976753654129394,2.8226639318275497
1.8321473923406733,1.5203773700701222,2.905692145942976
1.5223031850945277,2.1588577109484772,1.8589893315642805
2.186082616709913,2.5070443652849734,3.59737555037463
2.5322599190782458,1.7508714827113858,1.8908327626476074
2.2066557094971087,2.471258367108809,3.1827527364809276
2.338816527851311,1.6315096416550745,0.4581497382584729
2.200524672805415,2.512659023367914,1.6937000918057574
2.319095474649244,2.444472300082584,5.62183278031246
1.4555595010000393,2.0419629854051795,1.3398493770926898
1.7197213117808632,1.5564603122708365,0.8446210866663735
1.4519932429973799,2.1667920388296,2.320936953842165
1.4145245212143487,1.9699839227453715,0.9630189091740095
1.60903174919838,1.6164979918072853,4.145549801411204
1.4100822573411076,2.0620241399558266,0.9418367239524839
2.5524997003868193,1.8464423577537816,2.793296814140292
2.2953924138749184,2.4137504794125855,3.0399253911609097
1.5387476088322816,2.3750924858935827,1.3446594411884238
2.376281637156402,2.389396987028148,4.273010942950673
2.182788164898975,2.5345069689858697,5.943789440192064
1.6217934689695075,1.6446663009689253,0.7000440417988193
2.3706516605301586,1.5877458036827816,4.25810185829704
1.6796171445440922,2.414254992375657,3.0473574324364865
2.347133086191679,1.551082511846181,5.745287137856221
1.6114386948411386,2.364231804506495,3.4998627807304286
1.8482973583133961,1.4197958727529065,2.949823840477023
2.392475894660881,2.3285435444166613,5.403550161605848
1.4706039722875475,1.821728778399698,2.4374982432405345
2.5045572412662263,2.124958073161563,1.5853544658335126
2.331191968311111,2.415704795982027,2.040708623510134
1.8035236453520798,2.553205909559032,0.5175321992779099
2.5263817194311535,2.1675190619291445,5.032607645686888
2.3544954040706587,1.633770164812229,0.5176078335912782
2.2489080543976394,1.4821273167692022,3.37866204087965
2.4972787392353095,1.7729213038882115,1.6965323244557806
2.0804829939959313,2.5026110914035544,2.0384439783912467
1.4805123434212826,2.1828492449158876,2.3108801240450028
2.1980364304951356,1.4903043663626643,1.2448210361850178
1.9081755889801684,2.5529782276448953,2.657375114265233
1.6719061498329597,1.5639541382785576,1.7848051174901105
1.683227198855734,2.464493463399161,6.260886173780108
1.5905999831988282,2.399767435582808,3.4240482691817657
1.729294646273071,1.4656223634741,3.7792765367214414
2.5179398896697123,1.792449953309439,0.08351734897345307
2.20101278212177,1.4920021889170425,1.3583774986740842
1.6689189971162097,2.467664921202389,1.2302201903009138
2.536939016608992,2.249441344373209,4.789218356175941
2.493015320855681,1.9027025493828689,5.812963603832464
1.7293713392730519,2.425119720203038,1.5228396812133476
1.885542672525791,1.4131396369815106,4.970572628490319
2.5210388226985145,2.1964166142718695,0.4474358271596306
2.5042779533065898,2.037405592403616,2.838510729951829
1.642331790505383,1.5587353644723296,3.919783392985519
2.335616937392807,1.6153192032582524,5.044086449316523
1.5336299332357615,2.2101779700711437,4.876781955709842
1.6473114441945196,1.5877968589482496,0.24807588311313478
1.8343709029313258,1.4563325618569627,5.491319820144983
2.341495757328908,1.5271428269638727,3.4873795741297755
2.493336351653065,2.317088135827518,4.557218608163552
1.4718077373194647,1.8835584201064957,5.144691540262132
1.4407100025664856,2.2121666966665208,4.037715205625317
1.7232851829895803,2.4344768216277477,6.137944527436665
1.6086778270638389,2.413092555067389,6.101642030714747
1.5474806957816114,2.2659049908188926,0.06260145320344568
2.269436428928463,2.505281680285962,1.587477417189756
2.3598152789744153,1.5850778840009005,0.5806616329178318
1.8785480212290109,2.4884482205680953,2.8053214734921754
1.5920550715932946,2.297478246541099,5.328960135137544
1.5421471956396635,1.7299627596864435,6.008813540807394
1.8008892184131247,1.529818455991247,0.737678171975529
1.4303184929106174,2.0339308170613486,1.2143463221221387
1.486888606877097,2.193389651415071,1.7490478275103924
1.6210537556256968,2.4210005924660956,1.0688653701952995
1.431572953905426,1.9852751064824266,4.378819252248116
2.052914954067955,2.5024188111702235,2.378551096460814
2.539296110999313,2.0690220487776756,4.6593494227916326
2.491073660471267,1.710234906546309,3.0875860773026234
2.222651598933844,2.547511625185226,5.648619175469417
1.517460381233877,2.3481599803599056,1.7109022452327929
1.4753234353165352,1.8703378850920138,5.191672270319557
1.7123544248932936,2.480268868182568,6.225267199928498
1.465951969965606,2.2598745378632956,0.18173019906536186
1.6064692715894697,2.316390824704125,5.830502705240972
1.4279752061259616,2.1736903244991765,0.2472791717038793
2.063911845214573,1.455994396263549,0.6380906903882695
1.420472074299879,1.912961526507104,2.115258822066555
2.3536423678364127,1.621320062485303,1.591809670165103
1.727456798357442,1.4721146166720847,4.604284274155812
1.4239771692692602,1.9417945020495353,1.0092693050177977
1.718411218979034,2.4924733178188623,2.3844432069749435
2.4586477420072272,2.242237733342876,0.8192420892836232
1.7898141931852511,2.5040157598876474,3.5079855771350705
1.595650690057164,1.611506143976264,4.745194532232648
1.457933916121513,2.0194628061967776,3.5390420682660317
2.399781589136742,2.4340396375306166,2.2669801396360705
1.4970436116352543,1.7599553199499671,4.5260832078293936
1.8660049182399727,2.491773504454683,2.6370670962661227
1.9314183543852883,2.584451510643746,2.3818156925844858
1.8073949720846672,2.497138934901701,3.374690925181238
1.8000950969647738,1.521553737616073,5.170903597488089
1.7086745528773075,1.5143599004948247,4.900879988536287
2.502035151251307,2.2946825428143685,4.923482341646151
2.1388277052236515,2.51250401387104,5.181739270578869
1.551747297249749,1.6795599594677555,5.691693691648638
2.5099910073661302,2.3104627613084165,4.346601833302621
2.0426500580674274,1.4552094482117224,3.483931937349186
1.975088343086907,1.461098052696709,0.6002563717047436
2.2398514995026644,2.5030086127416933,3.8963882006331345
2.570414848999154,1.9509516469233568,5.059623746247477
2.2056490843846914,1.4723032912288594,3.0093321671467987
2.3742174338063236,2.337065111537175,3.314817175595299
2.460488307252257,1.624082982139213,2.550636742444969
1.8649291897540279,2.5312184708086116,0.3708579486347925
1.4355407303911112,2.0940746472592915,3.8048544649343756
2.3605047550194667,2.431148615532304,3.594478133765806
1.510708841475735,2.169290813298327,3.833028541201646
2.254487366104301,1.4571761653477175,4.0292724212235855
1.4683844979007326,1.7676900627148586,4.38313147840249
2.5085235834497146,2.2557409933879944,6.2239817393421
1.7750419689020973,2.4786026024537353,0.35269874185302635
1.4987786850891398,1.8591487892405805,5.257897993237652
1.518822930188944,2.168312512627059,4.6955351715990075
1.4451956638604289,2.0594324204893475,0.975251607629122
2.5222639108239955,1.9785168415786563,0.25119609102617946
1.4560104264193168,2.0193872387797036,0.325931888504283
2.5737053654170916,1.93234291391843,2.5415435756647695
2.525237041548693,2.2021105012246474,2.554094391420722
2.4041827854009314,1.6513420112013701,0.0926302270494319
1.5586423382115162,2.2557651341812917,4.80945644641356
2.337020318977092,1.5873055596988843,4.146354128014035
2.4565327716108976,1.7484422991718387,2.3370007918942184
1.4612189935583353,1.8596636254619108,6.006327352392783
2.434921987193162,2.327577856278274,3.1418047545246846
1.6404095053072711,2.4002036335164747,1.01237376339479
2.4874573443606716,2.234277680346292,4.092531485647475
2.224961234926013,1.5057616180803894,2.7466686754834884
2.54025107320909,1.9292021929734215,2.7763650036584857
1.771056597109534,1.5167096370564852,3.062096393202581
1.5753826721643245,2.39149137133166,4.400790906981571
1.9759143122553517,1.4453570449284099,1.6158726781026826
2.501146408699677,1.990283023373872,2.055036251383416
1.4653015479406164,2.0962795757841355,3.6085494150860984
2.431614382971245,2.297420802374132,4.017735214220705
1.5295565602094545,1.6931091660019955,1.450942641410104
2.3618870285022675,1.54025059860287,2.260790133086482
1.7945087651601253,1.4619073415863806,4.542397060442787
2.138386454640426,1.5056519695284738,3.27681112573172
1.456959429651937,2.1008075281571945,4.6297412776324585
2.0847150778155825,1.4577547031377776,1.2002065939685562
1.6030331842883234,1.624804174192942,2.4290352644780033
2.2433526553885024,2.481015578311293,3.515232165603496
2.2811128217786605,1.5035000706532415,2.98371605626747
1.7107261065050319,2.4239177976484236,3.3470479235412403
1.7695438461221729,1.550135750366559,5.591247507024331
1.4890238316104925,2.2443063663366813,6.235295601131407
2.4577108272254544,1.7498805614117972,3.172433679393528
1.6190731030822392,2.3799279355051866,2.6136511105408045
2.359285802434566,2.471529706345621,2.646634284132349
1.6199108635537898,2.3480531825508466,4.4232809775536515
2.2442680998744824,2.5327382376336915,4.494032438550877
2.3699136310215865,1.6027635487629783,6.104369604001704
1.5331820298516812,2.2305921732305842,5.918354053964774
1.4013999969539492,1.9960887394183864,0.13048573436668087
2.239489770763248,1.4906006675764467,4.968003606247178
2.4095387953311764,1.6733134973634305,5.714922832010454
1.7372062980874867,1.4853009070956142,0.4183672348505229
1.527946502278592,1.7393773042498246,6.130384943982179
1.6600987153460027,1.5606646667916062,1.5175905449893063
2.227610657365919,1.5127469651543946,2.0321265056000506
1.7034307868446723,2.424303102514386,0.23192008105451759
2.319731282184327,1.5112811035743139,5.809172256712703
2.5715946639204,1.9682007543016733,0.24408360494028952
1.5957986701544509,2.339539112841064,2.0716663308047236
2.1633954510532245,1.4695779415147223,4.458537310882225
2.2238428833463177,1.5513407898074432,6.123514704330362
1.4252652516123265,2.1122992469852515,5.576782188007292
2.145306589830654,1.4966684848364402,5.654143892496817
2.501295810877995,2.18041119607315,1.1689543855480176
2.4773935877511994,2.346505979751624,3.803243366548138
2.5075884977617875,2.1182090205129183,0.8336525747746469
2.3617306881791595,1.560052289466308,1.9985067951868352
1.5991227620766924,2.3088195842290906,1.3605716667330678
1.943667991644265,1.443430905506162,5.348141991978698
1.8355142441182024,2.5546707516547666,2.8106564537143677
2.3465335197936366,1.5615468134145691,4.608612330790242
1.7920547304018306,2.56228655673353,3.3035221166317905
1.789831879307521,1.479595757807132,1.6523856748896462
2.4540434493728873,1.699846443789447,3.84870872596312
1.5400214648280637,2.2664221753730063,0.5790363333226622
2.325914703860169,1.5379762983677314,5.5142547053390025
1.8148660327481951,1.4569044736317553,0.7554136470844547
2.4304967877672685,2.33098062548117,6.053683875498945
1.4932847825502034,2.3127243596390286,2.825041333597637
2.181904215308583,1.4591018382192098,6.0622997352879
2.538568216827232,1.8356744953439588,1.8703682269589708
2.029199215718148,2.5301060523331986,1.0323366050222094
1.9329096960767604,2.594718034368606,1.0920735164876594
2.5259759272781737,2.005220501642283,4.209194380988749
1.8056212252112545,1.4837534016412905,2.3581123813448706
1.507027726645331,1.7601358386996548,3.1632802154549178
1.9463521949528493,1.4533378497512146,2.5214356056272043
2.530349308907234,2.091709749969107,4.589291854466237
1.7064355202503003,1.507827510341353,1.583825744071403
1.8195199704936664,1.445859757627332,4.535002140869996
2.4495464168061916,1.7493595255398846,3.08410536764388
2.4873081209278913,2.1304583550285616,4.759992366259472
1.6074961088283635,1.6194212952206604,4.821514614618351
2.5683879389506945,1.807941549926897,1.361577959866045
1.5900413322155176,1.6059178971633052,3.6314420876493063
2.0543057199562207,2.560461841812721,0.28983573937461987
1.540408364382742,2.2965452560771076,6.105374226972619
1.984728399087815,1.4190858299466242,3.6459868732135376
2.357757048745135,1.6405395201116793,1.8795916454207011
1.4390426622956176,1.9429887652344762,5.537446586214853
1.5710580787675532,1.6055354906455954,4.142546372381256
2.5265065688150665,1.8871359944433217,0.33188919999958477
1.6900013466880657,1.5489453102670983,5.7587337546366415
1.4846128547886104,2.132938509866305,1.1462710468613004
2.4336681051055504,2.3348328998321652,3.7682090640629817
2.0355857384619718,1.4333331330897723,2.8243128757758926
2.416020962340077,1.722568660330754,1.1095111906506445
1.5753461439135348,2.2725455237048977,1.0435578120902387
1.752508176725787,2.496164463171036,0.40980543589496937
2.3681868160030284,2.369232841538246,1.219160191857697
1.521504685544824,2.213470772895168,5.36344034164466
2.540011230159785,1.9187878206337556,4.044735693373559
1.5415133273942334,1.6826035555769716,4.9994629874239855
1.4601046470088952,2.2004484341603723,4.607497782458693
2.521425527284647,2.0110266047313767,6.1363361648106585
1.4122582944718562,1.9995029838407858,4.038496471464624
1.8239597388249986,2.5587906730656402,5.631111739326544
2.1171272255888223,2.5476770195216636,2.4858915404494777
1.7208075537702325,2.431805562810126,5.979495306737034
2.145095778458967,1.4740453129139448,5.042187515559063
1.5836115558725914,1.710464911342064,3.0280976922319787
1.7658203430649344,2.5490935425421215,3.609520164649431
2.2672336522232523,1.55792162154527,2.3647045291442206
1.4414117827766746,1.8140081186663726,5.685191690176806
1.6942503976234435,1.5370745234145682,0.5532122849700654
1.589369816984664,2.340823843237356,1.745148898805715
2.232203193815849,1.5473422023615802,6.053586493652741
1.4441251003948974,1.9439275864417283,5.984948185271513
1.5503387127688857,2.3017868393503713,3.7964610871327222
1.7291512782478362,2.4355211108899972,4.7514472043839096
1.7589605181612573,1.5518692565636156,1.564081832515779
2.4716389856474286,1.7185154221642058,3.309488499306153
2.5003017897508033,1.878954660739474,2.581563212953622
1.8465553049313843,2.5058048211289545,4.869194707277277
1.5234614745091173,1.6383513482853516,1.4310659721381354
2.13322034237465,2.556782437330295,3.561627549850669
2.440058155060024,1.631335495159811,3.675021888561561
2.551791723516203,1.7699237981659295,3.9617659225931674
1.6007820684050278,1.6669284037114076,6.184226825326079
2.312908464167074,1.4990310558243576,5.198546087737706
2.446222457676867,2.2447541915810465,5.660059204954335
1.762023741269672,1.4823759924181412,1.7629541370294999
2.042155973217515,1.4721690801993184,1.0522550039701593
2.480399742386277,1.6657721120259983,4.294558193229618
2.3455461230228343,1.5203075532577752,5.484840771210465
1.6076528616070969,1.6077738846960083,0.33295413484756775
2.3032354983098307,2.4483865871544164,5.1989692590126655
2.2752889347020635,1.537966566538778,2.434067805522072
2.0650774774325904,2.5909552096550668,0.17640069591852725
1.6652600057892253,1.517864314814001,0.8019972885430536
2.5501158453375643,2.208260549378416,2.9677457374681158
1.8645945890994646,2.5531627981428358,2.7995994894474325
1.4986317344394475,1.9738839660004925,2.5388762376013863
2.21095797706412,1.49671581995949,0.9893975903608401
2.5881393649694213,2.0739217307564046,0.6081895296587487
2.3180315822643425,2.3985716405135458,3.784019929948613
2.096726935367472,1.4703137971588003,3.0914399476584014
2.4457435521148185,2.388794584081312,0.27466502594294245
2.293375448578297,2.4414417422335166,4.695143800380745
2.1229860021652485,1.4337483832961713,1.4331915897585101
2.105530184651086,2.5204498057725555,1.324691247118713
1.4994076015686655,1.7860332483416874,4.1906557837667435
1.7397867216411547,2.449462877845412,1.2014143659107286
2.51548050533021,2.2850146309614736,4.512954317845733
2.4194255194057566,1.5795523005525274,4.7617714344733
1.8003100624464334,2.529828168685949,2.089753084732634
1.4762284049243013,2.2708755299841137,1.8866889187481872
2.07794443225919,1.4665399442396156,1.5771481599468093
2.273858915659186,1.4664706179901803,5.001081895228031
2.3918774789446644,2.4339905775552886,1.1007482183797752
1.8148275801927327,2.543555389953674,5.484183734685411
2.178994389251496,1.5251479442475822,2.307065975412909
1.6422889105975287,1.5297219147337398,0.42520506479943765
2.166140509650278,2.5604432156512016,6.1685713548263985
2.3933034269041173,1.6352108453308325,2.8171031816278442
1.4668452100557847,1.8640012892829843,0.8465417265282
1.6971796744963084,1.5917203373159594,5.548702666334563
1.526937455865411,1.7568878903950993,4.902636559332615
2.314409186817319,2.441249101025053,3.346681109039058
2.439627766247168,2.3136398075136677,4.504540601889482
1.4639076925126382,2.2178092464066896,0.8616373729344575
1.9318801911606678,2.5863219936860933,3.590710966795805
2.451855636469445,1.6965157913258637,0.5589771335175935
2.2531711926895492,1.5484852998876653,2.0554158214665965
2.5831370755687506,1.9020069780547164,2.2666102864359585
2.0283760718149475,2.514772664984362,3.0846598466613133
1.584357159140878,2.3796699044422427,2.0177460690079836
1.900719205829357,1.4549400951702915,2.7152904759387058
1.680039286688605,2.4377384575813412,2.2225814220205518
1.5846546312796042,1.6942816566610628,0.18097195765928142
2.48833835134241,1.719269066047626,5.494029686782488
2.513756561974602,1.7037437561996895,2.4955211503440156
1.9605470989188667,2.52441630282108,0.2894256014655037
2.5401351381474813,2.249886304106681,6.269667191091942
1.7819303798301032,1.490101264497437,0.761152515363173
1.8388820870248976,1.4502209182005772,4.747144375732963
2.1835352301906283,2.522683795311646,5.5376663136863655
1.546111028007199,2.2490311237281304,2.277238593529222
1.5144643212184081,2.1524613467563274,5.137865997280151
1.6850741321306364,1.6068354044304822,5.944992867823906
2.374773735637244,1.6614430848558532,0.985756047276546
2.3985579662011465,1.6252026391672125,4.576785930775774
2.4082511651052494,2.3487509822938852,3.4647219261177784
1.9431962216821612,1.4294131619719375,4.176722378752068
1.4589895144800913,1.96122227301189,3.1797085370445717
1.92486607507507,1.4540644882456313,1.3710418616069202
2.4083234267127684,2.3132656992324776,0.1173276309126694
2.0300000770671414,2.572895255632492,4.681556070332518
1.7749422115609659,2.482676184533156,5.150100039209494
1.843310209749038,2.55627720517407,5.156920974863908
1.7046828716929676,1.5121306338783846,5.666486447287454
1.5698485378701268,1.631601850462322,5.840815261233074
1.5281962822707706,2.1701050642005733,2.2178311730509392
2.1278493563341754,2.5687413534485106,5.203292362613026
2.541877705481394,1.8437004893668605,5.895267446234712
1.6407301057304036,2.4331825573299217,0.9339221412248125
2.3636018458367944,1.542042194993253,2.969926070581755
2.2946206530741105,2.4316516306515115,2.8564939694492644
1.4984665202058058,1.7475023025217113,5.461000519508103
2.089083991999809,2.590927840338229,2.2469298300612985
2.097549679689779,1.4240135049630775,1.1102468378663382
1.7869701668714413,1.4470030252259298,0.9779109139799246
2.5511951038444893,2.061477100125983,5.875368116507292
2.5030321375630864,1.927079485010595,3.649702634728123
1.4715394725071205,1.7911645386342157,0.08105707616340425
2.5477858132841087,1.7974427774350525,3.316107311537029
2.4330751351373525,1.6934711284341644,4.927505327142624
1.9892141606720999,1.4517896287422696,4.223302437162458
2.075494409069825,1.4751374474739378,2.9107232495637096
2.1417121445415965,1.5002779240068906,3.9337082032330875
2.3308672948109113,2.4840766510623222,3.6620227438559754
1.728023196654303,2.5006661907447274,0.6265515402981069
1.959997031560098,1.4454772904950444,5.909549536769487
1.5337373501701852,1.6482346506142584,0.8174466270180261
2.5209952922919916,2.074968828777396,1.7804906791524244
2.5585293669954883,1.889535201700571,0.8539056146375447
2.5953726664062815,1.9996893442290609,3.2624870917941418
2.4156222628008375,2.4075646836161555,4.474540670811653
1.445808538951474,2.141519692949063,1.4649756647786774
2.3842602982578787,2.443511089017774,0.5593402387178666
1.5406282975453398,2.275786737311523,4.192328942518572
1.9020482178845353,1.470909033066038,1.8602648287389434
2.253107940181868,2.432435145490609,1.2561724936772152
2.508777881720736,1.7402182744116248,1.635290730726107
2.402233528295517,2.427844610373006,3.274393302613039
2.027665624188435,1.456445749718399,4.099182062082659
2.3324357273121334,1.5134354554653602,1.4610359029606377
1.4164956400908468,1.9841264484245709,3.4315101166690662
2.2605639406903255,1.4837686198662428,2.570561177393528
2.428881518075504,1.6743501256784894,0.011339282515042556
1.7102419998980565,2.502711223885334,5.449306968017612
1.8266640594752221,1.4638358586299494,3.0566008077136035
1.482513723484559,1.7049635374426035,3.8923936094183866
2.0259403198163275,2.514870830591928,3.214174000948003
2.19213494817381,2.5482800297923496,4.656488800598484
2.5321893995860907,1.877277706852524,4.45051331302109
2.477790790885036,2.2227243374724006,0.13930871126701655
1.556037455456822,2.2373619915535263,4.905657762144624
2.1861463717859912,1.4365018150036695,0.9088439174056371
2.251894374083852,1.5627655940534921,3.212693998790087
1.4465063140274332,1.8035995687301747,4.8539994613971835
2.425570676249317,1.667049811643076,4.515979897196703
1.4183076171719546,1.8994454522715059,0.9504584956068511
1.8390740552767508,2.508535471076951,1.9350003324090685
2.4864814160964195,1.7059735502103828,2.970818352290216
1.4763808030777104,1.8736114507754837,4.58286733091776
1.8702309242970965,2.5196326761847376,0.7924292534044315
1.5588977067877603,1.64423554480253,2.5667668171634315
2.4420849988942464,2.3739915076326397,2.893229181162272
1.6119177995009277,2.3390155726346333,0.9980436306822407
2.238923370112987,2.4496710511096342,4.1043390945657485
1.4756866728989275,1.9649614357366552,1.9302197662537317
1.6478071484738952,2.376890934920583,5.6077714027092265
1.7785572812500166,2.4771722133998804,5.156998826641353
2.584940777765334,2.097041762134631,2.039922464262428
2.160940194646241,2.5690393628188386,0.26570927680563
1.9211924422914262,2.5583553175889264,0.6406668596594843
1.4090223294068507,1.9787447526237854,5.412296330762318
1.92822183384992,1.473654235257616,4.215297479046894
2.4791904319153923,1.824684018591019,4.4829485241480365
1.465151915101366,1.9354443043183023,0.8888788721635713
1.6470751109511363,2.47138140968692,6.053040709630462
1.7529076855155437,2.4382346080934445,2.1488170601814938
2.5882476072082783,2.014565005779336,3.505813715917868
1.7299739571482498,1.5230998934260052,4.427073866734818
1.426237994820112,2.0518286441242437,4.190238057986598
2.524517831023492,2.1812906399170977,0.6786972053846543
1.5092169381422225,1.861935475760188,2.5783912490327205
2.5740407247941413,1.9654768927116746,3.529397595041373
2.3544307959297757,2.3720407031933406,0.4751162223066803
1.4061301241922233,1.9643410379823807,3.7797943455803646
1.62797068082821,1.5902699988270368,1.5433751524874226
2.2777111756892228,2.49382438520727,2.877413066022903
2.497585360917144,2.063277779039965,3.773018035598557
2.0618115960786523,2.511150978796951,5.221077125333479
1.724024046897497,2.513567857747072,1.6488576813036198
2.4306423519551177,2.266353052151658,0.013202774770505151
1.7116540884669846,2.414094501098632,4.5644447411171285
1.8966187264481935,2.498837332435776,1.9213008945658179
2.515782159647002,2.056084223669314,3.4489509347006573
2.412079173573807,2.403432549283142,3.3916339294740956
1.4503252333234813,2.1449969714774872,3.872947625452085
2.445346545612836,1.6276399146689626,3.324164369779833
1.797131176426853,2.5409657175631564,6.247936353829639
2.476112738675787,1.8255274682336873,5.54250333774243
2.240011296457035,1.5313954489276045,6.017290886386002
2.121482247997811,1.4191387377139395,1.1440884255304131
1.9821286006706809,1.4445004198143012,2.26329051499909
2.426666097704792,1.6186934952659668,5.480853880372609
2.597769535768819,2.0120524967254902,5.158653625073008
1.5547181798296548,2.3920249291282762,0.23432019377215388
2.357304729565368,1.5264120327565744,3.6578489094881594
2.5411660832570555,1.9522517508596247,6.115970301687069
2.1061451450701223,1.4544156235002945,3.5582376852837987
1.5169985369570915,2.155241880010539,1.1793664725997481
2.0814883071911425,2.4986073425685555,4.707478901485699
2.0955526694544027,2.5474169837456087,1.954590925158413
2.5187934794224067,2.0784708748902045,3.6836279525042874
1.4630891293856991,1.9779832465716085,4.245853602746509
2.3620636349105917,2.382548757291524,4.483098331311722
2.042512542735037,1.4526911068260628,0.6443316275554651
2.495275905324656,1.6733406911652542,2.450477488111595
2.5242727760016197,1.9782586785866838,1.1963505295176984
1.693631413968999,1.5936643782020516,0.7555701942639281
2.377263759722686,2.461010641175789,2.304170408240949
2.0653881876999436,1.4380318825944052,5.172488838275592
2.2109279917172167,1.5037714380208782,0.7282009559462769
1.8751772930640334,2.53827435989059,3.0201363660458855
1.755639312907287,2.448269947774034,1.0995975849097785
1.897314345837202,1.4768598422829644,1.876100438431821
2.0382579920234076,1.4972220982714264,2.256948764216414
2.2058468440786214,2.4734302377916455,2.4035967010231016
2.4297110242496363,2.3428193755688294,1.8624212551109118
1.8167052159148125,1.5251544184047763,0.6715262786823876
1.8509617434759182,2.513191106254011,2.6677187585706283
2.206387959217761,1.4779427533332992,4.187090466483678
2.565941182914847,2.1566826049047476,6.005487523707499
1.9150590601047737,2.5176133730127,2.7868472013839485
1.91038116575335,1.46907509579764,0.6094135096692637
2.508475000560991,2.1481637366829958,4.643044128913039
2.276825186180062,2.4526200461738887,2.362520911042145
1.4623072208691321,2.257881387093116,1.0607726804067878
2.2891720312069133,2.4626217088233657,3.0611510160855993
1.424908405211001,2.0911396743369095,3.4932088448898453
1.5071226452651463,1.846554019890778,5.01157955144936
2.5305319735580767,2.138885092623216,3.1874007902460018
2.146470976646758,2.5291309668997832,5.721059232435605
1.589556758668072,2.3872887028772602,2.4315869978877824
2.3516513339453002,2.447596267119675,1.4745493734455366
2.4563256152260804,2.2914190143138238,5.676382461170492
1.525320967715282,1.7843815424297638,4.9541463519896904
1.6526052102819984,1.517052601782785,2.1138762759790137
2.467636285271808,2.268446689898227,4.309355296495586
1.9221731119575143,1.4923708950814492,2.9706789524501036
2.48610903777832,2.270714777241261,5.163191811430522
2.4493068798447264,2.2662368067088363,3.7667725831852836
1.6439925391488122,1.5402808874774787,1.9632536445167228
2.570574738165205,1.9794259260684008,2.4477891074781897
1.7599910402073027,1.4916810316581062,1.4929052827336158
2.385374535448226,2.321227824567341,5.439562572146341
1.4752298500949368,2.1452484151570324,3.791863844120163
1.99560482860451,2.5574213418948624,0.29085520488527145
1.8945230623902571,2.568238899591507,1.5671646497337814
1.817593292203434,1.4957896909519275,4.404119648161315
1.4072430774768088,2.039477723679055,4.502620069787393
1.805302321707034,1.4889209612279206,0.39350214608762274
1.5107034614756023,1.8583359372197208,3.464817090857977
2.1530343923926494,2.5239660702094615,1.2570627497483795
1.68920552498833,1.5040855626028249,0.5729503044346386
2.3527475445703323,1.617561025146604,4.667183377332994
2.425341929194561,2.323354567555918,5.459904899977072
2.0812594982358603,1.4076100301932661,4.9024172403361685
2.144226633509845,1.5128897406152355,2.8136808827835273
1.7840861299217,1.509429833806033,5.91887495016549
1.6510965153488877,1.5797640224078746,1.8635374110297125
1.4517151317909627,1.9517532672552225,0.7841844174546094
1.5740013021862258,1.6410400693866194,3.6380881116944996
1.6789554104582367,2.4714715103557077,4.882260885597625
2.5381840556217896,1.941985031341469,1.3537603578866515
2.0138016975837183,1.496409956297057,3.8819789787348635
1.4657097149526273,1.9576641809875872,2.6230015415681094
2.1006703515630627,1.5078584614829331,0.7282125253141751
2.518698862504043,2.189868182202529,2.0202933404058165
2.5857888739941295,1.9504402171099209,5.340236353420748
2.318019335555588,2.3976506307407854,1.0816659848099497
1.7070079657267463,1.5429459140427968,4.4853318264563296
2.379929385064573,2.4539721811084427,1.3775138195203007
1.7245724452803086,2.5152407876298044,3.899321539263462
1.464782411650328,1.7884437271428268,3.980681425605283
2.329377816798972,2.468699310249041,1.4028998607014445
1.537404642849666,1.808025017808958,0.20090650928381146
1.800735503940232,2.508160326375214,5.137136801924975
2.5800981080324137,1.8935649635431278,5.315076320335088
2.5106921301707343,2.2619866847781642,5.64025045578899
2.386344887621102,1.626568641471426,2.374549560425286
1.6302540278546966,2.4182744252221413,5.132607113180749
2.545461350782543,2.1434627609071546,0.9605720420901817
2.3251631931062766,1.5108474316471605,0.284892199690796
2.4467873176056494,2.332764801550461,5.978618989952818
2.580519085365548,2.0835292380745014,4.2254469791354206
1.5005580999903276,1.7143281326947521,4.57793256756346
1.9407599089925824,1.4032344844195457,2.533229542222298
2.2845443148797155,1.5455033958973745,3.366975625393866
1.83693265946876,2.5292774156132793,1.4296151173629332
1.4880852163185105,2.2394893168291334,5.7670953371448865
1.623351765916128,1.6686799707995237,5.523374444035247
1.6322904436061383,2.4172498421115423,2.5554697615170254
2.510219571822191,1.796571924125014,5.994388248373956
1.5292336886196676,1.7570237289625898,5.463340121888469
1.7922384136971208,2.5239779454137934,0.16166241408150292
1.7256193621729463,1.4959593409936838,4.831400456317478
1.897505420660665,1.4403399854280117,2.6033133632040055
2.5854816413309227,1.9168710727505762,3.779969633997892
1.5923025784413112,2.367336365710165,5.051780013979539
2.354141426057299,1.5495423646303288,3.940095583687766
1.5637017143301166,1.7182411709064833,0.19434963411673079
1.4328616576288455,1.9869193394128715,3.070106750701917
1.5602372122992332,1.7333001017171366,0.4181221052364586
2.5267158389406825,1.7547895541627483,5.232184852888501
2.0261389263174134,1.4180772591853907,1.3571908122541558
2.4561882801988366,1.7608094512019539,3.8534670060885863
1.6910887404178778,1.4937216352890017,6.001248581207851
2.4752972149981014,1.7208985000921138,4.191306152888251
2.4641458955437856,2.367456262221553,5.008860580979615
2.50932522921922,2.292819474696288,5.79895950936423
1.4739551713218746,2.110232662255277,5.374490461169875
2.0280431724457046,2.573935386993572,4.3892202022762214
1.6934161536575243,2.502965518606377,1.2913875677219746
1.5128931065178914,2.350157835850315,5.983326823915936
2.1443925412556855,2.5069745932807734,1.5631354670199864
2.3571862415728035,1.542609234746927,5.369974568599431
1.4694753374202054,1.8945630978553094,5.921287209352658
1.5931871030272058,2.30329599474617,3.1979896198142588
1.4704020157897912,2.020334632443504,4.403193030169579
2.5167422826101484,2.022168309297892,2.6038510521675686
2.142238254742848,2.5560628678622814,0.3261898134821103
2.5206514456258917,1.8027558864988336,6.07024951009521
2.0620896100364363,2.512702019365396,1.9571194616654002
2.5519746148135516,2.108801293028532,0.577271008708543
1.7418297557836906,1.5516256745099681,4.881594038134442
2.249267575353806,1.4992079844051198,5.433757422871562
1.519991579501796,2.239629048114351,1.9391507646966597
1.8178577983113948,1.4520357389774223,3.7608008262408625
1.9515482155258388,1.4505039971741263,2.283103406768314
1.906502162473657,2.576096323962621,5.22407160642273
1.8602801111869955,1.481173382654858,1.2037805537622732
2.517292029028942,2.1641770745674354,2.0635497635772033
2.240068867665386,1.5284053654915355,5.630158453768564
1.7052140433190734,1.5107071363170659,5.081960378163748
2.201856684118557,2.5579479252227064,0.5650820347818264
1.748910578727996,2.441265389835773,3.60640036499113
2.550673819457046,2.1048292097177796,4.007624977009073
2.553783525793474,2.0454179953886102,0.19852171075553887
1.4751660146743468,2.259201027939007,6.278354178999829
2.429429640467478,1.6564329779270819,3.845335635974896
1.5050946782550523,2.2728688331632885,4.72507570844032
1.4684388503739978,2.015118114419966,0.9195712734128829
1.654247815280291,1.5546875696836986,1.3338980506585445
1.4962629398136036,1.7058524644879345,5.686131350755708
2.4191355001504613,2.2956077675146602,1.798048612865334
1.520847761923492,1.6929208198075547,0.5948611258567704
1.8692167667703117,2.4957790460366036,5.277475385230929
2.5665771298976208,2.12197437840251,1.558203259702516
2.545349581175979,2.0999720886524877,0.39239290319756504
1.5958885218578085,2.391867303283723,2.230914337350641
2.277655923730108,1.5344127839890742,2.238753022012536
2.5427497327878674,2.0915961421101845,3.8171598346991944
2.5145302365875053,1.9309248960411876,4.677777877925098
1.7725307679176723,2.5370557429002645,5.622208865965151
2.072676969746769,2.5213849268926896,5.801628840629391
1.4414444036340508,1.9345787103098415,0.967898369064104
2.5060299094139555,2.2632723780273762,1.2327854831719869
2.3465981825348976,2.402996696163995,6.238474379397234
1.9293179969569119,1.4918006760694613,6.047148564205837
1.5759869997977396,1.703861958435806,1.2744832445384449
1.5839659052685027,2.3042937628078892,5.602411215809316
1.535491045926216,1.7054504275139508,4.805943114194679
1.8007489058780881,2.4980894441377743,1.9198002628596607
1.5905386343307275,1.685990194795561,3.9166424359140892
1.478068288162588,1.724658667181096,3.3540492289800254
1.7178475380275844,1.554304814206084,1.3647903228919067
2.4736400685443187,2.1603163071878124,2.0534362892688547
1.8379507038260159,1.491675668734116,2.8391932595797433
1.4736048334643663,1.96446211452467,2.710762058672011
2.4854843444877583,1.7594417241858087,3.892124320149082
2.290088962242587,1.561961813130931,2.591319621047332
1.4649317686232481,2.0298270057795933,5.414803874272836
1.6292806262487916,1.5831524278952742,0.925192135178546
1.5033168181777858,2.1035269849366096,1.8930116259701213
1.6018365523150757,1.685396428794744,2.7680456045564985
1.8262052166267948,2.4978259496776594,1.5317962108367182
1.453701226991417,1.9937651016255664,2.2589828693989453
2.5451668960190204,2.1037568738003936,0.10116916975546016
1.5028382317084719,1.8095174458950238,5.940648061814882
1.5044140372802421,2.0869778654063755,1.7652437210080483
2.051670575907695,2.587143941628364,3.461918079792114
2.2515305026655255,1.5329928717787935,4.86110011712514
2.2403141400407542,1.5026880955278425,5.709070135569462
1.4918874218647318,2.0494885240577547,4.46634624814963
2.510315237855219,1.927276012488097,5.220991628378177
1.4462021735278199,2.132150871977261,2.959685184198178
1.476347965102971,2.0448241487297305,2.6888565067163577
1.8221237336879479,1.465553184913333,3.42088010789665
1.702570671789423,1.5317042459284047,2.771858204333957
1.7988037603468563,2.517693626069975,2.5564112690815626
2.5493704718376087,1.7827799534247866,5.131419405977686
2.4540842712713067,1.6904331708056899,4.415454455493292
2.545295372438482,2.2305821432986828,5.420336128929382
2.3200880673471693,2.4622669177768106,4.189791450208223
1.787836342046721,1.4646139969923762,2.962686394059815
1.4509791347066727,2.019626717200889,1.9733123162763397
2.3662684979379254,2.4308389937574164,4.943923360112073
1.5429555919953624,2.374174395204292,0.7228706944341737
1.544157751309497,2.327267951499118,1.8361406143542285
1.4959218116089015,1.7304600621768036,4.102423377707629
2.085226314207672,1.4861210584407352,2.1110767393694307
1.6794617734286366,2.394842630561739,1.084706348799491
1.7042119748385018,1.4829640913845248,0.22087014641119826
1.7329904398813682,1.5540702013374736,6.25842335270223
1.479982351372144,1.8814446927412984,4.287251836676402
1.5485272429422143,1.6983269147217692,0.19634874807404626
2.311689768155537,2.4926696729794005,0.15753675377827694
1.4745638574451583,2.08092559568696,0.29019958599863904
1.5294111152142864,2.2140936593075184,5.1670651021874185
1.5002618575462316,1.782553448770117,3.3039607419131802
1.4263263177795804,1.8919828790945468,6.245857301906802
2.5047435772756264,2.008838822423476,0.13028397907884448
1.4462739998309595,1.954345120199904,5.731675379478694
1.4300198276412943,2.0506660118004794,4.998421395152939
1.9824748445799723,2.5486430123850115,2.59997774108241
1.4639102347255735,2.242046483536581,3.4319495640099382
2.4543873972186,2.2923499434375505,3.57466941683913
2.399287696921877,1.5897129205219722,0.5994827306248423
2.37202960152131,1.6392248962830447,3.7650216367625258
2.4509170832073477,1.7516671240408963,3.9784616772200967
2.129780341796252,1.449636620968108,1.1657455695747634
2.369619345784705,1.5991411516892349,0.4880776809615467
1.6239059027084113,1.5901864395204865,0.18996139589892738
1.9671803490384372,1.437194460124322,6.145208803956386
1.4855102755348462,2.1274417490669033,3.432599040346085
1.6452874620110707,1.5781746619975012,3.013714294396895
2.5388455567168657,2.228380839857323,1.1090234538119565
1.5402406230110075,1.7795922201016576,4.190137533944093
1.7085929463452656,2.4774063513650937,1.4228169659334355
2.5179254749441093,2.269923172145967,2.9855886090358545
1.5307146359817305,2.1790290285242486,4.9581559967228666
2.146588142919135,1.445732398344519,4.114706703689958
2.279717553759866,1.5595907313410942,2.436779272235532
2.385774316731972,2.37112507180894,0.12672535561018308
2.456059339437341,2.2059701484054997,1.9583365427322503
1.5914481485048644,2.3472896347267698,0.3760962677864674
1.5561828455208824,2.380660822348948,4.829187732307152
2.307637980331916,1.5948098184964812,4.772297328468271
1.4948293692239392,1.6907162738950623,2.783459126569201
2.1340715950596545,1.4714804488348283,0.18505387846083202
2.29228503242523,2.467932070407786,0.5881592007243397
2.502264085965854,2.170554137981302,0.8772506020256227
2.5678216849133593,1.8254461932998556,1.7643044315204324
2.51667214693711,2.069461648277135,0.2884420189257761
1.798895069512712,1.4566248998095817,1.525158012955186
1.5289828446132359,2.293328723947775,1.6474628382032048
1.5275785035146439,2.247979668552185,2.5238325616188
2.549208070311555,1.8483772528509061,3.755436484577568
1.735155500969259,1.4832053465436776,4.09766842509439
2.217658048764299,1.4529395430862726,3.584885255406033
1.8289598081104348,2.477042893151701,2.8044990222220996
2.499781206249184,2.0474310879153856,6.058485314861055
1.7806216545587181,2.481393624963663,2.7456516289436137
2.2120779309810676,1.5088640129679618,4.284920773047851
2.003090251313021,2.528670615303852,6.1676392610291355
2.1083121573024526,2.5089632839609917,3.4156295095139537
1.6854056156267176,2.4265543348468652,0.03683717611313432
1.496417378201995,2.2771538185126885,1.8912235618465842
2.1639510846300203,1.4875296570198229,0.7775100372843757
2.323907852723481,2.457864693576151,1.6889034553028348
1.4696324752728622,2.1713346448123527,2.8499653584546953
1.6391341167153468,1.5422512946360274,5.146838925520472
1.9966065228895644,2.5685916825128765,1.4745885041190925
1.4951782687253272,2.292491392018974,2.262598887231028
2.372332204841614,2.414941897770908,0.14958684653193544
2.0013421380566956,2.5054243231263147,3.121274929260051
1.5106397420364845,1.775411003719884,3.2069768976736994
1.6278154665968454,2.376573442527834,0.30342765216061973
1.5145598577868258,2.1929763562811493,4.7113006923793375
2.4314021457864197,1.632057084444679,3.90033895239931
2.482597010491052,2.328975445703472,2.9522072120923597
1.5946783511594473,1.5866003657231964,4.659062822221115
1.471946736273193,1.9304311390357745,0.9680503222702781
2.294559393617894,2.4617015272770217,2.076780621771416
1.6040608352233703,2.3544391301261465,1.0026428081881653
2.281169355763847,2.4596574825339967,4.8742238275442515
2.0294280953187123,2.5464164875103705,0.41262960726378783
1.4953535000698106,1.677283578162788,0.22994392624241194
2.0692626691404734,1.4959341429869317,5.784671811040422
1.8977224052888688,1.4666186574274465,0.5223777877299566
1.5175314396760056,2.3434615223385764,4.245251119432837
2.177075215167487,1.4687110432882542,3.618904102333473
1.8214372829965437,1.4924697424624398,0.26952646642937733
2.3117247800850613,2.4858964574252123,4.748835472001836
1.4106075871564119,1.897360716742536,5.466107441624089
1.429816076199854,2.0860207196978133,1.0294058745756822
1.482373682502475,1.7131141365867784,2.715824106170552
2.0792207314427578,2.5529709504525595,5.927413290592561
1.7207843449015745,2.4529287555865458,2.25313192665394
1.76217431866999,2.456385749062345,2.8608729904056567
2.5876529618236317,1.9086073183258538,5.739648616636023
2.520887653407073,2.0072956477767696,3.7316338374017235
1.623569187910096,1.5575066376444573,1.0448447514991155
1.528671575929511,1.6947510303069195,3.749069087021028
1.757766681294053,2.485871102326524,5.942066599877798
1.4684428089514892,2.0350093787851993,0.7785947446342845
2.3793133921039633,1.671503548444039,0.2556374402149071
1.8545170136851632,2.5731249096223348,2.3127700694680136
1.4458753399720632,2.069838989011902,4.117712422836955
2.38052391757375,2.4355761528322915,2.5870719718954773
1.9520866780471375,1.43410588191083,5.104649429748991
2.5205989646741473,2.2776737647657193,3.4791639928997933
2.28250202333243,2.4261002391802218,3.272075539659219
1.643560984646575,2.4462014369292038,5.035109019953489
1.429198886506064,2.039520744382749,3.5392043542449603
1.5673131752533256,1.6615065052861997,3.716870027478984
2.520629365921267,2.0129657262660974,1.954287630975606
2.2657218103576584,1.522707370437789,5.717306488764789
1.900585114698491,1.5078324679706272,3.874785080845496
1.631402824773692,2.4395831393488847,0.07220095637822706
1.408249483039227,2.0918746643382664,4.993994727551672
1.7977298112750972,2.5500364672554183,0.31963780267494324
2.5471522826775472,1.9286644618156843,3.1195153079982156
1.4808848598053965,2.2430246667801206,5.9229585440902355
2.5025113314143232,2.18106327699025,4.513536009515176
2.019068961082941,1.4637302455663197,4.026785919916329
1.8105448605478032,2.5061528194293423,4.6574715194563625
1.53404284515603,2.344350545411475,4.185493634172519
2.477577350465549,1.753289818896772,4.17432711765401
2.527383970732294,2.195250702163494,4.604872678018512
1.4251182004363123,2.082740185285763,5.909228598665456
2.433767593178987,1.594827896685964,5.409035300849975
1.4500615842060538,1.8436760502705918,5.5738064458393035
1.661778662607341,2.441355290099982,0.4351835117528773
1.5471657731267605,1.6330376222343428,4.3331790609393686
2.2134177029226927,1.5026674019431838,6.041876348397413
2.029162088191117,2.5481669436934906,4.902677728916772
2.58558664698248,1.9661442709512957,3.3891980308142227
2.173356562132715,1.524266993000567,6.1421837679079925
2.570381376831855,2.1296516829835883,2.7532555766124296
1.4619260687818683,2.215444235850775,4.752274761121487
1.4046944170140108,2.0492305306958922,3.7556109448938346
1.7861476697423595,2.4858743040001743,2.3291537522274712
2.5593077415289582,1.9522149948642809,5.968440358342223
1.6840551445653604,1.5015435371775216,3.00539114438243
2.367309315163318,1.6570371645226005,1.553224751584689
2.4146713102467783,2.4106109421750777,1.4388648440284488
1.4366777312292789,1.850352521784233,3.5861166104097095
1.4379099021764254,2.075007529427899,2.6955670484884244
1.9161860654955467,1.44630278492505,1.9216453275638985
1.5256215120168268,2.360871204894751,2.0975595212154032
2.428975664833002,1.6691456058834468,4.975745460231871
2.3741855449691527,1.6088450203676676,3.833503678255132
2.350156580870391,2.409131146162468,4.236690623096627
1.7002146927156379,2.464261989160762,1.8896561519080015
1.9322951099542507,2.568277708127367,5.853231543263342
1.6498751936764546,2.419216795787932,5.276222581073398
2.0504740035914986,1.4567714231418973,0.8535001941770212
2.2073567837364467,2.4771899754595736,1.024470626870716
2.5192820534602722,2.2019769662040174,2.493126418760832
1.4995536439279322,1.8482990040984875,0.03250005116372639
2.125812511331151,1.449897148505182,3.689089626964309
2.4798198894171675,2.3571492906084344,6.003145211804185
2.2783711842843193,1.5293499532205137,0.2405646062472009
2.274555586726617,2.437454306850583,4.912576694049309
2.5507156301534737,2.2364166956937193,5.750464613945627
1.5071986343342871,1.7762618925772231,4.808391912886266
1.9816507585399685,1.4480553393133087,4.691196292919502
2.5882666305788926,2.005504553587431,4.782620061068647
1.772476621434261,2.5255088937342496,5.778400834904198
2.369792007347883,2.405513644519751,6.241710842877627
1.4336927552601306,1.8443712524771914,3.4581917872351853
2.0840250402192586,1.4801287062071733,4.704065317033497
1.5305222079551897,1.7773416926997703,1.6801479634886256
1.9615143764246792,2.565889032442395,4.083279934380103
2.0112448227366744,2.5402793853230645,6.153052525904269
1.6869933129915518,1.5408050328825715,1.92330097390413
2.293150336796584,1.5033098052792522,0.3616058039560191
1.487552519886882,1.801691546989051,5.14143339256396
1.6464770513476137,1.5220913964428764,4.505524487149012
1.5145674639650428,2.1747349294781926,2.654420697405561
1.60216409761942,1.5710272313040856,4.1383589169734485
2.568311376627416,1.8824938030395455,1.584894607219235
2.1780920821702585,1.5190972725475431,1.9442951545814258
2.556622644531332,2.028415782109669,4.03347083080821
1.4330584125660497,1.878296907811211,1.6857385842654367
1.457631272668031,1.9617353810043916,0.6950925672034121
2.4730900325665033,2.2820607652918645,1.790260127091877
2.2589991817423463,1.485292618914695,1.4005404198043032
1.469347549433179,2.251354656882935,1.6370601450138609
1.8312089989532139,1.4854069187683034,0.5569595686339006
1.9642408987800448,2.583784294985315,2.3820659229345407
2.5515658425215797,1.812565079164694,4.468871025940705
1.7386087292056565,2.4412744292097863,2.7886265959100105
1.7343683460900345,1.4969970268955906,4.433204629715513
1.6336085460022844,2.4542824593545847,1.6075106180695717
2.4430594588187176,2.3818025266692713,5.3306069538001015
2.5372285167522812,2.085922033097891,4.845630045034551
2.381197427874571,1.641676959707391,5.14461827418965
1.5452930064249613,1.7509445008549034,5.544965803626926
1.5074068582580622,1.6819810519691805,0.8506566402772487
2.340403907519203,2.4132949324057775,4.7849311929975835
1.7821395932910757,2.5396080052504217,5.3956293528895
1.9199987775406426,1.4427697299707214,2.7428778234442674
1.6058521663502863,2.344309270066462,2.942469604441229
1.458446060281608,2.053718765195656,5.056573268501491
2.1236383880673895,2.568732081714943,0.12344484379451862
2.537248536259958,2.238908741207272,2.5261729279155114
1.4656874171153067,1.9424301198284333,4.954112234301905
2.1823906676645946,1.4499221368736857,2.6299202982738406
2.4923720824246116,2.117760134921892,0.8456436329212914
2.344588663758804,2.435227410694892,2.7741781449808505
2.397327201747148,1.6723477525613575,2.5581561049673556
2.0991303582698206,1.4117453956718404,5.4347759040148444
2.1188911760195843,1.4408169999601665,1.7252579781226738
2.424445048410838,1.670089497592524,1.4299289276369884
2.216076308210826,1.4440650250934253,2.229670754697919
1.817092942536556,2.4770390389057506,5.163294678377409
1.5232439200944066,1.7314622708577234,3.8232479981626932
2.5275564518128553,1.9249899534119168,3.6607760268963405
1.8246994119846995,2.57309433725557,4.37800291422678
1.5490653609742226,1.7625361106891466,0.49204943367050097
2.060752619825648,1.4483254947650757,3.46249000858019
1.6180422636044762,1.6413635573435386,1.1732374646724264
1.5005357581372083,1.7224440860817958,2.9303040918896754
1.5339070330773223,2.290737144054222,0.5171008916798163
1.5295679580882513,1.6499760820491782,3.752722162309904
2.1216505948559647,2.560334102255809,5.930925050240865
2.0716747421889474,2.5732399382725695,1.7533842186157074
2.4263368236324094,2.3207110761427434,0.9527521091827527
1.7114887410002835,1.5710990774968159,6.103772743692694
1.622571847414161,2.3873535717173993,4.26100016817917
2.3898111282388412,1.6803658232362662,5.660861127287517
2.4011825719306117,2.3403457458679204,2.321951376715775
2.557262858995777,2.0838443051511653,4.866226644040356
1.9940251521673422,2.5216934191715894,3.4334130227525823
1.7025379135599708,2.407147648497739,4.3196911061222165
1.7474965572948484,1.5017900104683735,0.3951536357129638
1.946650636775078,2.577069978184819,1.7243238050568743
2.431043972122751,1.7084400164843634,3.2655570834704033
1.8894043009795463,1.4174937391652693,4.267169227611031
2.5338953620036584,1.9495415288418023,0.8199161380327974
2.5431247414354914,1.8844343193345436,0.49852671473254506
2.207105147434186,1.4739434068217312,1.6668175369497067
2.419943677866391,1.633977177375365,4.724538656279401
1.7098725003996302,2.4794873678759326,5.502734083336262
1.5802080756483143,2.291813682007537,0.41767009089029195
2.216448448051617,1.4918848450676359,4.920713180326997
1.4330923078623599,2.1053459007709874,3.0619376084927845
1.5907013327609079,2.313107566611318,6.2627931276908795
2.506202975712144,2.309707159502116,2.7830850228398183
1.8041355671083654,2.4675639455957534,2.935784549157992
2.0349571812577794,2.5784264107260886,1.5434955284974714
1.5838367613425859,2.345504440146403,1.8864599179161894
1.8439738058333772,1.4921055748639551,6.098746313500225
2.0932408816933745,1.421419587095279,0.5030797471653244
1.4316496012639883,2.1314415287835824,6.111057581380633
2.241156521705268,2.5085432479352825,4.398767836896111
2.368886797019362,2.3947871487023145,2.5822374704179256
2.280837872367511,2.507923771181628,4.681687192409453
2.397028360936915,2.330066547498712,3.2359845853622127
2.3417414070176985,1.5790366231463826,0.8459665864052004
1.852567684393509,2.524026452991337,1.7262875588859825
1.4829928599948992,1.9860080110923055,4.146293578154107
2.409676652045164,2.3556991431138825,3.878267944654009
2.368540580149223,1.6067847799051798,1.5472820678351147
2.508908159316888,2.0823719912632033,5.926838778745877
2.3466181199761342,2.382317199690781,5.6083660327924205
1.7069395523727673,2.519925563804232,3.1909267121042704
2.190674130093732,1.5296739128655483,6.068293385430128
1.800115613326285,2.4729407663646557,0.30251356051059847
1.8660786857351956,2.581731074268023,0.6773007117928642
2.505800775509505,2.3141679696281807,1.5898715356719766
1.652869002470206,2.40791557014167,0.07926226345585918
1.8209149661423838,1.5212146781176892,6.1115175662997085
2.2486854989822183,1.4949176788458294,4.750538462465415
2.121467033230384,1.4676124966082233,4.09904301475305
2.0165103946818688,1.4046398732273242,3.8627392982241804
2.5040810406271974,2.1000959311291942,1.8316275809820475
1.8413203276111079,1.4428423826965633,3.6847886861143127
1.5546509307407061,2.233229499163513,1.6970057479463383
2.0256145035240714,2.521714214492812,5.521603533263598
2.44787003297441,1.7128230808169367,0.5457228154749995
