traj_id,t,step,x,y,theta,v,omega
0,0.0000,0,1.696993,0.401910,-0.338900,0.411703,1.064625
0,0.1000,1,1.736476,0.390314,-0.232438,0.479010,1.036773
0,0.2000,2,1.783577,0.381714,-0.128760,0.462658,0.975842
0,0.3000,3,1.829676,0.378019,-0.031176,0.458507,0.549491
0,0.4000,4,1.875521,0.377850,0.023773,0.500000,0.514985
0,0.5000,5,1.925454,0.380325,0.075271,0.500000,0.416410
0,0.6000,6,1.975220,0.385121,0.116912,0.484005,0.250997
0,0.7000,7,2.023214,0.391370,0.142012,0.476501,0.077011
0,0.8000,8,2.070358,0.398295,0.149713,0.500000,0.214971
0,0.9000,9,2.119715,0.406284,0.171210,0.500000,-0.006074
0,1.0000,10,2.168986,0.414788,0.170603,0.500000,0.003575
0,1.1000,11,2.218259,0.423285,0.170960,0.500000,-0.050535
0,1.2000,12,2.267551,0.431667,0.165907,0.485248,-0.007378
0,1.3000,13,2.315413,0.439663,0.165169,0.500000,-0.050568
0,1.4000,14,2.364753,0.447760,0.160112,0.487972,-0.223247
0,1.5000,15,2.413009,0.455001,0.137787,0.471816,-0.011617
0,1.6000,16,2.459747,0.461454,0.136626,0.500000,-0.098151
0,1.7000,17,2.509314,0.468021,0.126811,0.478269,0.009186
0,1.8000,18,2.556754,0.474092,0.127729,0.474003,-0.169941
0,1.9000,19,2.603817,0.479730,0.110735,0.500000,-0.082971
0,2.0000,20,2.653533,0.485049,0.102438,0.499276,0.402151
0,2.1000,21,2.703083,0.491152,0.142653,0.484744,0.654703
0,2.2000,22,2.750805,0.499609,0.208124,0.480081,0.846509
0,2.3000,23,2.797302,0.511503,0.292774,0.449078,1.093263
0,2.4000,24,2.839505,0.526786,0.402101,0.457363,1.291464
0,2.5000,25,2.880322,0.547350,0.531247,0.449241,1.456800
0,2.6000,26,2.917263,0.572845,0.676927,0.436835,1.441771
0,2.7000,27,2.949227,0.602564,0.821104,0.394161,1.395235
0,2.8000,28,2.973990,0.633189,0.960628,0.418446,1.158464
0,2.9000,29,2.995929,0.668794,1.076474,0.449073,1.138733
0,3.0000,30,3.014940,0.709452,1.190347,0.432334,0.989176
0,3.1000,31,3.028985,0.750322,1.289265,0.468184,1.006109
0,3.2000,32,3.039710,0.795875,1.389876,0.500000,0.809251
0,3.3000,33,3.046708,0.845369,1.470801,0.500000,0.810254
0,3.4000,34,3.049679,0.895267,1.551827,0.500000,0.257374
0,3.5000,35,3.049984,0.945265,1.577564,0.500000,0.466632
0,3.6000,36,3.048480,0.995238,1.624227,0.500000,0.340255
0,3.7000,37,3.044960,1.045111,1.658253,0.500000,0.219091
0,3.8000,38,3.040048,1.094868,1.680162,0.492507,-0.101436
0,3.9000,39,3.034921,1.143851,1.670018,0.497640,-0.012972
0,4.0000,40,3.030023,1.193373,1.668721,0.500000,-0.002303
0,4.1000,41,3.025141,1.243134,1.668491,0.500000,-0.101655
0,4.2000,42,3.020517,1.292920,1.658325,0.489744,-0.034076
0,4.3000,43,3.016319,1.341714,1.654918,0.470135,-0.032774
0,4.4000,44,3.012445,1.388568,1.651640,0.497549,-0.209326
0,4.5000,45,3.008946,1.438199,1.630708,0.451841,-0.018425
0,4.6000,46,3.006283,1.483304,1.628865,0.493725,-0.142865
0,4.7000,47,3.003769,1.532612,1.614578,0.495044,0.105329
0,4.8000,48,3.001342,1.582057,1.625111,0.498389,-0.115337
0,4.9000,49,2.998924,1.631837,1.613578,0.470174,0.118886
0,5.0000,50,2.996634,1.678798,1.625466,0.500000,0.226853
0,5.1000,51,2.993335,1.728688,1.648152,0.498320,0.348384
0,5.2000,52,2.988620,1.778294,1.682990,0.500000,0.414728
0,5.3000,53,2.981993,1.827849,1.724463,0.489973,0.270912
0,5.4000,54,2.973839,1.876162,1.751554,0.500000,0.308835
0,5.5000,55,2.964092,1.925201,1.782438,0.482484,0.544600
0,5.6000,56,2.952678,1.972073,1.836898,0.467292,0.606691
0,5.7000,57,2.939030,2.016757,1.897567,0.486770,0.437250
0,5.8000,58,2.922402,2.062502,1.941292,0.500000,0.391287
0,5.9000,59,2.903391,2.108744,1.980420,0.500000,0.427445
0,6.0000,60,2.882504,2.154168,2.023165,0.486454,0.124361
0,6.1000,61,2.860970,2.197787,2.035601,0.470067,0.416198
0,6.2000,62,2.839031,2.239356,2.077221,0.497221,0.181946
0,6.3000,63,2.814519,2.282615,2.095415,0.500000,0.032890
0,6.4000,64,2.789403,2.325850,2.098704,0.487448,0.097590
0,6.5000,65,2.764644,2.367838,2.108463,0.500000,0.042645
0,6.6000,66,2.738946,2.410729,2.112728,0.487447,-0.076110
0,6.7000,67,2.713963,2.452584,2.105117,0.500000,0.170454
0,6.8000,68,2.688135,2.495396,2.122162,0.490432,0.048310
0,6.9000,69,2.662343,2.537109,2.126993,0.474147,-0.047311
0,7.0000,70,2.637405,2.577436,2.122262,0.500000,-0.114358
0,7.1000,71,2.611452,2.620173,2.110826,0.500000,-0.391172
0,7.2000,72,2.586589,2.663549,2.071709,0.500000,-0.441268
0,7.3000,73,2.563553,2.707922,2.027582,0.500000,-0.503414
0,7.4000,74,2.542639,2.753332,1.977241,0.476805,-0.634923
0,7.5000,75,2.525191,2.797697,1.913749,0.500000,-0.538463
0,7.6000,76,2.509653,2.845215,1.859902,0.449078,-0.580272
0,7.7000,77,2.498106,2.888606,1.801875,0.500000,-0.505741
0,7.8000,78,2.487890,2.937546,1.751301,0.500000,-0.298919
0,7.9000,79,2.479650,2.986860,1.721409,0.491276,-0.424305
0,8.0000,80,2.473311,3.035573,1.678979,0.476135,-0.377170
0,8.1000,81,2.469064,3.082994,1.641262,0.468409,-0.110304
0,8.2000,82,2.466024,3.129736,1.630231,0.500000,-0.336075
0,8.3000,83,2.463893,3.179688,1.596624,0.475724,-0.303549
0,8.4000,84,2.463386,3.227256,1.566269,0.480668,-0.347655
0,8.5000,85,2.464439,3.275309,1.531503,0.477050,0.180814
0,8.6000,86,2.465882,3.322992,1.549585,0.493018,0.126753
0,8.7000,87,2.466616,3.372288,1.562260,0.490164,0.213658
0,8.8000,88,2.466510,3.421303,1.583626,0.500000,-0.034410
0,8.9000,89,2.465955,3.471300,1.580185,0.500000,-0.004759
0,9.0000,90,2.465497,3.521298,1.579709,0.475494,0.065361
0,9.1000,91,2.464918,3.568844,1.586245,0.499149,0.149801
0,9.2000,92,2.463773,3.618745,1.601225,0.481558,0.095648
0,9.3000,93,2.462078,3.666871,1.610790,0.500000,-0.072064
0,9.4000,94,2.460259,3.716838,1.603583,0.500000,-0.067457
0,9.5000,95,2.458789,3.766816,1.596838,0.500000,-0.031636
0,9.6000,96,2.457566,3.816801,1.593674,0.490816,-0.051177
0,9.7000,97,2.456568,3.865872,1.588556,0.492830,0.078109
0,9.8000,98,2.455501,3.915144,1.596367,0.500000,0.007983
0,9.9000,99,2.454202,3.965127,1.597166,0.496059,-0.066626
0,10.0000,100,2.453060,4.014719,1.590503,0.483044,0.376543
0,10.1000,101,2.451199,4.062985,1.628157,0.500000,-0.069769
0,10.2000,102,2.448507,4.112912,1.621180,0.473236,-0.077241
0,10.3000,103,2.446306,4.160185,1.613456,0.499510,0.040855
0,10.4000,104,2.444074,4.210086,1.617542,0.485086,-0.102567
0,10.5000,105,2.442055,4.258552,1.607285,0.500000,0.097081
0,10.6000,106,2.439989,4.308509,1.616993,0.492477,0.006109
0,10.7000,107,2.437700,4.357704,1.617604,0.489385,-0.268959
0,10.8000,108,2.436067,4.406613,1.590708,0.500000,-0.011088
0,10.9000,109,2.435100,4.456604,1.589599,0.479465,0.045683
0,11.0000,110,2.434089,4.504540,1.594168,0.500000,-0.009480
0,11.1000,111,2.432944,4.554527,1.593220,0.470746,0.183182
0,11.2000,112,2.431457,4.601577,1.611538,0.500000,-0.018432
0,11.3000,113,2.429467,4.651538,1.609695,0.500000,0.054177
0,11.4000,114,2.427387,4.701494,1.615112,0.500000,-0.055863
0,11.5000,115,2.425312,4.751451,1.609526,0.500000,0.205002
0,11.6000,116,2.422864,4.801390,1.630026,0.500000,0.086240
0,11.7000,117,2.419689,4.851289,1.638650,0.424554,0.025043
0,11.8000,118,2.416757,4.893643,1.641155,0.499476,-0.034029
0,11.9000,119,2.413330,4.943473,1.637752,0.487368,-0.017253
0,12.0000,120,2.410112,4.992104,1.636026,0.500000,-0.055535
0,12.1000,121,2.406991,5.042006,1.630473,0.490710,0.098568
0,12.2000,122,2.403823,5.090974,1.640330,0.477753,0.043989
0,12.3000,123,2.400399,5.138627,1.644729,0.500000,-0.163195
0,12.4000,124,2.397113,5.188518,1.628409,0.494090,-0.144553
0,12.5000,125,2.394624,5.237864,1.613954,0.500000,0.014817
0,12.6000,126,2.392430,5.287816,1.615436,0.488840,-0.134604
0,12.7000,127,2.390577,5.336664,1.601975,0.500000,0.107037
0,12.8000,128,2.388751,5.386631,1.612679,0.497717,0.028999
0,12.9000,129,2.386595,5.436356,1.615579,0.492457,-0.016937
0,13.0000,130,2.384432,5.485554,1.613885,0.494148,0.003971
1,0.0000,0,3.326851,0.238749,-0.157537,0.184572,2.000000
1,0.1000,1,3.345247,0.237690,0.042463,0.214619,2.000000
1,0.2000,2,3.366456,0.240732,0.242463,0.291401,2.000000
1,0.3000,3,3.393859,0.250501,0.442463,0.318915,2.000000
1,0.4000,4,3.421126,0.266938,0.642463,0.396676,1.655782
1,0.5000,5,3.450777,0.293220,0.808041,0.427419,1.636152
1,0.6000,6,3.477654,0.326392,0.971656,0.427291,1.076592
1,0.7000,7,3.499807,0.362907,1.079316,0.489288,0.935906
1,0.8000,8,3.520847,0.407061,1.172906,0.489913,0.722313
1,0.9000,9,3.538183,0.452871,1.245138,0.472907,0.217420
1,1.0000,10,3.552824,0.497837,1.266880,0.480597,0.239956
1,1.1000,11,3.566655,0.543862,1.290875,0.483852,0.026523
1,1.2000,12,3.579961,0.590382,1.293527,0.480465,-0.091681
1,1.3000,13,3.593325,0.636532,1.284359,0.479478,-0.066448
1,1.4000,14,3.607024,0.682481,1.277715,0.500000,-0.226872
1,1.5000,15,3.622011,0.730181,1.255027,0.494112,-0.266897
1,1.6000,16,3.637981,0.776939,1.228338,0.500000,-0.208283
1,1.7000,17,3.655260,0.823857,1.207509,0.500000,-0.339469
1,1.8000,18,3.673817,0.870284,1.173563,0.500000,-0.153057
1,1.9000,19,3.693513,0.916241,1.158257,0.491185,-0.142070
1,2.0000,20,3.713525,0.961097,1.144050,0.469650,0.013130
1,2.1000,21,3.732937,1.003863,1.145363,0.471026,-0.139047
1,2.2000,22,3.752674,1.046630,1.131458,0.475605,-0.107057
1,2.3000,23,3.773134,1.089565,1.120753,0.491734,-0.103562
1,2.4000,24,3.794753,1.133730,1.110396,0.500000,0.133092
1,2.5000,25,3.816670,1.178671,1.123706,0.493111,-0.189745
1,2.6000,26,3.838410,1.222930,1.104731,0.481810,0.291839
1,2.7000,27,3.859430,1.266282,1.133915,0.487203,0.392915
1,2.8000,28,3.879172,1.310820,1.173206,0.500000,0.303166
1,2.9000,29,3.897830,1.357206,1.203523,0.465905,0.466604
1,3.0000,30,3.913539,1.401064,1.250183,0.500000,0.246443
1,3.1000,31,3.928710,1.448705,1.274828,0.500000,0.232259
1,3.2000,32,3.942737,1.496696,1.298054,0.474741,0.235360
1,3.3000,33,3.954986,1.542562,1.321590,0.500000,0.127700
1,3.4000,34,3.967008,1.591095,1.334360,0.500000,0.123253
1,3.5000,35,3.978420,1.639775,1.346685,0.500000,0.254456
1,3.6000,36,3.988911,1.688660,1.372131,0.496066,0.254109
1,3.7000,37,3.998082,1.737410,1.397541,0.469742,0.216629
1,3.8000,38,4.005678,1.783765,1.419204,0.498718,-0.039831
1,3.9000,39,4.013308,1.833050,1.415221,0.500000,0.114739
1,4.0000,40,4.020772,1.882490,1.426695,0.500000,0.162730
1,4.1000,41,4.027549,1.932028,1.442968,0.500000,0.027063
1,4.2000,42,4.033856,1.981628,1.445674,0.488467,-0.124980
1,4.3000,43,4.040254,2.030054,1.433176,0.500000,-0.131063
1,4.4000,44,4.047438,2.079535,1.420070,0.500000,-0.073759
1,4.5000,45,4.055128,2.128940,1.412694,0.500000,-0.123504
1,4.6000,46,4.063305,2.178266,1.400344,0.492654,-0.176433
1,4.7000,47,4.072090,2.226741,1.382701,0.482049,0.063350
1,4.8000,48,4.080953,2.274124,1.389035,0.498105,0.007234
1,4.9000,49,4.089939,2.323118,1.389759,0.473740,-0.282223
1,5.0000,50,4.099125,2.369591,1.361537,0.478980,0.083617
2,0.0000,0,1.738504,2.213098,-0.005006,0.455761,0.561866
2,0.1000,1,1.784062,2.214150,0.051181,0.474411,0.737746
2,0.2000,2,1.831309,2.218322,0.124955,0.500000,0.642371
2,0.3000,3,1.880685,2.226142,0.189192,0.500000,0.392994
2,0.4000,4,1.929595,2.236508,0.228492,0.491296,0.467283
2,0.5000,5,1.977170,2.248750,0.275220,0.500000,0.316475
2,0.6000,6,2.025066,2.263097,0.306868,0.500000,0.039477
2,0.7000,7,2.072700,2.278295,0.310815,0.500000,0.112347
2,0.8000,8,2.120217,2.293853,0.322050,0.472108,0.286787
2,0.9000,9,2.164780,2.309436,0.350729,0.486744,0.223857
2,1.0000,10,2.210301,2.326670,0.373114,0.500000,0.527774
2,1.1000,11,2.256358,2.346116,0.425892,0.467599,0.583409
2,1.2000,12,2.298353,2.366665,0.484233,0.487097,0.778286
2,1.3000,13,2.340538,2.390995,0.562061,0.470920,0.853238
2,1.4000,14,2.379266,2.417760,0.647385,0.466270,1.303285
2,1.5000,15,2.414524,2.448221,0.777714,0.472136,1.071109
2,1.6000,16,2.446328,2.483085,0.884825,0.459710,1.185608
2,1.7000,17,2.473273,2.520299,1.003385,0.467946,1.067181
2,1.8000,18,2.496271,2.561026,1.110103,0.435258,1.244657
2,1.9000,19,2.513148,2.601117,1.234569,0.459962,0.920131
2,2.0000,20,2.526306,2.645174,1.326582,0.473831,0.767411
2,2.1000,21,2.535988,2.691545,1.403323,0.500000,0.598225
2,2.2000,22,2.542844,2.741065,1.463146,0.481183,0.664962
2,2.3000,23,2.546420,2.789042,1.529642,0.485055,0.487915
2,2.4000,24,2.547233,2.837536,1.578434,0.474506,0.493867
2,2.5000,25,2.545699,2.884957,1.627820,0.476561,0.330694
2,2.6000,26,2.542197,2.932482,1.660890,0.469222,0.030459
2,2.7000,27,2.537904,2.979207,1.663936,0.500000,-0.152010
2,2.8000,28,2.533632,3.029024,1.648735,0.500000,-0.092703
2,2.9000,29,2.529970,3.078889,1.639464,0.478200,-0.316152
2,3.0000,30,2.527444,3.126640,1.607849,0.467529,-0.165149
2,3.1000,31,2.526098,3.173374,1.591334,0.475254,-0.337129
2,3.2000,32,2.525923,3.220896,1.557621,0.494140,0.051970
2,3.3000,33,2.526446,3.270308,1.562818,0.500000,-0.166058
2,3.4000,34,2.527260,3.320300,1.546212,0.500000,-0.173747
2,3.5000,35,2.528923,3.370272,1.528838,0.470606,-0.294764
2,3.6000,36,2.531589,3.417255,1.499361,0.500000,-0.209090
2,3.7000,37,2.535679,3.467087,1.478452,0.494937,-0.241468
2,3.8000,38,2.540838,3.516310,1.454306,0.494222,-0.200966
2,3.9000,39,2.547075,3.565336,1.434209,0.451356,-0.191529
2,4.0000,40,2.553648,3.609990,1.415056,0.500000,0.142351
2,4.1000,41,2.561052,3.659438,1.429291,0.500000,-0.028160
2,4.2000,42,2.568173,3.708928,1.426475,0.500000,0.068499
2,4.3000,43,2.575195,3.758433,1.433325,0.486114,-0.201643
2,4.4000,44,2.582342,3.806515,1.413161,0.500000,-0.147053
2,4.5000,45,2.590554,3.855836,1.398455,0.493316,0.145261
2,4.6000,46,2.598660,3.904496,1.412982,0.471422,0.069717
2,4.7000,47,2.605907,3.951078,1.419953,0.500000,0.098102
2,4.8000,48,2.613178,4.000546,1.429763,0.500000,0.137811
2,4.9000,49,2.619865,4.050097,1.443545,0.500000,0.032231
2,5.0000,50,2.626130,4.099703,1.446768,0.500000,0.003193
2,5.1000,51,2.632308,4.149319,1.447087,0.489074,0.040075
2,5.2000,52,2.638245,4.197865,1.451095,0.487883,-0.059940
2,5.3000,53,2.644217,4.246287,1.445100,0.487840,-0.217945
2,5.4000,54,2.650859,4.294615,1.423306,0.500000,-0.055029
2,5.5000,55,2.658343,4.344052,1.417803,0.497481,0.241611
2,5.6000,56,2.665330,4.393306,1.441964,0.489504,-0.010699
2,5.7000,57,2.671645,4.441847,1.440894,0.500000,0.128002
2,5.8000,58,2.677804,4.491466,1.453695,0.500000,-0.089743
2,5.9000,59,2.683869,4.541097,1.444720,0.500000,-0.388869
2,6.0000,60,2.691119,4.590565,1.405833,0.475926,-0.454940
2,6.1000,61,2.699999,4.637318,1.360339,0.470009,-0.596576
2,6.2000,62,2.711183,4.682961,1.300682,0.500000,-1.001551
2,6.3000,63,2.726914,4.730400,1.200527,0.434025,-1.026182
2,6.4000,64,2.744666,4.769985,1.097908,0.421745,-1.274273
2,6.5000,65,2.766212,4.806208,0.970481,0.391288,-1.477270
2,6.6000,66,2.790616,4.836748,0.822754,0.411708,-1.467704
2,6.7000,67,2.820731,4.864768,0.675984,0.431556,-1.509661
2,6.8000,68,2.856303,4.889130,0.525018,0.421480,-1.065852
2,6.9000,69,2.893830,4.908274,0.418432,0.456212,-1.112936
2,7.0000,70,2.936460,4.924455,0.307139,0.460407,-0.954569
2,7.1000,71,2.980943,4.936261,0.211682,0.448159,-0.951396
2,7.2000,72,3.025140,4.943580,0.116542,0.500000,-0.654901
2,7.3000,73,3.074956,4.947764,0.051052,0.500000,-0.602341
2,7.4000,74,3.124937,4.948811,-0.009182,0.500000,-0.365548
2,7.5000,75,3.174916,4.947438,-0.045737,0.500000,-0.242116
2,7.6000,76,3.224831,4.944547,-0.069948,0.482268,-0.398276
2,7.7000,77,3.272860,4.940220,-0.109776,0.478292,0.090313
2,7.8000,78,3.320424,4.935195,-0.100745,0.500000,-0.084567
2,7.9000,79,3.370149,4.929956,-0.109201,0.493956,0.119735
2,8.0000,80,3.419281,4.924866,-0.097228,0.496595,-0.099741
2,8.1000,81,3.468681,4.919799,-0.107202,0.500000,0.146412
2,8.2000,82,3.518432,4.914814,-0.092561,0.449234,0.073426
2,8.3000,83,3.563178,4.910826,-0.085218,0.500000,0.170206
2,8.4000,84,3.613030,4.906994,-0.068197,0.500000,0.048164
2,8.5000,85,3.662922,4.903707,-0.063381,0.497037,0.156798
2,8.6000,86,3.712548,4.900948,-0.047701,0.494144,0.074112
2,8.7000,87,3.761915,4.898774,-0.040290,0.500000,0.016324
2,8.8000,88,3.811876,4.896801,-0.038658,0.492402,-0.079708
2,8.9000,89,3.861071,4.894702,-0.046629,0.500000,0.243622
2,9.0000,90,3.911040,4.892980,-0.022266,0.500000,0.206022
2,9.1000,91,3.961036,4.892382,-0.001664,0.500000,0.101993
2,9.2000,92,4.011035,4.892554,0.008535,0.500000,0.014080
2,9.3000,93,4.061033,4.893016,0.009943,0.500000,-0.001419
2,9.4000,94,4.111031,4.893509,0.009801,0.470718,0.114653
2,9.5000,95,4.158097,4.894240,0.021267,0.500000,-0.092143
2,9.6000,96,4.208089,4.895073,0.012052,0.497953,-0.049883
2,9.7000,97,4.257882,4.895549,0.007064,0.492360,0.030994
2,9.8000,98,4.307117,4.895973,0.010164,0.475156,-0.013445
2,9.9000,99,4.354630,4.896424,0.008819,0.470603,-0.100784
2,10.0000,100,4.401690,4.896602,-0.001259,0.472721,-0.404330
2,10.1000,101,4.448948,4.895587,-0.041692,0.450397,-0.496177
2,10.2000,102,4.493883,4.892595,-0.091310,0.496218,-0.783965
2,10.3000,103,4.543071,4.886139,-0.169707,0.469908,-0.742816
2,10.4000,104,4.589049,4.876490,-0.243988,0.461241,-0.937635
2,10.5000,105,4.633219,4.863267,-0.337752,0.479380,-0.990126
2,10.6000,106,4.677589,4.845171,-0.436764,0.465488,-1.002459
2,10.7000,107,4.718712,4.823401,-0.537010,0.480079,-1.279203
2,10.8000,108,4.758281,4.796273,-0.664931,0.493921,-0.890705
2,10.9000,109,4.795743,4.764109,-0.754001,0.473042,-0.748070
2,11.0000,110,4.828983,4.730467,-0.828808,0.468892,-0.861629
2,11.1000,111,4.859141,4.694582,-0.914971,0.457636,-0.721034
2,11.2000,112,4.885717,4.657338,-0.987074,0.482582,-0.768307
2,11.3000,113,4.910742,4.616089,-1.063905,0.500000,-0.606035
2,11.4000,114,4.933676,4.571668,-1.124509,0.489197,-0.544636
2,11.5000,115,4.953579,4.526987,-1.178972,0.474885,-0.447745
2,11.6000,116,4.970725,4.482706,-1.223747,0.500000,-0.492055
3,0.0000,0,4.225984,2.276884,-1.553154,0.446775,-1.216458
3,0.1000,1,4.224056,2.232276,-1.674800,0.463671,-1.152147
3,0.2000,2,4.216600,2.186538,-1.790014,0.463945,-0.912592
3,0.3000,3,4.204460,2.141777,-1.881274,0.500000,-0.907675
3,0.4000,4,4.187046,2.094926,-1.972041,0.446948,-0.700825
3,0.5000,5,4.168163,2.054426,-2.042124,0.492375,-0.468649
3,0.6000,6,4.144786,2.011097,-2.088989,0.496622,-0.243368
3,0.7000,7,4.119665,1.968258,-2.113326,0.500000,-0.283265
3,0.8000,8,4.093247,1.925809,-2.141652,0.489406,-0.208087
3,0.9000,9,4.066375,1.884907,-2.162461,0.492645,-0.098262
3,1.0000,10,4.038698,1.844152,-2.172287,0.467551,0.111716
3,1.1000,11,4.012456,1.805456,-2.161115,0.485338,0.374082
3,1.2000,12,3.986201,1.764640,-2.123707,0.482495,0.625562
3,1.3000,13,3.962163,1.722814,-2.061151,0.473125,0.594975
3,1.4000,14,3.941136,1.680439,-2.001653,0.491635,0.671602
3,1.5000,15,3.922118,1.635113,-1.934493,0.484525,0.772908
3,1.6000,16,3.906648,1.589209,-1.857202,0.491344,0.680645
3,1.7000,17,3.894381,1.541640,-1.789138,0.481905,0.664702
3,1.8000,18,3.885513,1.494281,-1.722668,0.500000,0.232308
3,1.9000,19,3.878524,1.444774,-1.699437,0.496868,-0.175622
3,2.0000,20,3.871717,1.395556,-1.716999,0.470003,-0.708021
3,2.1000,21,3.863230,1.349338,-1.787801,0.467066,-0.563960
3,2.2000,22,3.851894,1.304035,-1.844197,0.443242,-0.997583
3,2.3000,23,3.837819,1.262024,-1.943956,0.429369,-1.414364
3,2.4000,24,3.819395,1.223280,-2.085392,0.444525,-1.396078
3,2.5000,25,3.794891,1.186235,-2.225000,0.377019,-1.401279
3,2.6000,26,3.769930,1.158020,-2.365128,0.397036,-1.465048
3,2.7000,27,3.739673,1.132368,-2.511632,0.450728,-1.294768
3,2.8000,28,3.701637,1.108243,-2.641109,0.468141,-1.099116
3,2.9000,29,3.659414,1.088080,-2.751021,0.422249,-1.130566
3,3.0000,30,3.619544,1.074243,-2.864078,0.463235,-1.094559
3,3.1000,31,3.574388,1.064013,-2.973533,0.441877,-1.090398
3,3.2000,32,3.530506,1.059009,-3.082573,0.445197,-1.341329
3,3.3000,33,3.486021,1.059367,-3.216706,0.455956,-1.160193
3,3.4000,34,3.440855,1.065416,-3.332725,0.427995,-1.213904
3,3.5000,35,3.399431,1.076074,-3.454116,0.465091,-1.017832
3,3.6000,36,3.355978,1.092599,-3.555899,0.465412,-1.051449
3,3.7000,37,3.314437,1.113538,-3.661044,0.459444,-1.069887
3,3.8000,38,3.275848,1.138433,-3.768033,0.440549,-1.035009
3,3.9000,39,3.241557,1.166060,-3.871533,0.431074,-0.955796
3,4.0000,40,3.210854,1.196295,-3.967113,0.500000,-0.890007
3,4.1000,41,3.178624,1.234500,-4.056114,0.443935,-0.970894
3,4.2000,42,3.153285,1.270930,-4.153203,0.439405,-0.900613
3,4.3000,43,3.131683,1.309176,-4.243264,0.487677,-0.693386
3,4.4000,44,3.111160,1.353405,-4.312603,0.461510,-0.640208
3,4.5000,45,3.094569,1.396462,-4.376624,0.500000,-0.389461
3,4.6000,46,3.079018,1.443979,-4.415570,0.475706,-0.594206
3,4.7000,47,3.066464,1.489856,-4.474991,0.495512,-0.666516
3,4.8000,48,3.056424,1.538370,-4.541642,0.487828,-0.224062
3,4.9000,49,3.048674,1.586532,-4.564048,0.490322,-0.269173
3,5.0000,50,3.042081,1.635118,-4.590966,0.495089,-0.080432
3,5.1000,51,3.036282,1.684285,-4.599009,0.500000,0.027568
3,5.2000,52,3.030556,1.733957,-4.596252,0.488245,0.367869
3,5.3000,53,3.024008,1.782337,-4.559465,0.498072,0.322878
3,5.4000,54,3.015628,1.831432,-4.527177,0.469940,0.841300
3,5.5000,55,3.005042,1.877204,-4.443047,0.468121,0.635511
3,5.6000,56,2.991160,1.921902,-4.379496,0.479560,0.858556
3,5.7000,57,2.973564,1.966498,-4.293641,0.470889,0.656851
3,5.8000,58,2.953018,2.008859,-4.227955,0.463804,0.702391
3,5.9000,59,2.929996,2.049110,-4.157716,0.465628,0.459085
3,6.0000,60,2.904573,2.088115,-4.111808,0.470065,0.598400
3,6.1000,61,2.876864,2.126078,-4.051968,0.479810,0.494516
3,6.2000,62,2.846506,2.163228,-4.002516,0.493148,0.551973
3,6.3000,63,2.813350,2.199724,-3.947319,0.500000,0.406104
3,6.4000,64,2.777998,2.235078,-3.906708,0.468287,0.035593
3,6.5000,65,2.744162,2.267452,-3.903149,0.492290,0.388984
4,0.0000,0,2.622553,4.955282,-2.369608,0.450761,1.314995
4,0.1000,1,2.592413,4.921808,-2.238108,0.452371,1.208387
4,0.2000,2,2.566629,4.884672,-2.117269,0.459099,1.089165
4,0.3000,3,2.544952,4.844228,-2.008353,0.455442,1.064563
4,0.4000,4,2.527883,4.802026,-1.901897,0.456997,0.914997
4,0.5000,5,2.515024,4.758190,-1.810397,0.468843,0.667842
4,0.6000,6,2.505426,4.712307,-1.743613,0.495609,0.839228
4,0.7000,7,2.498961,4.663184,-1.659690,0.477924,0.438206
4,0.8000,8,2.495762,4.615503,-1.615870,0.477912,0.573864
4,0.9000,9,2.494980,4.567725,-1.558483,0.500000,0.297339
4,1.0000,10,2.496338,4.517745,-1.528749,0.500000,0.125006
4,1.1000,11,2.498752,4.467804,-1.516249,0.486662,0.212227
4,1.2000,12,2.501921,4.419242,-1.495026,0.497882,0.011700
4,1.3000,13,2.505719,4.369599,-1.493856,0.449738,0.089299
4,1.4000,14,2.509376,4.324774,-1.484926,0.500000,-0.221662
4,1.5000,15,2.513112,4.274915,-1.507092,0.500000,-0.037747
4,1.6000,16,2.516201,4.225010,-1.510867,0.500000,0.028727
4,1.7000,17,2.519267,4.175104,-1.507994,0.484702,-0.040435
4,1.8000,18,2.522211,4.126724,-1.512038,0.500000,-0.063410
4,1.9000,19,2.524989,4.076801,-1.518379,0.500000,-0.094111
4,2.0000,20,2.527374,4.026858,-1.527790,0.487621,0.010427
4,2.1000,21,2.529496,3.978142,-1.526747,0.476217,-0.248638
4,2.2000,22,2.531001,3.930545,-1.551611,0.479627,-0.174922
4,2.3000,23,2.531502,3.882586,-1.569103,0.500000,-0.006940
4,2.4000,24,2.531569,3.832586,-1.569797,0.500000,-0.208906
4,2.5000,25,2.531097,3.782589,-1.590688,0.488493,-0.164523
4,2.6000,26,2.529724,3.733760,-1.607140,0.500000,-0.154014
4,2.7000,27,2.527522,3.683809,-1.622541,0.500000,-0.022036
4,2.8000,28,2.524881,3.633878,-1.624745,0.500000,0.147699
4,2.9000,29,2.522554,3.583933,-1.609975,0.490449,0.132942
4,3.0000,30,2.520958,3.534915,-1.596681,0.471642,-0.147520
4,3.1000,31,2.519390,3.487777,-1.611433,0.468378,-0.111620
4,3.2000,32,2.517226,3.440989,-1.622595,0.500000,0.073253
4,3.3000,33,2.514820,3.391047,-1.615270,0.500000,0.017072
4,3.4000,34,2.512640,3.341095,-1.613562,0.476532,-0.139607
4,3.5000,35,2.510270,3.293501,-1.627523,0.500000,0.175793
4,3.6000,36,2.507874,3.243559,-1.609944,0.492700,-0.106356
4,3.7000,37,2.505684,3.194338,-1.620579,0.469146,0.000646
4,3.8000,38,2.503351,3.147482,-1.620515,0.500000,0.071020
4,3.9000,39,2.501044,3.097535,-1.613413,0.478869,0.035463
4,4.0000,40,2.499088,3.049688,-1.609867,0.489876,0.133021
4,4.1000,41,2.497501,3.000727,-1.596565,0.486487,-0.000560
4,4.2000,42,2.496246,2.952094,-1.596621,0.495836,0.147343
4,4.3000,43,2.495331,2.902519,-1.581886,0.500000,0.127419
4,4.4000,44,2.495095,2.852520,-1.569144,0.490777,-0.126694
4,4.5000,45,2.494865,2.803443,-1.581814,0.484014,0.048061
4,4.6000,46,2.494448,2.755044,-1.577008,0.458982,-0.575037
4,4.7000,47,2.492844,2.709180,-1.634511,0.465254,-0.818553
4,4.8000,48,2.487985,2.662922,-1.716367,0.494943,-0.810316
4,4.9000,49,2.478831,2.614295,-1.797398,0.476577,-1.230953
4,5.0000,50,2.465296,2.568631,-1.920494,0.450305,-1.270376
4,5.1000,51,2.447226,2.527419,-2.047531,0.350256,-1.530925
4,5.2000,52,2.428839,2.497648,-2.200624,0.444225,-1.415875
4,5.3000,53,2.400224,2.463718,-2.342211,0.418908,-1.384126
4,5.4000,54,2.369037,2.435799,-2.480624,0.406437,-1.293502
4,5.5000,55,2.335431,2.412990,-2.609974,0.406450,-1.314291
4,5.6000,56,2.299145,2.394744,-2.741403,0.479303,-1.047443
4,5.7000,57,2.254105,2.378415,-2.846147,0.459266,-0.930449
4,5.8000,58,2.209610,2.367104,-2.939192,0.500000,-0.726080
4,5.9000,59,2.160309,2.358840,-3.011800,0.463470,-0.560759
4,6.0000,60,2.114208,2.354132,-3.067876,0.482622,-0.552215
4,6.1000,61,2.066003,2.351908,-3.123098,0.478045,-0.600190
4,6.2000,62,2.018209,2.352459,-3.183117,0.500000,-0.424776
4,6.3000,63,1.968311,2.355594,-3.225594,0.482564,-0.122959
4,6.4000,64,1.920251,2.359939,-3.237890,0.475987,-0.280836
4,6.5000,65,1.872943,2.365180,-3.265974,0.500000,-0.212637
4,6.6000,66,1.823399,2.371910,-3.287237,0.484570,0.062926
4,6.7000,67,1.775433,2.378792,-3.280945,0.472199,0.037853
4,6.8000,68,1.728659,2.385262,-3.277160,0.500000,0.231390
4,6.9000,69,1.679044,2.391446,-3.254021,0.479460,0.254617
4,7.0000,70,1.631337,2.396218,-3.228559,0.500000,0.054321
4,7.1000,71,1.581515,2.400426,-3.223127,0.499500,0.405423
4,7.2000,72,1.531662,2.403483,-3.182584,0.500000,0.215945
4,7.3000,73,1.481686,2.404993,-3.160990,0.495639,0.014783
4,7.4000,74,1.432130,2.405918,-3.159512,0.500000,0.164753
4,7.5000,75,1.382133,2.406402,-3.143036,0.498812,0.016179
4,7.6000,76,1.332252,2.406433,-3.141419,0.464906,0.074583
4,7.7000,77,1.285762,2.406252,-3.133960,0.486108,0.024801
4,7.8000,78,1.237153,2.405821,-3.131480,0.500000,0.109633
4,7.9000,79,1.187159,2.405041,-3.120517,0.500000,0.218688
4,8.0000,80,1.137186,2.403441,-3.098648,0.500000,-0.150630
4,8.1000,81,1.087218,2.401670,-3.113711,0.483515,0.178340
4,8.2000,82,1.038900,2.399892,-3.095877,0.486202,-0.119685
4,8.3000,83,0.990318,2.397960,-3.107846,0.500000,0.068743
4,8.4000,84,0.940353,2.396102,-3.100971,0.498159,-0.112595
4,8.5000,85,0.890568,2.394359,-3.112231,0.466679,-0.215233
4,8.6000,86,0.843909,2.393491,-3.133754,0.492453,-0.078353
4,8.7000,87,0.794664,2.393298,-3.141589,0.493390,-0.044590
4,8.8000,88,0.745325,2.393408,-3.146048,0.500000,-0.001175
4,8.9000,89,0.695326,2.393633,-3.146166,0.500000,-0.274537
4,9.0000,90,0.645335,2.394548,-3.173619,0.484677,-0.422886
4,9.1000,91,0.596940,2.397124,-3.215908,0.456323,-0.787868
4,9.2000,92,0.551614,2.402300,-3.294695,0.447593,-0.868881
4,9.3000,93,0.507730,2.411038,-3.381583,0.469414,-0.820850
4,9.4000,94,0.462643,2.424054,-3.463668,0.489905,-0.861621
4,9.5000,95,0.416897,2.441543,-3.549830,0.474318,-1.058629
4,9.6000,96,0.374440,2.462640,-3.655693,0.427053,-1.389559
4,9.7000,97,0.338831,2.486152,-3.794649,0.377395,-1.437117
4,9.8000,98,0.310605,2.511154,-3.938361,0.423482,-1.569261
4,9.9000,99,0.283496,2.543631,-4.095287,0.435069,-1.102099
4,10.0000,100,0.260323,2.580428,-4.205497,0.423470,-1.018236
4,10.1000,101,0.241684,2.618432,-4.307320,0.465276,-1.082178
4,10.2000,102,0.225696,2.662102,-4.415538,0.463502,-0.839442
4,10.3000,103,0.214013,2.706942,-4.499482,0.445704,-0.600462
4,10.4000,104,0.205909,2.750762,-4.559528,0.459460,-0.858677
4,10.5000,105,0.200870,2.796417,-4.645396,0.500000,-0.525811
4,10.6000,106,0.198835,2.846370,-4.697977,0.500000,-0.383794
4,10.7000,107,0.199074,2.896366,-4.736357,0.500000,-0.513325
4,10.8000,108,0.201555,2.946299,-4.787689,0.488451,-0.208966
4,10.9000,109,0.205738,2.994964,-4.808586,0.498986,-0.334733
4,11.0000,110,0.211361,3.044542,-4.842059,0.500000,0.187197
4,11.1000,111,0.217362,3.094180,-4.823339,0.500000,-0.070716
4,11.2000,112,0.223073,3.143853,-4.830411,0.500000,-0.102710
4,11.3000,113,0.229216,3.193474,-4.840682,0.500000,0.007288
4,11.4000,114,0.235595,3.243065,-4.839953,0.500000,0.383823
4,11.5000,115,0.241002,3.292769,-4.801571,0.500000,0.264523
4,11.6000,116,0.244796,3.342623,-4.775119,0.469781,0.196460
4,11.7000,117,0.247281,3.389535,-4.755473,0.493248,0.223033
4,11.8000,118,0.248855,3.438833,-4.733169,0.500000,0.216856
4,11.9000,119,0.249352,3.488830,-4.711484,0.500000,0.172483
4,12.0000,120,0.248876,3.538827,-4.694235,0.492061,0.226708
4,12.1000,121,0.247425,3.588011,-4.671565,0.493709,0.025829
4,12.2000,122,0.245346,3.637338,-4.668982,0.500000,-0.253555
4,12.3000,123,0.243810,3.687313,-4.694337,0.500000,0.058190
4,12.4000,124,0.242762,3.737302,-4.688518,0.495802,-0.004594
4,12.5000,125,0.241590,3.786868,-4.688978,0.474311,0.012440
4,12.6000,126,0.240450,3.834285,-4.687734,0.500000,-0.023282
4,12.7000,127,0.239276,3.884272,-4.690062,0.489556,-0.066871
4,12.8000,128,0.238347,3.933218,-4.696749,0.500000,-0.129089
4,12.9000,129,0.237887,3.983216,-4.709658,0.500000,0.050398
4,13.0000,130,0.237625,4.033215,-4.704618,0.500000,0.160238
4,13.1000,131,0.236836,4.083208,-4.688594,0.498226,-0.167735
4,13.2000,132,0.236068,4.133025,-4.705368,0.500000,0.171683
4,13.3000,133,0.235288,4.183018,-4.688199,0.477887,0.054918
4,13.4000,134,0.234001,4.230789,-4.682708,0.483917,-0.118726
4,13.5000,135,0.232852,4.279167,-4.694580,0.467801,0.075590
4,13.6000,136,0.231842,4.325936,-4.687021,0.500000,0.007832
4,13.7000,137,0.230554,4.375919,-4.686238,0.500000,0.015950
4,13.8000,138,0.229207,4.425901,-4.684643,0.500000,0.012113
4,13.9000,139,0.227790,4.475881,-4.683432,0.478447,-0.084345
4,14.0000,140,0.226606,4.523711,-4.691866,0.475618,-0.170106
5,0.0000,0,1.268885,5.689322,-0.978866,0.447170,-1.463843
5,0.1000,1,1.291035,5.650523,-1.125251,0.415406,-1.270225
5,0.2000,2,1.306511,5.612003,-1.252273,0.440414,-1.172220
5,0.3000,3,1.317823,5.569465,-1.369495,0.481117,-0.755227
5,0.4000,4,1.325655,5.522006,-1.445018,0.469537,-0.646846
5,0.5000,5,1.330035,5.475266,-1.509702,0.479833,-0.568511
5,0.6000,6,1.331602,5.427314,-1.566553,0.495605,-0.265364
5,0.7000,7,1.331154,5.377757,-1.593090,0.500000,-0.431532
5,0.8000,8,1.328962,5.327809,-1.636243,0.500000,-0.214572
5,0.9000,9,1.325157,5.277955,-1.657700,0.490325,-0.177254
5,1.0000,10,1.320468,5.229148,-1.675426,0.499474,-0.000540
5,1.1000,11,1.315251,5.179474,-1.675480,0.491793,-0.075149
5,1.2000,12,1.309928,5.130584,-1.682994,0.465043,0.155425
5,1.3000,13,1.305081,5.084333,-1.667452,0.500000,0.378397
5,1.4000,14,1.301198,5.034487,-1.629612,0.495926,0.214027
5,1.5000,15,1.298813,4.984953,-1.608209,0.500000,0.085785
5,1.6000,16,1.297157,4.934981,-1.599631,0.500000,0.053725
5,1.7000,17,1.295850,4.884998,-1.594258,0.500000,-0.050478
5,1.8000,18,1.294550,4.835015,-1.599306,0.497457,0.347632
5,1.9000,19,1.293997,4.785274,-1.564543,0.496044,0.155228
5,2.0000,20,1.294692,4.735675,-1.549020,0.500000,0.305337
5,2.1000,21,1.296544,4.685712,-1.518487,0.500000,0.273999
5,2.2000,22,1.299842,4.635822,-1.491087,0.500000,0.328945
5,2.3000,23,1.304642,4.586055,-1.458192,0.476324,0.158257
5,2.4000,24,1.310369,4.538769,-1.442366,0.500000,0.237197
5,2.5000,25,1.317360,4.489261,-1.418647,0.500000,0.220989
5,2.6000,26,1.325483,4.439927,-1.396548,0.500000,0.027531
5,2.7000,27,1.334220,4.390696,-1.393795,0.474923,0.000575
5,2.8000,28,1.342583,4.343946,-1.393737,0.500000,0.018180
5,2.9000,29,1.351435,4.294735,-1.391919,0.494658,0.108965
5,3.0000,30,1.360501,4.246108,-1.381023,0.500000,-0.068065
5,3.1000,31,1.369766,4.196974,-1.387829,0.498563,0.249058
5,3.2000,32,1.379447,4.148068,-1.362923,0.500000,0.107186
5,3.3000,33,1.390028,4.099200,-1.352205,0.494738,0.208499
5,3.4000,34,1.401259,4.051019,-1.331355,0.466518,0.065158
5,3.5000,35,1.412470,4.005735,-1.324839,0.500000,-0.008903
5,3.6000,36,1.424623,3.957234,-1.325729,0.500000,-0.065749
5,3.7000,37,1.436595,3.908688,-1.332304,0.500000,-0.204067
5,3.8000,38,1.447910,3.859986,-1.352711,0.474698,-0.080126
5,3.9000,39,1.457995,3.813600,-1.360724,0.499942,-0.149587
5,4.0000,40,1.468054,3.764629,-1.375682,0.500000,-0.272390
5,4.1000,41,1.477079,3.715452,-1.402921,0.500000,-0.019481
5,4.2000,42,1.485385,3.666147,-1.404869,0.500000,0.064098
5,4.3000,43,1.493801,3.616860,-1.398460,0.480707,0.412475
5,4.4000,44,1.503019,3.569685,-1.357212,0.500000,0.535487
5,4.5000,45,1.514920,3.521128,-1.303663,0.500000,0.964927
5,4.6000,46,1.530423,3.473613,-1.207171,0.468553,1.156990
5,4.7000,47,1.549581,3.430882,-1.091472,0.373334,1.589441
5,4.8000,48,1.569353,3.399260,-0.932528,0.399233,1.323508
5,4.9000,49,1.595189,3.368862,-0.800177,0.431077,1.336899
5,5.0000,50,1.627192,3.340029,-0.666487,0.451316,1.303193
5,5.1000,51,1.664380,3.314515,-0.536168,0.410841,1.112112
5,5.2000,52,1.700792,3.295532,-0.424956,0.426442,1.073692
5,5.3000,53,1.740512,3.280069,-0.317587,0.487165,1.028743
5,5.4000,54,1.787493,3.267261,-0.214713,0.479130,0.706918
5,5.5000,55,1.834627,3.258715,-0.144021,0.500000,0.729383
5,5.6000,56,1.884327,3.253349,-0.071083,0.500000,0.510657
5,5.7000,57,1.934270,3.251072,-0.020017,0.479062,0.750168
5,5.8000,58,1.982157,3.251910,0.055000,0.475081,0.334385
5,5.9000,59,2.029541,3.255314,0.088438,0.491560,0.123417
5,6.0000,60,2.078477,3.259958,0.100780,0.500000,0.198178
5,6.1000,61,2.128170,3.265481,0.120598,0.500000,0.478196
5,6.2000,62,2.177644,3.272680,0.168417,0.474810,0.162499
5,6.3000,63,2.224387,3.281019,0.184667,0.458071,0.317835
5,6.4000,64,2.269274,3.290144,0.216451,0.498363,0.424150
5,6.5000,65,2.317706,3.301876,0.258866,0.487222,0.464457
5,6.6000,66,2.364498,3.315437,0.305311,0.500000,0.649169
5,6.7000,67,2.411665,3.332004,0.370228,0.493114,0.541024
5,6.8000,68,2.457130,3.351080,0.424331,0.499615,0.651008
5,6.9000,69,2.501959,3.373117,0.489431,0.470197,0.553047
5,7.0000,70,2.542827,3.396358,0.544736,0.500000,0.764932
5,7.1000,71,2.584558,3.423877,0.621229,0.480425,0.266742
5,7.2000,72,2.623246,3.452357,0.647903,0.500000,0.377829
5,7.3000,73,2.662534,3.483279,0.685686,0.500000,0.322855
5,7.4000,74,2.700716,3.515558,0.717972,0.500000,0.019427
5,7.5000,75,2.738341,3.548488,0.719915,0.500000,-0.423193
5,7.6000,76,2.776620,3.580649,0.677595,0.433184,-0.498008
5,7.7000,77,2.811031,3.606955,0.627794,0.487186,-0.601829
5,7.8000,78,2.851297,3.634367,0.567612,0.463786,-0.925293
5,7.9000,79,2.891500,3.657457,0.475082,0.443028,-0.737985
5,8.0000,80,2.931608,3.676250,0.401284,0.489487,-0.876963
5,8.1000,81,2.977448,3.693371,0.313587,0.468563,-0.797787
5,8.2000,82,3.022549,3.706032,0.233809,0.445935,-0.617436
5,8.3000,83,3.066220,3.715019,0.172065,0.500000,-0.581207
5,8.4000,84,3.115703,3.722143,0.113944,0.462579,-0.494133
5,8.5000,85,3.161772,3.726265,0.064531,0.500000,-0.170129
5,8.6000,86,3.211693,3.729065,0.047518,0.500000,-0.443171
5,8.7000,87,3.261673,3.730333,0.003201,0.457495,-0.418963
5,8.8000,88,3.307412,3.729521,-0.038695,0.496651,-0.175681
5,8.9000,89,3.357020,3.727164,-0.056263,0.500000,-0.157187
5,9.0000,90,3.406917,3.723960,-0.071982,0.468992,-0.217618
5,9.1000,91,3.453654,3.720078,-0.093744,0.500000,-0.046991
5,9.2000,92,3.503424,3.715281,-0.098443,0.500000,-0.088733
5,9.3000,93,3.553159,3.710146,-0.107316,0.500000,-0.551081
5,9.4000,94,3.602699,3.703424,-0.162424,0.488786,-0.605381
5,9.5000,95,3.650665,3.694065,-0.222962,0.471751,-0.934882
5,9.6000,96,3.696118,3.681500,-0.316451,0.458727,-0.741681
5,9.7000,97,3.739144,3.665622,-0.390619,0.426044,-1.292588
5,9.8000,98,3.777383,3.646902,-0.519877,0.445785,-1.166937
5,9.9000,99,3.814693,3.622552,-0.636571,0.424590,-1.197690
5,10.0000,100,3.847245,3.595331,-0.756340,0.452197,-1.024617
5,10.1000,101,3.878490,3.562669,-0.858802,0.467691,-0.877948
5,10.2000,102,3.907454,3.525967,-0.946596,0.475248,-0.872075
5,10.3000,103,3.933514,3.486242,-1.033804,0.500000,-0.715243
5,10.4000,104,3.957534,3.442402,-1.105328,0.419245,-0.789129
5,10.5000,105,3.974854,3.404235,-1.184241,0.453776,-0.676491
5,10.6000,106,3.990528,3.361659,-1.251890,0.500000,-0.488292
5,10.7000,107,4.005039,3.313816,-1.300719,0.486281,-0.227484
5,10.8000,108,4.017479,3.266807,-1.323468,0.466368,-0.307730
5,10.9000,109,4.028199,3.221421,-1.354241,0.500000,-0.202150
5,11.0000,110,4.038448,3.172484,-1.374456,0.476068,-0.131397
5,11.1000,111,4.047428,3.125732,-1.387595,0.500000,-0.027696
5,11.2000,112,4.056469,3.076556,-1.390365,0.500000,0.009744
5,11.3000,113,4.065465,3.027372,-1.389391,0.500000,-0.111552
5,11.4000,114,4.074212,2.978143,-1.400546,0.493570,0.121872
5,11.5000,115,4.082870,2.929552,-1.388359,0.437412,0.162020
5,11.6000,116,4.091154,2.886603,-1.372157,0.500000,-0.032618
5,11.7000,117,4.100941,2.837570,-1.375418,0.484565,0.092300
5,11.8000,118,4.110567,2.790080,-1.366189,0.500000,0.079057
5,11.9000,119,4.120920,2.741163,-1.358283,0.500000,0.161821
5,12.0000,120,4.131861,2.692376,-1.342101,0.483878,0.051708
5,12.1000,121,4.142953,2.645276,-1.336930,0.500000,0.172456
5,12.2000,122,4.154958,2.596740,-1.319684,0.500000,0.056276
5,12.3000,123,4.167519,2.548343,-1.314057,0.500000,0.061399
5,12.4000,124,4.180363,2.500021,-1.307917,0.500000,-0.035795
6,0.0000,0,1.518471,0.852615,-0.571677,0.492044,0.465553
6,0.1000,1,1.560457,0.826966,-0.525122,0.500000,0.620288
6,0.2000,2,1.604469,0.803258,-0.463093,0.479418,0.436905
6,0.3000,3,1.647816,0.782785,-0.419402,0.499350,0.335781
6,0.4000,4,1.693756,0.763220,-0.385824,0.495593,0.115901
6,0.5000,5,1.739779,0.744837,-0.374234,0.500000,0.115582
6,0.6000,6,1.786423,0.726828,-0.362676,0.481078,0.259934
6,0.7000,7,1.831618,0.710347,-0.336682,0.500000,0.044082
6,0.8000,8,1.878847,0.693933,-0.332274,0.486436,0.085765
6,0.9000,9,1.924897,0.678263,-0.323698,0.491104,0.130659
6,1.0000,10,1.971558,0.662947,-0.310632,0.476707,0.051164
6,1.1000,11,2.016984,0.648492,-0.305516,0.500000,-0.000015
6,1.2000,12,2.064669,0.633453,-0.305517,0.482159,-0.115773
6,1.3000,13,2.110567,0.618684,-0.317094,0.500000,-0.097662
6,1.4000,14,2.157997,0.602862,-0.326861,0.500000,-0.211387
6,1.5000,15,2.205177,0.586309,-0.347999,0.500000,-0.073567
6,1.6000,16,2.252117,0.569086,-0.355356,0.495736,0.185297
6,1.7000,17,2.298750,0.552270,-0.336826,0.500000,0.315012
6,1.8000,18,2.346193,0.536491,-0.305325,0.469275,0.415584
6,1.9000,19,2.391230,0.523318,-0.263767,0.483297,0.267674
6,2.0000,20,2.438052,0.511344,-0.236999,0.499255,0.257428
6,2.1000,21,2.486727,0.500248,-0.211257,0.500000,0.493045
6,2.2000,22,2.535854,0.490973,-0.161952,0.500000,0.420915
6,2.3000,23,2.585355,0.483951,-0.119860,0.476589,0.500134
6,2.4000,24,2.632795,0.479438,-0.069847,0.477718,0.360913
6,2.5000,25,2.680500,0.476964,-0.033756,0.477555,0.584229
6,2.6000,26,2.728248,0.476747,0.024667,0.470722,0.993830
6,2.7000,27,2.775171,0.480243,0.124050,0.490501,0.852132
6,2.8000,28,2.823527,0.488377,0.209263,0.468111,0.817602
6,2.9000,29,2.868868,0.499962,0.291023,0.463033,0.816755
6,3.0000,30,2.912633,0.515043,0.372699,0.475409,0.696477
6,3.1000,31,2.956272,0.533882,0.442347,0.486809,0.482049
6,3.2000,32,2.999748,0.555772,0.490551,0.500000,0.724136
6,3.3000,33,3.042960,0.580903,0.562965,0.459953,0.564257
6,3.4000,34,3.081145,0.606535,0.619391,0.466956,0.458387
6,3.5000,35,3.118531,0.634505,0.665229,0.471336,0.628819
7,0.0000,0,3.923325,0.767159,2.456804,0.175265,-2.000000
7,0.1000,1,3.910945,0.779524,2.256804,0.225987,-2.000000
7,0.2000,2,3.898468,0.798321,2.056804,0.294698,-2.000000
7,0.3000,3,3.887391,0.825577,1.856804,0.293867,-2.000000
7,0.4000,4,3.881965,0.854409,1.656804,0.426604,-1.776745
7,0.5000,5,3.882086,0.897013,1.479130,0.411454,-1.350306
7,0.6000,6,3.888603,0.937607,1.344099,0.479248,-1.183065
7,0.7000,7,3.902108,0.983561,1.225793,0.491840,-0.840464
7,0.8000,8,3.920667,1.029093,1.141746,0.470055,-0.890146
7,0.9000,9,3.942097,1.070912,1.052732,0.475252,-0.368466
7,1.0000,10,3.966387,1.111758,1.015885,0.500000,-0.276571
7,1.1000,11,3.993314,1.153886,0.988228,0.482717,-0.216759
7,1.2000,12,4.020307,1.193904,0.966552,0.465902,0.098652
7,1.3000,13,4.046587,1.232375,0.976417,0.466892,0.199389
7,1.4000,14,4.072345,1.271315,0.996356,0.481392,0.214833
7,1.5000,15,4.098066,1.312005,1.017839,0.500000,0.305796
7,1.6000,16,4.123672,1.354949,1.048419,0.489249,0.294295
7,1.7000,17,4.147455,1.397702,1.077849,0.466686,0.444000
7,1.8000,18,4.168620,1.439291,1.122248,0.500000,0.198322
7,1.9000,19,4.189855,1.484557,1.142081,0.500000,0.175781
7,2.0000,20,4.210239,1.530212,1.159659,0.500000,0.097237
7,2.1000,21,4.229999,1.576142,1.169382,0.500000,0.383724
7,2.2000,22,4.248647,1.622531,1.207755,0.500000,0.094046
7,2.3000,23,4.266183,1.669355,1.217159,0.500000,0.329012
7,2.4000,24,4.282724,1.716537,1.250061,0.500000,0.056052
7,2.5000,25,4.298354,1.764031,1.255666,0.483943,0.061520
7,2.6000,26,4.313212,1.810088,1.261818,0.500000,-0.216244
7,2.7000,27,4.328930,1.857553,1.240193,0.500000,0.040728
7,2.8000,28,4.345064,1.904878,1.244266,0.500000,-0.006558
7,2.9000,29,4.361118,1.952231,1.243610,0.456725,0.196644
7,3.0000,30,4.375370,1.995622,1.263275,0.476639,0.014168
7,3.1000,31,4.389765,2.041060,1.264692,0.497137,-0.092185
7,3.2000,32,4.404965,2.088393,1.255473,0.500000,-0.137361
7,3.3000,33,4.420797,2.135820,1.241737,0.500000,-0.202488
7,3.4000,34,4.437432,2.182970,1.221488,0.500000,-0.374225
7,3.5000,35,4.455420,2.229619,1.184066,0.496921,-0.354086
7,3.6000,36,4.474972,2.275300,1.148657,0.468767,-0.568553
7,3.7000,37,4.495383,2.317493,1.091802,0.489662,-0.604237
7,3.8000,38,4.519250,2.360240,1.031378,0.466499,-0.892590
7,3.9000,39,4.544964,2.399145,0.942119,0.454931,-0.859156
7,4.0000,40,4.573265,2.434746,0.856203,0.452354,-0.953750
7,4.1000,41,4.604491,2.467450,0.760828,0.459251,-0.987133
7,4.2000,42,4.639261,2.497425,0.662115,0.443045,-0.900586
7,4.3000,43,4.675382,2.523054,0.572057,0.474192,-0.945699
7,4.4000,44,4.716405,2.546803,0.477487,0.468533,-0.692529
7,4.5000,45,4.758730,2.566876,0.408234,0.456172,-0.698625
7,4.6000,46,4.801197,2.583509,0.338371,0.500000,-0.531782
7,4.7000,47,4.848780,2.598845,0.285193,0.479240,-0.440842
7,4.8000,48,4.895051,2.611310,0.241109,0.500000,-0.155522
7,4.9000,49,4.943695,2.622871,0.225557,0.500000,-0.271383
8,0.0000,0,3.120207,1.417895,-1.294194,0.500000,0.708026
8,0.1000,1,3.135552,1.370319,-1.223392,0.459413,0.681641
8,0.2000,2,3.152653,1.327688,-1.155227,0.466082,0.747567
8,0.3000,3,3.173044,1.285790,-1.080471,0.451814,0.963927
8,0.4000,4,3.196208,1.247018,-0.984078,0.451313,1.002788
8,0.5000,5,3.223035,1.210749,-0.883799,0.464766,1.094409
8,0.6000,6,3.254417,1.176498,-0.774358,0.439397,1.422600
8,0.7000,7,3.287904,1.148107,-0.632098,0.455110,1.192145
8,0.8000,8,3.326136,1.123467,-0.512884,0.444111,0.985650
8,0.9000,9,3.365843,1.103616,-0.414319,0.495455,0.984652
8,1.0000,10,3.412104,1.085934,-0.315854,0.500000,0.855929
8,1.1000,11,3.460237,1.072454,-0.230261,0.497337,0.816475
8,1.2000,12,3.509068,1.063092,-0.148613,0.477744,1.000718
8,1.3000,13,3.556590,1.058392,-0.048541,0.467155,1.108215
8,1.4000,14,3.603281,1.058712,0.062280,0.421357,1.051108
8,1.5000,15,3.645120,1.063538,0.167391,0.492846,1.082045
8,1.6000,16,3.693177,1.074360,0.275595,0.455459,1.121698
8,1.7000,17,3.736218,1.089184,0.387765,0.415411,1.210398
8,1.8000,18,3.773631,1.107177,0.508805,0.390533,1.662046
8,1.9000,19,3.806004,1.128942,0.675010,0.418775,1.311619
8,2.0000,20,3.836890,1.157177,0.806171,0.416010,1.385518
8,2.1000,21,3.863520,1.189094,0.944723,0.421811,1.166836
8,2.2000,22,3.886189,1.224638,1.061407,0.425508,1.026177
8,2.3000,23,3.904998,1.262785,1.164025,0.488776,1.045065
8,2.4000,24,3.921958,1.308602,1.268531,0.456054,0.914464
8,2.5000,25,3.933525,1.352700,1.359977,0.485437,0.858985
8,2.6000,26,3.941634,1.400547,1.445876,0.485671,0.726303
8,2.7000,27,3.945930,1.448913,1.518506,0.482136,0.470464
8,2.8000,28,3.947317,1.497102,1.565553,0.463196,-0.278696
8,2.9000,29,3.948205,1.543411,1.537683,0.500000,-0.580712
8,3.0000,30,3.951310,1.593308,1.479612,0.485546,-0.570828
8,3.1000,31,3.957109,1.641508,1.422529,0.500000,-0.464428
8,3.2000,32,3.965641,1.690771,1.376086,0.462556,-0.950884
8,3.3000,33,3.976733,1.735659,1.280998,0.493976,-0.807521
8,3.4000,34,3.992744,1.782375,1.200246,0.500000,-0.725667
8,3.5000,35,4.012524,1.828284,1.127679,0.463997,-0.774639
8,3.6000,36,4.034022,1.869391,1.050215,0.491288,-0.607049
8,3.7000,37,4.059736,1.911244,0.989510,0.464024,-0.770192
8,3.8000,38,4.086683,1.949006,0.912491,0.460750,-0.362298
8,3.9000,39,4.115524,1.984934,0.876261,0.490470,-0.585955
8,4.0000,40,4.148002,2.021678,0.817666,0.486357,-0.450040
8,4.1000,41,4.182052,2.056400,0.772662,0.493976,-0.224445
8,4.2000,42,4.217807,2.090482,0.750217,0.488645,-0.078324
8,4.3000,43,4.253684,2.123657,0.742385,0.500000,-0.025048
8,4.4000,44,4.290569,2.157414,0.739880,0.500000,0.236971
8,4.5000,45,4.327094,2.191558,0.763577,0.500000,-0.064892
8,4.6000,46,4.363324,2.226016,0.757088,0.500000,-0.090188
8,4.7000,47,4.399820,2.260192,0.748069,0.483465,-0.065960
8,4.8000,48,4.435367,2.292961,0.741473,0.500000,0.181132
8,4.9000,49,4.471933,2.327062,0.759586,0.500000,0.161453
8,5.0000,50,4.507909,2.361784,0.775731,0.500000,-0.071507
8,5.1000,51,4.543729,2.396668,0.768581,0.500000,0.076019
8,5.2000,52,4.579542,2.431560,0.776183,0.497552,0.195324
8,5.3000,53,4.614704,2.466762,0.795715,0.483537,-0.111472
8,5.4000,54,4.648733,2.501114,0.784568,0.500000,0.186336
8,5.5000,55,4.683786,2.536768,0.803201,0.463576,-0.149683
8,5.6000,56,4.716226,2.569884,0.788233,0.500000,-0.099883
8,5.7000,57,4.751657,2.605163,0.778245,0.500000,-0.088146
8,5.8000,58,4.787419,2.640107,0.769430,0.500000,-0.004958
8,5.9000,59,4.823343,2.674884,0.768934,0.500000,-0.118929
8,6.0000,60,4.859481,2.709438,0.757042,0.467875,0.074465
8,6.1000,61,4.893370,2.741697,0.764488,0.489357,-0.129657
8,6.2000,62,4.928907,2.775339,0.751522,0.477878,-0.124668
8,6.3000,63,4.964026,2.807747,0.739055,0.500000,-0.089996
8,6.4000,64,5.001132,2.841260,0.730056,0.489133,0.217721
8,6.5000,65,5.037221,2.874275,0.751828,0.491289,-0.040629
8,6.6000,66,5.073175,2.907756,0.747765,0.500000,-0.070247
8,6.7000,67,5.109955,2.941627,0.740740,0.486198,0.096539
8,6.8000,68,5.145676,2.974610,0.750394,0.500000,-0.127057
8,6.9000,69,5.182462,3.008473,0.737689,0.472228,-0.156255
8,7.0000,70,5.217655,3.039960,0.722063,0.478298,-0.389659
8,7.1000,71,5.254155,3.070865,0.683097,0.500000,-0.384235
8,7.2000,72,5.293533,3.101672,0.644674,0.495718,-0.756110
8,7.3000,73,5.334244,3.129936,0.569063,0.479632,-0.541314
8,7.4000,74,5.375328,3.154675,0.514931,0.500000,-0.129087
8,7.5000,75,5.419002,3.179017,0.502023,0.475041,0.148137
8,7.6000,76,5.460473,3.202184,0.516836,0.500000,0.198878
8,7.7000,77,5.503694,3.227321,0.536724,0.500000,0.676738
8,7.8000,78,5.545766,3.254321,0.604398,0.500000,0.843283
8,7.9000,79,5.585662,3.284434,0.688726,0.450535,0.998500
8,8.0000,80,5.618960,3.314756,0.788576,0.464351,1.096628
8,8.1000,81,5.649820,3.349422,0.898239,0.424224,1.266256
8,8.2000,82,5.674080,3.384188,1.024865,0.460002,1.196467
8,8.3000,83,5.695558,3.424835,1.144511,0.441408,1.057186
8,8.4000,84,5.711653,3.465915,1.250230,0.481521,0.916962
8,8.5000,85,5.724711,3.512245,1.341926,0.445902,1.083171
8,8.6000,86,5.732458,3.556135,1.450243,0.490115,1.100298
8,8.7000,87,5.735667,3.605017,1.560273,0.427164,0.929000
8,8.8000,88,5.734133,3.647690,1.653173,0.464286,1.091437
8,8.9000,89,5.727798,3.693661,1.762317,0.466074,1.090246
8,9.0000,90,5.716452,3.738843,1.871341,0.483581,0.800062
8,9.1000,91,5.700304,3.784412,1.951348,0.457232,0.921676
8,9.2000,92,5.681390,3.826022,2.043515,0.482087,0.659756
8,9.3000,93,5.658041,3.868188,2.109491,0.472570,0.593002
8,9.4000,94,5.632609,3.908010,2.168791,0.489375,0.607706
8,9.5000,95,5.603846,3.947594,2.229562,0.485472,0.460243
8,9.6000,96,5.573256,3.985285,2.275586,0.453234,0.243535
8,9.7000,97,5.543474,4.019449,2.299939,0.500000,0.086104
8,9.8000,98,5.510003,4.056593,2.308550,0.500000,0.172731
8,9.9000,99,5.476054,4.093300,2.325823,0.460167,0.265067
8,10.0000,100,5.444078,4.126389,2.352330,0.500000,-0.048846
8,10.1000,101,5.408946,4.161967,2.347445,0.500000,-0.077583
8,10.2000,102,5.374040,4.197766,2.339687,0.500000,-0.058751
8,10.3000,103,5.339379,4.233802,2.333812,0.494893,-0.057833
8,10.4000,104,5.305280,4.269669,2.328028,0.500000,-0.172729
8,10.5000,105,5.271250,4.306301,2.310755,0.500000,-0.160780
9,0.0000,0,3.632078,5.403625,0.265225,0.480928,-0.432548
9,0.1000,1,3.678747,5.415224,0.221971,0.500000,-0.327849
9,0.2000,2,3.727692,5.425430,0.189186,0.485232,-0.070336
9,0.3000,3,3.775381,5.434388,0.182152,0.500000,-0.239352
9,0.4000,4,3.824658,5.442856,0.158217,0.473343,-0.121779
9,0.5000,5,3.871445,5.450029,0.146039,0.467651,-0.199988
9,0.6000,6,3.917778,5.456371,0.126040,0.492173,-0.058021
9,0.7000,7,3.966622,5.462417,0.120238,0.488886,-0.030007
9,0.8000,8,4.015166,5.468208,0.117238,0.500000,0.069057
9,0.9000,9,4.064803,5.474228,0.124143,0.500000,0.092044
9,1.0000,10,4.114389,5.480647,0.133348,0.500000,-0.132494
9,1.1000,11,4.163987,5.486966,0.120098,0.473236,0.030442
9,1.2000,12,4.210961,5.492708,0.123143,0.491772,-0.055966
9,1.3000,13,4.259783,5.498612,0.117546,0.500000,0.187265
9,1.4000,14,4.309380,5.504940,0.136272,0.498606,0.036993
9,1.5000,15,4.358766,5.511805,0.139972,0.489038,-0.044711
9,1.6000,16,4.407206,5.518519,0.135501,0.500000,-0.085388
9,1.7000,17,4.456776,5.525062,0.126962,0.496580,0.025188
9,1.8000,18,4.506027,5.531412,0.129481,0.497587,0.177934
9,1.9000,19,4.555309,5.538275,0.147274,0.500000,0.019616
9,2.0000,20,4.604760,5.545661,0.149236,0.500000,-0.047878
9,2.1000,21,4.654222,5.552977,0.144448,0.500000,0.219441
9,2.2000,22,4.703619,5.560716,0.166392,0.488437,0.003686
9,2.3000,23,4.751786,5.568815,0.166760,0.500000,-0.110820
9,2.4000,24,4.801138,5.576841,0.155678,0.500000,-0.036660
9,2.5000,25,4.850547,5.584503,0.152012,0.477661,0.041693
9,2.6000,26,4.897747,5.591834,0.156182,0.483112,0.153626
9,2.7000,27,4.945411,5.599715,0.171544,0.500000,-0.078716
9,2.8000,28,4.994710,5.608057,0.163673,0.500000,-0.037135
9,2.9000,29,5.044057,5.616112,0.159959,0.495935,-0.039015
9,3.0000,30,5.093032,5.623916,0.156058,0.488441,-0.089634
9,3.1000,31,5.141316,5.631291,0.147094,0.500000,-0.232434
9,3.2000,32,5.190857,5.638044,0.123851,0.483928,0.046335
9,3.3000,33,5.238865,5.644133,0.128484,0.500000,0.005245
9,3.4000,34,5.288451,5.650553,0.129009,0.500000,0.017479
9,3.5000,35,5.338030,5.657029,0.130757,0.462656,0.151020
9,3.6000,36,5.383853,5.663407,0.145859,0.500000,-0.072277
9,3.7000,37,5.433348,5.670495,0.138631,0.500000,0.116977
9,3.8000,38,5.482827,5.677694,0.150329,0.487452,0.141386
10,0.0000,0,0.550272,0.440117,-0.666849,0.379888,1.605178
10,0.1000,1,0.581877,0.419112,-0.506331,0.428302,1.437619
10,0.2000,2,0.620695,0.401100,-0.362569,0.430160,1.461388
10,0.3000,3,0.661884,0.388831,-0.216430,0.440888,0.971920
10,0.4000,4,0.705336,0.381469,-0.119238,0.468983,0.745000
10,0.5000,5,0.752066,0.377629,-0.044738,0.449152,0.882044
10,0.6000,6,0.796967,0.377600,0.043466,0.460770,0.434145
10,0.7000,7,0.842942,0.380601,0.086881,0.499308,0.257361
10,0.8000,8,0.892624,0.385573,0.112617,0.493905,0.247366
10,0.9000,9,0.941628,0.391730,0.137353,0.494317,0.139926
10,1.0000,10,0.990545,0.398841,0.151346,0.471722,-0.002712
10,1.1000,11,1.037179,0.405946,0.151075,0.500000,0.099230
10,1.2000,12,1.086571,0.413717,0.160998,0.487862,-0.005760
10,1.3000,13,1.134729,0.421523,0.160422,0.479808,-0.323196
10,1.4000,14,1.182209,0.428421,0.128102,0.458482,-0.282526
10,1.5000,15,1.227758,0.433635,0.099850,0.500000,-0.182307
10,1.6000,16,1.277552,0.438165,0.081619,0.500000,-0.060709
10,1.7000,17,1.327398,0.442090,0.075548,0.491836,-0.186653
10,1.8000,18,1.376473,0.445345,0.056883,0.494827,-0.046329
10,1.9000,19,1.425882,0.448043,0.052250,0.491319,-0.159388
10,2.0000,20,1.474965,0.450218,0.036311,0.484548,-0.006482
10,2.1000,21,1.523388,0.451962,0.035663,0.492133,-0.213424
10,2.2000,22,1.572585,0.453191,0.014320,0.469159,-0.008074
10,2.3000,23,1.619497,0.453844,0.013513,0.487717,-0.113027
10,2.4000,24,1.668266,0.454228,0.002210,0.491541,-0.097667
10,2.5000,25,1.717420,0.454096,-0.007556,0.460244,-0.129721
10,2.6000,26,1.763440,0.453450,-0.020529,0.478324,0.207743
10,2.7000,27,1.811269,0.452965,0.000246,0.500000,-0.011506
10,2.8000,28,1.861269,0.452949,-0.000905,0.500000,0.077336
10,2.9000,29,1.911268,0.453097,0.006829,0.472914,-0.197688
10,3.0000,30,1.958559,0.452952,-0.012940,0.500000,-0.023004
10,3.1000,31,2.008554,0.452248,-0.015240,0.500000,-0.084617
10,3.2000,32,2.058544,0.451274,-0.023702,0.500000,-0.005459
10,3.3000,33,2.108530,0.450076,-0.024248,0.500000,0.189624
10,3.4000,34,2.158524,0.449337,-0.005286,0.488294,0.062484
10,3.5000,35,2.207353,0.449232,0.000963,0.500000,0.137971
10,3.6000,36,2.257351,0.449625,0.014760,0.500000,0.000049
10,3.7000,37,2.307346,0.450363,0.014765,0.500000,0.078268
10,3.8000,38,2.357337,0.451297,0.022592,0.500000,-0.062192
10,3.9000,39,2.407327,0.452271,0.016372,0.490372,-0.201162
10,4.0000,40,2.456363,0.452580,-0.003744,0.496519,0.170074
10,4.1000,41,2.506013,0.452817,0.013264,0.490188,-0.123176
10,4.2000,42,2.555031,0.453165,0.000946,0.494028,0.148965
10,4.3000,43,2.604431,0.453580,0.015842,0.481179,0.501842
10,4.4000,44,2.652504,0.455549,0.066027,0.491681,0.728799
10,4.5000,45,2.701403,0.460577,0.138907,0.492314,0.723040
10,4.6000,46,2.749872,0.469149,0.211211,0.434631,0.786052
10,4.7000,47,2.791967,0.479921,0.289816,0.464158,0.865311
10,4.8000,48,2.835818,0.495092,0.376347,0.482218,0.619725
10,4.9000,49,2.880087,0.514193,0.438319,0.471521,0.545414
10,5.0000,50,2.922215,0.535359,0.492861,0.473537,0.655876
10,5.1000,51,2.963169,0.559116,0.558448,0.500000,0.581438
10,5.2000,52,3.004779,0.586827,0.616592,0.500000,0.520590
10,5.3000,53,3.044801,0.616788,0.668651,0.489308,0.470338
10,5.4000,54,3.082467,0.648014,0.715685,0.471224,0.221089
10,5.5000,55,3.117683,0.679323,0.737794,0.488711,-0.057409
10,5.6000,56,3.153940,0.712092,0.732053,0.500000,-0.062904
10,5.7000,57,3.191235,0.745395,0.725763,0.500000,0.318387
10,5.8000,58,3.228100,0.779170,0.757601,0.495872,0.028866
10,5.9000,59,3.264075,0.813297,0.760488,0.462023,-0.018439
10,6.0000,60,3.297578,0.845112,0.758644,0.500000,-0.067728
10,6.1000,61,3.333983,0.879386,0.751871,0.480490,-0.254951
10,6.2000,62,3.369493,0.911753,0.726376,0.500000,0.063643
10,6.3000,63,3.406766,0.945080,0.732740,0.493956,0.113801
10,6.4000,64,3.443295,0.978329,0.744120,0.489370,-0.053521
11,0.0000,0,2.114678,1.006690,-1.602144,0.433982,1.108629
11,0.1000,1,2.115722,0.963327,-1.491281,0.427723,1.087405
11,0.2000,2,2.121429,0.920958,-1.382540,0.448231,1.182012
11,0.3000,3,2.132397,0.877525,-1.264339,0.500000,0.894343
11,0.4000,4,2.149592,0.830592,-1.174905,0.456673,0.852705
11,0.5000,5,2.168976,0.789258,-1.089634,0.488454,0.648458
11,0.6000,6,2.192970,0.746722,-1.024789,0.500000,0.614591
11,0.7000,7,2.220230,0.704816,-0.963329,0.474052,0.606333
11,0.8000,8,2.248452,0.666736,-0.902696,0.495920,0.632038
11,0.9000,9,2.280383,0.628803,-0.839492,0.476299,0.699206
11,1.0000,10,2.313405,0.594492,-0.769572,0.462295,1.003324
11,1.1000,11,2.348165,0.564042,-0.669239,0.442000,0.846453
11,1.2000,12,2.383949,0.538120,-0.584594,0.420650,0.957202
11,1.3000,13,2.420085,0.516619,-0.488874,0.468078,0.964842
11,1.4000,14,2.462405,0.496663,-0.392390,0.464954,1.079192
11,1.5000,15,2.506242,0.481234,-0.284470,0.457790,0.786268
11,1.6000,16,2.550641,0.470126,-0.205844,0.499328,0.818210
11,1.7000,17,2.599882,0.461930,-0.124023,0.452535,0.806118
11,1.8000,18,2.644965,0.458147,-0.043411,0.458483,0.890741
11,1.9000,19,2.690798,0.458198,0.045663,0.486561,0.788168
11,2.0000,20,2.739266,0.462331,0.124480,0.478501,0.588586
11,2.1000,21,2.786543,0.469666,0.183339,0.477173,0.728066
11,2.2000,22,2.833103,0.480065,0.256145,0.500000,0.927495
11,2.3000,23,2.880815,0.494956,0.348895,0.463530,0.894301
11,2.4000,24,2.923610,0.512728,0.438325,0.468484,0.642627
11,2.5000,25,2.965361,0.533960,0.502588,0.483789,0.513677
11,2.6000,26,3.007140,0.558342,0.553955,0.479951,0.515093
11,2.7000,27,3.047290,0.584630,0.605465,0.480460,0.355876
11,2.8000,28,3.086300,0.612672,0.641052,0.500000,0.177836
11,2.9000,29,3.126106,0.642929,0.658836,0.500000,0.212219
11,3.0000,30,3.165313,0.673956,0.680058,0.493886,0.019931
11,3.1000,31,3.203684,0.705052,0.682051,0.499007,-0.024433
11,3.2000,32,3.242459,0.736461,0.679607,0.489610,-0.066545
11,3.3000,33,3.280644,0.767105,0.672953,0.495542,-0.062266
11,3.4000,34,3.319490,0.797872,0.666726,0.500000,-0.000028
11,3.5000,35,3.358783,0.828792,0.666724,0.500000,-0.072278
11,3.6000,36,3.398187,0.859571,0.659496,0.487169,-0.243473
11,3.7000,37,3.437048,0.888949,0.635148,0.495041,0.017682
11,3.8000,38,3.476872,0.918355,0.636917,0.500000,-0.271178
11,3.9000,39,3.517466,0.947542,0.609799,0.464442,0.124255
11,4.0000,40,3.555373,0.974377,0.622224,0.500000,-0.066884
11,4.1000,41,3.596100,1.003383,0.615536,0.498191,0.086358
11,4.2000,42,3.636651,1.032324,0.624172,0.500000,0.079940
11,4.3000,43,3.677106,1.061707,0.632166,0.500000,0.212733
11,4.4000,44,3.717126,1.091678,0.653439,0.498022,0.552941
11,4.5000,45,3.755812,1.123032,0.708733,0.487309,0.498485
11,4.6000,46,3.792002,1.155658,0.758582,0.492478,0.754282
11,4.7000,47,3.826436,1.190850,0.834010,0.486519,0.917712
11,4.8000,48,3.857427,1.228332,0.925781,0.448480,0.924203
11,4.9000,49,3.882697,1.265364,1.018201,0.458716,0.876426
11,5.0000,50,3.905034,1.305412,1.105844,0.468137,0.875081
11,5.1000,51,3.924168,1.348121,1.193352,0.468239,0.627125
11,5.2000,52,3.940049,1.392161,1.256065,0.472401,0.505069
11,5.3000,53,3.953533,1.437431,1.306572,0.482336,0.576386
11,5.4000,54,3.964781,1.484328,1.364210,0.500000,0.528606
11,5.5000,55,3.973739,1.533513,1.417071,0.479425,0.380683
12,0.0000,0,1.235475,3.280352,-1.271356,0.363871,1.692423
12,0.1000,1,1.249092,3.246656,-1.102113,0.398173,1.475980
12,0.2000,2,1.269630,3.212587,-0.954515,0.441301,1.366766
12,0.3000,3,1.297515,3.178427,-0.817839,0.420982,1.461153
12,0.4000,4,1.328440,3.149918,-0.671723,0.433790,1.233899
12,0.5000,5,1.363972,3.125082,-0.548333,0.432852,1.186886
12,0.6000,6,1.402162,3.104762,-0.429645,0.473199,1.028729
12,0.7000,7,1.446119,3.087296,-0.326772,0.422298,0.911692
12,0.8000,8,1.486676,3.075582,-0.235603,0.485846,0.768344
12,0.9000,9,1.534307,3.066066,-0.158768,0.478526,0.752467
12,1.0000,10,1.581798,3.060284,-0.083521,0.451049,0.641082
12,1.1000,11,1.626835,3.057964,-0.019413,0.455229,0.425267
12,1.2000,12,1.672355,3.058049,0.023113,0.500000,0.253326
12,1.3000,13,1.722321,3.059837,0.048446,0.500000,0.274774
12,1.4000,14,1.772223,3.062944,0.075923,0.488684,0.088055
12,1.5000,15,1.820934,3.066865,0.084729,0.500000,0.104643
12,1.6000,16,1.870731,3.071357,0.095193,0.500000,0.050587
12,1.7000,17,1.920493,3.076236,0.100252,0.488532,-0.150688
12,1.8000,18,1.969136,3.080759,0.085183,0.479484,-0.180489
12,1.9000,19,2.016945,3.084407,0.067134,0.459777,-0.093032
12,2.0000,20,2.062832,3.087278,0.057831,0.481715,-0.075562
12,2.1000,21,2.110933,3.089880,0.050275,0.489168,-0.358899
12,2.2000,22,2.159822,3.091461,0.014385,0.500000,-0.751839
12,2.3000,23,2.209797,3.090301,-0.060799,0.469321,-0.842702
12,2.4000,24,2.256467,3.085481,-0.145069,0.451075,-1.010782
12,2.5000,25,2.300695,3.076717,-0.246148,0.448974,-1.126400
12,2.6000,26,2.343532,3.063350,-0.358788,0.417052,-1.353426
12,2.7000,27,2.381473,3.046112,-0.494130,0.414249,-1.439569
12,2.8000,28,2.416405,3.023913,-0.638087,0.405266,-1.556393
12,2.9000,29,2.446951,2.997342,-0.793726,0.436256,-1.532749
12,3.0000,30,2.475043,2.964020,-0.947001,0.441482,-1.217160
12,3.1000,31,2.498589,2.926707,-1.068717,0.457604,-1.158873
12,3.2000,32,2.518240,2.885410,-1.184605,0.462292,-1.158182
12,3.3000,33,2.533137,2.841674,-1.300423,0.482702,-1.017918
12,3.4000,34,2.543642,2.794582,-1.402215,0.466151,-0.822235
12,3.5000,35,2.549566,2.748358,-1.484438,0.494494,-0.480089
12,3.6000,36,2.552647,2.699009,-1.532447,0.500000,-0.188066
12,3.7000,37,2.554094,2.649031,-1.551254,0.500000,0.054586
12,3.8000,38,2.555208,2.599043,-1.545795,0.477195,0.311317
12,3.9000,39,2.557143,2.551365,-1.514663,0.474936,1.009226
12,4.0000,40,2.562194,2.504161,-1.413741,0.482139,0.899361
12,4.1000,41,2.571865,2.456944,-1.323805,0.481371,0.740215
12,4.2000,42,2.585350,2.410746,-1.249783,0.459080,0.887960
12,4.3000,43,2.601749,2.367883,-1.160987,0.494823,0.744923
12,4.4000,44,2.623135,2.323274,-1.086495,0.487216,0.588894
12,4.5000,45,2.647076,2.280848,-1.027606,0.487535,0.896520
12,4.6000,46,2.674111,2.240296,-0.937954,0.480786,0.556787
12,4.7000,47,2.703611,2.202339,-0.882275,0.500000,0.537780
12,4.8000,48,2.736403,2.164603,-0.828497,0.500000,0.365995
12,4.9000,49,2.770869,2.128384,-0.791897,0.471305,0.198364
12,5.0000,50,2.804309,2.095172,-0.772061,0.500000,-0.043837
12,5.1000,51,2.840056,2.060213,-0.776445,0.450039,-0.563427
12,5.2000,52,2.871257,2.027789,-0.832788,0.474205,-0.700857
12,5.3000,53,2.901907,1.991618,-0.902873,0.450327,-0.872554
12,5.4000,54,2.928222,1.955091,-0.990129,0.474093,-1.019362
12,5.5000,55,2.952166,1.914197,-1.092065,0.477355,-0.726956
12,5.6000,56,2.972597,1.871066,-1.164760,0.500000,-0.738784
12,5.7000,57,2.990631,1.824444,-1.238639,0.500000,-0.721982
12,5.8000,58,3.005216,1.776629,-1.310837,0.500000,-0.689019
12,5.9000,59,3.016394,1.727905,-1.379739,0.500000,-0.579961
12,6.0000,60,3.024460,1.678567,-1.437735,0.475727,-0.555651
12,6.1000,61,3.029459,1.631264,-1.493300,0.455920,-0.360416
12,6.2000,62,3.032168,1.585755,-1.529342,0.487736,-0.289400
12,6.3000,63,3.033484,1.537001,-1.558282,0.500000,-0.350725
12,6.4000,64,3.033233,1.487004,-1.593354,0.498019,-0.277257
12,6.5000,65,3.031420,1.437237,-1.621080,0.500000,0.045849
12,6.6000,66,3.029021,1.387294,-1.616495,0.500000,-0.140630
12,6.7000,67,3.026386,1.337364,-1.630558,0.500000,-0.310553
12,6.8000,68,3.022625,1.287508,-1.661613,0.500000,-0.274237
12,6.9000,69,3.017409,1.237782,-1.689037,0.500000,-0.089499
12,7.0000,70,3.011288,1.188159,-1.697987,0.500000,0.118519
12,7.1000,71,3.005240,1.138526,-1.686135,0.500000,0.111188
12,7.2000,72,2.999762,1.088827,-1.675016,0.490662,0.432115
12,7.3000,73,2.995713,1.039932,-1.631805,0.500000,0.214633
12,7.4000,74,2.993200,0.989996,-1.610341,0.494321,0.174016
12,7.5000,75,2.991676,0.940588,-1.592940,0.484272,0.119153
12,7.6000,76,2.990892,0.892168,-1.581025,0.499123,0.063609
12,7.7000,77,2.990540,0.842257,-1.574664,0.485220,-0.557508
12,7.8000,78,2.989001,0.793766,-1.630414,0.443551,-0.679783
12,7.9000,79,2.984856,0.749613,-1.698393,0.473292,-0.788686
12,8.0000,80,2.976989,0.702955,-1.777261,0.443976,-1.315947
12,8.1000,81,2.965059,0.660223,-1.908856,0.414949,-1.620149
12,8.2000,82,2.948192,0.622361,-2.070871,0.402319,-1.532206
12,8.3000,83,2.926277,0.588668,-2.224091,0.411550,-1.697066
12,8.4000,84,2.898617,0.558262,-2.393798,0.442695,-1.410669
12,8.5000,85,2.864146,0.530543,-2.534865,0.435076,-1.158831
12,8.6000,86,2.827048,0.507860,-2.650748,0.432022,-1.183482
12,8.7000,87,2.787832,0.489795,-2.769096,0.448934,-0.981253
12,8.8000,88,2.745283,0.475532,-2.867222,0.444241,-1.064482
12,8.9000,89,2.701962,0.465793,-2.973670,0.434629,-0.558265
12,9.0000,90,2.658930,0.459728,-3.029496,0.494805,-0.525028
12,9.1000,91,2.609637,0.455486,-3.081999,0.478326,-0.484841
12,9.2000,92,2.561839,0.453796,-3.130483,0.481491,-0.617110
12,9.3000,93,2.513707,0.454746,-3.192194,0.500000,-0.357110
12,9.4000,94,2.463827,0.458166,-3.227905,0.500000,-0.167848
12,9.5000,95,2.414051,0.462894,-3.244690,0.500000,-0.147959
12,9.6000,96,2.364357,0.468408,-3.259486,0.453744,-0.159715
12,9.7000,97,2.319342,0.474104,-3.275457,0.500000,0.249433
12,9.8000,98,2.269711,0.480159,-3.250514,0.499212,0.183905
12,9.9000,99,2.220039,0.485129,-3.232123,0.452390,0.192614
12,10.0000,100,2.174948,0.488785,-3.212862,0.477253,-0.071818
12,10.1000,101,2.127357,0.492354,-3.220044,0.493757,0.108329
12,10.2000,102,2.078113,0.495957,-3.209211,0.475775,0.181724
12,10.3000,103,2.030617,0.498740,-3.191039,0.471011,0.073717
12,10.4000,104,1.983566,0.500895,-3.183667,0.482183,0.080547
12,10.5000,105,1.935382,0.502729,-3.175612,0.459535,-0.044620
12,10.6000,106,1.889459,0.504394,-3.180074,0.474780,0.168186
12,10.7000,107,1.842003,0.505822,-3.163255,0.455123,0.218579
12,10.8000,108,1.796494,0.506310,-3.141398,0.489733,0.011901
12,10.9000,109,1.747521,0.506272,-3.140207,0.449043,-0.092313
12,11.0000,110,1.702617,0.506417,-3.149439,0.500000,0.159664
12,11.1000,111,1.652618,0.506410,-3.133472,0.480138,0.080707
12,11.2000,112,1.604607,0.505826,-3.125402,0.500000,0.004420
12,11.3000,113,1.554614,0.505006,-3.124960,0.495554,0.081484
12,11.4000,114,1.505070,0.503980,-3.116811,0.465439,-0.036966
12,11.5000,115,1.458538,0.502912,-3.120508,0.500000,-0.032987
12,11.6000,116,1.408547,0.501941,-3.123806,0.493612,-0.076247
12,11.7000,117,1.359191,0.501251,-3.131431,0.500000,-0.175088
13,0.0000,0,1.562092,1.252227,-0.115282,0.469646,-0.727841
13,0.1000,1,1.608507,1.245132,-0.188066,0.451337,-0.612673
13,0.2000,2,1.652559,1.235342,-0.249333,0.460171,-1.156224
13,0.3000,3,1.696398,1.221437,-0.364955,0.493022,-0.820265
13,0.4000,4,1.741680,1.201972,-0.446982,0.473373,-0.758788
13,0.5000,5,1.783550,1.179912,-0.522861,0.490451,-0.761480
13,0.6000,6,1.825069,1.153827,-0.599009,0.496147,-0.628272
13,0.7000,7,1.865140,1.124585,-0.661836,0.500000,-0.633048
13,0.8000,8,1.903585,1.092629,-0.725141,0.483570,-0.408408
13,0.9000,9,1.939111,1.059827,-0.765981,0.500000,-0.388411
13,1.0000,10,1.974464,1.024473,-0.804823,0.498715,-0.193988
13,1.1000,11,2.008686,0.988198,-0.824221,0.481039,-0.347187
13,1.2000,12,2.040735,0.952328,-0.858940,0.500000,-0.073613
13,1.3000,13,2.073257,0.914351,-0.866301,0.485904,-0.085373
13,1.4000,14,2.104568,0.877194,-0.874839,0.484908,-0.046521
13,1.5000,15,2.135570,0.839908,-0.879491,0.500000,0.066252
13,1.6000,16,2.167575,0.801493,-0.872866,0.477514,0.140767
13,1.7000,17,2.198518,0.765125,-0.858789,0.500000,0.084745
13,1.8000,18,2.231346,0.727411,-0.850314,0.498231,0.153266
13,1.9000,19,2.264502,0.690223,-0.834988,0.500000,0.082147
13,2.0000,20,2.298213,0.653297,-0.826773,0.470879,0.647139
13,2.1000,21,2.331202,0.619708,-0.762059,0.492101,0.910549
13,2.2000,22,2.368298,0.587399,-0.671004,0.459057,1.190878
13,2.3000,23,2.405864,0.561062,-0.551917,0.500000,0.749731
13,2.4000,24,2.449382,0.536465,-0.476943,0.489765,0.782920
13,2.5000,25,2.493728,0.515707,-0.398651,0.471250,1.020400
13,2.6000,26,2.538015,0.499660,-0.296611,0.493451,0.625499
13,2.7000,27,2.585626,0.486722,-0.234062,0.490061,0.469465
13,2.8000,28,2.633545,0.476479,-0.187115,0.429133,0.999349
13,2.9000,29,2.676037,0.470615,-0.087180,0.431123,1.312125
13,3.0000,30,2.719109,0.469685,0.044032,0.448691,1.300145
13,3.1000,31,2.763680,0.474565,0.174047,0.451958,1.149022
13,3.2000,32,2.807646,0.484929,0.288949,0.442750,1.441406
13,3.3000,33,2.849031,0.500554,0.433090,0.458411,1.265077
13,3.4000,34,2.889313,0.522370,0.559597,0.407055,1.672277
13,3.5000,35,2.921847,0.546755,0.726825,0.390311,1.613727
13,3.6000,36,2.948800,0.574927,0.888198,0.455690,1.103303
13,3.7000,37,2.975538,0.611798,0.998528,0.399024,1.206388
13,3.8000,38,2.995074,0.646564,1.119167,0.488504,1.108503
13,3.9000,39,3.013916,0.691607,1.230017,0.473602,1.022866
13,4.0000,40,3.027437,0.736975,1.332304,0.467579,0.872820
13,4.1000,41,3.036487,0.782833,1.419586,0.468618,0.630911
13,4.2000,42,3.042081,0.829352,1.482677,0.468419,0.536276
13,4.3000,43,3.044950,0.876100,1.536304,0.481197,0.551443
13,4.4000,44,3.045283,0.924213,1.591449,0.486849,0.229637
13,4.5000,45,3.043719,0.972872,1.614412,0.473771,0.294302
13,4.6000,46,3.040957,1.020166,1.643843,0.500000,0.188144
13,4.7000,47,3.036839,1.069996,1.662657,0.500000,-0.023217
13,4.8000,48,3.032310,1.119790,1.660335,0.500000,0.046662
13,4.9000,49,3.027723,1.169579,1.665001,0.483829,0.040530
13,5.0000,50,3.023074,1.217738,1.669054,0.500000,-0.042797
13,5.1000,51,3.018276,1.267507,1.664775,0.500000,-0.222733
13,5.2000,52,3.014139,1.317335,1.642501,0.497996,0.077448
13,5.3000,53,3.010378,1.366992,1.650246,0.500000,-0.071055
13,5.4000,54,3.006587,1.416848,1.643141,0.500000,0.135861
13,5.5000,55,3.002635,1.466691,1.656727,0.477087,-0.064088
13,5.6000,56,2.998692,1.514237,1.650318,0.500000,-0.021869
13,5.7000,57,2.994775,1.564083,1.648131,0.476757,0.057890
13,5.8000,58,2.990954,1.611605,1.653920,0.500000,0.099260
13,5.9000,59,2.986555,1.661411,1.663846,0.500000,-0.238302
13,6.0000,60,2.982503,1.711246,1.640016,0.463325,-0.183086
13,6.1000,61,2.979722,1.757494,1.621707,0.474256,-0.296727
13,6.2000,62,2.978012,1.804887,1.592034,0.482666,-0.042684
13,6.3000,63,2.977090,1.853145,1.587766,0.496660,0.265021
13,6.4000,64,2.975589,1.902787,1.614268,0.500000,-0.032988
13,6.5000,65,2.973498,1.952743,1.610969,0.500000,-0.080414
13,6.6000,66,2.971691,2.002710,1.602928,0.491712,0.031553
13,6.7000,67,2.970034,2.051853,1.606083,0.497756,0.139458
13,6.8000,68,2.967931,2.101584,1.620029,0.500000,-0.157532
13,6.9000,69,2.965864,2.151541,1.604276,0.470189,0.003115
13,7.0000,70,2.964283,2.198533,1.604587,0.500000,-0.112514
13,7.1000,71,2.962875,2.248513,1.593336,0.481380,0.268462
13,7.2000,72,2.961144,2.296618,1.620182,0.500000,-0.067647
13,7.3000,73,2.958844,2.346566,1.613417,0.500000,-0.053492
13,7.4000,74,2.956848,2.396526,1.608068,0.477387,-0.020911
13,7.5000,75,2.955119,2.444233,1.605977,0.474962,-0.199045
13,7.6000,76,2.953921,2.491713,1.586072,0.500000,-0.057862
13,7.7000,77,2.953301,2.541709,1.580286,0.500000,-0.034585
13,7.8000,78,2.952913,2.591708,1.576828,0.490411,0.223151
13,7.9000,79,2.952070,2.640741,1.599143,0.468887,0.729535
13,8.0000,80,2.949034,2.687521,1.672096,0.500000,0.679030
13,8.1000,81,2.942293,2.737054,1.739999,0.482608,0.618699
13,8.2000,82,2.932700,2.784344,1.801869,0.481344,0.632455
13,8.3000,83,2.920202,2.830820,1.865115,0.492853,0.653482
13,8.4000,84,2.904375,2.877485,1.930463,0.488747,0.886156
13,8.5000,85,2.885170,2.922411,2.019079,0.487115,0.459107
13,8.6000,86,2.863057,2.965810,2.064989,0.500000,0.291363
13,8.7000,87,2.838703,3.009475,2.094126,0.478907,0.281049
13,8.8000,88,2.814190,3.050615,2.122230,0.500000,-0.319537
13,8.9000,89,2.788679,3.093615,2.090277,0.495758,-0.254435
13,9.0000,90,2.764618,3.136959,2.064833,0.463066,-0.667032
13,9.1000,91,2.744036,3.178430,1.998130,0.500000,-0.644107
13,9.2000,92,2.724793,3.224569,1.933719,0.449173,-0.700938
13,9.3000,93,2.710331,3.267085,1.863626,0.478499,-0.684701
13,9.4000,94,2.698097,3.313335,1.795156,0.500000,-0.557651
13,9.5000,95,2.688338,3.362367,1.739390,0.489579,-0.475553
13,9.6000,96,2.681273,3.410808,1.691835,0.494072,-0.671235
13,9.7000,97,2.676957,3.460017,1.624712,0.500000,-0.295426
13,9.8000,98,2.675001,3.509976,1.595169,0.500000,-0.221399
13,9.9000,99,2.674336,3.559971,1.573029,0.500000,-0.107218
13,10.0000,100,2.674492,3.609971,1.562307,0.466161,-0.294111
13,10.1000,101,2.675573,3.656572,1.532896,0.478966,-0.177780
13,10.2000,102,2.677813,3.704416,1.515118,0.500000,-0.244253
13,10.3000,103,2.681205,3.754300,1.490693,0.500000,-0.124969
13,10.4000,104,2.685517,3.804113,1.478196,0.479749,-0.024557
13,10.5000,105,2.690012,3.851877,1.475740,0.489287,0.177895
13,10.6000,106,2.694223,3.900623,1.493530,0.458062,0.296345
13,10.7000,107,2.697081,3.946339,1.523164,0.480351,0.309088
13,10.8000,108,2.698627,3.994347,1.554073,0.469185,0.115836
13,10.9000,109,2.699139,4.041262,1.565657,0.500000,-0.018103
13,11.0000,110,2.699442,4.091261,1.563846,0.471356,-0.034424
13,11.1000,111,2.699850,4.138395,1.560404,0.500000,0.110476
13,11.2000,112,2.700094,4.188394,1.571452,0.500000,0.148422
13,11.3000,113,2.699690,4.238392,1.586294,0.500000,-0.047671
13,11.4000,114,2.699034,4.288388,1.581527,0.500000,0.034362
13,11.5000,115,2.698412,4.338384,1.584963,0.500000,-0.001721
13,11.6000,116,2.697708,4.388379,1.584791,0.500000,0.045918
13,11.7000,117,2.696893,4.438372,1.589383,0.499786,-0.182482
13,11.8000,118,2.696421,4.488348,1.571134,0.498293,-0.148805
13,11.9000,119,2.696774,4.538176,1.556254,0.500000,-0.392242
13,12.0000,120,2.698482,4.588143,1.517030,0.470344,-0.680035
13,12.1000,121,2.702604,4.634988,1.449026,0.465376,-0.899968
13,12.2000,122,2.710326,4.680864,1.359030,0.481596,-1.041176
13,12.3000,123,2.722879,4.727336,1.254912,0.462986,-1.253518
13,12.4000,124,2.739979,4.770329,1.129560,0.431177,-1.450253
13,12.5000,125,2.761151,4.807847,0.984535,0.403144,-1.529714
13,12.6000,126,2.785931,4.839596,0.831563,0.439811,-1.576532
13,12.7000,127,2.817996,4.869632,0.673910,0.438684,-1.339810
13,12.8000,128,2.854003,4.894634,0.539929,0.439838,-0.945491
13,12.9000,129,2.892742,4.915429,0.445380,0.441064,-1.141465
13,13.0000,130,2.933543,4.932119,0.331234,0.436449,-1.094985
13,13.1000,131,2.975509,4.944027,0.221735,0.475173,-0.778006
13,13.2000,132,3.022223,4.952665,0.143934,0.500000,-0.540522
13,13.3000,133,3.071875,4.958496,0.089882,0.473785,-0.301294
13,13.4000,134,3.119119,4.962037,0.059753,0.500000,-0.371217
13,13.5000,135,3.169074,4.964096,0.022631,0.500000,-0.098421
13,13.6000,136,3.219066,4.964982,0.012789,0.500000,-0.278852
13,13.7000,137,3.269065,4.964924,-0.015096,0.500000,-0.177695
13,13.8000,138,3.319049,4.963725,-0.032866,0.500000,-0.083283
14,0.0000,0,2.156369,3.230400,0.244130,0.346422,2.000000
14,0.1000,1,2.188926,3.242068,0.444130,0.409545,1.718699
14,0.2000,2,2.224217,3.262749,0.616000,0.422129,1.494576
14,0.3000,3,2.256724,3.289618,0.765457,0.466544,1.177831
14,0.4000,4,2.288386,3.323847,0.883240,0.463132,0.842557
14,0.5000,5,2.316237,3.360833,0.967496,0.459843,0.915266
14,0.6000,6,2.340558,3.399840,1.059022,0.467236,0.619021
14,0.7000,7,2.362165,3.441259,1.120925,0.492935,0.561719
14,0.8000,8,2.382343,3.486227,1.177096,0.500000,0.013974
14,0.9000,9,2.401491,3.532415,1.178494,0.490870,0.172343
14,1.0000,10,2.419866,3.577932,1.195728,0.500000,0.060447
14,1.1000,11,2.438042,3.624511,1.201773,0.500000,-0.054280
14,1.2000,12,2.456204,3.671096,1.196345,0.461286,-0.208807
14,1.3000,13,2.473523,3.713849,1.175464,0.500000,-0.231266
14,1.4000,14,2.493310,3.759766,1.152338,0.500000,-0.138522
14,1.5000,15,2.513944,3.805310,1.138485,0.500000,-0.256228
14,1.6000,16,2.535471,3.850436,1.112863,0.475889,-0.083432
14,1.7000,17,2.556688,3.893034,1.104519,0.488167,0.290821
14,1.8000,18,2.577997,3.936952,1.133601,0.492323,0.268493
14,1.9000,19,2.598241,3.981828,1.160451,0.470547,0.403724
14,2.0000,20,2.616136,4.025344,1.200823,0.500000,0.574588
14,2.1000,21,2.632867,4.072454,1.258282,0.500000,0.508605
14,2.2000,22,2.647023,4.120403,1.309143,0.499580,0.341210
14,2.3000,23,2.659121,4.168871,1.343264,0.500000,0.540151
14,2.4000,24,2.669079,4.217864,1.397279,0.498319,0.384648
14,2.5000,25,2.676736,4.267100,1.435743,0.497628,0.293472
14,2.6000,26,2.682712,4.316501,1.465091,0.480045,0.061388
14,2.7000,27,2.687630,4.364253,1.471229,0.479014,-0.013174
14,2.8000,28,2.692423,4.411914,1.469912,0.500000,0.429523
14,2.9000,29,2.696389,4.461753,1.512864,0.495320,0.033083
14,3.0000,30,2.699175,4.511206,1.516173,0.500000,0.020122
14,3.1000,31,2.701855,4.561134,1.518185,0.492918,-0.343770
14,3.2000,32,2.705292,4.610304,1.483808,0.479179,-0.697376
14,3.3000,33,2.711116,4.657857,1.414070,0.440652,-0.820989
14,3.4000,34,2.719772,4.701051,1.331971,0.434852,-1.191957
14,3.5000,35,2.732549,4.742589,1.212776,0.398489,-1.280488
14,3.6000,36,2.748861,4.778917,1.084727,0.458480,-1.571152
14,3.7000,37,2.773369,4.817609,0.927612,0.402903,-1.574354
14,3.8000,38,2.799966,4.847817,0.770176,0.425676,-1.364175
14,3.9000,39,2.832444,4.875283,0.633759,0.425404,-1.416206
14,4.0000,40,2.868390,4.897967,0.492138,0.406548,-1.147536
14,4.1000,41,2.905243,4.915081,0.377385,0.455543,-1.262058
14,4.2000,42,2.948537,4.929154,0.251179,0.445354,-0.985953
14,4.3000,43,2.992150,4.938080,0.152583,0.470941,-0.801733
14,4.4000,44,3.038934,4.943366,0.072410,0.500000,-0.647798
14,4.5000,45,3.088885,4.945366,0.007630,0.483268,-0.512200
14,4.6000,46,3.137199,4.944497,-0.043590,0.500000,-0.313119
14,4.7000,47,3.187109,4.941537,-0.074902,0.498994,-0.111508
14,4.8000,48,3.236847,4.937525,-0.086052,0.499355,-0.119012
14,4.9000,49,3.286571,4.932938,-0.097953,0.500000,0.001411
14,5.0000,50,3.336332,4.928051,-0.097812,0.500000,-0.033302
14,5.1000,51,3.386084,4.923086,-0.101143,0.500000,-0.016076
14,5.2000,52,3.435825,4.917997,-0.102750,0.500000,0.131667
14,5.3000,53,3.485593,4.913196,-0.089583,0.500000,0.047231
14,5.4000,54,3.535403,4.908841,-0.084860,0.494789,0.205763
14,5.5000,55,3.584744,4.905154,-0.064284,0.460471,0.089773
14,5.6000,56,3.630708,4.902403,-0.055307,0.486607,0.004688
14,5.7000,57,3.679295,4.899724,-0.054838,0.500000,0.062607
14,5.8000,58,3.729228,4.897140,-0.048577,0.478367,0.245461
14,5.9000,59,3.777032,4.895404,-0.024031,0.461974,0.209151
14,6.0000,60,3.823225,4.894777,-0.003116,0.500000,-0.145476
14,6.1000,61,3.873221,4.894257,-0.017664,0.495037,0.129112
14,6.2000,62,3.922722,4.893702,-0.004752,0.500000,0.020413
14,6.3000,63,3.972721,4.893516,-0.002711,0.496487,0.144652
14,6.4000,64,4.022369,4.893740,0.011754,0.481925,0.089965
14,6.5000,65,4.070555,4.894523,0.020751,0.500000,-0.103631
14,6.6000,66,4.120549,4.895302,0.010387,0.500000,0.027403
14,6.7000,67,4.170545,4.895890,0.013128,0.478989,0.022226
14,6.8000,68,4.218439,4.896572,0.015350,0.494845,-0.084766
14,6.9000,69,4.267921,4.897122,0.006874,0.492772,-0.087240
14,7.0000,70,4.317198,4.897245,-0.001850,0.500000,0.071963
14,7.1000,71,4.367197,4.897333,0.005346,0.500000,0.022220
14,7.2000,72,4.417196,4.897656,0.007568,0.500000,-0.248578
14,7.3000,73,4.467194,4.897413,-0.017290,0.491545,-0.798051
14,7.4000,74,4.516256,4.894604,-0.097095,0.483074,-0.889696
14,7.5000,75,4.564064,4.887789,-0.186065,0.448406,-0.916944
14,7.6000,76,4.607689,4.877487,-0.277759,0.479909,-1.073461
14,7.7000,77,4.653046,4.861878,-0.385105,0.425107,-1.437095
14,7.8000,78,4.691162,4.843138,-0.528814,0.407326,-1.236581
14,7.9000,79,4.724973,4.820468,-0.652473,0.453552,-1.317390
14,8.0000,80,4.759096,4.790640,-0.784211,0.453103,-0.945525
14,8.1000,81,4.789613,4.757171,-0.878764,0.458695,-1.020099
14,8.2000,82,4.817032,4.720423,-0.980774,0.443600,-0.847140
14,8.3000,83,4.840124,4.682563,-1.065488,0.459731,-0.868905
14,8.4000,84,4.860603,4.641419,-1.152378,0.500000,-0.771863
14,8.5000,85,4.879137,4.594994,-1.229565,0.484800,-0.529951
14,8.6000,86,4.894143,4.548901,-1.282560,0.498309,-0.331601
14,8.7000,87,4.907513,4.500900,-1.315720,0.492918,-0.357967
14,8.8000,88,4.919094,4.452991,-1.351516,0.494297,-0.478143
14,8.9000,89,4.928689,4.404506,-1.399331,0.500000,-0.087869
14,9.0000,90,4.937004,4.355202,-1.408118,0.500000,-0.200706
14,9.1000,91,4.944606,4.305785,-1.428188,0.500000,0.195770
14,9.2000,92,4.952196,4.256365,-1.408611,0.500000,0.015453
14,9.3000,93,4.960308,4.207027,-1.407066,0.500000,-0.045910
14,9.4000,94,4.968345,4.157677,-1.411657,0.495412,0.031862
14,9.5000,95,4.976274,4.108775,-1.408471,0.500000,0.085834
14,9.6000,96,4.984566,4.059467,-1.399887,0.497356,0.222331
15,0.0000,0,5.823437,1.661702,1.774493,0.481869,-0.221575
15,0.1000,1,5.814213,1.708997,1.752336,0.500000,-0.443295
15,0.2000,2,5.806279,1.758359,1.708006,0.467570,-0.283216
15,0.3000,3,5.800540,1.804761,1.679685,0.482486,-0.386123
15,0.4000,4,5.796224,1.852813,1.641072,0.473200,-0.237284
15,0.5000,5,5.793461,1.900052,1.617344,0.489864,-0.108385
15,0.6000,6,5.791447,1.948996,1.606505,0.474666,-0.141519
15,0.7000,7,5.790088,1.996443,1.592353,0.487487,-0.113524
15,0.8000,8,5.789314,2.045185,1.581001,0.500000,0.038181
15,0.9000,9,5.788708,2.095182,1.584819,0.500000,0.103217
15,1.0000,10,5.787749,2.145172,1.595141,0.500000,0.143066
15,1.1000,11,5.786175,2.195147,1.609447,0.500000,-0.167003
15,1.2000,12,5.784660,2.245123,1.592747,0.483818,0.028141
15,1.3000,13,5.783530,2.293492,1.595561,0.500000,0.088841
15,1.4000,14,5.782070,2.343471,1.604445,0.469020,0.090788
15,1.5000,15,5.780279,2.390338,1.613524,0.500000,-0.050005
15,1.6000,16,5.778268,2.440298,1.608523,0.476481,0.118592
15,1.7000,17,5.776189,2.487900,1.620383,0.491085,0.123916
15,1.8000,18,5.773451,2.536932,1.632774,0.500000,0.047093
15,1.9000,19,5.770237,2.586828,1.637484,0.471316,-0.093892
15,2.0000,20,5.767317,2.633869,1.628094,0.463392,-0.033737
15,2.1000,21,5.764741,2.680137,1.624721,0.482174,0.183345
15,2.2000,22,5.761701,2.728258,1.643055,0.500000,-0.045608
15,2.3000,23,5.758205,2.778135,1.638494,0.475587,0.166079
15,2.4000,24,5.754594,2.825556,1.655102,0.482300,-0.265173
15,2.5000,25,5.751170,2.873663,1.628585,0.484957,-0.146815
15,2.6000,26,5.748725,2.922097,1.613903,0.500000,-0.064800
15,2.7000,27,5.746732,2.972057,1.607423,0.500000,0.213552
15,2.8000,28,5.744368,3.022000,1.628779,0.481592,0.003329
15,2.9000,29,5.741569,3.070078,1.629112,0.500000,-0.012165
15,3.0000,30,5.738685,3.119994,1.627895,0.494854,-0.012823
15,3.1000,31,5.735893,3.169401,1.626613,0.484978,-0.056651
15,3.2000,32,5.733324,3.217831,1.620948,0.500000,0.163589
15,3.3000,33,5.730409,3.267745,1.637307,0.481966,0.199716
15,3.4000,34,5.726726,3.315800,1.657278,0.500000,-0.089664
15,3.5000,35,5.722631,3.365632,1.648312,0.466810,-0.149194
15,3.6000,36,5.719363,3.412198,1.633392,0.495938,-0.038618
15,3.7000,37,5.716357,3.461700,1.629530,0.500000,-0.133338
15,3.8000,38,5.713754,3.511632,1.616197,0.495560,0.212534
15,3.9000,39,5.710979,3.561109,1.637450,0.500000,0.487259
15,4.0000,40,5.706435,3.610898,1.686176,0.473795,0.718210
15,4.1000,41,5.699296,3.657726,1.757997,0.462826,0.894471
15,4.2000,42,5.688662,3.702754,1.847444,0.475631,0.859200
15,4.3000,43,5.673722,3.747895,1.933364,0.462707,1.209190
15,4.4000,44,5.654739,3.790061,2.054283,0.435130,1.361559
15,4.5000,45,5.631954,3.827093,2.190439,0.466273,1.154779
15,4.6000,46,5.602747,3.863405,2.305917,0.440020,1.169655
15,4.7000,47,5.571396,3.894245,2.422882,0.485800,1.137796
16,0.0000,0,2.212572,3.149364,0.368994,0.434121,1.531075
16,0.1000,1,2.251707,3.168054,0.522102,0.430646,1.214874
16,0.2000,2,2.287640,3.191743,0.643589,0.451508,0.975801
16,0.3000,3,2.322380,3.220554,0.741169,0.460963,0.718124
16,0.4000,4,2.355238,3.252870,0.812981,0.449000,0.363749
16,0.5000,5,2.385500,3.286036,0.849356,0.485655,0.812587
16,0.6000,6,2.416060,3.323764,0.930615,0.488492,0.327592
16,0.7000,7,2.444592,3.363412,0.963374,0.500000,0.207002
16,0.8000,8,2.472703,3.404760,0.984074,0.488244,0.065350
16,0.9000,9,2.499601,3.445507,0.990609,0.480668,0.245531
16,1.0000,10,2.525454,3.486028,1.015163,0.482923,0.052458
16,1.1000,11,2.550820,3.527122,1.020408,0.492571,-0.117826
16,1.2000,12,2.576829,3.568952,1.008626,0.500000,0.032674
16,1.3000,13,2.603411,3.611301,1.011893,0.475108,-0.070203
16,1.4000,14,2.628745,3.651493,1.004873,0.500000,-0.163230
16,1.5000,15,2.655898,3.693477,0.988550,0.497699,-0.132303
16,1.6000,16,2.683541,3.734865,0.975320,0.500000,-0.247132
16,1.7000,17,2.712094,3.775908,0.950606,0.489290,-0.057807
16,1.8000,18,2.740646,3.815642,0.944826,0.484390,-0.113035
16,1.9000,19,2.769247,3.854736,0.933522,0.498208,-0.169886
16,2.0000,20,2.799230,3.894524,0.916534,0.500000,0.071108
16,2.1000,21,2.829517,3.934307,0.923644,0.483803,-0.153228
16,2.2000,22,2.858981,3.972680,0.908321,0.496587,-0.192321
17,0.0000,0,5.785286,0.254933,1.988284,0.244524,2.000000
17,0.1000,1,5.773210,0.276148,2.188284,0.266955,2.000000
17,0.2000,2,5.755687,0.296229,2.388284,0.310252,2.000000
17,0.3000,3,5.731091,0.315055,2.588284,0.400044,1.978533
17,0.4000,4,5.695205,0.332585,2.786137,0.454171,1.432286
17,0.5000,5,5.651642,0.345293,2.929366,0.426369,1.138817
17,0.6000,6,5.609541,0.351883,3.043248,0.462665,0.955228
17,0.7000,7,5.563351,0.354222,3.138770,0.474810,0.609792
17,0.8000,8,5.515896,0.352909,3.199750,0.500000,0.391825
17,0.9000,9,5.466050,0.349025,3.238932,0.483066,0.473557
17,1.0000,10,5.418101,0.343194,3.286288,0.500000,0.184249
17,1.1000,11,5.368693,0.335529,3.304713,0.500000,0.041828
17,1.2000,12,5.319374,0.327306,3.308896,0.500000,0.078811
17,1.3000,13,5.270105,0.318786,3.316777,0.484242,-0.054213
17,1.4000,14,5.222399,0.310475,3.311355,0.493671,-0.182369
17,1.5000,15,5.173669,0.302579,3.293118,0.500000,-0.347617
17,1.6000,16,5.124120,0.295892,3.258357,0.500000,-0.283504
17,1.7000,17,5.074385,0.290772,3.230006,0.500000,-0.206310
17,1.8000,18,5.024538,0.286871,3.209375,0.486423,-0.388611
17,1.9000,19,4.975956,0.284520,3.170514,0.474001,-0.164955
17,2.0000,20,4.928566,0.283540,3.154019,0.476970,-0.228666
17,2.1000,21,4.880870,0.283493,3.131152,0.487586,-0.497272
17,2.2000,22,4.832147,0.285214,3.081425,0.474564,-0.583248
17,2.3000,23,4.784887,0.289447,3.023100,0.496177,-0.766257
17,2.4000,24,4.735890,0.297193,2.946474,0.479974,-0.858956
17,2.5000,25,4.689261,0.308509,2.860579,0.456039,-0.924970
17,2.6000,26,4.646092,0.323163,2.768082,0.433777,-0.897002
17,2.7000,27,4.606469,0.340780,2.678381,0.464616,-0.698975
17,2.8000,28,4.565663,0.362975,2.608484,0.439768,-0.869448
17,2.9000,29,4.528807,0.386942,2.521539,0.500000,-0.616354
17,3.0000,30,4.489036,0.417231,2.459904,0.500000,-0.897002
17,3.1000,31,4.451674,0.450435,2.370204,0.442516,-0.798537
17,3.2000,32,4.421213,0.482517,2.290350,0.474843,-0.791656
17,3.3000,33,4.391364,0.519431,2.211184,0.500000,-0.701282
17,3.4000,34,4.362919,0.560538,2.141056,0.444473,-0.838142
17,3.5000,35,4.340519,0.598913,2.057242,0.436503,-0.643387
17,3.6000,36,4.321368,0.638130,1.992903,0.475388,-0.747283
17,3.7000,37,4.303530,0.682183,1.918175,0.497474,-0.604194
17,3.8000,38,4.288017,0.729442,1.857755,0.500000,-0.304875
17,3.9000,39,4.274598,0.777606,1.827268,0.500000,-0.389340
17,4.0000,40,4.262859,0.826205,1.788334,0.500000,-0.259609
17,4.1000,41,4.252703,0.875161,1.762373,0.475223,0.053508
17,4.2000,42,4.243530,0.921789,1.767724,0.478173,0.042662
17,4.3000,43,4.234074,0.968662,1.771990,0.492388,-0.039811
17,4.4000,44,4.224330,1.016927,1.768009,0.491190,-0.159536
17,4.5000,45,4.215090,1.065169,1.752055,0.481981,-0.059419
17,4.6000,46,4.206543,1.112603,1.746114,0.500000,0.166857
17,4.7000,47,4.197411,1.161762,1.762799,0.484121,0.015027
17,4.8000,48,4.188137,1.209277,1.764302,0.494573,0.022932
17,4.9000,49,4.178571,1.257800,1.766595,0.479447,-0.090267
17,5.0000,50,4.169456,1.304871,1.757568,0.490272,0.090393
17,5.1000,51,4.160134,1.353003,1.766608,0.500000,0.244316
17,5.2000,52,4.149808,1.401924,1.791039,0.491802,-0.079891
17,5.3000,53,4.139256,1.449959,1.783050,0.465540,0.176197
17,5.4000,54,4.129048,1.495379,1.800670,0.500000,0.254946
17,5.5000,55,4.117036,1.543913,1.826165,0.494737,0.022912
17,5.6000,56,4.104484,1.591768,1.828456,0.493115,0.114871
17,5.7000,57,4.091645,1.639379,1.839943,0.500000,-0.142714
17,5.8000,58,4.078694,1.687672,1.825672,0.500000,-0.137964
17,5.9000,59,4.066422,1.736142,1.811875,0.500000,-0.147172
17,6.0000,60,4.054842,1.784782,1.797158,0.500000,0.154902
17,6.1000,61,4.043244,1.833418,1.812648,0.500000,-0.122694
17,6.2000,62,4.031567,1.882035,1.800379,0.500000,-0.098034
17,6.3000,63,4.020427,1.930778,1.790575,0.500000,0.109431
17,6.4000,64,4.009259,1.979515,1.801518,0.477187,-0.037472
17,6.5000,65,3.998434,2.025989,1.797771,0.500000,-0.090397
18,0.0000,0,4.762222,5.338010,-1.625095,0.151924,-2.000000
18,0.1000,1,4.759891,5.323023,-1.825095,0.229448,-2.000000
18,0.2000,2,4.751944,5.301539,-2.025095,0.298776,-2.000000
18,0.3000,3,4.736244,5.276177,-2.225095,0.333699,-2.000000
18,0.4000,4,4.713431,5.251900,-2.425095,0.369186,-1.889534
18,0.5000,5,4.683472,5.230420,-2.614049,0.427894,-1.564241
18,0.6000,6,4.644969,5.211853,-2.770473,0.475582,-1.234971
18,0.7000,7,4.599698,5.197382,-2.893970,0.464663,-0.999548
18,0.8000,8,4.554155,5.188262,-2.993925,0.484786,-0.793715
18,0.9000,9,4.505971,5.183039,-3.073296,0.469838,-0.524381
18,1.0000,10,4.459034,5.181063,-3.125734,0.490190,-0.308419
18,1.1000,11,4.410017,5.181041,-3.156576,0.500000,-0.098765
18,1.2000,12,4.360027,5.182037,-3.166453,0.494089,0.178957
18,1.3000,13,4.310625,5.182823,-3.148557,0.500000,0.044007
18,1.4000,14,4.260626,5.183061,-3.144156,0.500000,0.311642
18,1.5000,15,4.210632,5.182411,-3.112992,0.481416,0.215415
18,1.6000,16,4.162529,5.180516,-3.091451,0.500000,0.349049
18,1.7000,17,4.112646,5.177139,-3.056546,0.482931,0.362900
18,1.8000,18,4.064612,5.172164,-3.020256,0.500000,0.115097
18,1.9000,19,4.015016,5.165827,-3.008746,0.493348,0.405857
18,2.0000,20,3.966262,5.158302,-2.968160,0.500000,-0.035978
18,2.1000,21,3.916996,5.149762,-2.971758,0.473886,0.337645
18,2.2000,22,3.870433,5.140966,-2.937994,0.498465,0.135056
18,2.3000,23,3.821686,5.130558,-2.924488,0.476417,0.245064
18,2.4000,24,3.775293,5.119726,-2.899982,0.497748,-0.032876
18,2.5000,25,3.726945,5.107896,-2.903269,0.497567,0.330149
18,2.6000,26,3.678797,5.095354,-2.870254,0.500000,-0.029330
18,2.7000,27,3.630607,5.082024,-2.873187,0.471137,-0.142465
18,2.8000,28,3.585093,5.069854,-2.887434,0.462672,0.036273
18,2.9000,29,3.540333,5.058139,-2.883806,0.486158,-0.126080
18,3.0000,30,3.493247,5.046042,-2.896414,0.500000,-0.024627
18,3.1000,31,3.444727,5.033965,-2.898877,0.500000,-0.060753
18,3.2000,32,3.396156,5.022096,-2.904952,0.500000,-0.125745
18,3.3000,33,3.347477,5.010680,-2.917527,0.480136,-0.096621
18,3.4000,34,3.300613,5.000238,-2.927189,0.498860,0.027339
18,3.5000,35,3.251884,4.989557,-2.924455,0.500000,0.090879
18,3.6000,36,3.203108,4.978564,-2.915367,0.488729,0.007109
18,3.7000,37,3.155484,4.967584,-2.914656,0.500000,-0.158439
18,3.8000,38,3.106679,4.956721,-2.930500,0.485996,-0.011839
18,3.9000,39,3.059152,4.946566,-2.931684,0.500000,0.362970
18,4.0000,40,3.010449,4.935263,-2.895387,0.471719,0.573306
18,4.1000,41,2.965055,4.922461,-2.838056,0.478419,0.701344
18,4.2000,42,2.919938,4.906573,-2.767922,0.478606,0.696203
18,4.3000,43,2.876024,4.887565,-2.698302,0.434587,1.021544
18,4.4000,44,2.837786,4.866954,-2.596147,0.437833,1.009999
18,4.5000,45,2.801565,4.842390,-2.495147,0.393788,1.241363
18,4.6000,46,2.771683,4.816782,-2.371011,0.443912,1.144089
18,4.7000,47,2.741668,4.784109,-2.256602,0.451734,1.338802
18,4.8000,48,2.715482,4.747341,-2.122722,0.445716,1.301776
18,4.9000,49,2.694645,4.707975,-1.992545,0.436091,1.102583
18,5.0000,50,2.679021,4.667285,-1.882286,0.459788,0.912954
18,5.1000,51,2.666945,4.622937,-1.790991,0.488611,0.860486
18,5.2000,52,2.658336,4.574855,-1.704942,0.494197,0.811666
18,5.3000,53,2.653721,4.525665,-1.623776,0.477226,0.959266
18,5.4000,54,2.653481,4.477962,-1.527849,0.440947,0.831267
18,5.5000,55,2.657202,4.434037,-1.444722,0.488102,0.981093
18,5.6000,56,2.665703,4.385993,-1.346613,0.472754,1.120043
18,5.7000,57,2.678770,4.340584,-1.234609,0.474268,0.995315
18,5.8000,58,2.696616,4.296664,-1.135077,0.449532,0.681417
18,5.9000,59,2.716962,4.256589,-1.066936,0.454001,0.697898
18,6.0000,60,2.740251,4.217628,-0.997146,0.430168,0.627540
18,6.1000,61,2.764714,4.182253,-0.934392,0.450532,0.658250
18,6.2000,62,2.792662,4.146927,-0.868567,0.500000,0.467111
18,6.3000,63,2.825838,4.109525,-0.821856,0.457431,0.270327
18,6.4000,64,2.857432,4.076447,-0.794823,0.500000,0.157837
18,6.5000,65,2.892732,4.041038,-0.779039,0.500000,0.082703
18,6.6000,66,2.928457,4.006055,-0.770769,0.496288,0.391735
18,6.7000,67,2.964727,3.972186,-0.731595,0.500000,0.126066
18,6.8000,68,3.002142,3.939018,-0.718989,0.498957,-0.195144
18,6.9000,69,3.039364,3.905791,-0.738503,0.470957,0.085213
19,0.0000,0,1.721827,3.075366,1.620231,0.114855,-2.000000
19,0.1000,1,1.722407,3.086818,1.420231,0.220192,-2.000000
19,0.2000,2,1.727858,3.108114,1.220231,0.237634,-2.000000
19,0.3000,3,1.738189,3.129470,1.020231,0.331199,-2.000000
19,0.4000,4,1.758214,3.155781,0.820231,0.386172,-1.761618
19,0.5000,5,1.786898,3.181562,0.644069,0.393796,-1.562628
19,0.6000,6,1.820104,3.202656,0.487806,0.454218,-1.374066
19,0.7000,7,1.861562,3.221126,0.350400,0.457904,-0.899076
19,0.8000,8,1.905218,3.234891,0.260492,0.481467,-0.600675
19,0.9000,9,1.952085,3.245887,0.200425,0.500000,-0.520891
19,1.0000,10,2.001321,3.254561,0.148335,0.493824,-0.235064
19,1.1000,11,2.050242,3.261285,0.124829,0.457169,0.200132
19,1.2000,12,2.095544,3.267431,0.144842,0.500000,0.322114
19,1.3000,13,2.144895,3.275443,0.177054,0.494789,0.473542
19,1.4000,14,2.193376,3.285307,0.224408,0.486615,0.540992
19,1.5000,15,2.240501,3.297414,0.278507,0.477341,0.633374
19,1.6000,16,2.285950,3.311981,0.341844,0.467091,0.570425
19,1.7000,17,2.329486,3.328885,0.398887,0.496455,0.557106
19,1.8000,18,2.374673,3.349431,0.454597,0.487513,0.360519
19,1.9000,19,2.418078,3.371623,0.490649,0.482674,0.386410
19,2.0000,20,2.460201,3.395183,0.529290,0.491795,0.278397
19,2.1000,21,2.502300,3.420602,0.557130,0.489343,0.161747
19,2.2000,22,2.543624,3.446811,0.573305,0.487769,0.320584
19,2.3000,23,2.584171,3.473921,0.605363,0.500000,0.438891
19,2.4000,24,2.624648,3.503267,0.649252,0.500000,0.254173
19,2.5000,25,2.664086,3.533999,0.674669,0.498978,-0.272334
19,2.6000,26,2.703472,3.564633,0.647436,0.489267,-0.360787
19,2.7000,27,2.743021,3.593432,0.611357,0.475064,-0.420410
19,2.8000,28,2.782484,3.619874,0.569316,0.477183,-0.747817
19,2.9000,29,2.823600,3.644071,0.494535,0.446688,-0.581210
19,3.0000,30,2.863511,3.664118,0.436414,0.496116,-0.772861
19,3.1000,31,2.909237,3.683331,0.359128,0.486418,-0.759546
19,3.2000,32,2.955381,3.698681,0.283173,0.495657,-0.662577
19,3.3000,33,3.003397,3.710944,0.216915,0.475170,-0.698407
19,3.4000,34,3.050120,3.719542,0.147075,0.463337,-0.569738
19,3.5000,35,3.096122,3.725023,0.090101,0.500000,-0.614483
19,3.6000,36,3.146026,3.727990,0.028652,0.500000,-0.263015
19,3.7000,37,3.196018,3.728765,0.002351,0.485346,-0.407175
19,3.8000,38,3.244542,3.727891,-0.038367,0.487138,-0.199281
19,3.9000,39,3.293198,3.725538,-0.058295,0.500000,-0.018674
19,4.0000,40,3.343110,3.722578,-0.060162,0.494355,0.019244
19,4.1000,41,3.392459,3.719653,-0.058238,0.483624,-0.015314
19,4.2000,42,3.440737,3.716801,-0.059769,0.500000,-0.022798
19,4.3000,43,3.490644,3.713758,-0.062049,0.496763,-0.342532
19,4.4000,44,3.540163,3.709829,-0.096302,0.489364,-0.366793
19,4.5000,45,3.588775,3.704231,-0.132981,0.475630,-0.465423
19,4.6000,46,3.635754,3.696830,-0.179524,0.490405,-0.747735
19,4.7000,47,3.683635,3.686279,-0.254297,0.493301,-0.681565
19,4.8000,48,3.730919,3.672252,-0.322454,0.497134,-0.936822
19,4.9000,49,3.777263,3.654314,-0.416136,0.462440,-0.769580
19,5.0000,50,3.818800,3.634013,-0.493094,0.465856,-0.503787
19,5.1000,51,3.859264,3.610937,-0.543473,0.444687,-0.648397
19,5.2000,52,3.896553,3.586724,-0.608312,0.455929,-0.715511
19,5.3000,53,3.933004,3.559353,-0.679863,0.500000,-0.487740
19,5.4000,54,3.971105,3.526983,-0.728637,0.496600,-0.334690
19,5.5000,55,4.007595,3.493303,-0.762106,0.486825,-0.246938
19,5.6000,56,4.042393,3.459259,-0.786800,0.500000,-0.236958
19,5.7000,57,4.077276,3.423439,-0.810496,0.491755,-0.140533
19,5.8000,58,4.110913,3.387568,-0.824549,0.500000,-0.116311
19,5.9000,59,4.144643,3.350660,-0.836180,0.498352,-0.172760
19,6.0000,60,4.177726,3.313391,-0.853456,0.500000,-0.020687
19,6.1000,61,4.210557,3.275679,-0.855525,0.500000,0.142747
19,6.2000,62,4.243616,3.238168,-0.841250,0.500000,0.137622
19,6.3000,63,4.277198,3.201125,-0.827488,0.482011,0.328952
19,6.4000,64,4.310395,3.166181,-0.794593,0.500000,0.036040
19,6.5000,65,4.345488,3.130565,-0.790989,0.486733,-0.066277
19,6.6000,66,4.379597,3.095843,-0.797617,0.500000,0.047362
19,6.7000,67,4.414602,3.060141,-0.792880,0.500000,0.159011
19,6.8000,68,4.449974,3.024802,-0.776979,0.500000,0.097789
19,6.9000,69,4.485796,2.989921,-0.767200,0.497627,0.096402
19,7.0000,70,4.521784,2.955553,-0.757560,0.500000,-0.010025
19,7.1000,71,4.558093,2.921177,-0.758563,0.500000,-0.034257
19,7.2000,72,4.594325,2.886721,-0.761988,0.500000,0.141663
19,7.3000,73,4.630742,2.852460,-0.747822,0.500000,-0.068437
19,7.4000,74,4.667284,2.818333,-0.754666,0.499010,-0.127622
19,7.5000,75,4.703417,2.783917,-0.767428,0.494882,0.138585
19,7.6000,76,4.739271,2.749806,-0.753570,0.500000,-0.199525
19,7.7000,77,4.775390,2.715232,-0.773522,0.500000,0.045729
19,7.8000,78,4.811242,2.680381,-0.768949,0.466267,0.087816
19,7.9000,79,4.844892,2.648106,-0.760168,0.500000,0.308304
19,8.0000,80,4.881653,2.614217,-0.729337,0.469134,0.334885
19,8.1000,81,4.917150,2.583547,-0.695849,0.498920,0.337288
19,8.2000,82,4.955974,2.552216,-0.662120,0.500000,0.635404
19,8.3000,83,4.996359,2.522750,-0.598580,0.476197,0.739086
19,8.4000,84,5.036654,2.497395,-0.524671,0.500000,0.507453
19,8.5000,85,5.080546,2.473457,-0.473926,0.470733,0.597533
19,8.6000,86,5.123047,2.453238,-0.414172,0.500000,0.464735
19,8.7000,87,5.169271,2.434187,-0.367699,0.487382,0.262968
19,8.8000,88,5.214976,2.417267,-0.341402,0.500000,0.214239
19,8.9000,89,5.262266,2.401032,-0.319978,0.500000,0.362202
19,9.0000,90,5.310003,2.386168,-0.283758,0.500000,0.204523
19,9.1000,91,5.358143,2.372661,-0.263306,0.500000,0.184306
19,9.2000,92,5.406537,2.360093,-0.244875,0.500000,0.181627
19,9.3000,93,5.455153,2.348413,-0.226712,0.500000,0.049717
19,9.4000,94,5.503901,2.337295,-0.221741,0.500000,0.113718
20,0.0000,0,5.700778,5.816681,-1.923656,0.460158,0.878480
20,0.1000,1,5.686792,5.772858,-1.835808,0.420471,0.684125
20,0.2000,2,5.677175,5.731933,-1.767395,0.473437,0.782663
20,0.3000,3,5.669753,5.685187,-1.689129,0.460143,0.443076
20,0.4000,4,5.665334,5.639389,-1.644821,0.483434,0.450213
20,0.5000,5,5.662845,5.591114,-1.599800,0.497887,0.332753
20,0.6000,6,5.662230,5.541332,-1.566525,0.496588,0.229094
20,0.7000,7,5.663010,5.491680,-1.543615,0.497910,0.357043
20,0.8000,8,5.665252,5.441942,-1.507911,0.486904,0.107832
20,0.9000,9,5.668574,5.393366,-1.497128,0.500000,0.013784
20,1.0000,10,5.672288,5.343504,-1.495749,0.478075,-0.099455
20,1.1000,11,5.675635,5.295814,-1.505695,0.482481,0.042702
20,1.2000,12,5.678877,5.247675,-1.501425,0.490246,0.230854
20,1.3000,13,5.682839,5.198812,-1.478339,0.482869,-0.174853
20,1.4000,14,5.686877,5.150694,-1.495825,0.496836,0.043004
20,1.5000,15,5.690705,5.101159,-1.491524,0.489940,-0.102199
20,1.6000,16,5.694335,5.052299,-1.501744,0.500000,-0.168181
20,1.7000,17,5.697365,5.002392,-1.518562,0.498043,-0.227605
20,1.8000,18,5.699399,4.952630,-1.541323,0.448670,-0.115374
20,1.9000,19,5.700463,4.907776,-1.552860,0.500000,-0.056961
20,2.0000,20,5.701217,4.857782,-1.558556,0.478513,-0.071918
20,2.1000,21,5.701631,4.809932,-1.565748,0.500000,-0.127832
20,2.2000,22,5.701564,4.759933,-1.578531,0.500000,0.012708
20,2.3000,23,5.701209,4.709934,-1.577261,0.500000,-0.060739
20,2.4000,24,5.700734,4.659936,-1.583335,0.500000,-0.022820
20,2.5000,25,5.700050,4.609941,-1.585617,0.500000,0.140403
20,2.6000,26,5.699660,4.559943,-1.571576,0.500000,0.180361
20,2.7000,27,5.700071,4.509945,-1.553540,0.480263,0.099869
20,2.8000,28,5.701140,4.461931,-1.543553,0.469235,-0.131133
20,2.9000,29,5.702111,4.415018,-1.556667,0.500000,-0.185647
20,3.0000,30,5.702353,4.365019,-1.575231,0.500000,0.040158
20,3.1000,31,5.702232,4.315020,-1.571215,0.500000,-0.035417
20,3.2000,32,5.702122,4.265020,-1.574757,0.500000,-0.003348
20,3.3000,33,5.701916,4.215020,-1.575092,0.500000,0.095464
20,3.4000,34,5.701940,4.165020,-1.565546,0.500000,-0.039849
20,3.5000,35,5.702102,4.115021,-1.569530,0.500000,-0.030656
20,3.6000,36,5.702089,4.065021,-1.572596,0.496413,-0.097233
20,3.7000,37,5.701758,4.015381,-1.582319,0.500000,-0.080911
20,3.8000,38,5.700980,3.965387,-1.590410,0.475600,0.024311
20,3.9000,39,5.700105,3.917835,-1.587979,0.488945,0.270617
20,4.0000,40,5.699927,3.868942,-1.560918,0.500000,0.196463
20,4.1000,41,5.700912,3.818953,-1.541271,0.471547,-0.153137
20,4.2000,42,5.701943,3.771810,-1.556585,0.500000,-0.115066
20,4.3000,43,5.702366,3.721812,-1.568091,0.486445,0.026489
20,4.4000,44,5.702562,3.673168,-1.565443,0.485931,-0.105140
20,4.5000,45,5.702566,3.624575,-1.575957,0.500000,-0.041101
20,4.6000,46,5.702205,3.574576,-1.580067,0.493909,-0.356721
20,4.7000,47,5.700867,3.525206,-1.615739,0.500000,-0.620292
20,4.8000,48,5.697073,3.475358,-1.677768,0.500000,-0.899119
20,4.9000,49,5.689509,3.425951,-1.767680,0.442621,-0.811251
20,5.0000,50,5.679100,3.382943,-1.848805,0.438551,-1.355853
20,5.1000,51,5.664247,3.341715,-1.984390,0.370253,-1.392002
20,5.2000,52,5.647058,3.308955,-2.123590,0.423696,-1.624305
20,5.3000,53,5.621987,3.274857,-2.286021,0.421105,-1.402932
20,5.4000,54,5.592236,3.245104,-2.426314,0.402160,-1.274776
20,5.5000,55,5.560279,3.220733,-2.553792,0.440381,-1.370318
20,5.6000,56,5.522077,3.198896,-2.690824,0.441220,-1.177725
20,5.7000,57,5.481323,3.182054,-2.808596,0.447807,-1.020241
20,5.8000,58,5.438330,3.169599,-2.910620,0.431584,-0.897443
20,5.9000,59,5.395931,3.161616,-3.000364,0.500000,-0.687972
20,6.0000,60,5.346225,3.156286,-3.069162,0.471710,-0.552955
20,6.1000,61,5.299108,3.154174,-3.124457,0.500000,-0.427998
20,6.2000,62,5.249112,3.154387,-3.167257,0.500000,-0.468665
20,6.3000,63,5.199177,3.156841,-3.214123,0.500000,-0.347138
20,6.4000,64,5.149381,3.161329,-3.248837,0.500000,-0.259767
20,6.5000,65,5.099744,3.167326,-3.274814,0.500000,-0.150764
20,6.6000,66,5.050239,3.174341,-3.289890,0.500000,0.411750
20,6.7000,67,5.000649,3.180708,-3.248715,0.464281,0.094371
20,6.8000,68,4.954464,3.185455,-3.239278,0.500000,0.102626
20,6.9000,69,4.904679,3.190076,-3.229016,0.500000,-0.014660
20,7.0000,70,4.854873,3.194478,-3.230482,0.500000,0.220553
20,7.1000,71,4.805025,3.198367,-3.208426,0.500000,0.144223
20,7.2000,72,4.755115,3.201346,-3.194004,0.500000,0.007476
20,7.3000,73,4.705182,3.203947,-3.193256,0.500000,0.105991
20,7.4000,74,4.655236,3.206264,-3.182657,0.500000,0.233875
20,7.5000,75,4.605259,3.207733,-3.159270,0.500000,0.204813
20,7.6000,76,4.555261,3.208104,-3.138788,0.500000,-0.063539
20,7.7000,77,4.505261,3.208123,-3.145142,0.500000,0.056156
20,7.8000,78,4.455261,3.208160,-3.139527,0.491331,-0.741849
20,7.9000,79,4.406170,3.209880,-3.213712,0.478171,-0.681771
20,8.0000,80,4.358631,3.214948,-3.281889,0.480612,-0.825371
20,8.1000,81,4.311374,3.223624,-3.364426,0.470677,-1.253244
20,8.2000,82,4.266241,3.236871,-3.489750,0.401997,-1.550694
20,8.3000,83,4.229665,3.253455,-3.644820,0.427742,-1.355951
20,8.4000,84,4.193705,3.276557,-3.780415,0.422482,-1.433248
20,8.5000,85,4.161706,3.304087,-3.923740,0.393709,-1.245902
20,8.6000,86,4.135575,3.333502,-4.048330,0.431760,-1.084376
20,8.7000,87,4.110858,3.368878,-4.156767,0.417132,-1.326098
20,8.8000,88,4.091267,3.405669,-4.289377,0.463673,-1.234546
20,8.9000,89,4.074887,3.449016,-4.412832,0.454423,-0.726268
20,9.0000,90,4.063065,3.492883,-4.485458,0.482023,-0.862382
20,9.1000,91,4.054258,3.540259,-4.571697,0.500000,-0.634442
20,9.2000,92,4.048821,3.589954,-4.635141,0.493137,-0.609477
20,9.3000,93,4.046515,3.639206,-4.696089,0.500000,-0.578101
20,9.4000,94,4.047145,3.689195,-4.753899,0.500000,-0.151426
20,9.5000,95,4.049599,3.739134,-4.769041,0.499655,0.030125
20,9.6000,96,4.052353,3.789024,-4.766029,0.500000,-0.104878
20,9.7000,97,4.055295,3.838937,-4.776516,0.482780,-0.118199
20,9.8000,98,4.058673,3.887096,-4.788336,0.500000,0.066409
20,9.9000,99,4.062302,3.936964,-4.781695,0.500000,0.018412
20,10.0000,100,4.065718,3.986848,-4.779854,0.500000,-0.043480
21,0.0000,0,5.091714,3.985674,3.234347,0.202262,-2.000000
21,0.1000,1,5.071522,3.985820,3.034347,0.266860,-2.000000
21,0.2000,2,5.045450,3.991302,2.834347,0.337703,-2.000000
21,0.3000,3,5.014493,4.004656,2.634347,0.383610,-1.681667
21,0.4000,4,4.982684,4.026015,2.466181,0.417711,-1.651442
21,0.5000,5,4.952383,4.054699,2.301037,0.439773,-1.385424
21,0.6000,6,4.925408,4.089386,2.162494,0.458307,-0.907168
21,0.7000,7,4.901604,4.128532,2.071777,0.470853,-0.702221
21,0.8000,8,4.880457,4.170591,2.001555,0.500000,-0.424801
21,0.9000,9,4.860551,4.216453,1.959075,0.447932,-0.519842
21,1.0000,10,4.844677,4.258334,1.907091,0.488801,-0.359075
21,1.1000,11,4.829379,4.304756,1.871183,0.483877,-0.283813
21,1.2000,12,4.815719,4.351174,1.842802,0.500000,-0.613119
21,1.3000,13,4.803770,4.399717,1.781490,0.472919,-0.566948
21,1.4000,14,4.795196,4.446219,1.724795,0.459507,-0.459469
21,1.5000,15,4.789193,4.491771,1.678848,0.500000,-0.311414
21,1.6000,16,4.784575,4.541556,1.647707,0.500000,0.291817
21,1.7000,17,4.780007,4.591345,1.676889,0.466335,0.614514
21,1.8000,18,4.773647,4.637535,1.738340,0.452028,1.064679
21,1.9000,19,4.763753,4.681620,1.844808,0.459913,1.034640
21,2.0000,20,4.749042,4.725173,1.948272,0.450982,1.132472
21,2.1000,21,4.730084,4.766067,2.061519,0.445323,1.444438
21,2.2000,22,4.706339,4.803695,2.205963,0.426550,1.441879
21,2.3000,23,4.678647,4.836090,2.350151,0.427394,1.472821
21,2.4000,24,4.646483,4.864176,2.497433,0.467546,1.282764
21,2.5000,25,4.607402,4.889782,2.625710,0.435347,1.076244
21,2.6000,26,4.568451,4.909180,2.733334,0.449500,1.141721
21,2.7000,27,4.526268,4.924635,2.847506,0.499829,0.847889
21,2.8000,28,4.477874,4.937079,2.932295,0.429447,0.800584
21,2.9000,29,4.435554,4.944312,3.012353,0.474748,0.635543
21,3.0000,30,4.388313,4.948930,3.075908,0.500000,0.298011
21,3.1000,31,4.338379,4.951469,3.105709,0.466286,0.477719
21,3.2000,32,4.291758,4.952028,3.153481,0.500000,0.490447
21,3.3000,33,4.241796,4.950208,3.202525,0.498000,0.333161
21,3.4000,34,4.192148,4.946348,3.235841,0.492484,-0.009695
21,3.5000,35,4.143116,4.941737,3.234872,0.499482,0.011193
21,3.6000,36,4.093388,4.937057,3.235991,0.454022,-0.007079
21,3.7000,37,4.048186,4.932793,3.235283,0.491609,0.037864
21,3.8000,38,3.999250,4.928101,3.239070,0.500000,0.002486
21,3.9000,39,3.949488,4.923229,3.239318,0.500000,-0.022478
21,4.0000,40,3.899721,4.918407,3.237071,0.500000,0.060104
21,4.1000,41,3.849963,4.913490,3.243081,0.500000,-0.224094
21,4.2000,42,3.800168,4.908982,3.220672,0.500000,-0.201639
21,4.3000,43,3.750288,4.905535,3.200508,0.500000,0.051780
21,4.4000,44,3.700382,4.902462,3.205686,0.500000,-0.174756
21,4.5000,45,3.650460,4.899696,3.188210,0.472938,-0.080047
21,4.6000,46,3.603209,4.897681,3.180205,0.497625,-0.036592
21,4.7000,47,3.553480,4.895851,3.176546,0.500000,-0.051289
21,4.8000,48,3.503506,4.894232,3.171417,0.500000,-0.146284
21,4.9000,49,3.453519,4.893106,3.156789,0.500000,-0.272953
21,5.0000,50,3.403521,4.893029,3.129494,0.500000,-0.146633
21,5.1000,51,3.353531,4.894000,3.114830,0.464698,-0.015040
21,5.2000,52,3.307079,4.895279,3.113326,0.494251,0.115396
21,5.3000,53,3.257666,4.896391,3.124866,0.484496,-0.114191
21,5.4000,54,3.209229,4.897477,3.113447,0.500000,0.093770
21,5.5000,55,3.159243,4.898650,3.122824,0.483249,0.046280
21,5.6000,56,3.110925,4.899445,3.127452,0.476048,0.042592
21,5.7000,57,3.063324,4.900017,3.131711,0.484224,0.367677
21,5.8000,58,3.014906,4.899605,3.168479,0.481017,0.828968
21,5.9000,59,2.966930,4.896322,3.251376,0.445428,1.127358
21,6.0000,60,2.923024,4.888959,3.364111,0.477253,0.856298
21,6.1000,61,2.876983,4.876448,3.449741,0.460027,0.861447
21,6.2000,62,2.833802,4.860626,3.535886,0.490631,0.830847
21,6.3000,63,2.789338,4.839919,3.618971,0.487495,0.678832
21,6.4000,64,2.746832,4.816069,3.686854,0.474573,0.832872
21,6.5000,65,2.707327,4.789795,3.770141,0.480146,0.808156
21,6.6000,66,2.669672,4.760026,3.850957,0.459212,1.072723
21,6.7000,67,2.636497,4.728306,3.958229,0.445691,0.942204
21,6.8000,68,2.607556,4.694433,4.052449,0.427944,1.107046
21,6.9000,69,2.583243,4.659243,4.163154,0.455467,1.113936
21,7.0000,70,2.561677,4.619152,4.274547,0.455823,0.779264
21,7.1000,71,2.543978,4.577159,4.352474,0.469858,0.795289
21,7.2000,72,2.529195,4.532572,4.432003,0.459631,0.935247
21,7.3000,73,2.518558,4.487874,4.525528,0.490435,0.638144
21,7.4000,74,2.510990,4.439426,4.589342,0.485625,0.464759
21,7.5000,75,2.506152,4.391110,4.635818,0.462595,0.555822
21,7.6000,76,2.503896,4.344911,4.691400,0.500000,0.407149
21,7.7000,77,2.503865,4.294915,4.732115,0.476369,0.241904
21,7.8000,78,2.505380,4.247303,4.756305,0.496954,0.160128
21,7.9000,79,2.507960,4.197675,4.772318,0.473001,0.137159
21,8.0000,80,2.511116,4.150481,4.786034,0.496004,-0.098492
21,8.1000,81,2.514522,4.100998,4.776185,0.462946,-0.126410
21,8.2000,82,2.517181,4.054780,4.763544,0.484281,0.012378
21,8.3000,83,2.519688,4.006417,4.764782,0.500000,-0.203955
21,8.4000,84,2.521797,3.956462,4.744386,0.500000,0.052249
21,8.5000,85,2.523527,3.906492,4.749611,0.484620,-0.143902
21,8.6000,86,2.524982,3.858053,4.735221,0.500000,-0.079490
21,8.7000,87,2.525924,3.808062,4.727272,0.500000,-0.090414
21,8.8000,88,2.526443,3.758064,4.718230,0.493979,-0.196568
21,8.9000,89,2.526246,3.708668,4.698574,0.495481,-0.126425
21,9.0000,90,2.525248,3.659130,4.685931,0.480745,0.069965
21,9.1000,91,2.524144,3.611068,4.692928,0.488914,0.218929
21,9.2000,92,2.523728,3.562180,4.714820,0.494572,0.022394
21,9.3000,93,2.523904,3.512723,4.717060,0.500000,-0.222839
21,9.4000,94,2.523580,3.462725,4.694776,0.454985,-0.196985
21,9.5000,95,2.522331,3.417244,4.675077,0.495938,0.129216
21,9.6000,96,2.520801,3.367674,4.687999,0.486997,0.007690
21,9.7000,97,2.519632,3.318989,4.688768,0.500000,0.254938
21,9.8000,98,2.519088,3.268993,4.714262,0.488703,-0.131673
21,9.9000,99,2.518858,3.220124,4.701094,0.498658,-0.041880
21,10.0000,100,2.518191,3.170262,4.696906,0.453690,-0.051362
21,10.1000,101,2.517372,3.124901,4.691770,0.487809,-0.053686
21,10.2000,102,2.516235,3.076133,4.686402,0.480250,0.055126
21,10.3000,103,2.515119,3.028121,4.691914,0.500000,0.015472
21,10.4000,104,2.514134,2.978131,4.693461,0.500000,-0.134241
21,10.5000,105,2.512853,2.928148,4.680037,0.482562,-0.072731
21,10.6000,106,2.511116,2.879923,4.672764,0.500000,0.106190
21,10.7000,107,2.509401,2.829953,4.683383,0.500000,-0.079062
21,10.8000,108,2.507753,2.779980,4.675477,0.499766,-0.302023
21,10.9000,109,2.505155,2.730073,4.645275,0.470438,-0.663065
21,11.0000,110,2.500447,2.683274,4.578968,0.485045,-0.601844
21,11.1000,111,2.492552,2.635424,4.518784,0.481819,-0.883959
21,11.2000,112,2.481206,2.588613,4.430388,0.458321,-0.881366
21,11.3000,113,2.466530,2.545210,4.342251,0.404901,-0.940574
21,11.4000,114,2.450130,2.508206,4.248194,0.457664,-1.236324
21,11.5000,115,2.427166,2.468651,4.124562,0.451622,-1.178668
21,11.6000,116,2.399967,2.432631,4.006695,0.434195,-0.934020
21,11.7000,117,2.370305,2.400944,3.913293,0.454836,-1.216184
21,11.8000,118,2.335860,2.371284,3.791674,0.500000,-1.036498
21,11.9000,119,2.294562,2.343136,3.688025,0.450242,-0.883938
21,12.0000,120,2.255111,2.321469,3.599631,0.488422,-0.830166
21,12.1000,121,2.210458,2.301714,3.516614,0.419450,-0.756760
21,12.2000,122,2.170884,2.287840,3.440938,0.483784,-0.619087
21,12.3000,123,2.124245,2.275014,3.379029,0.500000,-0.461085
21,12.4000,124,2.075394,2.264377,3.332921,0.486817,-0.603406
21,12.5000,125,2.027351,2.256567,3.272580,0.500000,-0.424502
22,0.0000,0,1.033188,3.354351,0.785537,0.312670,-2.000000
22,0.1000,1,1.057351,3.374113,0.585537,0.354351,-2.000000
22,0.2000,2,1.088638,3.390622,0.385537,0.402842,-1.761323
22,0.3000,3,1.127104,3.402414,0.209405,0.404922,-1.433109
22,0.4000,4,1.167178,3.407970,0.066094,0.461957,-1.072806
22,0.5000,5,1.213348,3.408545,-0.041187,0.483063,-0.944958
22,0.6000,6,1.261447,3.404280,-0.135682,0.474728,-0.692768
22,0.7000,7,1.308224,3.396235,-0.204959,0.470682,-0.287471
22,0.8000,8,1.354163,3.385995,-0.233706,0.500000,-0.183198
22,0.9000,9,1.402695,3.373970,-0.252026,0.491700,-0.139844
22,1.0000,10,1.450224,3.361377,-0.266010,0.491513,0.070295
22,1.1000,11,1.497692,3.348622,-0.258981,0.500000,0.259600
22,1.2000,12,1.546185,3.336446,-0.233021,0.466209,0.252407
22,1.3000,13,1.591677,3.326254,-0.207780,0.499978,0.309291
22,1.4000,14,1.640751,3.316698,-0.176851,0.475547,0.313263
22,1.5000,15,1.687688,3.309067,-0.145525,0.490317,0.332458
22,1.6000,16,1.736310,3.302764,-0.112279,0.500000,0.325021
22,1.7000,17,1.786078,3.297970,-0.079777,0.500000,0.265717
22,1.8000,18,1.835966,3.294648,-0.053205,0.500000,0.274978
22,1.9000,19,1.885925,3.292676,-0.025707,0.482776,0.079916
22,2.0000,20,1.934191,3.291628,-0.017716,0.498849,0.086946
22,2.1000,21,1.984072,3.290961,-0.009021,0.500000,0.146361
22,2.2000,22,2.034071,3.290876,0.005615,0.473084,0.083588
22,2.3000,23,2.081377,3.291339,0.013974,0.500000,0.363294
22,2.4000,24,2.131348,3.292946,0.050303,0.500000,0.469193
22,2.5000,25,2.181208,3.296630,0.097222,0.500000,0.390143
22,2.6000,26,2.230864,3.302453,0.136237,0.446384,0.263793
22,2.7000,27,2.275004,3.309098,0.162616,0.489685,0.333322
22,2.8000,28,2.323186,3.317830,0.195948,0.500000,0.506149
22,2.9000,29,2.371962,3.328802,0.246563,0.500000,0.609891
22,3.0000,30,2.420047,3.342476,0.307552,0.486325,0.590683
22,3.1000,31,2.465936,3.358558,0.366621,0.495644,0.625638
22,3.2000,32,2.511621,3.377761,0.429184,0.477275,0.775466
22,3.3000,33,2.554207,3.399283,0.506731,0.453325,0.638612
22,3.4000,34,2.593113,3.422534,0.570592,0.489816,0.614926
22,3.5000,35,2.633496,3.450241,0.632085,0.496316,0.567798
22,3.6000,36,2.672685,3.480686,0.688865,0.494236,0.471706
22,3.7000,37,2.710083,3.512990,0.736035,0.500000,-0.078901
22,3.8000,38,2.747272,3.546411,0.728145,0.471445,-0.295647
22,3.9000,39,2.782920,3.577261,0.698580,0.500000,-0.630199
22,4.0000,40,2.822195,3.608190,0.635560,0.477858,-0.745742
22,4.1000,41,2.861672,3.635098,0.560986,0.494412,-0.859494
22,4.2000,42,2.904614,3.659571,0.475037,0.457302,-0.883489
22,4.3000,43,2.946151,3.678664,0.386688,0.492349,-0.792445
22,4.4000,44,2.992438,3.695407,0.307443,0.496492,-0.749201
22,4.5000,45,3.040278,3.708646,0.232523,0.483024,-0.748476
22,4.6000,46,3.087653,3.718008,0.157676,0.485461,-0.707187
22,4.7000,47,3.135826,3.723930,0.086957,0.495238,-0.526877
22,4.8000,48,3.185253,3.726929,0.034269,0.496566,-0.305814
22,4.9000,49,3.234899,3.727871,0.003688,0.500000,-0.260683
22,5.0000,50,3.284895,3.727404,-0.022380,0.489517,0.039989
22,5.1000,51,3.333837,3.726407,-0.018382,0.500000,-0.144102
22,5.2000,52,3.383820,3.725127,-0.032792,0.478818,-0.086551
22,5.3000,53,3.431668,3.723350,-0.041447,0.481599,-0.004040
22,5.4000,54,3.479787,3.721345,-0.041851,0.492239,-0.229888
22,5.5000,55,3.528939,3.718721,-0.064840,0.500000,-0.335611
22,5.6000,56,3.578771,3.714644,-0.098401,0.490758,-0.711636
22,5.7000,57,3.627396,3.708090,-0.169564,0.450918,-0.700608
22,5.8000,58,3.671539,3.698931,-0.239625,0.469555,-0.867743
22,5.9000,59,3.716612,3.685822,-0.326399,0.430236,-0.964074
22,6.0000,60,3.756637,3.670086,-0.422807,0.436704,-0.760944
22,6.1000,61,3.795742,3.650670,-0.498901,0.478629,-0.874353
22,6.2000,62,3.836716,3.625962,-0.586336,0.480274,-0.772581
22,6.3000,63,3.875656,3.597870,-0.663595,0.423600,-0.782777
22,6.4000,64,3.907972,3.570499,-0.741872,0.500000,-0.989294
22,6.5000,65,3.943102,3.534949,-0.840802,0.477488,-0.944007
22,6.6000,66,3.973219,3.497919,-0.935202,0.458881,-0.699352
22,6.7000,67,3.999148,3.460070,-1.005137,0.444495,-0.831833
22,6.8000,68,4.021384,3.421597,-1.088321,0.448056,-0.919609
22,6.9000,69,4.040320,3.381007,-1.180282,0.496897,-0.761355
22,7.0000,70,4.057468,3.334383,-1.256417,0.488462,-0.584379
22,7.1000,71,4.071207,3.287516,-1.314855,0.497539,-0.485702
22,7.2000,72,4.082629,3.239095,-1.363425,0.500000,-0.392768
22,7.3000,73,4.091960,3.189977,-1.402702,0.497835,-0.227849
22,7.4000,74,4.099729,3.140805,-1.425487,0.476835,-0.249630
22,7.5000,75,4.106044,3.093542,-1.450450,0.487487,-0.254400
22,7.6000,76,4.111281,3.045077,-1.475890,0.500000,0.141202
22,7.7000,77,4.116370,2.995337,-1.461770,0.500000,0.270969
22,7.8000,78,4.122483,2.945714,-1.434673,0.455597,0.115507
22,7.9000,79,4.128926,2.900612,-1.423122,0.468438,0.056681
22,8.0000,80,4.135950,2.854298,-1.417454,0.498734,-0.148654
23,0.0000,0,2.414172,5.238187,-0.389925,0.310871,-2.000000
23,0.1000,1,2.441557,5.223584,-0.589925,0.342587,-1.795998
23,0.2000,2,2.468166,5.202078,-0.769525,0.408317,-1.616023
23,0.3000,3,2.495075,5.171427,-0.931127,0.429443,-1.398154
23,0.4000,4,2.518221,5.135296,-1.070943,0.472361,-1.070925
23,0.5000,5,2.538600,5.092707,-1.178035,0.470023,-0.904693
23,0.6000,6,2.554603,5.048530,-1.268504,0.500000,-0.569746
23,0.7000,7,2.568121,5.000399,-1.325479,0.500000,-0.600460
23,0.8000,8,2.578801,4.951560,-1.385525,0.500000,-0.426128
23,0.9000,9,2.586962,4.902235,-1.428138,0.500000,-0.180563
23,1.0000,10,2.593623,4.852681,-1.446194,0.498669,-0.060310
23,1.1000,11,2.599671,4.803182,-1.452225,0.500000,-0.064144
23,1.2000,12,2.605427,4.753515,-1.458639,0.500000,-0.040957
23,1.3000,13,2.610921,4.703818,-1.462735,0.500000,0.130821
23,1.4000,14,2.616639,4.654146,-1.449653,0.500000,0.396332
23,1.5000,15,2.623663,4.604645,-1.410020,0.500000,0.434738
23,1.6000,16,2.632737,4.555480,-1.366546,0.500000,0.696092
23,1.7000,17,2.644574,4.506911,-1.296937,0.491650,0.586468
23,1.8000,18,2.659251,4.459995,-1.238290,0.493772,0.571675
23,1.9000,19,2.676693,4.413809,-1.181122,0.482065,0.863290
23,2.0000,20,2.696907,4.370061,-1.094793,0.486587,0.443251
23,2.1000,21,2.720155,4.327320,-1.050468,0.454697,0.880145
23,2.2000,22,2.744467,4.288913,-0.962454,0.445631,0.892531
23,2.3000,23,2.771532,4.253529,-0.873201,0.415391,1.315952
23,2.4000,24,2.800230,4.223539,-0.741605,0.443064,0.951685
23,2.5000,25,2.834275,4.195210,-0.646437,0.466446,1.141149
23,2.6000,26,2.873029,4.169297,-0.532322,0.446245,1.014588
23,2.7000,27,2.912561,4.148636,-0.430863,0.462591,1.017484
23,2.8000,28,2.955502,4.131485,-0.329115,0.467729,0.689590
23,2.9000,29,3.000250,4.117906,-0.260156,0.448280,0.583241
23,3.0000,30,3.043881,4.107644,-0.201832,0.477807,0.009257
23,3.1000,31,3.090697,4.098087,-0.200906,0.497772,-0.079748
23,3.2000,32,3.139433,4.087959,-0.208881,0.482801,-0.323567
23,3.3000,33,3.186493,4.077186,-0.241238,0.500000,-0.485601
23,3.4000,34,3.234736,4.064066,-0.289798,0.471469,-0.506957
23,3.5000,35,3.279556,4.049455,-0.340493,0.464149,-0.722988
23,3.6000,36,3.322708,4.032387,-0.412792,0.494260,-0.606366
23,3.7000,37,3.367354,4.011199,-0.473429,0.453468,-0.417124
23,3.8000,38,3.407270,3.989688,-0.515141,0.497685,-0.474198
23,3.9000,39,3.449983,3.964151,-0.562561,0.487426,-0.416054
23,4.0000,40,3.490661,3.937304,-0.604166,0.477838,-0.521207
23,4.1000,41,3.529261,3.909147,-0.656287,0.492295,-0.341333
23,4.2000,42,3.567743,3.878448,-0.690420,0.467814,-0.259421
23,4.3000,43,3.603420,3.848191,-0.716362,0.489910,-0.338466
23,4.4000,44,3.639818,3.815402,-0.750209,0.500000,-0.380323
23,4.5000,45,3.675738,3.780625,-0.788241,0.500000,-0.146221
23,4.6000,46,3.710732,3.744913,-0.802863,0.500000,0.028266
23,4.7000,47,3.745516,3.708995,-0.800037,0.500000,-0.506324
23,4.8000,48,3.779427,3.672259,-0.850669,0.477843,-0.121919
23,4.9000,49,3.810720,3.636147,-0.862861,0.471453,-0.494558
23,5.0000,50,3.840479,3.599588,-0.912317,0.483864,-0.585926
23,5.1000,51,3.868949,3.560472,-0.970910,0.500000,-0.524174
23,5.2000,52,3.896083,3.518482,-1.023327,0.480534,-0.380836
23,5.3000,53,3.920309,3.476985,-1.061410,0.479446,-0.535900
23,5.4000,54,3.942556,3.434521,-1.115000,0.487345,-0.285904
23,5.5000,55,3.963379,3.390461,-1.143591,0.482684,-0.593041
23,5.6000,56,3.982064,3.345964,-1.202895,0.500000,-0.455513
23,5.7000,57,3.998978,3.298916,-1.248446,0.483442,-0.233217
23,5.8000,58,4.013758,3.252888,-1.271768,0.491342,-0.335816
23,5.9000,59,4.027441,3.205700,-1.305350,0.498904,-0.234997
23,6.0000,60,4.039963,3.157407,-1.328849,0.500000,-0.162794
23,6.1000,61,4.051547,3.108768,-1.345129,0.492588,0.199845
23,6.2000,62,4.063048,3.060872,-1.325144,0.482721,-0.001994
23,6.3000,63,4.074782,3.014048,-1.325344,0.500000,0.127645
23,6.4000,64,4.087241,2.965625,-1.312579,0.500000,-0.001022
23,6.5000,65,4.100007,2.917282,-1.312681,0.500000,-0.021730
23,6.6000,66,4.112717,2.868925,-1.314854,0.500000,0.060909
23,6.7000,67,4.125522,2.820592,-1.308763,0.468627,0.285959
23,6.8000,68,4.138307,2.775509,-1.280168,0.490805,0.019731
23,6.9000,69,4.152418,2.728500,-1.278194,0.500000,0.075005
23,7.0000,70,4.167019,2.680680,-1.270694,0.485119,-0.101350
23,7.1000,71,4.181125,2.634265,-1.280829,0.500000,0.268221
23,7.2000,72,4.196062,2.586549,-1.254007,0.500000,-0.117435
24,0.0000,0,4.058916,0.837216,4.032137,0.206476,-2.000000
24,0.1000,1,4.044416,0.822566,3.832137,0.260626,-2.000000
24,0.2000,2,4.022803,0.808078,3.632137,0.361694,-2.000000
24,0.3000,3,3.989413,0.794331,3.432137,0.333381,-1.788991
24,0.4000,4,3.956790,0.787681,3.253238,0.427341,-1.664584
24,0.5000,5,3.914123,0.786468,3.086779,0.419953,-1.518058
24,0.6000,6,3.872526,0.791937,2.934973,0.459977,-1.204565
24,0.7000,7,3.828183,0.804059,2.814517,0.500000,-0.989708
24,0.8000,8,3.781705,0.822438,2.715546,0.488268,-0.838671
24,0.9000,9,3.738141,0.844456,2.631679,0.477428,-0.481616
24,1.0000,10,3.697049,0.868754,2.583517,0.473676,-0.260338
24,1.1000,11,3.657199,0.894358,2.557484,0.482183,-0.177022
24,1.2000,12,3.617212,0.921303,2.539781,0.481390,0.008567
24,1.3000,13,3.577519,0.948539,2.540638,0.471059,-0.006013
24,1.4000,14,3.538674,0.975186,2.540037,0.497698,-0.204087
24,1.5000,15,3.497932,1.003768,2.519628,0.484033,-0.034354
24,1.6000,16,3.458641,1.032037,2.516193,0.477556,-0.145077
24,1.7000,17,3.420128,1.060274,2.501685,0.444653,-0.147350
24,1.8000,18,3.384657,1.087087,2.486950,0.479623,-0.297393
24,1.9000,19,3.347050,1.116852,2.457211,0.482981,-0.199494
24,2.0000,20,3.309936,1.147757,2.437261,0.487891,-0.120211
24,2.1000,21,3.272947,1.179572,2.425240,0.500000,-0.232698
24,2.2000,22,3.235622,1.212839,2.401970,0.483782,-0.412407
24,2.3000,23,3.200566,1.246174,2.360730,0.459367,-0.779965
24,2.4000,24,3.169231,1.279748,2.282733,0.414089,-0.813594
24,2.5000,25,3.143483,1.312164,2.201374,0.463041,-0.705644
24,2.6000,26,3.117523,1.350495,2.130809,0.463251,-0.888929
24,2.7000,27,3.094691,1.390785,2.041916,0.500000,-0.709910
24,2.8000,28,3.073596,1.436106,1.970925,0.465090,-0.851464
24,2.9000,29,3.057324,1.479660,1.885779,0.460739,-0.445824
24,3.0000,30,3.044031,1.523771,1.841196,0.490477,-0.443108
24,3.1000,31,3.031981,1.571311,1.796886,0.499565,-0.485526
24,3.2000,32,3.021969,1.620249,1.748333,0.484288,-0.235341
24,3.3000,33,3.013977,1.668013,1.724799,0.492470,-0.252356
24,3.4000,34,3.007038,1.716767,1.699563,0.493830,0.114170
24,3.5000,35,3.000417,1.765704,1.710980,0.500000,0.396828
24,3.6000,36,2.992451,1.815062,1.750663,0.500000,0.437576
24,3.7000,37,2.982432,1.864044,1.794421,0.460719,0.827902
24,3.8000,38,2.970368,1.908495,1.877211,0.470485,1.019153
24,3.9000,39,2.953917,1.952552,1.979126,0.407266,1.669355
24,4.0000,40,2.934708,1.988410,2.146062,0.441894,1.254775
24,4.1000,41,2.908406,2.023883,2.271539,0.419507,1.336022
24,4.2000,42,2.879299,2.054049,2.405142,0.448557,1.394929
24,4.3000,43,2.844077,2.081766,2.544634,0.452082,1.418036
24,4.4000,44,2.805014,2.104447,2.686438,0.465384,1.065029
24,4.5000,45,2.762204,2.122643,2.792941,0.477942,1.016954
24,4.6000,46,2.716533,2.136661,2.894636,0.440419,0.715364
24,4.7000,47,2.673479,2.145891,2.966173,0.495932,0.788569
24,4.8000,48,2.624356,2.152612,3.045030,0.483194,0.503812
24,4.9000,49,2.576165,2.156058,3.095411,0.466382,0.448146
24,5.0000,50,2.529544,2.157166,3.140225,0.500000,0.376087
24,5.1000,51,2.479554,2.156295,3.177834,0.490777,0.131677
24,5.2000,52,2.430522,2.154194,3.191002,0.500000,0.105229
24,5.3000,53,2.380597,2.151461,3.201525,0.500000,-0.116590
24,5.4000,54,2.330670,2.148758,3.189866,0.490463,0.162356
24,5.5000,55,2.281702,2.145993,3.206101,0.500000,-0.080256
24,5.6000,56,2.231794,2.142970,3.198076,0.500000,-0.075629
24,5.7000,57,2.181864,2.140337,3.190513,0.500000,-0.363041
24,5.8000,58,2.131890,2.138799,3.154209,0.498385,-0.378044
24,5.9000,59,2.082055,2.139112,3.116404,0.500000,0.184451
24,6.0000,60,2.032063,2.139910,3.134850,0.497815,-0.015558
24,6.1000,61,1.982282,2.140284,3.133294,0.500000,0.077068
24,6.2000,62,1.932283,2.140507,3.141001,0.457115,-0.114301
24,6.3000,63,1.886573,2.140795,3.129571,0.500000,-0.104875
24,6.4000,64,1.836580,2.141658,3.119083,0.486697,-0.141589
24,6.5000,65,1.787932,2.143098,3.104924,0.494198,0.002097
24,6.6000,66,1.738546,2.144905,3.105134,0.500000,-0.014413
24,6.7000,67,1.688580,2.146763,3.103693,0.481820,-0.010034
24,6.8000,68,1.640434,2.148613,3.102689,0.500000,-0.075892
24,6.9000,69,1.590479,2.150747,3.095100,0.498300,0.075182
24,7.0000,70,1.540695,2.152876,3.102618,0.487669,-0.035435
24,7.1000,71,1.491969,2.154863,3.099075,0.500000,0.039012
24,7.2000,72,1.442010,2.156890,3.102976,0.460965,0.002272
24,7.3000,73,1.395948,2.158665,3.103203,0.491644,-0.032665
24,7.4000,74,1.346823,2.160632,3.099937,0.500000,0.038525
24,7.5000,75,1.296862,2.162618,3.103789,0.500000,0.024351
24,7.6000,76,1.246895,2.164447,3.106224,0.460868,-0.096009
24,7.7000,77,1.200846,2.166298,3.096623,0.500000,-0.001756
24,7.8000,78,1.150897,2.168550,3.096448,0.500000,-0.194269
24,7.9000,79,1.100973,2.171291,3.077021,0.500000,0.055263
24,8.0000,80,1.051068,2.174380,3.082547,0.500000,0.019620
25,0.0000,0,2.097739,2.282656,0.261964,0.461532,-1.478674
25,0.1000,1,2.143037,2.291275,0.114097,0.461962,-1.059320
25,0.2000,2,2.189126,2.294096,0.008165,0.477852,-0.750699
25,0.3000,3,2.236879,2.292693,-0.066905,0.491089,-0.809397
25,0.4000,4,2.285692,2.287431,-0.147845,0.472972,-0.619786
25,0.5000,5,2.332227,2.279019,-0.209824,0.483441,-0.597155
25,0.6000,6,2.379182,2.267545,-0.269539,0.500000,-0.374464
25,0.7000,7,2.427116,2.253331,-0.306986,0.500000,-0.284700
25,0.8000,8,2.474557,2.237545,-0.335456,0.482098,-0.382590
25,0.9000,9,2.519765,2.220808,-0.373715,0.500000,0.038754
25,1.0000,10,2.566349,2.202644,-0.369839,0.500000,-0.085386
25,1.1000,11,2.612891,2.184372,-0.378378,0.490618,0.024618
25,1.2000,12,2.658505,2.166304,-0.375916,0.470146,-0.176850
25,1.3000,13,2.702081,2.148658,-0.393601,0.500000,-0.303375
25,1.4000,14,2.747960,2.128785,-0.423938,0.469876,-0.436459
25,1.5000,15,2.790353,2.108528,-0.467584,0.477939,-0.577370
25,1.6000,16,2.832371,2.085767,-0.525321,0.428493,-1.070742
25,1.7000,17,2.868223,2.062336,-0.632395,0.430770,-0.972175
25,1.8000,18,2.901678,2.035227,-0.729613,0.454178,-1.077861
25,1.9000,19,2.933838,2.003188,-0.837399,0.443674,-1.253833
25,2.0000,20,2.961396,1.968454,-0.962782,0.463311,-1.106286
25,2.1000,21,2.985707,1.929041,-1.073411,0.463313,-1.071751
25,2.2000,22,3.005591,1.887218,-1.180586,0.422721,-0.967807
25,2.3000,23,3.019755,1.847407,-1.277367,0.463290,-0.899753
25,2.4000,24,3.031143,1.802516,-1.367342,0.495998,-0.798546
25,2.5000,25,3.039216,1.753591,-1.447197,0.455223,-0.655031
25,2.6000,26,3.043345,1.708264,-1.512700,0.500000,-0.136473
25,2.7000,27,3.045908,1.658330,-1.526347,0.500000,0.257744
25,2.8000,28,3.048773,1.608414,-1.500573,0.500000,0.510358
25,2.9000,29,3.053552,1.558648,-1.449537,0.457097,0.449607
25,3.0000,30,3.060099,1.513414,-1.404576,0.500000,0.775977
25,3.1000,31,3.070276,1.464473,-1.326978,0.459466,0.784902
25,3.2000,32,3.083105,1.420366,-1.248488,0.476029,0.696082
25,3.3000,33,3.099743,1.375776,-1.178880,0.473690,0.814078
25,3.4000,34,3.119597,1.332783,-1.097472,0.458486,0.750466
25,3.5000,35,3.142008,1.292797,-1.022426,0.476492,0.546621
25,3.6000,36,3.167946,1.252833,-0.967763,0.500000,0.326539
25,3.7000,37,3.196970,1.212123,-0.935110,0.493744,0.419412
25,3.8000,38,3.227110,1.173019,-0.893168,0.500000,0.200724
25,3.9000,39,3.258846,1.134383,-0.873096,0.500000,0.036976
25,4.0000,40,3.291039,1.096127,-0.869398,0.500000,0.108077
25,4.1000,41,3.323509,1.058105,-0.858591,0.495412,0.258497
25,4.2000,42,3.356366,1.021029,-0.832741,0.494392,0.199142
25,4.3000,43,3.389993,0.984788,-0.812827,0.500000,0.084662
25,4.4000,44,3.424519,0.948622,-0.804360,0.500000,-0.246794
25,4.5000,45,3.458749,0.912179,-0.829040,0.500000,-0.126232
25,4.6000,46,3.492295,0.875102,-0.841663,0.500000,0.101910
26,0.0000,0,0.370413,1.836113,0.391174,0.447943,1.013922
26,0.1000,1,0.410888,1.855260,0.492566,0.488186,1.000234
26,0.2000,2,0.452678,1.880457,0.592589,0.500000,0.448987
26,0.3000,3,0.493512,1.909304,0.637488,0.500000,0.242329
26,0.4000,4,0.533327,1.939546,0.661721,0.500000,0.031772
26,0.5000,5,0.572725,1.970333,0.664898,0.499446,-0.159620
26,0.6000,6,0.612275,2.000833,0.648936,0.481035,-0.460674
26,0.7000,7,0.651256,2.029011,0.602869,0.500000,-0.322694
26,0.8000,8,0.692892,2.056692,0.570599,0.492929,-0.625792
26,0.9000,9,0.735181,2.082002,0.508020,0.500000,-0.473546
26,1.0000,10,0.779426,2.105281,0.460666,0.464631,-0.520266
26,1.1000,11,0.821564,2.124844,0.408639,0.500000,-0.433671
26,1.2000,12,0.867864,2.143711,0.365272,0.500000,-0.774431
26,1.3000,13,0.915210,2.159746,0.287829,0.500000,-0.356150
26,1.4000,14,0.963395,2.173083,0.252214,0.500000,-0.280128
26,1.5000,15,1.011982,2.184880,0.224201,0.500000,-0.125514
26,1.6000,16,1.060799,2.195691,0.211650,0.500000,-0.159789
26,1.7000,17,1.109765,2.205803,0.195671,0.500000,-0.095605
26,1.8000,18,1.158857,2.215290,0.186110,0.486703,-0.125711
26,1.9000,19,1.206742,2.223995,0.173539,0.500000,-0.293381
26,2.0000,20,1.256110,2.231905,0.144201,0.500000,-0.012605
26,2.1000,21,1.305596,2.239059,0.142941,0.500000,0.005875
26,2.2000,22,1.355084,2.246196,0.143528,0.471286,-0.113329
26,2.3000,23,1.401765,2.252672,0.132195,0.486778,-0.048626
26,2.4000,24,1.450034,2.258971,0.127333,0.500000,-0.021373
26,2.5000,25,1.499636,2.265268,0.125195,0.461964,0.248877
26,2.6000,26,1.545394,2.271606,0.150083,0.494679,0.018707
26,2.7000,27,1.594299,2.279048,0.151954,0.485040,0.110235
26,2.8000,28,1.642202,2.286654,0.162977,0.497190,0.074190
26,2.9000,29,1.691232,2.294903,0.170396,0.447400,0.016250
26,3.0000,30,1.735318,2.302526,0.172021,0.470800,0.097271
26,3.1000,31,1.781663,2.310810,0.181748,0.500000,0.094081
26,3.2000,32,1.830796,2.320079,0.191156,0.493574,0.059009
26,3.3000,33,1.879227,2.329600,0.197057,0.460383,0.139172
26,3.4000,34,1.924310,2.338927,0.210974,0.500000,0.086874
26,3.5000,35,1.973155,2.349610,0.219662,0.500000,-0.154801
26,3.6000,36,2.022036,2.360127,0.204182,0.491816,-0.155039
26,3.7000,37,2.070272,2.369725,0.188678,0.480696,-0.030884
26,3.8000,38,2.117502,2.378668,0.185589,0.500000,0.102523
26,3.9000,39,2.166595,2.388146,0.195842,0.500000,0.430309
26,4.0000,40,2.215415,2.398928,0.238873,0.482663,0.547745
26,4.1000,41,2.261975,2.411627,0.293647,0.470704,0.604703
26,4.2000,42,2.306591,2.426604,0.354117,0.439333,1.051467
26,4.3000,43,2.346922,2.443975,0.459264,0.417549,1.189006
26,4.4000,44,2.383163,2.464664,0.578165,0.405548,1.420547
26,4.5000,45,2.415441,2.489160,0.720219,0.435236,1.238841
26,4.6000,46,2.446296,2.519817,0.844103,0.454482,1.093020
26,4.7000,47,2.474578,2.555364,0.953405,0.423108,1.077466
26,4.8000,48,2.497168,2.591116,1.061152,0.486063,1.077884
26,4.9000,49,2.518551,2.634740,1.168940,0.487528,1.193446
26,5.0000,50,2.534900,2.680639,1.288285,0.482324,0.740706
26,5.1000,51,2.546618,2.727415,1.362356,0.500000,0.651809
26,5.2000,52,2.555364,2.776635,1.427537,0.468298,0.394019
26,5.3000,53,2.561135,2.823105,1.466938,0.478085,0.471822
26,5.4000,54,2.564968,2.870755,1.514121,0.488846,0.291048
26,5.5000,55,2.567027,2.919594,1.543226,0.474179,0.195583
26,5.6000,56,2.567870,2.967004,1.562784,0.500000,-0.011257
26,5.7000,57,2.568299,3.017002,1.561658,0.482359,0.364695
26,5.8000,58,2.567860,3.065233,1.598128,0.500000,0.153388
26,5.9000,59,2.566111,3.115202,1.613466,0.458774,-0.071257
26,6.0000,60,2.564317,3.161045,1.606341,0.500000,-0.054637
26,6.1000,61,2.562677,3.211018,1.600877,0.500000,-0.046749
26,6.2000,62,2.561290,3.260998,1.596202,0.500000,-0.019735
26,6.3000,63,2.560069,3.310983,1.594228,0.464252,-0.130276
26,6.4000,64,2.559284,3.357402,1.581201,0.475408,-0.128577
26,6.5000,65,2.559095,3.404942,1.568343,0.500000,-0.182512
26,6.6000,66,2.559673,3.454938,1.550092,0.467140,-0.294090
26,6.7000,67,2.561327,3.501621,1.520683,0.498685,-0.161380
26,6.8000,68,2.564227,3.551404,1.504545,0.500000,-0.092773
26,6.9000,69,2.567768,3.601279,1.495268,0.500000,-0.040954
26,7.0000,70,2.571643,3.651128,1.491172,0.477807,0.197163
26,7.1000,71,2.574974,3.698792,1.510889,0.493844,0.074916
26,7.2000,72,2.577746,3.748098,1.518380,0.500000,-0.114517
26,7.3000,73,2.580652,3.798014,1.506928,0.500000,0.022185
26,7.4000,74,2.583787,3.847915,1.509147,0.500000,-0.111580
26,7.5000,75,2.587146,3.897802,1.497989,0.478338,0.058031
26,7.6000,76,2.590487,3.945519,1.503792,0.500000,-0.258640
26,7.7000,77,2.594480,3.995358,1.477928,0.500000,-0.140700
26,7.8000,78,2.599467,4.045108,1.463858,0.492865,-0.012634
26,7.9000,79,2.604758,4.094110,1.462595,0.494309,0.063926
26,8.0000,80,2.609939,4.143268,1.468987,0.481231,0.170252
26,8.1000,81,2.614422,4.191181,1.486013,0.500000,0.099786
26,8.2000,82,2.618408,4.241022,1.495991,0.500000,0.141553
26,8.3000,83,2.621792,4.290907,1.510146,0.500000,-0.001406
26,8.4000,84,2.624826,4.340815,1.510006,0.488757,0.016140
26,8.5000,85,2.627756,4.389603,1.511620,0.494127,-0.207085
26,8.6000,86,2.631189,4.438895,1.490911,0.500000,-0.084490
26,8.7000,87,2.635389,4.488718,1.482462,0.500000,0.231521
26,8.8000,88,2.639223,4.538570,1.505614,0.500000,-0.112324
26,8.9000,89,2.642760,4.588444,1.494382,0.500000,-0.081587
26,9.0000,90,2.646780,4.638282,1.486223,0.484972,-0.044692
26,9.1000,91,2.650985,4.686597,1.481754,0.497473,0.074143
26,9.2000,92,2.655225,4.736163,1.489168,0.498444,0.083375
26,9.3000,93,2.659082,4.785858,1.497506,0.479633,0.147658
26,9.4000,94,2.662241,4.833717,1.512272,0.500000,-0.065171
26,9.5000,95,2.665328,4.883621,1.505755,0.500000,-0.055631
26,9.6000,96,2.668717,4.933506,1.500192,0.483320,0.016411
26,9.7000,97,2.672087,4.981720,1.501833,0.500000,-0.006625
26,9.8000,98,2.675549,5.031600,1.501170,0.500000,0.048107
26,9.9000,99,2.678907,5.081487,1.505981,0.473298,-0.278660
26,10.0000,100,2.682630,5.128669,1.478115,0.471161,0.018369
26,10.1000,101,2.686948,5.175587,1.479952,0.483586,-0.011802
26,10.2000,102,2.691363,5.223744,1.478772,0.463328,0.117707
26,10.3000,103,2.695349,5.269904,1.490542,0.500000,0.208675
26,10.4000,104,2.698838,5.319782,1.511410,0.500000,-0.056370
26,10.5000,105,2.701946,5.369685,1.505773,0.500000,-0.154290
26,10.6000,106,2.705580,5.419552,1.490344,0.500000,0.167293
26,10.7000,107,2.709181,5.469422,1.507073,0.482566,0.082920
27,0.0000,0,3.262707,0.828354,-0.842593,0.132512,2.000000
27,0.1000,1,3.272453,0.819409,-0.642593,0.158067,2.000000
27,0.2000,2,3.285967,0.811260,-0.442593,0.257279,2.000000
27,0.3000,3,3.310160,0.802632,-0.242593,0.300795,2.000000
27,0.4000,4,3.339884,0.798365,-0.042593,0.355057,1.939133
27,0.5000,5,3.375282,0.800291,0.151320,0.394816,1.767921
27,0.6000,6,3.413585,0.809653,0.328112,0.403945,1.363591
27,0.7000,7,3.450820,0.825233,0.464471,0.442187,1.146765
27,0.8000,8,3.489133,0.847262,0.579148,0.468593,0.836246
27,0.9000,9,3.527233,0.874517,0.662772,0.500000,0.297109
27,1.0000,10,3.566185,0.905863,0.692483,0.460502,0.285310
27,1.1000,11,3.601204,0.935766,0.721014,0.474339,0.160026
27,1.2000,12,3.636581,0.967363,0.737017,0.500000,0.194228
27,1.3000,13,3.673276,1.001324,0.756440,0.484264,0.165713
27,1.4000,14,3.708219,1.034851,0.773011,0.476323,0.130501
27,1.5000,15,3.742097,1.068334,0.786061,0.479997,0.399225
27,1.6000,16,3.775328,1.102965,0.825984,0.500000,0.266162
27,1.7000,17,3.808727,1.140173,0.852600,0.500000,0.373199
27,1.8000,18,3.840918,1.178428,0.889920,0.492623,0.307941
27,1.9000,19,3.871333,1.217177,0.920714,0.493039,0.485354
27,2.0000,20,3.900211,1.257133,0.969249,0.500000,0.218950
27,2.1000,21,3.928053,1.298663,0.991144,0.477483,0.159445
27,2.2000,22,3.953887,1.338818,1.007089,0.500000,0.301634
27,2.3000,23,3.979962,1.381479,1.037252,0.500000,0.113895
27,2.4000,24,4.005145,1.424673,1.048642,0.500000,0.272209
27,2.5000,25,4.029490,1.468344,1.075862,0.458409,0.026694
27,2.6000,26,4.051209,1.508713,1.078532,0.477679,0.075891
27,2.7000,27,4.073625,1.550895,1.086121,0.495163,0.031977
27,2.8000,28,4.096626,1.594745,1.089319,0.499740,-0.180669
27,2.9000,29,4.120167,1.638826,1.071252,0.500000,0.059919
27,3.0000,30,4.143987,1.682788,1.077244,0.500000,-0.025943
27,3.1000,31,4.167732,1.726790,1.074649,0.472520,0.053054
27,3.2000,32,4.190116,1.768404,1.079955,0.500000,-0.009644
27,3.3000,33,4.213705,1.812489,1.078990,0.500000,0.245847
27,3.4000,34,4.236772,1.856849,1.103575,0.500000,-0.066380
27,3.5000,35,4.259440,1.901415,1.096937,0.498229,0.070360
27,3.6000,36,4.282020,1.945828,1.103973,0.492498,-0.021523
27,3.7000,37,4.304232,1.989784,1.101821,0.500000,0.076237
27,3.8000,38,4.326660,2.034471,1.109444,0.500000,0.113700
27,3.9000,39,4.348663,2.079370,1.120815,0.483961,-0.075733
27,4.0000,40,4.369878,2.122868,1.113241,0.500000,-0.230802
27,4.1000,41,4.392481,2.167466,1.090161,0.500000,0.198586
27,4.2000,42,4.415157,2.212027,1.110020,0.500000,0.041060
27,4.3000,43,4.437297,2.256858,1.114126,0.500000,-0.124007
27,4.4000,44,4.459623,2.301597,1.101725,0.500000,0.041533
27,4.5000,45,4.482133,2.346243,1.105878,0.489990,0.069035
27,4.6000,46,4.503950,2.390117,1.112782,0.500000,-0.116718
28,0.0000,0,5.778119,0.917339,0.708744,0.182031,2.000000
28,0.1000,1,5.790665,0.930486,0.908744,0.210861,2.000000
28,0.2000,2,5.801884,0.948298,1.108744,0.288347,2.000000
28,0.3000,3,5.812080,0.975219,1.308744,0.367340,2.000000
28,0.4000,4,5.817997,1.011411,1.508744,0.408288,1.871590
28,0.5000,5,5.816712,1.052160,1.695903,0.380225,1.451518
28,0.6000,6,5.809251,1.089409,1.841054,0.441970,1.185478
28,0.7000,7,5.794957,1.131204,1.959602,0.473966,0.795714
28,0.8000,8,5.775265,1.174302,2.039174,0.492626,0.561292
28,0.9000,9,5.751804,1.217612,2.095303,0.500000,0.605082
28,1.0000,10,5.725471,1.260107,2.155811,0.500000,0.272171
28,1.1000,11,5.697297,1.301411,2.183028,0.500000,0.089738
28,1.2000,12,5.668379,1.342200,2.192002,0.486624,-0.143649
28,1.3000,13,5.640342,1.381973,2.177637,0.489289,-0.083917
28,1.4000,14,5.612608,1.422283,2.169245,0.485256,-0.110047
28,1.5000,15,5.585491,1.462525,2.158241,0.485198,-0.386326
28,1.6000,16,5.559387,1.503420,2.119608,0.485838,-0.220062
28,1.7000,17,5.534500,1.545145,2.097602,0.492157,-0.223021
28,1.8000,18,5.510232,1.587960,2.075300,0.500000,-0.079052
28,1.9000,19,5.486237,1.631826,2.067395,0.500000,-0.271815
28,2.0000,20,5.463015,1.676104,2.040213,0.500000,-0.266443
28,2.1000,21,5.440993,1.720992,2.013569,0.484456,-0.163521
28,2.2000,22,5.420596,1.764934,1.997217,0.467345,0.074312
28,2.3000,23,5.401108,1.807411,2.004648,0.486834,-0.328571
28,2.4000,24,5.381372,1.851912,1.971791,0.493700,-0.255393
28,2.5000,25,5.362684,1.897607,1.946251,0.456847,0.014626
28,2.6000,26,5.345900,1.940097,1.947714,0.481408,-0.253530
28,2.7000,27,5.328751,1.985078,1.922361,0.486022,-0.032103
28,2.8000,28,5.312088,2.030734,1.919151,0.500000,-0.020464
28,2.9000,29,5.295068,2.077749,1.917104,0.500000,0.099962
28,3.0000,30,5.277862,2.124695,1.927101,0.497820,0.016634
28,3.1000,31,5.260459,2.171335,1.928764,0.500000,0.310576
28,3.2000,32,5.242216,2.217886,1.959822,0.500000,0.470376
28,3.3000,33,5.222170,2.263687,2.006859,0.495998,0.427357
28,3.4000,34,5.200267,2.308185,2.049595,0.466041,0.771638
28,3.5000,35,5.177222,2.348679,2.126759,0.489942,0.818868
28,3.6000,36,5.149690,2.389190,2.208645,0.459524,0.908580
28,3.7000,37,5.120689,2.424814,2.299503,0.458027,0.689871
28,3.8000,38,5.089035,2.457906,2.368491,0.500000,0.794305
28,3.9000,39,5.051899,2.491366,2.447921,0.500000,0.187436
28,4.0000,40,5.013156,2.522972,2.466665,0.500000,0.182746
28,4.1000,41,4.973835,2.553856,2.484939,0.500000,0.336862
28,4.2000,42,4.933727,2.583707,2.518626,0.497684,-0.131925
28,4.3000,43,4.893500,2.613010,2.505433,0.494151,-0.095746
28,4.4000,44,4.853892,2.642558,2.495858,0.498205,-0.071809
28,4.5000,45,4.814211,2.672681,2.488678,0.500000,-0.295185
28,4.6000,46,4.774949,2.703638,2.459159,0.486295,-0.085700
28,4.7000,47,4.737343,2.734470,2.450589,0.485842,-0.076472
28,4.8000,48,4.700022,2.765576,2.442942,0.500000,0.102479
28,4.9000,49,4.661572,2.797538,2.453190,0.498739,-0.338555
28,5.0000,50,4.623600,2.829869,2.419334,0.496413,-0.137436
28,5.1000,51,4.586580,2.862941,2.405591,0.500000,-0.108644
28,5.2000,52,4.549706,2.896708,2.394726,0.500000,-0.215606
28,5.3000,53,4.513384,2.931068,2.373166,0.453930,0.026398
28,5.4000,54,4.480704,2.962573,2.375805,0.500000,-0.103997
28,5.5000,55,4.444843,2.997415,2.365406,0.500000,-0.043506
28,5.6000,56,4.409240,3.032521,2.361055,0.500000,0.093527
28,5.7000,57,4.373549,3.067538,2.370408,0.500000,-0.012588
28,5.8000,58,4.337717,3.102409,2.369149,0.500000,-0.012772
28,5.9000,59,4.301929,3.137327,2.367872,0.500000,-0.019527
28,6.0000,60,4.266197,3.172302,2.365919,0.500000,0.213517
28,6.1000,61,4.230129,3.206928,2.387271,0.494331,-0.008635
28,6.2000,62,4.194120,3.240795,2.386407,0.481101,-0.062615
28,6.3000,63,4.159192,3.273880,2.380146,0.466387,0.068933
28,6.4000,64,4.125322,3.305943,2.387039,0.500000,-0.103475
28,6.5000,65,4.089071,3.340379,2.376692,0.475279,0.109179
28,6.6000,66,4.054603,3.373102,2.387610,0.500000,-0.279734
29,0.0000,0,5.476760,5.320923,-2.644976,0.500000,-0.430877
29,0.1000,1,5.432301,5.298055,-2.688064,0.475886,-0.515762
29,0.2000,2,5.389005,5.278316,-2.739640,0.500000,-0.253232
29,0.3000,3,5.342747,5.259340,-2.764963,0.480903,-0.260353
29,0.4000,4,5.297802,5.242237,-2.790998,0.482074,-0.597346
29,0.5000,5,5.252060,5.227042,-2.850733,0.482023,-0.338086
29,0.6000,6,5.205657,5.214002,-2.884542,0.497396,-0.340091
29,0.7000,7,5.157346,5.202177,-2.918551,0.467960,-0.251475
29,0.8000,8,5.111584,5.192401,-2.943698,0.485650,-0.390107
29,0.9000,9,5.063793,5.183784,-2.982709,0.500000,-0.154176
29,1.0000,10,5.014364,5.176254,-2.998127,0.500000,-0.166169
29,1.1000,11,4.964820,5.169516,-3.014743,0.500000,0.020339
29,1.2000,12,4.915228,5.163141,-3.012709,0.500000,-0.237876
29,1.3000,13,4.865571,5.157305,-3.036497,0.456784,-0.009751
29,1.4000,14,4.820143,5.152535,-3.037472,0.500000,0.137324
29,1.5000,15,4.770451,5.146997,-3.023740,0.480980,0.167432
29,1.6000,16,4.722736,5.140942,-3.006997,0.474208,-0.113829
29,1.7000,17,4.675709,5.134846,-3.018379,0.485058,0.068750
29,1.8000,18,4.627592,5.128719,-3.011504,0.491789,0.114392
29,1.9000,19,4.578866,5.122061,-3.000065,0.485292,0.124952
29,2.0000,20,4.530866,5.114916,-2.987570,0.500000,-0.120234
29,2.1000,21,4.481413,5.107542,-2.999593,0.499189,0.046134
29,2.2000,22,4.432013,5.100364,-2.994980,0.488406,-0.124282
29,2.3000,23,4.383653,5.093529,-3.007408,0.500000,0.113459
29,2.4000,24,4.334142,5.086559,-2.996062,0.500000,-0.161388
29,2.5000,25,4.284614,5.079708,-3.012201,0.500000,0.074080
29,2.6000,26,4.235056,5.073072,-3.004793,0.468826,0.043841
29,2.7000,27,4.188626,5.066577,-3.000409,0.500000,0.178806
29,2.8000,28,4.139189,5.059099,-2.982528,0.477579,-0.061013
29,2.9000,29,4.092011,5.051679,-2.988630,0.500000,-0.130116
29,3.0000,30,4.042547,5.044382,-3.001641,0.489597,-0.058497
29,3.1000,31,3.994046,5.037694,-3.007491,0.470035,0.096222
29,3.2000,32,3.947495,5.031186,-2.997869,0.500000,0.054430
29,3.3000,33,3.898031,5.023890,-2.992426,0.500000,-0.162116
29,3.4000,34,3.848528,5.016860,-3.008637,0.494905,-0.058633
29,3.5000,35,3.799455,5.010443,-3.014501,0.475408,-0.124397
29,3.6000,36,3.752261,5.004711,-3.026940,0.500000,-0.019524
29,3.7000,37,3.702584,4.999039,-3.028893,0.500000,0.162447
29,3.8000,38,3.652949,4.993013,-3.012648,0.500000,-0.030112
29,3.9000,39,3.603355,4.986658,-3.015659,0.500000,0.175142
29,4.0000,40,3.553808,4.979944,-2.998145,0.500000,0.192829
29,4.1000,41,3.504394,4.972320,-2.978862,0.500000,0.152583
29,4.2000,42,3.455118,4.963843,-2.963604,0.500000,-0.067742
29,4.3000,43,3.405878,4.955157,-2.970378,0.486600,-0.026639
29,4.4000,44,3.357919,4.946930,-2.973042,0.500000,-0.213505
29,4.5000,45,3.308542,4.939070,-2.994393,0.500000,0.135837
29,4.6000,46,3.259134,4.931400,-2.980809,0.489102,0.145405
29,4.7000,47,3.210913,4.923219,-2.966268,0.482623,-0.162363
29,4.8000,48,3.163324,4.915187,-2.982505,0.500000,-0.125890
29,4.9000,49,3.113907,4.907577,-2.995094,0.500000,-0.270572
29,5.0000,50,3.064350,4.900949,-3.022151,0.500000,0.140754
29,5.1000,51,3.014750,4.894642,-3.008075,0.482586,0.420801
29,5.2000,52,2.967070,4.887213,-2.965995,0.492589,0.846981
29,5.3000,53,2.918991,4.876565,-2.881297,0.469657,0.729360
29,5.4000,54,2.874088,4.862834,-2.808361,0.500000,0.772277
29,5.5000,55,2.827517,4.844672,-2.731134,0.459618,1.112648
29,5.6000,56,2.786479,4.824028,-2.619869,0.444993,1.089831
29,5.7000,57,2.749183,4.799794,-2.510886,0.464936,1.219866
29,5.8000,58,2.713398,4.770156,-2.388899,0.424363,1.180084
29,5.9000,59,2.684207,4.739389,-2.270891,0.475078,0.623554
29,6.0000,60,2.654750,4.702125,-2.208535,0.480925,0.727005
29,6.1000,61,2.627546,4.662479,-2.135835,0.473515,0.636105
29,6.2000,62,2.603481,4.621708,-2.072224,0.490106,0.494167
29,6.3000,63,2.580994,4.578167,-2.022808,0.494682,0.369645
29,6.4000,64,2.560214,4.533277,-1.985843,0.500000,0.466571
29,6.5000,65,2.541127,4.487069,-1.939186,0.500000,0.516688
29,6.6000,66,2.524334,4.439979,-1.887517,0.494916,0.697966
29,6.7000,67,2.510573,4.392449,-1.817721,0.480054,0.561778
29,6.8000,68,2.500153,4.345595,-1.761543,0.445902,0.467872
29,6.9000,69,2.492726,4.301632,-1.714756,0.500000,0.474539
29,7.0000,70,2.486729,4.251997,-1.667302,0.478042,0.376955
29,7.1000,71,2.483021,4.204340,-1.629606,0.492593,0.375774
29,7.2000,72,2.481050,4.155123,-1.592029,0.500000,0.152677
29,7.3000,73,2.480370,4.105128,-1.576761,0.500000,0.096914
29,7.4000,74,2.480314,4.055129,-1.567070,0.500000,0.142523
29,7.5000,75,2.480857,4.005132,-1.552818,0.500000,0.300534
29,7.6000,76,2.482507,3.955161,-1.522764,0.500000,0.067047
29,7.7000,77,2.485075,3.905227,-1.516059,0.500000,-0.029035
29,7.8000,78,2.487738,3.855298,-1.518963,0.493429,0.093735
29,7.9000,79,2.490525,3.806034,-1.509589,0.495820,-0.019748
29,8.0000,80,2.493509,3.756542,-1.511564,0.500000,-0.035962
29,8.1000,81,2.496380,3.706625,-1.515160,0.479551,-0.203160
29,8.2000,82,2.498560,3.658720,-1.535476,0.473587,-0.174010
29,8.3000,83,2.499820,3.611379,-1.552877,0.483687,0.004424
29,8.4000,84,2.500697,3.563018,-1.552435,0.481702,-0.103633
29,8.5000,85,2.501332,3.514852,-1.562798,0.463296,-0.130469
29,8.6000,86,2.501401,3.468523,-1.575845,0.495606,0.009373
29,8.7000,87,2.501174,3.418963,-1.574908,0.500000,-0.011474
29,8.8000,88,2.500939,3.368963,-1.576055,0.500000,-0.186161
29,8.9000,89,2.500211,3.318969,-1.594671,0.500000,0.026846
29,9.0000,90,2.499085,3.268982,-1.591987,0.500000,0.185614
29,9.1000,91,2.498489,3.218986,-1.573425,0.500000,-0.064395
29,9.2000,92,2.498197,3.168987,-1.579865,0.500000,0.129583
29,9.3000,93,2.498067,3.118988,-1.566907,0.486465,0.072444
29,9.4000,94,2.498433,3.070343,-1.559662,0.500000,0.002573
29,9.5000,95,2.498996,3.020346,-1.559405,0.478983,-0.086566
29,9.6000,96,2.499334,2.972449,-1.568062,0.496205,0.089979
29,9.7000,97,2.499693,2.922830,-1.559064,0.496964,-0.110665
29,9.8000,98,2.500001,2.873135,-1.570130,0.500000,0.068361
29,9.9000,99,2.500205,2.823135,-1.563294,0.500000,-0.202594
29,10.0000,100,2.500074,2.773136,-1.583554,0.470239,-0.291861
29,10.1000,101,2.498788,2.726132,-1.612740,0.488933,-0.856804
29,10.2000,102,2.494649,2.677429,-1.698420,0.483533,-0.804245
29,10.3000,103,2.486574,2.629768,-1.778845,0.493347,-0.730947
29,10.4000,104,2.474629,2.581912,-1.851939,0.422993,-1.606903
29,10.5000,105,2.459685,2.542389,-2.012630,0.425731,-1.752206
29,10.6000,106,2.438211,2.505692,-2.187850,0.412335,-1.494632
29,10.7000,107,2.411932,2.473967,-2.337313,0.378006,-1.403013
29,10.8000,108,2.383892,2.448664,-2.477615,0.444804,-1.269370
29,10.9000,109,2.347218,2.423546,-2.604552,0.470638,-1.338500
29,11.0000,110,2.305291,2.402243,-2.738402,0.446600,-1.082234
29,11.1000,111,2.263345,2.386975,-2.846625,0.475998,-0.934338
29,11.2000,112,2.217221,2.375284,-2.940059,0.488311,-0.732682
29,11.3000,113,2.169063,2.367270,-3.013327,0.496458,-0.879619
29,11.4000,114,2.119610,2.363091,-3.101289,0.492077,-0.538521
29,11.5000,115,2.070412,2.362433,-3.155141,0.495221,-0.407207
29,11.6000,116,2.020922,2.364112,-3.195862,0.500000,-0.272274
29,11.7000,117,1.971039,2.367503,-3.223089,0.500000,-0.072511
29,11.8000,118,1.921220,2.371754,-3.230340,0.495547,-0.032441
29,11.9000,119,1.871867,2.376227,-3.233584,0.483635,-0.135496
29,12.0000,120,1.823740,2.380996,-3.247134,0.471817,0.176119
29,12.1000,121,1.776779,2.385552,-3.229522,0.482267,0.108530
29,12.2000,122,1.728717,2.389527,-3.218669,0.489515,0.119685
29,12.3000,123,1.679889,2.393004,-3.206701,0.500000,0.128262
29,12.4000,124,1.629976,2.395937,-3.193874,0.500000,-0.038086
29,12.5000,125,1.580049,2.398645,-3.197683,0.467993,0.247306
29,12.6000,126,1.533296,2.400691,-3.172952,0.480433,0.033448
29,12.7000,127,1.485274,2.402117,-3.169608,0.500000,0.179937
29,12.8000,128,1.435283,2.403067,-3.151614,0.444668,0.130606
29,12.9000,129,1.390817,2.403223,-3.138553,0.500000,-0.189360
29,13.0000,130,1.340819,2.403544,-3.157489,0.500000,0.177082
29,13.1000,131,1.290821,2.403896,-3.139781,0.479628,0.066529
29,13.2000,132,1.242859,2.403650,-3.133128,0.500000,-0.083933
29,13.3000,133,1.192859,2.403436,-3.141522,0.492527,0.107400
29,13.4000,134,1.143608,2.403168,-3.130782,0.500000,-0.020167
29,13.5000,135,1.093610,2.402678,-3.132798,0.473992,-0.091646
29,13.6000,136,1.046211,2.402479,-3.141963,0.500000,-0.057903
29,13.7000,137,0.996212,2.402642,-3.147753,0.500000,0.024963
29,13.8000,138,0.946212,2.402888,-3.145257,0.471640,-0.291729
29,13.9000,139,0.899058,2.403748,-3.174430,0.500000,0.177789
29,14.0000,140,0.849073,2.404946,-3.156651,0.494629,0.050743
29,14.1000,141,0.799614,2.405565,-3.151577,0.484029,0.004690
29,14.2000,142,0.751213,2.406037,-3.151108,0.478796,0.175306
29,14.3000,143,0.703334,2.406073,-3.133577,0.489328,-0.180342
29,14.4000,144,0.654402,2.406122,-3.151611,0.497850,-0.263574
29,14.5000,145,0.604632,2.407276,-3.177969,0.471557,-0.774108
29,14.6000,146,0.557621,2.410813,-3.255380,0.492297,-0.778176
29,14.7000,147,0.508976,2.418299,-3.333197,0.474365,-1.145596
29,14.8000,148,0.463027,2.429977,-3.447757,0.390129,-1.494649
29,14.9000,149,0.426843,2.444467,-3.597222,0.355783,-1.705848
29,15.0000,150,0.396381,2.462765,-3.767806,0.455598,-1.406047
29,15.1000,151,0.361462,2.491970,-3.908411,0.402961,-1.557948
29,15.2000,152,0.334735,2.522072,-4.064206,0.414774,-1.391163
29,15.3000,153,0.312070,2.556769,-4.203322,0.451867,-1.098952
29,15.4000,154,0.292258,2.597356,-4.313217,0.449798,-0.968141
29,15.5000,155,0.276808,2.639580,-4.410032,0.411333,-0.889436
29,15.6000,156,0.266321,2.679340,-4.498975,0.500000,-0.781178
29,15.7000,157,0.257650,2.728570,-4.577093,0.459762,-0.843783
29,15.8000,158,0.253377,2.774333,-4.661471,0.458107,-0.720914
29,15.9000,159,0.252696,2.820129,-4.733563,0.455812,-0.423675
29,16.0000,160,0.254625,2.865666,-4.775930,0.487041,-0.280604
29,16.1000,161,0.258400,2.914222,-4.803991,0.500000,-0.193687
29,16.2000,162,0.263455,2.963965,-4.823359,0.481568,-0.217383
29,16.3000,163,0.269308,3.011764,-4.845098,0.500000,-0.118917
29,16.4000,164,0.276218,3.061283,-4.856989,0.500000,0.137689
29,16.5000,165,0.283082,3.110810,-4.843220,0.498377,0.115305
29,16.6000,166,0.289299,3.160258,-4.831690,0.494325,0.191188
29,16.7000,167,0.294713,3.209392,-4.812571,0.490405,0.117096
29,16.8000,168,0.299332,3.258215,-4.800861,0.500000,0.045886
29,16.9000,169,0.303636,3.308029,-4.796273,0.493791,0.225465
29,17.0000,170,0.307218,3.357277,-4.773726,0.489599,0.167786
29,17.1000,171,0.309809,3.406168,-4.756948,0.500000,0.161881
29,17.2000,172,0.311632,3.456134,-4.740760,0.500000,0.287634
29,17.3000,173,0.312331,3.506127,-4.711996,0.500000,0.100623
29,17.4000,174,0.312060,3.556126,-4.701934,0.500000,0.017529
29,17.5000,175,0.311493,3.606123,-4.700181,0.500000,-0.086309
29,17.6000,176,0.311099,3.656121,-4.708812,0.497407,0.059422
29,17.7000,177,0.310773,3.705861,-4.702870,0.500000,-0.087598
29,17.8000,178,0.310516,3.755860,-4.711630,0.490474,-0.020499
29,17.9000,179,0.310529,3.804907,-4.713679,0.477188,-0.080944
29,18.0000,180,0.310784,3.852625,-4.721774,0.493690,-0.068463
29,18.1000,181,0.311416,3.901990,-4.728620,0.500000,-0.032612
29,18.2000,182,0.312309,3.951982,-4.731881,0.500000,-0.115579
29,18.3000,183,0.313573,4.001966,-4.743439,0.500000,0.236045
29,18.4000,184,0.314535,4.051956,-4.719835,0.486992,0.191233
29,18.5000,185,0.314432,4.100654,-4.700711,0.500000,0.008985
29,18.6000,186,0.313825,4.150650,-4.699813,0.496630,0.030961
29,18.7000,187,0.313124,4.200308,-4.696717,0.457147,-0.041991
29,18.8000,188,0.312504,4.246019,-4.700916,0.500000,-0.024390
29,18.9000,189,0.311991,4.296016,-4.703355,0.494506,-0.032324
