x,y,theta
2.8994662726033016,0.08489994247528243,4.08230916785386
1.0185386683848923,3.313975447251238,5.197913469195944
-0.1536028879585315,0.13181428835843223,0.4186495302821381
-0.2788318649503685,1.6023799326449568,0.9589812274205011
3.802642267621475,-0.09477490400408084,5.743448094073212
4.312275908476162,3.216905673733561,5.817335514090712
3.37349476244929,-0.5062028095235479,2.298688209933749
2.4213302874049134,0.1628507147232785,3.8200214628710394
4.426598440410024,2.442198279383833,0.37187933607423895
3.8158758175519267,1.406548647367727,3.644079482975045
-0.3494694824398822,0.789995723557555,0.7916701550813044
4.0287277450794186,2.467378050358399,3.0580495314382197
-0.19144913979712241,3.771332177063102,0.22627944064419864
3.3743086850821213,1.6475807648712153,4.792581596815507
0.5363332233163497,0.3861166136714502,2.429575061429318
4.058309528700686,1.9771163158982064,5.845630660818019
1.1718364013677518,0.3161110267575167,0.5013845856201514
-0.2184247923034657,2.0201535790843477,5.805886979339677
0.2731680648075927,2.606094983352652,0.20235348415800428
2.7889359259701307,0.3189765028364011,5.692104714699978
1.6019673908949046,3.808932246780649,4.080586314457987
4.744910335277328,0.25353687790965007,3.7312278636030456
4.661028170784333,0.5199013893766324,1.2687086450761653
3.1483286094412395,1.104603322660189,5.779591497262301
2.968610384996419,4.225954404482198,0.3271300010003862
1.6288301675391792,-0.008615564099250905,5.28269937403262
0.32856100137481103,3.542180000381183,6.212357556745831
3.332471041800563,0.7297163487190601,2.249367204063469
2.3277351131007236,-0.6498697242732931,4.204277760765908
1.225778366167738,2.992947604940821,5.405577773505425
2.125291278522965,4.167635819242796,3.4660884197236923
4.193082218507458,3.8253066176709334,0.11072960458771458
4.421327653232597,-0.5640473119362365,1.553626984170806
2.5642784354091774,0.22035509674741705,3.843126935945789
1.28534265153412,0.7961125885540412,0.9907296108582172
2.680923359004017,0.20198807268550023,0.4527419673594752
1.3675201728166173,3.258010564583934,6.219693889677946
1.6426490456246121,0.6779689701702676,0.0006786267446881559
4.197111313289302,4.189137094816506,0.16503771755512728
0.06688748458482635,3.277457562170615,0.5529376213844415
3.901889007828209,2.7286102100687337,4.4236148199956515
3.668571286870586,3.6586630789264083,0.0469250568371472
0.8627200849894391,-0.10504721803574901,4.043871565855373
4.126468645658224,1.7806650571666935,5.48272188401217
-0.06347146953539612,2.046537479434328,5.674427930511577
1.358329202174315,-0.1982210320634754,0.6589119995713004
0.40633877534165896,2.9946732745595765,1.5351488195071599
3.715833135724993,2.418718274147064,1.0840614712566723
0.818013074654479,3.6642545401893996,3.6690375645136695
-0.09700842901604784,2.87081749294955,5.282758218335641
0.6534249716206068,0.7423909732219678,1.018136339406864
0.1014027175461214,1.533339318943736,2.7161232526346146
2.609371294027226,3.970665655770736,2.3810232662299424
0.6585599643314103,-0.0909926291190496,3.6317966257899514
4.462665773304747,2.6694273741106116,4.005698976872807
1.5068522239779516,0.4014891213693734,3.6034036427912897
0.17692277414969437,0.08539437353380308,3.260461661655927
2.8592349570006204,3.695418851349883,3.7660786335295033
4.386037556155318,0.14879657953419057,0.6932344614013152
4.526583676620033,0.6059369270875861,0.8026438845903392
1.814821101742984,3.940885569703445,3.4920694648331088
2.8136700708526283,3.206940407895968,1.233212020324998
4.7340838624655,3.1746144386489243,3.527599356153659
4.497656712547365,-0.28310857554669244,4.712378399624956
1.993175695183846,-0.20905358065600677,5.077704229003401
3.51812031358963,3.190461361451729,0.8005736740395885
2.348009932352156,3.5786814565914886,0.5085355662730109
3.6618471948323226,1.1658019194439515,0.27003044811647164
3.399041727685696,0.6131618096445302,3.0048059167939343
3.27947433222097,1.2965660601934084,0.8889611687813709
4.411165088674039,1.7945902251220867,5.194715520802128
0.22526751544072632,0.13789652447667633,1.4628414676605979
3.3710284692619275,1.2229460920366257,2.810113839031919
4.387417486588962,1.0650499384941112,1.7587060783824828
4.594898461053177,0.47548415691071044,1.2357604528548327
-0.2881619968475978,3.130865678688881,5.916014732014385
4.060671953941101,2.3489321254925373,0.45367232791591033
4.662870812942902,1.4617760851960253,4.600777022429886
4.5400035443032625,2.1833290457265866,1.6000371715197643
0.3985755542274293,1.5342175431228342,0.6412289410845251
4.618988597199666,0.9436449651234871,1.0638657647787524
4.195375761225067,0.37638340899586775,2.392630465031372
3.849277228728715,2.824651210510287,4.094234121253267
2.095336617278306,-0.6888853185150206,4.317099276153445
0.8268789878091815,-0.23708784356559265,0.7406789286044334
3.744296442480855,2.147862177782159,2.6374592798621808
4.367470873052939,0.7239796267997078,0.7309445600632949
0.9998078120019996,0.7137837497885553,1.1770199745355678
1.9045923597406618,4.320656486935266,1.4515779364624133
4.405825335593979,1.9673052154717916,5.883290699312423
-0.1559737392842947,-0.7439183073383921,1.753948377997387
3.38635087049606,2.32270188605197,1.2030679275745422
2.7837524465188723,3.113706124542686,6.177018691746426
-0.21819071576760055,0.1715720356978826,4.356248957809528
3.3208498494793157,0.48686253956014003,2.7141487714380568
-0.2815771511778683,0.31021960103286905,6.008688457770442
3.519258357722277,3.2587425608826797,5.4089725569031994
2.263211624413371,4.011031953739701,5.843387547292667
4.396025120981045,3.352690069262806,4.020288854736973
-0.02497712794908563,1.2085632661455457,1.5965632380418815
3.9463188695876354,3.242958342296763,5.146644857683469
-0.02186502539876084,2.0379748552978647,5.171306435392771
4.5853491872946375,-0.07209324349678492,4.099958666531264
2.5166476204155592,4.219396074224437,6.139988555327653
0.9625879103013278,3.4601484439670465,2.5485017473292073
0.8745344222668151,0.31071845390833674,2.4486283861125933
4.186066609359101,2.5455224859274797,5.544136184110669
0.793563546822856,-0.2182995648229511,2.183001788451066
0.2745585161371127,-0.26978503458140596,6.093049662416278
1.113534257253475,-0.006605388396068945,5.676773530560572
3.784408201479163,3.5261818507756395,4.210706421213466
1.1139976435879766,3.6272549946178296,5.68740542663003
1.7516465075477519,4.175542120046024,0.9291852387217612
3.827491116113654,-0.17783421741396466,4.314136227688456
2.8459072815441337,0.9059497308547124,4.755096987777072
4.54956999932383,1.29185328199637,1.6634990764611477
2.4673655375589085,0.4676082399525816,0.9826976994054449
3.9820442209218587,0.15925540574177888,0.032696304026413214
0.3817194395416844,2.8500835838826144,2.297387625086161
4.2979496828664105,1.9563014790178963,3.7250763808856817
-0.14287920686477187,2.6045235237377495,3.960166543023314
3.850980284192061,2.562987592397124,1.262434291581481
1.7643902236256102,0.4758606428123249,4.577562320200261
3.887339705188122,1.6293781516039556,1.7836240263051268
-0.3125037613979247,0.9676695327112868,5.49768850130664
1.506524317394451,4.256876189270386,3.955408236236263
0.03930017001846059,2.4645153159858566,6.028930671421112
2.9796513428142744,0.9389572559602142,2.575791579155242
1.0393490512450505,0.5220162470953427,1.2947975306938102
3.235978465020958,-0.6897754736095042,4.20651929089105
4.471314513597676,-0.34916438418795304,4.666226672881582
0.2861480965707962,3.4018368788211575,4.095360488447571
4.066502638627841,0.4708888137028171,1.5789009951291673
-0.05888093113279452,2.531660169967219,1.0664794626786855
1.5870754636947018,4.113436820483105,4.530382993376505
1.8381060129735558,-0.138272680422299,0.515950879990819
2.1407320624133344,4.026954053133534,2.234453234273547
4.638626513044097,0.21377779867086455,2.61591050438837
3.6101360249804246,3.7762809540835978,6.283164991890043
1.0187951709217344,3.447819200458982,1.9717359217487507
4.058008733120823,1.065595294993692,5.026724092645422
4.151175135090537,0.7264291459748722,3.6062616478964724
4.733166094341282,3.646087853652446,3.331533830178588
1.2549863157986634,-0.1334250814022836,3.3765081584584196
0.5724828862394804,1.3164294163361632,4.387360505221907
4.144981526102479,0.3953676361173133,5.521855289539206
3.7978533562399193,1.0712186429134172,3.726284464567731
3.057899725809767,0.5926979666146959,2.7341594874504085
4.546168469922546,-0.14322308389462501,0.5037596917787485
4.37866099041088,0.8066712407014942,0.6226849537599619
3.4695553561123993,4.33781974766098,1.871889700319967
4.045617971391298,2.787668572653805,5.217023187924564
0.3600658782834716,3.3405462419967176,4.872574667477497
3.2972790923398385,1.6193983782513057,0.1467525104468084
0.49226420532587456,1.887131214208599,4.263812959051752
1.6628236384916213,-0.5091673719615518,1.3787142524678089
4.2994701238507504,3.0510432992622563,4.61933294469213
2.599143969728732,3.509628061304296,0.9597352342999997
0.6309707817174413,1.3564030903886297,3.1093505623541886
0.09209269322521779,0.03886355035811773,3.5671642085680104
4.666700816022871,1.901775394844953,5.258581670396387
2.5635908138503964,4.183935215137727,3.9811825220055326
-0.33066721036665564,0.502399250489127,2.437517561914035
3.5945528357664998,0.2220371273108992,6.0023828067108
4.647864750554628,3.560770629875856,3.3678435672747966
0.5970479628664395,2.1205246573682683,2.1361401300169804
0.6359788651820736,3.375444760822881,1.4632482610101374
4.56670774157136,-0.3329333781247285,3.98159619797347
0.006695347995165302,3.7319006802857784,1.8099477940457598
3.4482909012187015,0.951897026226725,5.708211421835478
0.5443816006562752,0.1515053810366187,4.358701828157697
-0.04130316716921989,0.13776750269311033,4.401637963050342
3.3549726267450355,1.1150124774972607,1.6975107743519167
0.08611064127070966,2.0567229048834808,0.9434795081753572
4.111297255964806,2.08320673116142,0.5304096767525548
2.0559554073696207,4.356129964294883,5.8338405563257485
4.311591292084099,0.34576108659241944,3.7029466017784944
3.5600663849580396,1.523640992361483,4.0727525701812635
4.325432965788504,-0.4821108689688332,4.323879915494702
0.2891495218578416,3.3891326370914534,2.2639837484469756
0.013342768700134067,2.2415655948958677,2.883382360023373
-0.0032376305147130413,3.984981656601633,1.6392698154829999
4.087382762507307,2.6107615054911406,0.8193295663035544
0.4742860216931257,1.5543775771492974,4.509656170572388
3.087836955178943,0.9522411579536243,6.1349168477021
3.2781269864323193,1.378108097665868,1.6396277460864461
1.9947647035439737,3.4448459164887177,1.2654223421828088
2.23611836208131,3.689181989398235,3.259884086684183
3.6817234373379106,0.9733071579302284,1.5422515225942757
0.11160934020909813,2.785117400503149,0.8287169730692172
0.6468776617474931,0.4893775172988506,1.4429016746518104
3.7763449466521175,4.309687461057789,5.488643007072154
2.140714078125396,0.4622656322727594,6.236790072119487
4.701292572938663,2.6242890178082154,2.051288480672444
0.573665952259629,3.1474534068354454,2.290737708193151
4.569761112133724,2.8015264436780156,5.090115870696952
3.739360504351958,-0.3045928463071642,0.2928033339963683
2.1018556270666253,0.7078026032875802,2.6340496588623177
3.8039937641070827,2.742434145826337,4.441265342237832
2.7247166897275723,0.5496916364246034,4.475460730269386
2.9924913296297078,4.201586059191697,4.1474611130264885
4.317066583811904,1.5068962110854751,0.4718950582847442
-0.02913717257946119,2.0705121847460077,2.3113834739390513
3.9138969074059027,1.8226886072141806,4.2672801513569665
4.728603934904158,3.9398937366419924,6.1406773176399625
3.638307366177165,-0.6372245755806822,3.1671582010031747
2.123753340961333,4.209170457892369,3.5011959197683775
1.8015009089936234,-0.17023169337651178,5.414826874167775
4.131820203638356,1.4475520752932285,1.0880333404352494
0.0812286327101105,2.7897017202316485,4.155937191726184
3.2655194744614184,3.3411106970052744,1.4976336921345925
3.6791051800089756,2.6124574668654543,2.666437287492435
3.7305460935681216,1.753174402718388,3.7970777557802795
1.287480527111461,3.802401538700048,1.4358539329610902
3.7174463380923966,1.4691537952349516,3.8635713112468837
0.7907922345249118,0.5098676479266728,1.7957355753797284
1.4924973002552528,3.2416446437034443,1.5748079509706145
2.409983464552228,-0.06952680342295414,4.619704340538484
0.21338813707827786,0.9318791063723841,5.664645443574532
1.7211739052827744,-0.29990203596303056,3.0950345868618756
-0.3619576544885759,2.0147438339907504,0.9799289439873005
3.4497418912405475,0.010699316297454131,2.833785489389629
4.000407587478341,2.9089946208544473,4.9852674114592865
0.3482074515607151,2.087661006148718,1.0764710241816142
3.2417860640087945,4.215841215326049,1.1804263844735934
3.842767612022304,-0.6975331544931334,5.5193060378769685
4.666114931403661,2.9101305133660986,4.638186724562598
3.958988757636839,0.28591696651424736,4.264864268249933
1.8090727170905305,-0.5805752286943464,5.946782962906883
4.655154326771126,2.4597782867555447,4.699321693831474
4.625932884721565,2.0375150186368,1.1375404704346095
3.49618333665031,1.84093988104626,6.1931929279113564
4.31781913402698,-0.4750230346802748,6.017398302465163
4.061420641054278,2.1969993028322166,0.872117738061731
3.2304279949337222,3.722331919537571,4.11244492609563
1.1421880800051225,3.581348941873814,1.4819559506991542
3.5689550510966104,3.3254728981964385,1.7704863184224808
2.559949523207242,3.9644741404570016,4.586797634221027
0.1172426613379513,1.3838990377262617,0.09005650478267875
0.014255163073953803,-0.7100540202887217,3.4966416182475633
2.6399434076398647,4.126937190709182,6.069553566001236
0.2650095675746317,-0.33592152102662,4.078815711088225
4.419920928804828,0.8334401123677402,1.7553559431877002
3.14068791440442,1.4242943891017257,6.271865967819407
3.85648758842001,3.4782146489941503,1.8346030701502485
4.230546569318795,2.5877662197074223,1.6815930968100083
2.6246761876949374,3.363770562189372,2.088791620074605
-0.15747207955378106,-0.23287008958522415,2.689558288625035
3.2812362653948632,0.9384901773423784,1.3764657449364925
2.551451312660759,-0.6653176474906032,0.32683903555627486
3.867633887969527,3.972243896543242,4.463041547744699
3.802508340566244,1.0873957602325375,0.6025340291036555
4.743887625332747,1.8283264497606617,3.232000781497641
1.4322894827490922,-0.7072345186531692,1.100134825477584
0.5125937018153472,3.2552883406795514,5.485674415918388
1.6429348868373075,3.9446720109949673,3.200697498386672
3.4941519361348905,0.560075748594127,3.513413879604044
0.28892137147161623,2.6574579643759138,4.322870632517488
3.356215635585012,2.1746824269006892,4.955735290936435
0.6129787672992246,2.268460788170674,6.01267986760127
4.057136820692129,-0.20930894339273032,1.297190656040261
2.5278201231672885,-0.3045147512058691,2.4336242122079743
4.240907401062177,-0.30196706491182146,2.3966679691701565
0.07711799222213417,1.1807411060857451,2.3429902718341555
3.202693098915742,-0.33937118054009907,4.35414202255891
1.3166572037594193,0.09365852772461392,3.86159853140275
0.5350737016583249,2.855714215891813,5.209574965636117
3.09329371898603,-0.6334761392915269,4.9044635025986905
4.4706810316173256,3.0927337355656133,5.7109053472723375
0.6574478090971444,3.3457852004898543,5.532726053509383
2.2602145091790233,-0.16412232368538038,5.462883066574129
-0.24048555290767842,1.2899600958419946,0.7549397013850583
0.47338788383537656,1.058160158454281,1.6277192333054353
4.161992030203382,2.507933040315749,2.227951310012514
3.6795812046815337,0.9022746921845282,0.37455647565402217
0.7760642340983374,3.5063057171398686,5.261920855642506
-0.30127497853127083,2.257694163933202,0.8473448323623824
3.2889551861993174,3.4249534318473938,4.023542291285545
3.308201428074491,4.278684280746663,1.7704085390197541
2.94599748826839,3.689961566073336,0.5443441694625724
2.768207289275258,4.233228770086773,5.244205433403952
0.01412924312215108,4.303460184264716,4.039565719383938
0.8987661040634015,-0.4272150281991129,1.1688258009938528
1.655802940523,-0.697787181138476,5.822298370871325
4.718340385077397,-0.27706757501278706,3.5598759870531134
4.368573265971198,0.008379213738362146,3.585736068356603
0.415193034260103,4.272466293363074,0.12196256604966538
3.2030038202512836,2.520831023600361,0.14995366359054937
0.33597308498256373,-0.5016401330738901,0.5621705914365829
3.3039350703630768,3.3226693101046303,2.4468832131970975
4.252609331285258,1.5501074266940225,3.475683001314726
1.3871474159536192,-0.5894829989411298,3.3203224365288095
0.8605391908246348,1.1102968738032029,5.164127861483745
3.846296714178073,-0.6044789105790658,1.0448347709941597
2.633193360974763,0.6071386816993312,3.2557669355010743
2.077921984460572,3.6608748205175567,5.339223488251997
0.9486819709186857,2.8591718273714783,0.33711075138010826
0.008708995279102627,0.606641629226093,3.2321589988037913
-0.2718456002796439,2.0598871791220548,1.665177464580298
0.6155027889641987,2.8393032000230267,6.078954227569958
4.633865764120052,1.5161693396085778,0.571491598943316
0.18707570533094497,3.712256244375438,2.245120598335661
1.952417688052067,3.9913771427051037,0.9199787317063604
1.658226137115204,3.6295427161622715,2.540402900853316
0.826564226756665,-0.09947125274664559,4.85434109629148
3.4721537012333834,0.687621150218825,0.3509106988778835
2.934009028413568,3.8755300599191607,2.5987795174429182
3.354341618972899,4.048737337917954,5.3372848170946146
0.06070557455354936,4.114450528377256,1.299028347552908
1.4435010483313904,-0.6966242074181791,5.445543906083674
-0.1554263751769261,1.2986728192018733,0.3179268320544772
0.6304466372477483,-0.6105478380945915,0.981943220174082
4.477580710894759,0.49739709700417345,4.793726775950406
0.46929809156354796,4.082333226914326,1.3211258444124612
4.001311335559391,3.8981188987129913,0.6560283165671256
3.848064846876566,-0.09134692888413942,3.414314271900296
1.6409829206777808,-0.5023991444806768,2.516786374654838
3.8576168840500493,0.1451815108584067,1.7215855899208454
3.123454520684853,0.7673269311221631,0.14599070279945578
3.9239145155489386,4.358707308930987,0.08398209145962625
3.5174427878388066,3.7652486229435196,2.1399894740046963
3.177679099001865,0.037508337355211196,2.3452663102748925
4.31339536581554,1.1461937889918195,0.2761545347530771
3.8514969235107834,1.3283593483010616,2.1640902589625775
0.5537866087440872,-0.454117070368199,5.826733180838836
3.4694312421829685,1.7483952195739003,3.2126041851711347
0.08054450060019153,0.22281802796314554,2.138589769272411
1.8180361880104248,3.4272370174760693,4.8025033792669305
1.6689432890727387,3.7865688181406227,4.557858541175984
0.6721486971763092,2.420696023418686,4.773902034259106
4.441109437914691,0.3825348268310007,3.7994010740644066
0.12201458501742851,1.9114482997017097,0.18813064120412593
-0.33839976193860877,1.4025088602110198,0.471894649028449
1.2907287238502656,3.976867741262584,5.380198394549115
4.7117909588790265,4.023883157780096,5.44271461963398
3.891900344661946,0.5742460944455567,2.5313459552057074
0.5233114014783754,0.5165868125263695,5.747871711308966
2.6403429845040045,0.24216862187502608,4.045741769006349
4.546146459732807,1.525194169878017,4.840738342099214
3.3069850632234945,2.944868608993472,2.877743849881293
4.659351184954807,-0.5829171293986619,2.4140809461787445
4.6738316845959185,0.862624690866874,2.4621083774216506
3.924443666439096,1.0936256426127657,2.0431247076363874
3.6232349661005743,4.361730019780749,1.7746846225983965
4.187970032171429,0.19370187221732882,6.024032662168116
2.871444226967601,3.095377302192147,1.3044521723061917
2.3427349839623983,3.6886527657968173,2.586441808744371
0.7967958034624397,3.347312958740795,2.9716524701009415
3.619628060952936,0.26277776902593697,2.881314925918425
0.5077633103009782,-0.7049730432600918,1.122594134340267
2.5933145104715574,4.3053870040492415,2.287254379080663
2.3817519824538587,4.317231935459574,2.8506874464415284
3.078459163277969,0.49405127219401535,2.349505706205281
3.532247459469075,0.5206016960164712,0.5987350860931734
0.19911742176747227,3.1923423498842176,0.45381254058161735
2.837887689277541,3.3622141958452785,5.392128762128335
2.7828723086976623,2.9973328107589627,1.2490368382993784
3.1915773131610945,4.133794456242554,2.196291772989378
2.6357388594555236,3.3624722865850716,6.0943332407835324
3.3908582388102175,1.5350097618206493,2.5524329638858037
2.300435905107508,3.6754568941279224,1.9132011241846214
1.1055331538020767,-0.4408192614192514,1.3426273026710231
0.8103774890437988,-0.7220365440697397,3.1052290294530542
3.1983267941786644,3.3146130880750135,4.014372886908825
3.20042324276373,0.533236401304394,3.6135196553351343
0.6379004647077232,1.3228384382496001,2.877080403111277
4.614934505911161,2.814024347681142,0.5618714577268342
3.0746067733392697,-0.639902407325559,3.2611650157340226
3.9455918145347573,-0.13637340567636558,1.3067366741803632
2.128800710202505,-0.11658553655127502,4.59765459009899
0.9595645275515984,2.984528357668507,5.778982935782594
0.4363373866555811,1.0944758204125127,5.486338582563179
3.281921451053855,0.3404665517284866,0.5045954646826843
3.9606301011091114,1.6414080973506895,2.2475895683697615
3.1086624783509476,1.3409107222792773,1.5885995092137184
2.58575413240993,4.024899039226523,0.17936921098485262
4.43425001237985,-0.2675472754063149,6.275335958531243
1.6224410732596217,-0.12731792188543467,1.5071562691548976
0.4806342565211683,-0.596600249905632,0.821401267275188
4.128767009589417,2.344237640613578,4.101681071182461
4.219928565730858,3.1986125334817377,1.123497889850592
-0.11624778821819587,1.751324490085092,1.4726491954696515
0.6519444410054472,1.3403023040053155,0.44463846506154514
2.8959929085776066,3.8017773233168883,3.8554589484658357
3.6775198676157403,-0.6063304528233889,4.424414914379621
2.7444063109723245,4.197805702210614,4.211513429620578
0.617956166586716,2.5290394561058562,1.8025660197581042
0.23914461523724262,3.471504961315593,4.027364210096134
3.8141179757025245,3.774896184594078,5.623515721157094
0.7484722655453621,-0.22398409784210394,1.5660632414646634
0.021384331157503544,0.881822166440819,1.3713550489822877
0.6191238965696171,0.7434249752838795,5.139258199625877
-0.018106439651511652,2.276558638129407,2.077388614708448
3.597705329650603,3.8572612087303453,5.697831829429795
3.84340035618198,2.690352826954785,4.9465360034266075
1.6770559259464815,-0.44131879576056676,0.7339166442323202
1.142967264310431,-0.12665920676729747,0.2563372452975693
1.056109457439593,4.228306919775759,4.99108584291505
1.485650684062319,-0.3963780685885661,2.8258147110827774
2.591827360299319,3.5572269085471424,0.4914117748108402
2.340366441966866,4.295537802716204,5.542843736478121
1.4568496057425526,0.07342857384929125,0.12631041923131625
3.0982565506316955,3.3808284485631885,4.480335192988449
2.4963981250706566,4.115257801224789,3.29007265476891
1.6204980486311498,3.5604281160552738,3.21554774659062
2.8325694049423853,3.0773269685189906,5.252738755186772
2.668642979473707,3.1879406091983995,4.141919075511212
1.3798793645277971,3.2276502896208776,3.9022771151474
1.1897101307761417,-0.29055144342576045,5.451178583832292
2.77334563872652,3.6222148572422714,5.774741597762045
2.765439773863189,3.0217164001070262,3.9923446249842427
1.5976666510190505,4.116074214755872,5.703130712237823
2.534792560270618,3.5509836795535534,3.023839142168554
4.686305095990332,2.582000672219122,0.6287812055492521
3.9550143214448594,-0.20489568498779775,0.10610342686760256
0.053098954781839625,1.4644866084868902,0.23234633193723125
4.120034650467345,4.169080683857387,6.035253204720523
4.460581064639104,-0.5194314563415953,0.8828748828260182
0.9779530558789803,4.181110193984701,0.33236393732811914
-0.3015060658346428,-0.2768884713572542,6.102379858825078
0.572482265038809,-0.0927398111563511,2.5434334941890544
4.613878397958397,0.8626856114066028,6.00548937363957
4.2351426712751,0.8113328409747531,3.9389016220316777
4.557700971819889,1.0613454941913307,1.8855684214470418
2.729945699578212,3.6405024585363703,3.1088967578519298
2.2755145266925316,0.16916326951130878,2.319165451895414
3.902266559737958,3.7051119163993267,5.942263942967879
2.9782906988841145,1.1633711100669153,2.4428848817090536
0.909788657284163,-0.3907861963373182,3.461140276081342
4.422570022469589,3.7399444614189044,0.33942800168151455
3.5991992643162747,1.5327353300455178,0.05653430385863388
0.57578120991088,2.711117427212218,2.998289624444705
0.3690589200627141,1.310638980438417,1.6645370709084044
-0.29312305792750654,1.695806696856962,2.431178917593531
3.5410102144803965,1.3683768003478365,2.360511585495753
1.297006963494821,3.195402704608763,4.464881519394324
3.310712876969963,0.7394955143432558,0.9846001914488455
4.756648576708424,1.433035541774418,6.034769395349358
3.61188012201053,0.40968995185500745,0.4570874245360187
3.891578514834282,3.7032725924532945,1.4580872110296006
0.9660934410260248,1.29223892583575,0.8863783820864815
0.4166635584805821,0.9242045385317237,2.770399972284496
0.6574763344863382,-0.4387543945045023,0.6159830995629155
1.8508661651215816,0.3880793358508958,0.829231504265983
0.6334275002372654,-0.5102487995677131,2.4765118920123013
3.6319258582879783,4.217103594524538,0.029818799920087243
4.085215143164297,4.342011558875775,5.657101033521145
1.2553010565589715,-0.03401785616012054,0.7748246947849462
2.2391629687876438,-0.49946410138215225,1.9017282427543052
3.3370293939751416,0.6039733483943235,5.714008291927165
0.3919592899621357,0.08938742057691507,2.4947016818337264
1.0753204671210108,-0.23023308661743636,2.886083105327395
3.379690335689836,1.7410632004454305,4.8924068117553725
2.5471813366191527,3.733121326954019,3.2521140577062044
4.246655215995495,4.292125286580844,1.5944981048279352
0.8217545093110376,1.2098403007886607,4.691677539416837
2.9701833538587956,3.879718813961995,1.0193366288192844
0.9924092462231243,3.3046980856020483,5.440140845341053
4.05368167187366,2.2687436881711895,2.3197552565108706
3.085922056236696,2.8931841255921404,2.832108274514782
2.855908512353082,1.0400949101220511,4.63021487866123
4.223454411945993,2.0118654716138784,1.335118194552106
0.5073020103308123,0.7563223250555153,4.899424211889746
0.4039622466717755,0.695842119851342,1.1281913391823337
0.2609706311365948,2.69479705829418,2.088050592280114
0.028076248896771017,1.4313494765242902,2.358113166241414
2.373207798845906,3.5484759021217824,0.33664532275863046
0.4854931378370566,0.36982040539099503,2.2450564445466146
3.771381962657851,0.5786184370364813,0.6847102367082969
-0.24767101255696666,3.672779796360139,0.034070082827168
2.0605844574361933,4.222015422141221,2.9950982039482588
0.7457117424054694,-0.07972886773892374,5.627968394159725
1.4597031466274437,3.632404797803587,3.142578661483072
4.384585309665416,1.974552473394378,5.132157867482367
1.7735666661707126,0.17707224896272722,2.5270231368673115
1.6131727204612316,3.214508153250058,3.4000741829822245
0.07069684615742317,3.6863746782461684,0.6870834870801448
2.6174149235235817,3.9888339960087213,3.750452827055575
3.40641856112096,1.994004610629125,0.30068209002395224
3.711960864811415,0.29813298910322783,4.861986029829695
0.30538873599122796,4.359363229159238,4.49376604074692
0.06547864096635364,0.7387963705125848,4.482085246959036
1.2914094767268662,0.45380079705758325,0.016561748004555402
4.388108440810097,3.0339998574193427,2.548007900338555
2.0575802875728093,3.8032591449973276,1.8664921819587779
4.223747079619164,0.24308586232487972,5.254867754597857
3.5047462795936695,4.125891404636583,4.6614516160454995
3.2669717833419343,3.774098926629395,1.5614730039427174
4.1950156758970065,2.6621065075101815,4.075483953135403
0.9976449894249634,-0.06466459615653519,1.2139476229057615
-0.33185595300994947,0.4018916616266899,1.657516303191513
3.330818693706533,0.4713980241328508,1.0396192448263641
3.1025443604674714,1.1468994459069852,0.18862619929670182
3.0016117144357164,-0.10293534650721792,4.190974416718137
3.1579235197654802,0.2405149196560672,4.0180847624322125
2.6397582600485947,3.4300406463155433,3.462779729095394
0.227041608214259,0.5888436580122929,4.264437984881617
3.0646325778400114,-0.4561767048539356,3.0774639754997413
-0.3296957356300597,0.11239093423713709,5.189268115528966
0.5731513988641239,0.5081552769616529,5.1713315615962445
1.792536227172616,0.03245337426464545,1.7479572074829162
0.24592495646601176,0.7597543641003299,0.5265164272318344
1.8236781451727353,3.249811973660213,3.672027347568795
3.265933011532308,2.9069297919910824,0.22247931793422296
0.8194468489163952,0.9669306522564884,1.8495572741999136
0.37327586608753194,0.5202968179409302,5.135969637694363
3.4728919822610145,4.186591595492039,0.24006549091639667
1.8360396799117735,-0.22759417523931535,1.0102989917513994
0.33711990670298353,3.1760469239432982,3.1731801973446303
3.036355355144291,-0.6045033118404384,4.928788201506878
3.478301070102768,2.4052337713168233,3.499609274262448
0.47633119353038333,3.702078081915645,4.161534602509004
3.1675886970739917,-0.4922097085174707,2.677824305337286
4.324381043613995,-0.43985720969357406,3.427170992423771
3.486415109251194,3.461223086291847,2.626893363456909
1.0387449394857895,3.2062886059836657,5.46295020074663
4.441730365634899,0.00716834493951779,1.9474553734924367
-0.23423813507003277,0.9228669077538647,0.7084210373472003
0.5833001637925053,0.6392350844343853,4.093789110057533
3.38672937515899,1.9646959397903423,4.372292681108574
2.3319034960186875,0.6600328880725503,0.4353855032099086
0.7764737570616033,0.23634736574712722,4.584772067761689
3.511656822706291,-0.49930888187038136,5.370596069232207
0.23640311363230304,3.379224401159961,0.6468796138712778
0.9035571171091755,0.06488198812486357,3.0534452096919162
3.76724481544705,4.1272692097182295,0.8274109416092783
4.128177096096554,1.046203193439989,1.7980160574232888
2.7186473084146825,0.5244755698695514,2.6202408587330446
3.681103152518351,1.4514352987373451,6.280213328278371
0.5965129336372814,0.21991949843824043,3.097713441816268
1.256412077768104,0.8609854691608037,0.4627451127637377
1.566254468265409,0.22365626350808065,4.615055359712205
2.1681367661711053,-0.6562604431555554,3.463722346986483
3.8497502079138863,3.0535652208070827,0.4744793381724533
0.5237053110163525,3.4065079527167006,5.035086146454153
3.9984097463592336,0.7065915182951634,3.0555591779124813
4.190820340054739,3.496364126269703,2.330027986165208
0.02336343898787041,2.960364066270363,3.38443368474566
-0.3153939441511996,2.8604599763271845,2.353763298581767
4.6078241463999845,-0.10205138326025232,5.140767739336215
0.0023068915344733876,3.631780731681638,3.3810967579488116
3.6388952634902845,2.6008369085378407,4.492188222568339
0.3018052352288616,1.2783008625876158,4.1135491615490745
0.8842510908703028,0.12159654905409589,6.19553464586834
1.1444395150313365,0.417375681026682,0.20171623964555038
1.7876206165202624,0.084179615453717,0.9399990750387541
4.565879409991207,2.9463347163178413,3.9653408196164204
1.9871074955825243,-0.5257011961370386,0.6027913044606672
4.503759576682781,1.4550994025601565,5.7299825078540065
-0.2070913263668485,-0.5359610327596775,1.5489236636721286
-0.024834912296709866,-0.015771050329894676,1.9833769931714553
-0.22100542950734256,1.3098553509135207,5.875921594077692
3.0479372643712006,0.4690607565027851,4.373911924691239
0.7646882270013297,0.20230946262446492,0.13475221643371266
3.7109248982320446,1.0778532707227695,3.3193114137276725
1.3362854929258359,0.23955388731694727,2.101234791199012
0.8950343375783317,0.6739254706333813,1.5135755283506924
3.3525532947536103,-0.029696780207296047,0.17903282756704628
0.40086096437689833,1.487430342411685,3.363942418264027
0.08445719070709146,1.9932247068035909,1.3956536613332249
3.4127906952544116,2.1784320901935814,5.056977350840145
4.044137128296603,3.6835780763750066,5.580641573120296
4.19756070878503,1.0236262202235737,3.676856556764046
0.4226038605707444,0.7718107935255261,1.1045667038290259
0.7924774515363716,0.7440806127014108,2.56841755922522
4.000312619626851,1.0487661575563947,1.438571177606411
3.5089496350436047,-0.5009097154041354,3.6137810992564994
1.8671318215550654,-0.755876566512738,2.271858066632788
4.670907844810096,1.4121595226642794,1.7763345392535408
3.9252085737245457,2.295278357328271,3.673985392341175
-0.28900557048527464,0.9879679896981517,1.4241900213113512
3.315734792914038,3.7020049779706623,2.059539331674903
0.6550271263585511,0.013050147202412932,3.599530261988317
4.398111560880761,0.4649767292693743,2.1063503229729275
0.6592237096928223,1.3176820606611241,2.054809962743548
2.696525023242513,0.15209681265907882,0.4113081679895021
4.034051003470636,3.244870201284855,0.38316802929136523
3.8877868958944735,3.086882029044801,5.222212813863726
4.535518516158909,-0.2979152922710276,0.2596249118973976
3.3074696664681267,2.691983814177239,2.2201289404203366
4.308944532548076,3.332272036437584,2.4242249972668466
4.4639332412180766,4.348371016975919,4.759464121777402
3.746169187216676,0.9789252758918063,2.509904241685994
0.263354353312349,-0.5734500711729913,2.6574013852102145
0.27391250460369976,1.078714906806489,2.7886353021222825
1.60952219646625,-0.5969801712215395,0.04202938420286723
0.5269717742180327,-0.5975150321643894,4.2741000239741815
3.540879540531111,1.4926732992589624,1.3485835642434454
4.013838240962748,3.737912666268196,6.111550984448271
0.3168203958668563,-0.3915395267272281,4.560051837715642
2.2840928473960576,3.4912620396207705,5.006086016449489
3.6835142594355617,3.763449626712366,1.722254351221656
3.380218246880394,3.421692563677868,2.8042160107355736
4.647774591936051,0.04436738456133549,3.552945205356548
1.7861567777916245,0.272610304621586,5.506474531397231
4.696044551678525,4.212201315554097,1.4412599712916556
0.5722588831483476,-0.5348442955944319,0.2803659383285856
3.642869430383781,1.5015858182470114,3.0370378821393706
2.9458440957743792,-0.7541437561868435,2.5396579610587136
0.6593888900176818,0.21252417144472258,2.8821675508953652
-0.18724155619524793,-0.726602564904533,5.437053882098977
4.692778696087938,0.3129339509906377,0.37766040996040007
3.8237473033353346,2.5102696893291143,4.180020438152976
0.270207033286168,0.8070872242392766,2.6908476138484887
3.9803958476613337,0.23855645951217563,3.7410760249619126
0.958825842643169,3.1479192799204876,5.33390963114548
3.5943845507241767,2.5089171810011095,1.8779536752565
3.516241138063842,3.3575243514445967,0.5960027079571345
3.970088531718009,0.4598339355354193,2.4889555908212517
0.3365293774529948,-0.4549571628744556,2.8174164568043154
3.4661624474117216,2.6408115135989365,4.426672118388081
2.0432692305632276,3.318730904169307,5.080357673213539
3.3981160851226657,3.384679293593769,0.798395284425145
3.9659173059676602,1.0931575131132958,0.5256842083955624
0.4295553161161053,1.941329702430476,6.065269897599581
4.716606298293727,0.9197350056246143,6.266487502235281
4.34523747705897,2.6764479501868097,1.6342041186856555
1.1212715480037647,-0.1290155855479227,0.47269607421221826
3.8085029900041922,1.7874664276464518,4.017625377393807
0.09597355914110556,2.7936860103295014,4.666130696596211
4.311201832658745,2.911715155165171,2.8385050204505635
3.6048137802442706,-0.1408691671714538,1.4317847871939087
0.644972874846864,3.0498518296242456,1.156844172809479
1.1512193558823607,-0.20070372010321236,4.26717697569908
2.6873514504488423,3.32645456977128,2.1701942044396683
3.4080077051878415,0.46559838798821707,0.7103150836419713
0.6970478855386931,3.9527443365396966,1.1315787893713003
2.761910596392152,-0.5011641049778955,5.7425145560809705
-0.29147751044858405,2.8897712926146313,2.9037975321987917
0.20895264520072,2.712063823896601,4.903251774102578
0.46232144590006163,2.440174216168652,5.313681005065402
-0.3024879714907296,0.8636775616379453,2.0079208667093975
4.400140201379449,-0.6426613563726875,4.766699628971551
0.8634347657067089,1.2156342507755216,4.963152068933259
1.022902373003443,3.648678751678294,4.711688678047453
4.455625159800806,0.6414196108348031,2.508726009609327
1.4387672292459839,0.4256066504552556,6.148067878332785
1.1656655033555645,3.410914635214196,3.7185037829334293
4.637513417304859,-0.5390924792242655,5.315348548879798
1.5055564706846885,-0.3210031393049347,3.268097986613739
0.06443923004100782,1.7062851105158217,2.041704847594621
3.0071490689509126,3.204944224313836,2.4094991976551796
3.3074547439540916,2.6745600929674995,1.731000790928648
0.719364947208294,3.332841837349556,4.848403600588548
1.7329748182295668,0.3270175043770882,6.105422483206869
4.7351252981147995,1.3886067158784456,0.20457027346450696
4.034009500651761,3.4079485439453263,1.8125527974540798
2.8172326348447836,4.194558126573264,1.8431426180513277
0.6298856654626561,3.4740270803980486,0.8851205225644629
3.5246269479893293,3.9485454795672634,4.694096995759621
0.022695967098273706,-0.19283891594715974,0.39060582954793105
1.3108455393357126,3.817697209800543,0.9071059097924978
0.5656974049648471,1.8423644981985121,3.4988470202013175
2.0424268630391604,-0.3120515631520925,5.911587188878695
4.7190814245253145,-0.10670915988970031,3.785275993548479
-0.28228966917729137,3.0988992544715686,5.352678755874408
1.5369913463102192,0.4758732042032805,4.324337723016483
1.349084792909157,3.339672995645315,5.6674803439625325
1.714182542252534,-0.2740470621022392,5.094914448794352
4.0891215157120016,3.193633302032284,4.734374842295253
4.160246561341549,3.35944906032927,1.030614995412108
2.584820529430847,-0.682287682681538,3.8847487851902214
0.9289752794474221,1.3490249334839612,4.680476170069985
3.8556295202699715,4.207545695546637,4.915620705860482
2.936548637775895,0.5309102367263017,5.200801891367035
0.7236727004114075,1.3229251907461075,3.273310084317909
0.30281424689284964,2.65001640098665,1.9719713146485727
0.27904919272283546,2.857365483850718,2.1711297304418014
4.293405853160099,2.765478327714978,4.0022393992736385
1.7029562330348655,3.500207830611859,3.3008055127124885
3.8386935584806627,4.040722641565161,4.0704469221205235
4.2231742879426015,2.9433151769356236,5.841575147871402
-0.19663959103234244,3.0664785157126664,6.148765071753014
0.5603098508836558,4.268812989367741,5.197694923550418
3.5962407884688545,-0.7368835329703977,4.474962666807325
-0.2845409072709473,3.156271875892749,2.70473832491329
0.6163044513446528,2.7447794165642803,5.155643452675609
3.563875444289909,0.3493896174566564,2.241923537878609
2.092200359474865,0.4144892634386512,4.074361570961523
2.449274352988495,3.200407860904056,5.700302679109924
1.139544771031339,3.1377728874261335,3.65753615870139
-0.12932600317695628,-0.5318929817564535,2.377449877161561
3.7834291055647276,1.487267356515971,1.1422369705468995
4.285347642277846,0.5864293710144883,4.34781366055637
3.4920902019087956,-0.44077391296082746,2.78758252204302
2.1754267106908816,0.2764649002709505,0.8909533972890226
3.958956930681266,2.494503679024207,2.478543870276499
-0.3439247957227831,0.859605309585753,5.401202723335613
3.0480026747359146,3.622192411526119,5.790228063211056
3.5675906060182863,2.896989323236185,5.748675120713484
1.3098642329210795,0.42995050964941006,0.07112805613929132
4.024462657770407,3.711350908178291,2.1847523890868192
-0.3625246785760598,-0.45723049400890453,1.8651761922269792
0.9241372566369473,-0.29558107523309746,4.477067109707934
0.7111415502742825,2.9324100581223447,1.1706196061788021
2.844134439649101,4.09845100388561,1.3238790485916352
0.595884969281366,2.3032313630187438,5.4942777270989245
4.176111199636675,0.6684826799845522,3.041068564725205
4.15670503574931,1.0529875203031722,4.9351514625736455
2.451776618012944,-0.6060898299032711,4.2215776584521
3.25362082636012,0.6346009365337084,2.371025432130975
3.7420567241060096,1.9023132104756701,5.445535419115584
3.9080982266800506,-0.1266281097544235,5.656356716313807
3.551063655681167,1.0109998212756133,5.949920965125033
-0.23805094045533165,1.9330889537472453,2.2078441869159358
3.0085357024159762,-0.054096328610978905,6.069528249296538
1.7432522027879518,3.4980111638272415,3.339597230475227
4.217532925525845,3.6317300597281186,0.321660785700231
4.041243789211053,3.6384520753293703,2.542925315994009
3.288934234287859,3.2892897619911716,5.4628638277220904
3.270390848571088,1.791246900116254,3.2087028284728922
3.1316332589609996,0.0881157017493317,0.6722136915209975
3.9519885455932915,1.2479913771309317,3.5394206673846864
2.28446781293877,-0.18638811917012044,2.4055955807641687
4.190484105816364,-0.1613018923590026,5.094740344052548
3.949385216966621,4.276408708926647,2.298552712029682
2.222900273153589,-0.03932417140982447,4.112204934452832
0.07366792844498088,-0.5331996075853717,1.5634905964863641
1.9365024753882247,0.27895401277028964,1.5755266265493233
1.1282140774169114,3.0605210912181056,0.36333548678472394
2.3406992461844993,4.068163090122417,0.5275760103492729
4.007753249236481,-0.5798174313205755,1.0466092719660545
0.555799008747764,-0.36693987625799873,0.550663739490422
3.5800612795455575,0.0014820806020807709,2.174126015269211
4.456845626782755,3.429337365955689,4.769283853322507
2.457101543810809,-0.15494191367885424,1.3062602059515764
4.357675546844328,1.5887737080891444,5.191890546857017
1.3605929329664628,0.4166773620491655,1.1849683906935724
3.551883656848749,3.613455509089456,3.258144122834176
3.5488391690497165,1.5152931774708907,1.0848285195494325
2.460539386076004,4.071804604387786,2.781651603509934
0.5267696432140371,2.693521265124464,0.30168156012060054
1.6149111315831868,-0.061665411305039775,1.3793476310443133
4.589532069787868,3.5162905090224106,6.2503881131927725
2.9387101254614545,-0.04060417778525316,3.5405690496002005
4.293231035418492,3.251751854014122,5.63696932984323
1.1536399480658455,4.3581401627339265,2.356031132660288
1.833833667057477,0.612329676367471,2.231325945704181
2.542980780228354,0.1794640059798891,1.8509625128625131
1.9750130965211605,-0.21276088343458843,0.2478717558519161
2.706572861231291,3.296984471158259,3.155024252948098
-0.2185974109083231,0.16397917836382103,4.458136166164902
-0.3623622986723558,-0.6152432563345981,3.781104013213051
2.1083979587655923,0.2318006731311787,2.719426817170269
0.11286432276885539,2.361961440657651,1.2249399604772224
0.8766792359615524,-0.033541878258768976,4.6273234911430805
3.7551117057308305,0.2165391483816207,4.39768726595517
3.9410131869230947,3.0036569699471145,2.5761635981887068
1.6227435293840515,4.3580150201910905,1.0101333836344764
3.8075267186672734,0.5925257972792453,5.0057584738638665
1.056208651348011,3.30415993034335,5.677900860936465
3.253683296553495,-0.46817986788234645,4.101163871956563
1.890997991593748,3.9763342457084976,2.971744968337434
-0.294901554798146,1.0323318531561738,5.660300233594403
0.4686511864055345,2.9269776063228226,1.9065923109260638
3.2543343459916256,3.4040660822343938,3.0695255680049627
3.123836154818583,3.2361365191419997,6.281669171657681
3.5687749194111897,1.504435438855447,1.174844384996323
0.04402086115661935,2.668739406914286,4.318149634710977
0.178939217028246,2.2570102753343706,2.914227352890845
4.018210244025892,0.9728133101577348,4.867472916222767
1.4644751139317562,0.16489166797047672,6.254120434356049
2.846706980853821,3.153774157861667,3.6630599421928487
0.030676994554142356,3.5680308225418234,4.628617026908797
3.5799071623974577,2.621807869488608,2.3923512561144107
0.2686552298837155,0.5829170989792232,1.607468558389442
1.6965557334614454,4.0350690033807775,3.951294447700315
3.0773881647035206,0.7253985590580794,1.2311983127100312
1.5370381619912896,3.3020937130889596,4.383831370779072
-0.1276617994703421,4.155663409715691,2.8634011884409176
4.575869480215821,2.1987005086039506,0.30394075998339065
3.438287094907113,2.2177131360783444,1.8786673852796416
3.8355129159943697,3.2104253565475873,5.7689674302155005
0.26534878367096715,1.8631033561150123,5.7287718234932665
2.924797400668859,-0.14038697561647917,3.722843752906831
0.5214008000655089,1.8684835066572112,2.371445269494753
3.855835861103813,3.62128152122317,4.295622064200682
3.125376941803692,-0.3225380523155876,0.18353397619629094
4.450860650424336,3.8903542385011614,4.470940918478908
2.8590947896650856,-0.048236843448820954,3.362391937299893
0.7899452244946531,1.5681985758092414,4.575167529670812
3.5900606149547416,4.258795993340949,6.207600463469321
3.2832928936200063,2.7252103650117077,4.309578626836737
4.427605755596075,1.1017423088625748,5.682098877727208
3.1445790925960333,4.20564174223248,2.5470280591856067
1.518077260620124,4.085389314213958,5.946946865587103
4.302044609813519,0.6751805523160141,6.227540596152985
3.876173279712803,-0.46818761621616056,5.6132109424942955
4.017352703904381,0.3563992280118642,0.5093459735389465
0.183818427228153,-0.49464666746751307,0.4794630700109656
1.1263311569199863,3.650249644551443,5.2837850231465255
3.684090484815221,1.0687002600012931,4.983851643406599
1.0442586339759679,3.834484727583252,0.3580026467695929
0.014075469788164985,1.811825164095676,0.43802320895894414
3.1366694853593287,-0.44787964170233185,5.071538954737596
3.7309230053251294,3.7248005750220186,1.9749906305844698
2.9240865925284543,0.37952575121568044,2.2715721897047887
2.504053340848381,-0.58209350448268,2.4555210683045434
-0.25325772320014295,-0.6415347211346847,0.12601640913942258
4.025638234514106,2.0392062674187996,3.4332249436132036
0.036345385062373115,3.443763256532911,0.7308414360272807
1.6001326560149756,4.137633091207876,4.056530991232973
0.4810495306366508,-0.4989742894508057,0.6058940006326914
1.5831688320910797,0.22389437593992456,6.01208841212202
-0.2968635785948017,2.3333057670979676,5.307581703157902
3.876883937181929,1.8665450980243756,4.623794620840416
1.8695799103739512,3.6936547686626353,0.1816665532654049
2.719316391585565,3.3524478514158114,3.01419915896444
3.990942331964783,1.5609852890627676,1.4503977033147775
1.1285436063186158,0.3648524230244623,2.3910984550632066
1.0069114620574977,-0.6038143009097858,3.5003031018100246
-0.10995397265870138,1.0289728376303386,4.5611597169850855
1.0011849038666227,3.226810859651632,3.670109649062377
-0.02431449898961291,-0.34277769799975855,1.0758121861215377
-0.1506062961958402,3.270125255451605,1.1198328530231343
2.46797540376561,0.20991209138138678,3.5734727986591954
0.5782331615370765,3.87344695679995,1.6576988091017508
0.01690210708225609,-0.12613997156055357,3.9551764617474197
4.332557522552859,0.8900968984923472,1.1032885149021276
0.39842125969315445,0.8751799698634601,5.283718377918288
0.12229178647246075,4.35191206813159,3.1127622749710238
4.60899546007082,1.082406663091926,3.3758252806196505
3.0531743329458756,3.0526559602719012,4.573957160280422
3.354322955016086,1.0059430433672087,3.818545396250559
-0.002912541086843634,2.5278752044818042,5.2424526765011965
3.9491873813385823,1.859256790013446,1.315661140950236
1.7779395978712786,0.3976828560297416,5.044063803984679
1.6469973163996499,0.09768406401453034,4.939766141847399
0.3296507995705289,4.0756108933782205,1.3087657005290363
0.21649362236778658,2.325036291944384,0.37566087912256557
2.2935729485108833,3.9043896002707443,0.7979003071823602
2.777356400880732,0.44847474955648514,2.8143266237010223
4.132407046001493,0.3763045510145089,3.474952537028101
1.2083856021504857,0.4041846730146459,1.4554843565964657
2.5093488530493784,3.9946063121238353,3.015894497063063
3.7109566874652744,3.468198036448526,2.6663649296196645
1.8962331411538895,3.44229684438345,4.086253553619197
-0.15468478513383369,-0.5411305325229736,5.069624420585061
0.6003612644775927,-0.650211423958755,0.7278068856770848
0.10088628681826972,-0.393000460792207,6.254831456646915
3.142358990676676,0.9072676548407568,1.9421783571984814
2.6625569478438087,3.601083441974879,0.41382399598044406
3.0283836672066697,3.5560553482161072,3.4566918687987873
1.9652569317613668,3.517894211098021,1.0700905491277954
0.19887486641997287,1.7164773663238515,4.738583814456824
0.8847064353693214,-0.32229598874682747,0.7612403153469892
3.864275117322925,3.3474680030483848,1.4809320145949985
3.967520937816742,2.036028178252394,4.773341589902672
4.461776858491869,0.06871406911509192,5.829944111188582
0.2095137402669024,3.4871123362386847,2.4258472328725387
3.5767939133424296,2.704777441428494,4.936809868730152
-0.26008883698065777,1.5289400672048625,4.411937019649483
0.8471020994447621,1.059013687490352,3.773599302205531
4.096086282543132,-0.38934574646556935,3.317737328766639
1.429985232638281,3.661408741470373,0.43930273469206416
4.413315631571737,2.4362369735949385,4.388060218558718
4.397627398507709,3.160658088375131,5.6755621302163055
3.735649313844937,3.660056628656248,1.163358229112811
4.033154920819985,1.3226035618574348,2.3797221825635306
1.9781108438896,3.930434737298536,1.7272263198470192
0.2828444299373408,-0.2041033086134837,1.8345631481583082
4.0008299884206435,1.535099228438582,3.993784081650198
3.8178898089887507,2.5400047836869932,1.4056829319464579
0.33096321737045997,-0.04166628445962117,3.2717758951472624
4.075458255052063,0.9626656106044487,5.96838851223977
2.29499455109764,0.5949943137279197,0.899517798787949
3.4456951222210828,4.091914032847672,4.389592838451832
1.0102875699264362,-0.7512573584282436,1.1960600742400076
0.7402467586346485,0.27237870453600377,1.468011552205725
3.9821549052403773,4.281132843516482,0.314914827833349
2.711217823528574,0.7421271474225053,4.957210805436338
0.3931529363789047,0.2884589977307781,0.2904709550612662
1.5107450567117042,3.4342616714329015,2.7858682191308892
4.037085645038902,3.217826399997097,3.751241869895846
1.3831067045952898,0.9105146627116085,4.689162332797642
3.8609076794281494,3.5057225688704436,2.265637959268721
1.9637400826771096,0.06421936909416726,5.065770980863607
4.494633436812685,1.8855393708097652,0.7630519833166886
1.2358100252236408,0.9727548626843021,2.047798065538902
3.5117245387148026,-0.538338879732982,0.4126953219802541
1.100085813112071,3.8136974659724423,0.4766965349017478
3.5699105987203246,1.090946032100713,3.456194885932102
-0.2733488283017338,1.938544788681015,1.976692762253896
0.301536072066506,0.9421535487470116,2.8201949604373304
0.9645976143357243,0.15647036669005687,3.5977472504578545
4.093722977309422,1.8753400331941052,0.33828509993108546
0.18485906987770329,3.316855744634023,1.5464100177455857
0.12825329502630423,-0.34899449666563837,5.881596723638281
0.3618884375688525,0.5197520832270264,0.8292076098389319
3.7396440898177206,0.15565414156899726,3.780331352159336
0.8859814672453116,-0.49227205870211965,2.604464933292131
-0.049713552937965255,2.9354362112632297,1.7053232820913948
2.7194709158061325,0.9358075928937597,2.37276259222092
0.3869784957472929,1.889676234609218,5.639680442343601
-0.09293371646091436,1.7585832474885321,4.399008841068912
3.8911731824344793,1.4655484321787524,5.166958768111856
1.6711508340846986,3.997401207816261,2.5209678443912846
4.070072037667766,1.9928586613801054,0.48969274681134795
3.4479527454260044,-0.04960710554050407,2.0115681241858323
0.6659806373935412,-0.2925306567655269,4.764955082099962
0.07096491024647172,1.7061639991898967,3.384391429546961
0.5143139682624551,-0.18207795066690047,4.90344312931416
3.8984972445242043,3.574244855892852,1.2431100857629978
2.478318845213271,3.894708246447517,4.835302791244014
3.5036307182426976,3.441972725812982,1.284034210488151
3.5891493450633014,3.3594260990083056,4.667913388922428
1.6784420141852459,3.6599410200650935,3.916409222451146
0.246543158004771,2.0295481171368337,0.3595831368138104
3.8265304722717097,3.827175889274333,5.904696650884779
3.1801950450350334,2.8852935959839536,5.768905314866974
4.700117302419005,0.7672511964409601,2.682934673548821
3.231417543924736,3.434495085288521,0.7884875359983364
4.281181901551815,-0.4346618785847707,2.268606747379475
-0.2950845912751594,2.575263609974009,2.5516382464794267
2.729166086535585,3.5813434887065627,1.5203725001545743
0.13505705259510303,0.11248663863234543,2.2680852129715454
4.106082344828992,0.061424120759583034,5.09397697463401
4.555564124701118,-0.7554173758645463,3.748087207683059
-0.1885394342043795,1.2183385738575818,3.457733472036881
0.3191600527961558,0.9418322642355705,1.9611425466510697
3.902487787520844,3.860775868040345,4.658442021762454
3.155215786426137,3.881288711478236,0.8557562165348849
4.665241273774926,2.6354968603327174,1.1940046913318332
3.5118724089797633,2.466066157687962,3.31296412105056
2.680360088957076,3.746898255627409,2.697787387141455
-0.3129504665589506,-0.012376083827301487,4.764156090065046
3.6517503691035165,0.22338448814268308,5.5704211777346675
0.1828544518092159,3.508415490875345,2.8509186835793368
2.437773162004234,3.793124945628721,0.31004091771049175
2.740131151693064,3.248463309583417,0.22557202715056215
-0.27809167976785243,-0.2732515637891831,5.623938072440394
0.4816252917419802,2.365951482880402,2.824057358552769
2.7608753309979743,0.7152085855242423,1.176377925231896
0.05766055592106134,4.323496286683159,1.8195956287426331
2.8964755789196786,-0.6803025913477747,1.5530210243632803
3.945826417961345,0.9417282986254851,3.3589050932686897
1.1056087672426762,3.225095542243323,1.4946359423928937
4.2782801157680845,-0.3581829262253901,4.707435550497296
3.237554282568175,2.5795130723427926,6.100630374768101
0.6954786761551658,1.3905984621788932,4.5947630165114495
4.587554992707511,0.653651514150869,5.516425552664902
1.3888501697811297,-0.1394140299892106,4.435249211331125
3.8586446678367983,4.087758058265799,0.7653921351143869
3.6822450806674043,4.02508666605318,6.265716074554889
4.354113503692262,4.033126737607658,5.253583860996453
4.260883725352347,0.580640919847772,5.865946203694662
3.758239829796076,-0.34755739259271984,5.824439798755204
1.2909926824742923,3.9025774653448106,1.9453019542946028
4.311630894778371,2.4796921714105697,4.439309796299743
0.42201581408127464,0.7237109198631813,5.0134988250429755
0.9694030669399726,1.146862160533785,4.5564532957663255
3.4692101728445532,2.3774814533825426,6.225591790899421
-0.10564027173791629,-0.391247384424771,0.8296236833585595
1.013812762882245,0.4381566743502665,1.5135666032645643
1.5269488126481359,-0.08270821542538287,0.1524786349709928
3.976692617590208,3.7368334086534487,1.9993681613461647
-0.3536759506751345,1.6284488748850006,3.87005161138594
4.195683248389255,3.0910924705333325,2.1826728897379954
2.7950239603320144,0.22338364851929315,4.165088771837049
4.430124720495447,2.2175466246652156,2.63123479329948
-0.04794707245558094,-0.07076085500388407,0.7142585653951515
2.429672416463034,0.5373254009393849,4.46233969006988
0.7748557687406369,2.9840005767506654,1.5123595779987744
3.2339058988466376,0.8266906015069344,1.8999056869140805
3.825940775327685,2.9517188455214964,3.032122003533907
0.8979642726211251,0.43335339448688903,4.383297975453811
4.041484780136555,3.548397697689966,4.788269588646206
0.5453381629049366,2.7353096150375085,2.8536143571174324
0.30902356367063244,3.700766787427865,1.3273405470489286
1.5530421829659837,0.5629328255735531,5.738457646367615
3.1981465209453344,1.626859386008776,5.39164537200074
1.2596304224819614,-0.6311004928454105,2.321717911795708
3.6615891213749263,-0.5109539054262127,1.0813149709752667
1.1402116048831963,-0.2629406500846742,5.332259414367561
-0.07483667217562451,2.5300567278771027,4.571514867459607
0.8508489112555796,-0.4760998504845512,5.07336514537573
4.132580166026317,0.8336583656906351,3.1011881153058343
3.004907757548405,-0.7071327912436813,5.360452899843467
2.7474097696664153,-0.37619239659563564,0.45605032528515005
-0.2007373663297246,3.4781831572618342,5.211879026823029
1.3316129718417713,0.6114831895089443,1.0481520807399332
4.551160100080182,-0.04187486025445997,6.097823002258957
0.4738966389066115,2.9773430300041066,1.9881268559530882
0.08918339612921955,-0.13056214551275702,6.276153904566291
2.9288534407337186,4.352176946030055,0.3991731106813566
1.0176261668774096,4.058201056491412,2.465355440848961
3.252211227494203,-0.3425562221630971,4.764027070224112
3.912416901961448,-0.49374600664250656,4.188893243544127
0.003769553901903422,-0.06127159251218339,2.4272438736896174
1.4152357944487908,0.2316796636248203,2.4617677299751186
4.636552448215016,3.987341201998089,4.129988695143017
3.650915075085031,1.0658880197192806,6.091502833294407
2.1000447498833927,4.281792257841009,2.65015699609553
0.6429614863045213,0.36466073665413523,3.107723091444156
1.019439015589494,0.20576389911617077,4.635387584791546
-0.14617242049290294,2.9731531709197307,4.748789379568383
2.6157666077843107,0.5609795118632153,6.232295722023171
1.8097066074049857,4.129945151291094,0.4106945484270918
3.010019590055109,-0.5155826736652289,1.241846635001637
1.771562521482748,3.3520851546743,3.7316093438746467
-0.1554023771251142,4.1577325239354375,1.6053677347952489
4.67194839542134,0.4145962360054114,6.089801946580589
0.021715224926391496,2.3981813848503557,5.5629782663657545
-0.2330428361760729,-0.09048614092196638,5.172373250297964
0.7394344733725414,-0.011927991653811865,1.2188509987340828
0.3341434219895595,3.0329528254725235,0.750913064304393
3.7061438891588674,2.804208159193,3.916118054917452
0.41325543376225937,3.2117979302569553,1.3011305651097433
1.377964548024584,3.7137309328279002,3.931102577832763
-0.2956305054873724,0.1994798468214981,0.8080770242139472
4.408651897162566,2.9052348235081475,5.711690522691331
1.2810959502759909,3.3981348336275117,4.115799569959747
3.954316087636931,0.48741680354844386,5.3858282103829405
4.564206573698466,1.748590319417766,1.5818601990358103
3.3630211944962918,0.8808056754991334,4.326656383701897
0.9722045575273287,-0.2537587769997748,3.5005646445227327
2.1576161155784424,3.6485155346425016,2.0033139055873743
3.6457938706465196,3.0949070255835087,3.2331448956095636
3.2154573673708526,-0.7018075660649178,2.1852379743663652
3.87590436609863,1.2943146781279098,0.5340394582034593
2.4261930177652107,3.431479158755228,5.28937820762226
3.0046912529032483,4.151827244330109,4.337488700967112
1.4970476601501823,0.4982928273434919,3.399492656326924
0.6170191790869971,4.117916491071453,4.877327862071028
3.208255406720326,1.6371568398689997,1.7833054268293849
-0.3487326286013456,-0.5034970180942913,3.401315396201025
3.6520896818753528,-0.6819183084262344,0.11872102244386015
-0.32644437463358894,-0.26533545139448034,0.7943670277424109
2.682530967393282,4.329904276677449,3.666845739209678
0.17701058353823207,3.49676918708551,5.6094882090407845
2.6701772724060984,4.190411332240604,2.4778919376336557
3.5187259088774425,4.007430133776553,0.6503992511916723
2.382228540348597,3.8294074233999407,0.45384111682147693
3.0828531453997936,3.4078917333334005,1.9107754880419348
3.2668152913481796,2.3905124079914026,5.081645192158412
0.6913167604059413,2.7922500646616584,3.947029285074899
4.383281304019972,4.0871675552609315,4.882671371630913
2.6266325941797186,-0.31664691828853214,3.954195737357019
0.1650770851530492,1.9670887259423941,1.5652832306417386
4.740786977191368,3.293575798321342,1.8136188469622032
2.987471310871166,-0.1778496981973906,1.4171262605088149
2.0020917263531004,-0.35783698827066407,0.6779124475618676
2.536564190445402,3.590996506526734,0.7642247645990365
-0.22422035420298872,-0.2997921318412392,2.019675354726698
0.866358242969581,0.030573980754039165,4.842264455664021
4.6295426048508475,1.8892097556917045,1.6402053544387654
0.05160224868469565,2.138425638785808,3.2407927135534633
0.36239331162877,3.2676094114243046,1.1855507668353698
3.6013297804570823,-0.37577255680593463,3.4123557378332596
4.005516191061142,2.11677129247693,5.992678997148263
4.048316985744115,2.7645264243458625,1.872961379588657
3.5308928008374014,4.308934278348041,1.1964117906290426
1.4174486305674638,3.3284115282911353,4.975981086202846
2.6157683586901643,3.8505754798740535,2.4509726776151655
3.8018886119590487,0.9230440087861829,5.470804314347601
0.34776773117202153,1.915352601249181,4.785293529849016
0.053595251519981235,-0.47746493227662806,2.7566728503528815
1.9856968413404537,3.340590824508518,2.087993311969094
-0.3443660947591216,2.816174535123037,4.871378355526163
2.2842392589302083,4.3515452843211175,4.64795855568501
1.5471556282551981,3.4259989070133496,5.28230766418044
4.16053621343524,0.39629773205781027,2.224103211814659
1.3483858610238086,-0.3056835583920602,2.5876276664273945
3.031167720079805,0.9804228867563334,5.484955831868994
1.17160444342136,-0.5557813252018448,3.635985216608247
2.031938749065525,3.3435401745604816,4.910602368094699
0.853584295790827,3.495675870829981,2.4583464416230685
0.08792741307051716,0.9917653450870687,5.825021092450139
-0.09649603213719143,0.90121001204443,0.3044051544449647
0.7773435073714973,-0.15301096305063355,5.441234340413969
0.06332178517702364,0.04703785980220687,2.326407831390075
0.4081408304968741,0.7336822378106187,0.1418789864146567
0.2764292223272171,0.9173001469874547,5.89990894076579
-0.3409126960811545,4.071938530291013,4.862920647102743
-0.19489906164703746,3.9346046819252827,6.184300426939937
4.708250645433225,-0.28470688497942315,4.610737371197941
0.8923038910010844,0.1274214840465423,3.5984494706095647
-0.15435040551717924,2.058446543387375,3.7705337638138237
2.843362976259811,0.6755082796238927,2.749517973414944
1.628472066343503,4.35168258374606,4.298372448071912
3.3931417177014866,4.153002838640096,4.793593845195239
4.436385246779698,-0.3133352062624395,4.943278639038723
1.5591839888653518,4.128029990497068,6.276056483721308
2.2705095504224113,0.2478833363022508,5.217932590807571
0.5277183270363028,1.5576655876913819,3.8482541348774
1.6275986299352412,0.11880507859400502,2.766378357475832
3.1046680487935374,3.187187830060133,1.373982056827495
-0.2878356810291279,3.6553090773333548,0.20642384725227894
0.3454594736658322,3.6654534989810825,4.250950838253471
3.776198281453209,1.813069538958556,4.847574785817993
1.337983017628321,0.7023627719971168,0.7276938688808523
-0.07922044193964423,1.4450253163512312,4.468546802940183
-0.22140404141242095,2.715512409644694,5.541665873957501
0.6982249984387398,1.8177953708534735,2.158619150816543
1.9309433777722678,3.600539895154758,3.749931738423949
0.27841941218153354,3.949766389463031,4.74503888723447
1.9880097513323745,3.6753018501231187,5.766719827261194
3.6346856137822674,0.4107795654684123,4.282941183830115
3.2520398993347133,0.4663851655002793,1.6622957062337287
3.7295544046057927,0.644855967825037,5.60764077273313
0.9846742789364474,3.9743021470594346,6.20145315228363
0.3548095848384829,1.3113539937500822,0.7491609453789186
4.600436266944344,1.1093814480206121,2.1222088549516633
4.1086576167109135,3.421142270229285,3.7561788079935217
4.114704960383436,-0.12012870077959104,0.5164721908241238
2.0809128211147514,4.3440432207868795,3.704603529054251
-0.18239982248488476,4.051062178366704,5.102604549760991
3.4424819067943155,3.761703363777235,4.498720158253264
3.6842444518081487,1.754925361451666,1.283365564123012
4.580578455953224,3.772093596406754,1.3519843391108624
-0.1802048927749146,1.5342084096928414,4.555345954978606
3.800293094769769,-0.025142134477940226,0.7414709360948631
1.3618180748606572,3.6707950170574977,2.633125009691791
4.249803129167239,0.2453750414816125,5.204955543082734
0.9254663164623328,0.5419279455406238,0.3566978968614677
4.725537733878725,2.286583681171953,5.316131165084182
-0.1696104706505809,0.7577626456815503,3.972057104390816
0.22415564573149604,0.15388628612008937,0.5431016945240299
3.319472066856499,-0.3003164090181744,0.9355252730231007
4.382653393493726,2.66015950344922,2.0599570429302783
3.9768202916362316,2.908632757644514,2.444830548304931
4.608151665481377,0.5486638142042712,1.041581461863342
1.8974503435394845,3.3978398215898613,6.001907034512616
1.717934264977083,3.918806133656134,1.2434266560271927
2.6560785772469035,3.907007197843873,5.701039099845362
3.1811497164853053,2.645738756494861,1.040338009929832
4.2616921964934695,1.5261619453734174,5.3960423714679235
2.6692609952078454,-0.46762644347102134,1.6475974890187306
4.2775049212921,4.257009815301015,1.0335428011714158
1.7658979804038788,3.362598157410404,1.3051765936419455
3.5879406265781357,0.5177652941337163,3.93642990200817
4.749303158673654,3.339636503100963,2.1927378716508494
0.040015645180768444,-0.4616674538853063,3.9965105670584347
3.2595017352960682,4.291445559615432,1.9304328627797553
4.263119912257576,-0.12734057013277533,5.793138674729354
4.218711450188295,-0.22845252930578963,5.126084823254872
4.107383304345787,3.5284484692088007,4.323256114915081
1.0644403382801308,-0.40255354385386843,3.924613174837905
2.239329453594539,0.372184407547576,4.387902477427268
4.603845886686422,0.4938127394562353,2.0270808170641645
0.9968996464883856,1.1419034049890076,1.5632193998457906
3.5286233677157486,1.932465353006675,3.388100230452299
0.3879419522913693,4.278895501509798,3.7344352083482923
4.0950130367825315,3.8403849108511077,1.0450040793114483
4.535319842784885,2.501338042115526,5.695865015383142
4.194123781173402,3.1440273176968203,3.310365677653815
4.48994856861117,-0.20880096868552045,5.371752336347914
0.573023669991963,2.417846645652985,3.894747142664758
3.91215961002942,2.9681168548648547,0.2888845218872642
4.056467537414027,2.7846455659860245,3.2313511299593296
4.489125563061204,-0.5964336581807463,1.3702552231844736
2.963937278162316,4.085416619550388,1.6799758493363501
1.5243815667617602,-0.75222480140425,5.558009199746538
2.6429746791571143,-0.26713176456571264,5.58296545305919
0.44528476965207897,0.3614677883983082,4.106199493059088
4.739665917828569,2.5979247167483046,4.612456593723544
3.3362190615453824,1.813349764080348,0.8995453177271237
1.3759494957669292,-0.6598504353008126,4.424091281576493
4.343622427728511,0.8270163195092037,3.8852021281609215
3.2858674465908075,0.2593231338623505,4.434895130412337
4.397460935495792,3.683397447180515,1.47863719876759
1.298008439467802,3.5613580932218367,0.6901576940576853
1.2755666547898055,-0.014253498632027295,4.517332268859788
-0.21122727064363947,0.9667705503560484,1.6746512482915434
3.2270445882359797,-0.09356609082312639,6.038197014708096
0.1897617862442822,3.6281085257435324,3.030634844901155
-0.11416463347137967,3.7898532755407643,6.244126544013798
2.9973409511758464,3.1615256660592457,4.57325793086892
4.597096186694008,2.7374575878110656,0.32825993275502646
-0.034742052544700974,1.940466493534395,5.8910528681609255
3.5289697938860365,3.8955555496591803,5.718057350456968
0.8078613312678243,-0.2924704490138854,2.6430868397874763
4.048341400350427,3.557560356709164,0.14363096641206743
-0.3012864553956867,1.372065553564957,5.218077807632547
0.6310705627669772,2.503476745566166,4.261250358643522
4.631879655136132,2.733315680361787,3.999892262280161
0.3112596603100063,0.005138073292181744,3.9660992199306153
-0.3393221443570884,2.755061537048434,4.658303751124352
2.365894491785424,3.6679251929504337,3.486457934620387
3.1240261464957673,3.849298210760284,0.04449551500414587
0.42527059426824665,0.3406770062680504,4.197316280466885
-0.09206799138735333,0.15298235209728783,3.316889720868054
4.741293347928421,2.2006928641571304,4.3371423007250165
3.1121783568817016,2.8247987861893913,6.01720476711672
1.0978201518796822,3.9083853274004765,3.085348676369963
0.3650416606748633,1.5562506253971433,0.1634521166605447
0.6279216536548907,4.1646580444785135,3.3490156193130094
-0.2856824126436886,0.5017048300390747,1.6513494170841654
3.1623474782950973,3.5981998033417755,3.1499487011216125
4.7063856047788635,2.396730743176316,5.829522647536119
0.10574621206829415,1.0533791620528494,4.620897373602613
0.4829770644421687,-0.2691972514320123,0.8172261225877192
3.7433551316374736,2.049319492114456,4.377773901966567
2.896532378365993,3.7724785950248076,5.372936601579886
4.4917970406448,1.8869590900843076,0.12612477579958453
1.5048128628751014,0.36694789290356145,4.092073945711797
1.1036565023420013,4.285231995400158,0.30366059396119305
3.75714732425074,2.8159665614997245,3.63006672121245
0.597092013712297,3.8253088738037517,1.5771658846517536
1.582108383346482,-0.7379154966074519,4.904051209829759
3.0144009859063887,-0.5462096807507677,2.4659804309946978
4.315495837578475,2.1732935366265975,3.337870621309757
3.800385088005031,0.7925995797633241,1.887048661377381
0.07174007729472864,3.4193034024295335,3.6905438479264654
4.06292289045575,2.6144578401222875,1.843555862318633
3.6902267790399863,1.3539176797052663,1.2161907591027634
2.4733339027117314,3.381560443998538,2.4045047179907395
-0.07938107527472282,-0.442198176888145,1.1491096183943632
4.313961010233251,1.4618031592683125,1.7675135441022316
2.7031469568942055,0.7864223695134058,1.0093275092830418
0.13945847723381677,2.1228890576397057,3.459213678159031
3.792234940512862,0.9436742639776796,1.4155448054761184
2.6157919662172295,3.3760184891792058,1.4544448215072476
0.6679260674263706,2.179531347385308,0.7883122733554753
4.605155381633394,1.7596745864976793,1.3420353963911296
1.1541784442714724,0.19819541370311,1.5089272747781641
3.352324546429797,4.1122793392016606,6.187363933305546
3.1595138342852844,-0.03642863405075514,4.159925717130762
4.366172721536933,0.9125460920891257,0.11482450833021093
3.555505771689613,2.5494597827660215,3.1393178807085578
-0.11751909703968119,-0.11733618784887268,5.4170291288920485
2.9987243394196352,3.9526219226562116,4.693253391821537
-0.3026129567471536,4.202764985524609,0.5494400263914185
-0.0950535550127623,3.5982966802807157,4.90588085641425
-0.2448498938528425,2.4957820131685398,5.026450963076388
3.6703345408984243,4.142786605429755,1.8075847250613997
-0.0036177062599800913,2.8220604077311915,5.230025964804821
1.2721624550747235,3.7878602881538015,2.344259927119596
4.244020042770748,-0.6799529245831365,0.6999975428926067
2.9474884788706293,0.4640305050987428,3.239722430087765
4.359677190494436,3.538854145157293,3.0813084732057976
3.1564697267746333,2.935310485324834,3.2946893726458986
3.284342942030666,-0.16419833802992367,2.4974278078335277
4.618285811040771,2.0735443379966654,0.8497427837645218
1.717330992026751,3.267375797719092,1.6065701016321765
0.11586402518599648,3.648388201018694,5.8116469830917925
0.6213891481149362,-0.7499624779741909,4.942565503315879
4.673600539642335,1.6144098310882584,2.360079623750776
4.563026998698645,2.7470472705119953,1.32388989295605
-0.348252140521093,1.0598387202789916,0.9584582243993041
0.03502331710512929,3.292893150238152,2.6027939222092065
3.1142548620765678,-0.7204728197468707,0.2639143654619897
0.7533359382495436,0.08712357088863554,4.8287241106225265
0.7113573592624626,-0.4441318932246871,5.529473211069364
1.3059195367381844,3.9665952061089405,1.666249241482507
0.8991640356642375,3.5153400722252783,5.097197563058194
3.6071814319603366,2.8279847337021367,4.726609051881255
1.1928493964810252,3.9218335609167747,3.1340461513222198
4.322006863473153,2.944211686203175,5.632160337991592
0.6032622749384308,2.8172379861605283,3.061465396278218
4.2209920996704335,-0.7394334298677588,3.039582454547349
0.42277796341275753,0.2172577515248878,2.955253228198876
4.675718042670128,3.271945403510758,5.871338915828869
-0.1211023394488061,4.195009300562223,1.2376983134619453
3.9308340235285995,3.2372586247856785,3.526652424362152
0.4750030904027682,0.6131565809645549,0.6737764568471318
4.545073995355569,3.3274098901401805,3.2857983560890616
0.2457442955332334,1.9747468845213105,0.7319302435752225
1.567265996801507,0.4721499364275201,0.70794985786816
2.9776941498004748,1.0074452470942394,0.9483614315273833
0.9107573145170601,4.289955907540205,0.8412906941526122
4.286994003819842,1.144618401922592,2.3961130689008026
-0.3221674955154246,0.6247038864102394,3.7217896021149164
4.663014906789859,1.2497696237335378,1.7946698851131788
0.40134160914424666,3.3938757603081164,0.23404796649181908
0.8200004666718642,-0.3615420500841051,1.2844648391925484
3.38443006021416,3.0997692414791413,3.22072016398867
3.494209337685868,3.83147569244741,4.765020358177934
-0.25311662777617205,4.1092904615144406,5.750530342576428
0.777124267118439,3.830288580533347,3.5838385381155216
0.7019538594709028,4.231120215413724,3.8720860662359438
4.207576677076423,4.165578157093648,1.96638779709939
3.5678832877255298,4.047666820385088,3.4731230530086576
4.278876156769571,0.3258066663901129,2.1288096343255116
4.369285612161464,2.3071969729260156,3.7625841625879546
3.1220616873913234,0.6727807303632005,0.002452217300999359
2.7350185927407873,3.477703429964536,3.9183873184466234
1.9452074924215816,-0.37655674562015945,2.7169673284802776
1.9013070096926095,3.9583837565450377,6.006659397632955
1.2961885533987618,-0.25761155153440335,5.123952962464208
1.0652413132193512,4.0021757188541605,2.889639878428322
2.121751246990183,-0.39103169370219004,1.5545619346986423
0.9802744601364078,0.00021879673845326408,5.738459824048273
0.014178560340060709,-0.12301357449868733,5.895682750942658
4.622269565485519,1.0254556466025802,5.662966888601831
2.570434003210057,-0.18101391499860753,5.875114441207018
1.3575605727438007,-0.5947252393974822,0.498516061679948
3.941147682221037,-0.22964158298191195,4.899170118679721
2.1315016638305133,-0.32844600735368845,2.9719982969262255
3.9182946542956945,4.0043267894764325,2.405809854390795
0.48055208241280156,4.084080857010417,4.437976423607356
0.3823536395620518,0.4256935590687656,1.7106513843626305
0.8416766373956718,2.589164518557027,1.4158948907458728
4.043190046864191,-0.366002525921378,1.1588223624322243
3.553422307506526,1.563624437269035,2.5164344672300487
4.418724846810288,3.33916266868021,5.778641085524661
4.043839353570246,3.7981318760867087,5.071551295370416
1.6245225152979406,-0.32387540656022723,2.7655440522657018
4.681505990040475,3.3854260678775088,4.672103550193519
3.254659737468652,0.562383457663231,4.485053294797446
0.6494678205099588,0.367941752734094,0.16993434483049372
2.703105368003309,4.231699838878375,4.538257141895276
4.202114776802385,2.812052187130462,1.4715975891944735
2.3634558429200774,0.06879350685861552,4.082834131032084
2.0307269305153492,0.28384879848887845,1.8234902734662377
3.454932540768519,2.297470355686415,3.910117204280437
1.9624348205595727,3.2527355899854173,6.254579666229656
2.8799071711829116,4.124529945438968,1.4716693288554052
-0.3275017351249865,2.1000839666291307,3.055362272232784
3.5441545766319718,0.5012484272738782,4.771398272746544
4.559567810141274,0.5324071141059434,2.2629300026034995
3.966320712202367,4.308814616898534,4.410754251529449
3.8202702523808005,3.8519907011843637,5.664979311515425
3.4035289310851784,1.7704093845193225,3.3911330377402757
2.1423178283790114,0.23183883786299297,5.388903813564021
0.21814601180423432,1.5767813386342833,5.455599401232098
-0.19170674176481484,2.9167911861479636,3.890106224782453
1.4202058791447607,0.378854176715703,5.0208743386853785
3.922309682433733,1.0278994634786798,0.7475580851593618
0.2052431453914494,-0.4613311271489492,2.0112985740838343
-0.1916042341249054,2.616360469696127,5.121573576510211
2.3405629838399995,0.37198115918933805,2.6473955301366976
0.90902778523922,3.8865367405026303,4.66367997028351
2.908464460018489,4.302089082877647,2.94765652972396
1.151431811799223,-0.5171443152327971,4.119604693163121
1.9089001486517918,3.387209469087252,3.632225906698049
0.3608030409291433,0.723760105847693,0.2720113193566607
0.15990386254981126,2.588792296292196,1.843640927515148
4.042232470548723,0.4851182033098014,0.9967921529208033
3.2934886357605913,-0.5735728221646249,3.5951995543743585
0.398920297949626,3.5278445202160773,3.083785584384121
0.20129336622878335,1.2100690505485512,3.0790423467455548
0.5245949927112458,3.677448967005274,0.6771506688582367
0.8907011753205697,0.9760212684675722,3.6759441999747073
0.8078130560296973,0.8810198918604746,1.152996310335511
0.2481992725398221,2.4028923187823743,6.027857978007097
0.7276893313087219,2.0826314845571625,4.898038056152139
4.320952839968553,3.1879883760650642,4.201184836251657
0.23943384552024982,3.305963662807919,1.2635100215951207
0.7777034982137409,0.8830110939088782,0.09478353972614643
4.2904516619298025,0.646926318482757,3.234493817511609
3.6376560550543777,1.871592448023201,0.6647704532232657
1.932847857217217,0.31857400309931694,4.080078391167707
4.603203276195076,1.7795464441166913,5.9759471127032855
2.6778739495813753,0.322501535294728,5.0118483831738185
0.678292053173491,2.25754912059483,5.496029827552177
0.8931190863031865,-0.1748219900959086,2.9047715876163958
3.3287493424258647,3.4686675555900592,1.420938204475862
0.580115465769376,1.6468217358136266,0.24474964249048956
4.175219653856237,1.0949064871299539,1.889000729317315
4.231255600961442,2.10109149407328,6.137249115816435
3.573607109693496,-0.16623461781343696,1.3755240310007297
4.174864067726046,1.7962114326249803,6.248325035104091
1.1855234274594957,-0.20933242710191646,5.682842492803306
-0.09819390667770977,-0.24371559413367705,3.42207102465395
4.289524022504088,3.828224653628162,1.4496423981631634
-0.13837870030697502,3.034718280995745,4.307613068597549
3.6114021560205054,0.007709060330175155,2.93273307337634
1.2835274618575543,-0.46259007385706313,1.7433727998461361
4.513351237293111,1.6056182344505325,5.340242610076639
4.680390125498151,0.8297066992974005,2.9305097050353996
2.7236514813959674,-0.3267817770823065,4.87700831511772
4.287085114568738,0.1342213446406446,6.128231635891481
1.0434697052101223,-0.3597243797519221,0.067860193518846
3.3769549541891317,4.0693198016898675,4.166212879782658
2.4993475740963835,-0.7014787925522545,0.19349330650772578
-0.23698154246729516,1.1217136511280292,3.366505298555469
-0.31925728267270254,0.24100388187908006,1.2453188019320185
2.0323358674195147,4.118439770909983,5.919647087923382
2.3215321438200585,-0.34864933997424974,1.4274830446860343
-0.21250414075158927,0.7668127331206127,1.5287817100956673
4.497510495697091,-0.09106618428144864,5.393666237663333
0.7179560162795412,3.5863461709743456,5.616766379416847
0.06744135470314577,0.7097113990155084,4.428524654646575
3.0740755177564685,0.5530953687321107,5.533952307386944
1.2802653378343432,-0.5633121714842091,5.935602094854489
4.3261066008926905,1.9137018385314635,0.47809774408691713
0.42810272616070477,3.1289915033891513,2.05378302027007
0.5176229811802855,3.5596926594883156,1.7699115570617336
3.9581864743906214,0.7792443641393731,4.563852373977339
1.9372794490764869,-0.3824763387904854,4.740432034681154
2.5041027254229036,0.5905317639887309,0.9573190947159828
3.569658194581768,1.7128069425955497,5.8076266341870575
2.072437056034225,3.8341630841992833,1.0120397732546191
4.198048701108369,3.4854093992901767,0.3943266807826622
0.7834854293373555,0.181458605611723,3.174214555886478
0.5068796630722536,2.1038622190878074,4.146616529296971
0.8553411270430528,1.2068593599877462,0.44701699031219355
2.7203600042925347,4.013316091120551,0.3576886513252172
1.5898283005084664,-0.20925599885286983,1.0743117046488189
-0.3166146290817039,4.0519367403013185,4.616162187058399
1.0182039508227887,2.949589581935332,4.034441844751701
4.73502258898487,1.0410903720496036,5.279537274250974
2.5997820972745433,-0.507723106306466,1.6789691887776121
4.17357076180899,0.28181899993660187,0.26840265273692054
3.177580949401244,0.1901436776896469,0.8648058809522282
0.10484254235212559,1.729444889863851,3.2115689005098047
4.501564346907227,2.396585496647759,1.3529117483464077
0.3607773568068652,3.841174997721854,4.3323650181425775
3.5424556899319772,3.46223784202438,5.078247457243889
3.6220012532793726,3.5161672374473563,6.260167892991502
3.3993146064667736,2.4923304871765746,3.5175741515242196
3.021158973518419,4.202130512347978,1.9813995609376194
3.9953421106515092,4.324704722733283,0.3353772418794897
1.8408962915598854,-0.7471888603211628,6.067579252989103
4.224452427144283,0.1542624037587903,1.5517124614816133
0.07580482058203397,3.9721246499289657,1.1034486346812395
4.600972330510705,0.5355114111780668,0.18701025049984185
0.5504235218138394,3.503739784536516,3.2769784612303723
3.7441934223064033,-0.4002735515720855,0.8890480132143063
0.2764104732650585,1.49690363799931,0.6310470071990162
3.9650752068447606,0.1038712644527654,2.6993408169856203
1.1446408500173137,4.312257434135839,2.5348478591698185
0.19826816346437415,0.0673708260219128,5.7325200605874835
1.0628031555983903,3.706282840234884,0.4911361727128834
3.8174531824358926,0.4050247151613968,2.101182105447506
1.4054115122157418,-0.4453095233782879,3.595250430733806
4.188350886008366,2.4625291344139426,3.5935478170990356
4.327646076262266,2.6881833879388584,3.785619365060264
2.5771319744138363,3.796400697380145,4.429507047413419
0.20204828045453882,2.846966144168739,6.036804641005335
0.9643603760565095,3.518590509461963,0.943271887871963
3.691147367115426,0.8967032230818164,0.5733298500312087
1.5791835418624318,4.041714763041347,1.879270984976463
4.39145031913411,0.2441133687723951,5.472322420985888
1.5789394319893657,-0.647884591828925,0.7761228973661393
4.692777303426199,3.0083283430942975,3.2892193347031906
2.9947384162563386,3.3555939871715728,1.6645780281619154
1.0644796297024346,3.5935001498488335,3.876036499333887
2.439617118004124,0.23548027133209637,4.826495699449684
3.7363730067844383,3.868643103137929,3.105791634905604
1.1488937908327572,-0.40151385813925855,4.622343920959367
1.7696722004817929,4.078716645326011,5.429325919897191
4.449149200015903,0.20077679739374976,1.7058690799246452
4.486390416672572,2.1752977594525458,2.7606501256541596
1.6956303737621505,3.4412926790791607,3.6528212390887354
0.4999334983124635,3.7355702212140818,1.8582861041387857
3.9082055624606626,0.44867696775773247,3.666100558030137
-0.22284357228025076,-0.17817598898303788,4.142336631985096
0.3889066169054233,2.8230451137743033,5.974160709585447
3.808268338080672,2.667501404103686,4.45247316696342
3.0983181033530585,0.7783278349855962,2.6510841958307174
-0.33826004887325634,1.671363236139865,0.5672146688816546
3.5387343636164226,4.188219196105927,0.8252011414030062
4.492753142111298,2.459934041149455,5.464804285565309
4.402897560508502,1.3030619300641644,5.7982722181523325
0.2058422861506657,3.977112846186169,5.630167279179528
1.6692758514037123,3.3794189758568294,1.345999169985701
0.9134534949497163,-0.40787064475899654,3.225108396002128
1.307686602072026,0.10411422258037561,2.7557182465886045
-0.03550794664142731,-0.47231706331188805,3.7688371900918494
3.4908669465461113,0.35569852315707506,2.342032090469513
1.0675161340346269,-0.469114699601895,6.089495376447932
3.1241559699406407,3.3463934559473882,2.7352354118658964
1.0540983463070486,4.0970923592520725,5.3996070830946294
3.946547659704291,0.41741772278555866,1.8158501506622011
0.8569640940459845,-0.1590173519867789,0.07888040932902786
0.25431734622643376,1.4293666086095262,3.92078200614268
3.637365195492843,1.751452383965677,3.9822225087956724
0.8049401630461875,3.26215111039443,2.0522742973539234
0.5307466489582849,1.2889996869515308,0.6757188192779591
2.5613347420682375,3.5502935826640263,1.2773351221480667
-0.04349783264070267,4.158691418600403,1.8457191772448114
-0.26941595632091453,4.102590320262535,3.815650291707603
0.07418724825516959,2.8466571255030013,2.7165319127481076
0.05692190382209683,0.6430879889045809,4.690734288001573
2.6437546519187696,-0.5540299418789566,3.7469325622965184
-0.34239335198919074,0.726374502094699,2.2643097111102968
3.3848903864143516,-0.184471242579904,4.642370498999424
0.982879496562696,-0.6678777080159368,6.0747864586368365
4.508410733133949,2.8291404050658135,3.42085526811706
-0.2488960133778243,2.1221187653656246,5.026837497820172
-0.27197401865505744,4.222047768459291,4.3806470036832135
1.593387067324472,3.425875810646689,6.120713293882172
1.2376487420514413,-0.7004697163991065,0.9830112411434875
0.04807001747714407,-0.48333152585213196,2.7284485036665047
3.6485491215308095,2.4144668258533457,5.704301036171339
0.03267297673170294,2.6984696848447833,2.648846682887565
4.642249497966987,-0.14193779374739834,3.5525226421019194
0.20379646027559484,2.9442018083036734,1.65832150873403
2.1572726755983394,3.507875321399747,1.8745784523258855
-0.2072064544275552,2.4801288577214415,3.6759920222254694
4.023109021898565,0.16803835191657968,1.575423300797923
3.1073658205079386,3.2151175958856153,0.4774072653432164
1.4411145922012052,-0.24531013813115143,4.00654149858345
0.5806214440678774,-0.11254981459063296,2.2154004421589404
-0.13185496211221506,3.2206736564747254,2.283143965770495
1.3193733487664892,-0.6535388208855325,1.9011198344084859
-0.041658218543326464,0.10976086866970725,0.3871222981954138
0.5376147315268777,2.550272358352488,2.486289700672836
0.6689850435271564,2.9176711429313147,0.8977190489529734
1.5519740501477006,0.8301607210242083,3.9809144608114435
-0.3271887450727537,3.4025932286236644,2.004572862821875
4.311866417511511,2.8805409548542857,5.294823085007451
3.9439616092387686,2.0117755271475017,2.977993339320414
0.1212111527560445,0.17183117342032794,5.080014370144362
3.1433423617906087,1.0412137003662805,1.2051522546171485
2.1557781205299094,0.2692602299826854,4.928440842194363
3.846808267580066,2.3887610094955174,1.0974206541915685
0.5521467543805553,3.4499956156357516,0.08597713027747274
0.5591224882477968,0.5293814024221088,3.318319815585443
4.523572625321439,3.975259323110145,2.5901190253872093
0.703373599504198,2.2837612241526526,1.3692080071034267
1.8648404546376107,3.413285039138507,5.959405706988329
0.49314398905544843,2.55267988536711,3.6245965880708444
1.3013065233236731,0.6446894146271642,5.379420803111648
1.3292802915184287,3.999586910763078,0.329505807233004
2.749600619881959,3.945939230278473,1.0374179754248147
4.537783609109398,3.1275172736176255,1.5328919305885387
3.7747803500115014,3.3346538037134925,0.591902068420937
3.4449666891457844,2.22144489079833,6.236788618523422
1.1393295506472354,0.8150831927792743,2.5643939438164063
0.588217571677206,0.3577497163515566,0.6131770147838914
0.6440369893097181,2.259356745035534,2.80836272418472
1.5785069260170497,-0.5333857776193688,6.066691822795925
4.457476564271011,3.5326232215354123,3.718460380255293
2.735870877007625,-0.6067604737985096,5.904719348561877
4.0923496674849025,3.5193845557093173,0.8921246970539725
0.1416968847005382,4.164164681157283,4.507239858135378
-0.16303628911992962,-0.265197929433715,4.483457590522215
3.9074564228512108,-0.3853483733133177,3.3799675616538667
1.8767890345014901,-0.6019702814919516,1.549819141600291
0.3162799762117492,0.18114626235733988,2.648107600260801
4.716331132741502,2.824323678460582,3.2632069048282366
0.14271770063594746,4.104263473662795,5.417770365662921
3.9988780049739683,2.7749694474259203,3.398027670428501
0.4420542382202607,1.3655022260217953,5.097691856067056
1.662983717650015,-0.19444865371497522,2.017822737671073
2.1875403005950003,3.355127095373234,2.0325513035988574
3.835867364998821,0.292800480895137,4.156662864272846
2.1762830569638587,-0.5580128526882422,6.251728033647391
1.1861179444214658,-0.21506765495651758,0.6550527977533857
1.0081314478039363,-0.6816132630116396,5.507696463163466
1.2127666081730326,4.186373496290287,0.540045574745816
-0.2049683858032326,1.1501292954106477,5.851607564209278
0.6571291650558134,3.4444720916033846,2.735819924060109
1.0223641843533167,4.0089987720558025,2.718073326517852
0.9611185136477306,0.3387653460982474,2.7226530191293246
0.1322431448609272,3.7681710997216076,2.158645563524474
0.5606026571482832,3.0290666261146133,2.676001279040019
0.940130671041879,0.30591389557402326,5.18092655149128
3.936241031369076,2.3792276714595646,4.118314641856921
3.880136335174301,0.118644217342593,0.5455856067933309
3.4442036462752377,1.8538175279734044,2.305701813553195
4.627521504818978,3.7983739280404487,5.76126714720749
3.496918985427871,3.433519976419624,4.740352891556299
0.22619175719210405,3.757295197738589,5.281686756457531
4.45205995160204,4.247034705448614,6.137318971767985
3.950300957176153,4.351901967474797,5.996472086999568
1.8576485130904223,4.2712297736773035,3.1762382025540687
-0.20492846095039574,-0.041285455256234393,4.5074376510893375
0.7514145253792918,1.5462213128008924,1.3866970164879575
3.2986498181723274,-0.10472885301805868,3.0648138992323486
0.2026977458473529,1.5147228533416066,4.593481647804295
4.716914554849278,-0.502536773639155,0.7572548492548825
-0.25242517017201344,-0.6556160846265228,3.7194219901128527
4.712962738323299,1.8212885190826444,4.610738207284968
2.4307891542291515,0.26038731963286854,0.42090699177985785
1.1197963959680064,-0.08517598131988935,1.289232523543201
0.7660451238259299,-0.10711101529753897,0.7148949459743186
-0.10444713304201836,2.61291741224995,3.4777142729964092
3.8547030752337603,0.15717296896805,2.667492044056645
4.617352187357815,0.6725325051751387,2.8848484973003305
0.27969540740650467,2.743159974965368,6.033278465806727
4.041158296471311,1.7379086703212527,3.4238017633766757
3.32761014628743,0.6279932279985299,6.167974646453119
3.4796821054708924,1.8762688017112277,0.6921429995016386
1.6231134198080843,0.00994411900154979,1.3085776660331725
-0.06855895087660324,0.8769886137588618,1.331838882768923
3.1733332257289537,3.408830760542142,0.6797787147531456
4.565188017906351,3.7672296543628168,6.074679936410298
3.0111235290742404,4.103793222114422,4.844885721326115
0.8354820208344468,1.1456111122169301,4.428449600892265
2.3860362741368353,0.6122040109697966,3.5751240928999337
0.2598073769826579,-0.572719640980975,0.6153408148674799
3.31397914623905,2.427669037694433,5.5632153327222085
3.0833840788984195,0.9407818324568433,0.3064328154042638
1.925294067364634,-0.5327101581706645,1.0241885293257071
-0.31911238944432924,1.992306535214131,3.4481679534360326
-0.054260663145235144,0.11985635037943931,3.3378709160269695
3.130069775941207,0.0568182362608558,6.1956106256025825
3.1835285262795536,-0.507207921503107,2.316475762631548
2.583127394027815,3.9006981938928895,4.847204909207151
3.033526844763016,-0.10885634366070651,0.3934431900918054
0.17697360153763952,-0.003107159818472982,0.2207004308056504
2.851921908604327,4.045700645770553,5.856730303978387
2.5683155193951355,-0.3698768395178814,5.553954542756681
0.7592241005512269,-0.6040318841832863,5.655222941540812
3.3483225389213667,1.1974619467056506,0.9438196656572944
0.5636696689360595,4.068899451657465,2.651558831995493
0.4425828642359224,1.1217610851002384,4.093466611980792
3.0206839449145884,-0.39414582876705717,4.073392566499998
0.1588592015058693,-0.38990809486789174,3.052974362978244
0.14158000240456348,4.128158653373939,4.316803652478599
4.317787346173653,3.683655821573814,0.8847227555903131
-0.32053639068656875,2.573915202054601,2.8288337389898226
1.434629360199036,4.254177408683988,0.24589248142718473
0.43984913158943784,1.4538855693450783,3.5653672142472623
2.0287771234840526,4.14770480124646,3.208807626183053
4.281958637535519,1.9269199445400158,5.746542709866944
3.260179670333491,-0.4322000615959227,0.48442035948200646
0.5926730722646667,4.193999761941359,6.071296235169663
3.248068362725962,1.3770670377116296,5.947778927059894
2.412574984469656,4.289340173761599,5.2897879910609245
3.3263321478062746,1.2345692098239889,5.29184991311171
-0.13371778112870022,0.07063878727389084,0.9691517647008479
0.5234496485266275,0.5463309684009103,6.079432059416983
1.275117282389144,0.47036437349871063,3.3731412648097923
2.553603697775641,0.05917852714401639,3.971016176654194
2.4176966042815544,4.212888682863633,1.8322339999738435
2.5365467464717946,-0.16549023384190442,3.9465303589199925
1.0647768593659395,0.4026173505572288,0.986648409791126
0.2607569732159416,-0.35856222830086676,2.6051221421177235
3.474795195186972,3.1078417407571672,4.779611328467382
4.518106785353615,3.592592645703526,4.264139646723716
-0.08637786964317823,3.126954684085194,6.017430184032057
3.6441300280976323,0.92585351355739,0.9935481159171627
1.3598367843336523,0.8491258839265421,1.9445452247458597
-0.19169195440715256,4.258404752619483,5.053890148427697
4.60083878096342,1.4303318948189458,1.7294616220399954
2.5159497198403598,3.433857586697485,3.6620182278545954
0.05441928453867845,-0.2970885718873658,5.961558192621486
1.2837353706683299,4.092838478133204,1.7102694699426126
4.6428206952014595,3.7760721115843587,2.2160607085364035
-0.05592458984397314,2.7797168031707753,1.940145846370177
4.338660524391977,1.7112582696168848,0.501093928850135
0.03549433068711899,3.5228568141569623,3.812832626325184
2.836375701265999,-0.0748075983529739,4.049347502229715
4.22765346243021,2.698593020437425,4.017696406710207
0.9805426146246713,0.5761389466367086,2.944224974371405
1.230928283761679,3.9276553108762142,2.2838774150980123
-0.01755311452373287,1.851167457415162,0.9663597757506939
0.48759931997464123,0.29777135724859893,3.6260060018345226
3.336988694140465,0.041080210953497565,0.24315102026416707
4.2122887832157065,2.461901290306258,4.102551439663043
3.7713126752437063,0.26726640716506767,3.480604279649835
0.3308663863355349,0.00252709885227953,0.20454889152408023
4.316294643495714,2.147946107921299,1.060888212646772
1.7307034694730121,4.190284905330998,5.0333929013623955
4.321658323322445,3.736682030036853,0.9245154629783808
0.06494747946199714,1.8273802853449368,0.49168641351649217
4.676163623364362,2.8971145532581426,1.395815521328741
0.1320695753151951,0.39267279296817437,1.5136482019559403
3.4550904094091055,0.4211801878699044,6.052714151169993
3.2962260816828106,2.157776543298791,2.745856980696853
3.515244894048164,3.705895927205545,1.652592775963837
0.8898427964531755,4.094617402512586,4.783978883074483
3.4679219747915218,3.704896295031551,2.8963920676919668
2.263941454671416,0.3690377302955148,3.502040418333507
-0.12247778069473397,3.9412499722700263,4.056330691305887
0.13611439844267176,0.3094742906942023,0.5918083799578686
3.977729566581899,3.27217610653216,5.03567169156042
1.816635260500961,0.6767430581578029,5.951643666558185
1.0403470186990282,2.8771128783358675,0.8780942409354919
1.214685562035187,3.0607174018400505,4.444580630702151
0.6518318110918538,1.3099255046259661,6.104780963984708
0.48530046368926627,2.472357924443956,4.116702445155022
2.577466180564148,0.10106947652478626,3.2187002428198017
-0.161536742160794,-0.33277448213683297,1.59027591479961
0.7436226646560705,3.1193151439462006,6.240279087037368
4.156436621580277,-0.5991955621274153,5.582258539535844
-0.06516103887003855,2.079384686761518,4.914009615680342
4.0470732401276095,1.5917827713976758,0.6184993089481069
4.353531981939711,3.482321310852729,1.2378637416877898
2.1169360265968917,-0.6877931821046097,2.9718094513466475
1.7014803742271485,3.966635272866351,1.1141978454403476
-0.180867668003425,4.229338128595691,3.8275010794261637
2.016744917725476,0.008104190696216929,0.9707254100769364
2.965761898655707,3.7015658942453307,4.161464641812822
0.4650526160706253,3.9049963903466196,1.4474877146438734
0.4680118781349931,2.6461638788171458,0.4824667837458173
2.4946329168713324,3.2481048725719948,2.9027293671992727
1.9775561818715914,0.6847154220570719,5.122030995587177
4.732602131143629,1.7924523810597384,4.5205802716310775
0.4709669531606493,1.7486191716794668,4.203239725167284
2.8905061169431034,0.056896602658767836,1.3514476434546205
0.658046974672356,0.4166885051637441,4.1948714318457965
1.7802057982674269,-0.6749495925233415,0.11941731551351416
3.465402390871084,3.7671869743353543,5.912480622891088
2.1833044693121284,-0.5191044698266014,5.597420474825974
1.4842561369874572,-0.27870673900067705,0.8064914986156199
4.191265802517255,2.817895307317955,5.731103328287075
4.104161119949749,3.6730528054949128,1.2734112374791111
0.1214322247729348,2.8927135545951272,3.2473001289289942
0.5924887889362672,3.256454068924011,0.8590118512638515
3.452259818015935,3.2020129869241156,4.479818554431953
2.907653486511514,1.0852023490624998,4.8447826346230745
2.2242006335355144,3.9646908230718942,4.404497744491497
-0.27961631604595105,1.5839035239486634,0.9725110725738706
4.585503747242568,2.6875316406952643,2.4728645725101908
-0.29450781975159235,1.2971844176694476,4.8040909588178735
1.8476870690122316,-0.3162111070733799,2.3414830566562834
4.195690990708467,3.149468107044076,0.7293760593031485
1.3938983687254853,3.538895748632405,3.3921474617123186
0.30533516712381903,-0.4762319988907019,3.886378306831896
-0.09486886195160987,0.10714822103734722,5.788033002213918
3.940725554558661,0.6921022545834203,1.0490263133276696
0.2966604132680204,1.776951628073327,6.1652466364644205
0.3293654344414285,0.5905041338499113,0.44793705984430354
3.0012938821524697,1.1395912541983306,3.549350238735813
0.737379102227408,-0.66922260912137,3.8177165018479364
3.636682443473916,1.3637676144108726,2.2196705321557424
0.018951914518893664,2.8092943093408924,4.512444062743624
-0.2037619700811339,1.541734934578471,1.585165366528738
1.5794367105935083,0.23644619469564687,6.1155292097588285
4.0776807023687995,4.007149885650437,0.582361175454268
0.325320440580918,0.1862951189288975,2.2284454452564857
-0.3364043260142353,3.689641339327265,0.7831128975186752
2.1060825083489236,0.2192350708397609,2.768330751968398
1.9360148351388369,0.015635025826418736,5.930818434849408
0.813959372910802,2.6243524580551854,6.02196856510432
3.2750629116694023,1.5625932934706364,1.538326342394864
3.9992969303563406,1.8451512535910917,0.8433917438432299
4.379654493908959,1.7180212110258744,2.058938008496867
3.307889108997124,4.143001028104091,1.4150651287436014
0.02983869498858982,0.017780362303590258,0.03517386994438145
4.454082882257973,1.246935064254611,1.3716963828825293
1.6491592492657356,-0.10305160268654079,1.879520916116795
2.8549186833383016,0.25456140997055954,5.969704454586661
0.5354064575463647,2.4181335994236948,3.301292199644777
2.30664822987018,3.680545384669001,4.845824318977726
0.7659352207586013,1.0596785428984825,0.7231792557293737
2.9908601526687613,3.620164124528938,4.424674182845505
4.742927749047148,2.8752376709878265,0.17025397040230883
0.19432634583442054,-0.18909260374754722,2.7617305679263096
0.5768682946050666,-0.5592763430241727,2.6290976269682855
1.149961970596583,-0.025177495771301683,5.8710879005900765
4.043875380167566,0.8012731758108373,5.474589759594699
2.204388631554869,-0.5060232203266077,2.9642513101214214
0.09248217040289108,3.7105462713264794,3.5288947290318444
3.3689641466046276,3.4488490146248143,0.9060781064902281
1.9114878662424726,4.014815291811265,6.1782133292439685
0.06007586307795293,0.39371161560572276,1.6984669801104808
1.9188081141787712,3.385723939241176,2.8858998371591937
2.62707163471918,0.6572450448660552,4.2738778597796205
3.2420627685617496,1.1729663851016952,1.2590967413417062
4.705221232176562,2.701502604662171,1.1301748927067192
2.4930482006517165,4.053314414356369,2.2148304176983356
1.8936532254678862,3.3907802457093617,3.4334819434137143
3.284103037886461,1.0252276681465977,5.325160650596542
4.317928498835954,-0.4026865225947348,4.408062074993656
-0.24563394093859736,4.205142471692428,2.554913044266155
-0.17877114271843672,0.9851720324611217,1.6776581362130678
4.643037162412967,2.9266865848006325,3.730091181560647
2.4335405740171954,-0.463325820985908,0.13992432786363115
-0.09826165510804147,-0.6968020275250273,2.810446509818693
0.13098440778681297,3.668382952078024,3.733948580011597
0.18024496329935924,1.4583029426043947,1.5511762961520905
3.036451744194135,2.842652328021599,0.1045171391160133
3.8377342621954638,3.59346444589264,1.8842526762730465
4.010619989930733,-0.2915473725842404,0.14621853568575607
4.657680771535873,1.507882490419873,4.588957886159073
0.35094175290535146,0.9853448598467762,5.475703657844404
3.072367512746114,1.141211457126887,3.7234933232077885
0.8230678692873229,1.3703995620958382,0.8387250055745694
3.264564901313295,0.12384661443447165,4.272698944287398
2.0407903629331763,3.665938558627598,2.2182774788044948
-0.20831521185017585,0.7217590655827202,3.8560145974176017
-0.13472880164439893,1.2898696783658288,3.2116264892438724
0.13553632923567877,2.757185760468048,1.7847767740440827
2.935603173536673,1.1204553842407248,2.769019766062356
-0.12018580726070138,0.43760053789329323,2.8138276191147273
1.7602964611588252,-0.6533986685575999,3.916152150440518
3.1347083301093845,3.9294652976727598,3.05726064011849
4.262893104376585,0.2083258763449648,4.314522525254706
4.482570421438087,1.2939797314944816,5.30506643974868
4.421201311503235,1.434282336911863,4.9550659269946635
-0.1320642341977325,1.2514811395290257,0.4555594317940052
4.6372218785961365,1.5631305053006557,5.187737250818159
3.987459364068714,1.9249048696157072,1.7501697704922674
0.49625046952562846,3.6959601747891435,1.5718537409881528
4.430547953288784,2.695228225853056,6.113896455442942
3.6038095275965203,1.885481791061232,5.525138161481675
2.981262989412618,0.9464747343030002,4.183044196622323
0.5230492417208483,-0.36110202900388566,6.2299903125110045
4.2104092508464275,-0.08354330542980082,4.75450564354129
0.09269536467418032,0.7399420993718167,6.2132547219034695
4.120588950082592,0.6183318658078736,0.11910454968148329
1.2312368863896404,0.8243854399379309,2.496874250448326
0.51540829277842,2.761102169635988,1.826640345660675
3.7755090816758914,-0.3245309957195001,5.391001346804428
1.123645197701562,0.30751923686609683,6.009744043838116
4.595181274285035,-0.31145045943435334,2.1096288245277255
2.4561486920922735,0.1604759004986709,4.239612387489851
3.2586633277122754,4.294041242885193,5.1851048213260515
2.931579868156739,3.386553665453924,1.9616578984948103
-0.19344401752386237,-0.1595449222200228,1.6259168448255592
4.450121828297691,3.8059479670745917,5.490800389972649
1.9853622808020597,0.7260652306692272,4.223058875585214
3.2440154488150252,1.6688004516840906,0.34243863720399453
2.703267823775243,-0.04447182517250459,0.2984967357356298
0.4777993328296859,1.5319094897184375,1.0202540991000935
4.7322638784484035,3.4409907731068623,5.26007128899552
3.6686707236163203,2.1391867054558604,2.1274824357738025
3.0826682650663133,-0.37735916638795336,3.4392680554587702
1.0180742870126238,0.8812476735185,4.601159733578481
0.6173534817196085,2.0266850748135714,2.93410761804155
0.09570438332362147,1.5291457256101597,5.040415614453325
0.7179097063955046,4.330445123926359,4.2154579934359235
3.535125567632253,4.268276197908854,2.6785771331177073
2.7437742990702576,-0.4577543360028658,1.455509678722901
1.2630115940034679,3.7838194689781117,1.9776487842955344
0.11209307102464611,1.3753328762849373,2.215090948680116
1.215197201266009,3.6418242006809143,2.989211527557955
0.6472317893236718,3.9534746502392144,1.5685543149072454
1.800348918842484,-0.23100404027859822,0.6402092634710508
1.6157597096568166,-0.39199334874897473,4.8719706991007365
1.7265237427296154,3.4318197479673733,1.4456880500711853
1.8198694234505202,4.257749220053072,5.346646521828798
3.5281419905435163,1.196329030147209,1.6197705189625693
-0.3056514084155297,4.348151595985066,2.6190900376695216
0.7891148138223073,-0.26537659468811436,1.9071858001289022
3.9363916676929547,3.627192712722029,4.352905712432756
3.4445482518426673,2.786351061344536,4.9599310842430056
0.26663082977587604,3.3061455013872587,1.0827649644863824
1.5270814421808931,0.14138390199708994,3.6250743845498627
3.1542420746359396,3.5035803229829945,4.35704962433092
0.2598734544799991,1.011180687322264,1.3710110769475703
-0.1079272873065561,2.697814910153739,3.6273144501984773
0.6637867997176731,3.9563314600368917,4.356837629982626
4.359937439266236,-0.007560155077471098,6.150704789776919
0.3634025388261226,1.1991006978609555,5.740329462599802
3.9897236872824253,0.17272743183653094,4.220799257274678
1.7150562144595645,3.6947987375268383,4.1184614664413
0.6187458092758645,1.4294505567917972,0.7242712681839962
4.681769257878838,1.808727463515181,1.5987533015413153
2.749382522857532,3.441872482237396,6.124995509790108
0.7749569076587143,3.815153768633631,4.339683259986036
3.547250460504265,2.6989144919181887,5.917594055657465
1.463077011801868,3.43986015010723,3.8782259081392048
0.4741297892455909,1.0203265583403092,5.808264203998604
3.877830768305911,3.555866517560485,1.2762881660922936
3.2564657332713143,4.31865648745443,6.196370275908211
0.971455722487547,1.233948402613258,5.2549947166696604
2.3396876822343025,3.3272334679089317,4.030818609055701
-0.29826630246787333,3.4608652173956935,2.9348844368937854
3.964306587772996,1.6461285559959795,4.711363707495632
0.7754469787124872,3.312745537422968,2.0288391232461582
1.2126960757304053,-0.4755839667488107,0.3879652870427156
4.199013833635988,-0.24541971126976792,3.6977843794255882
0.64332024339902,-0.5706614987299334,4.646770319531504
3.1014540549156893,3.644544629916643,2.9824837837931946
-0.08072045790206861,1.2684004806330251,6.263125162759431
3.5816899428633495,0.7580932899704838,2.493549320815397
2.539055922295948,3.6288080723896234,4.804413894103071
4.731605940069956,0.8118349215166227,0.032209960268929264
1.790253675147143,3.887869589511145,4.315385440405064
2.881793394560526,3.5843990333529465,2.592669254240137
3.3261197853189994,2.8159071161753273,3.2792260057386455
1.726361834636759,-0.22292827202642207,4.187052445327161
4.505714835954009,1.3527276024966057,3.66993559616003
3.159987256231815,3.348094331366638,1.3787552326810633
2.7594214093666896,4.122581812944235,1.959733239511376
1.120456313872518,0.4782774404995751,5.59129215610858
4.674941520696567,0.6146852784218679,1.654589530770734
0.8788934292858034,-0.7490596120109368,6.251671089065967
1.4844496834224628,-0.6175882420398965,5.8596418039367375
3.288236328946516,2.6453301255622153,1.9619161447482953
3.8112448173345195,2.827051861944209,2.285787382590321
0.3309832355412272,3.949407608547915,4.99927308186113
-0.15446445706140835,-0.5439499413387492,0.552708990579581
4.756934918967686,4.098365168409019,3.6082200122093306
2.7597935824959205,0.44439845843349457,1.426486083460273
3.7204354183459927,3.0622556913485126,2.8534823774128255
-0.028103470981577283,3.7218794680812053,3.3371912790332057
3.8088684272327056,2.4094322140278615,4.654936215892645
1.4968551448521672,4.191840721180218,4.930339600569677
1.9734361060327843,-0.2212606037741538,5.514589640767051
3.007131347639229,3.134794080585494,1.5424439186525416
-0.3615611841961232,3.884588279622778,3.3631897527908965
-0.14871898177276657,1.338340451087852,4.708804816832906
0.656125466454388,-0.11585510889450534,1.335814906297838
0.7787496134309783,1.4613828063595582,5.748978817569777
1.8815278916133709,4.242289747298854,1.8582626555715607
3.439714764760209,1.513653044226377,0.7070490656786723
0.6613293747049688,-0.7399157039192332,5.018777639787307
4.081169720864426,1.8040912352078684,1.5854845109154372
3.978558779377699,0.7718755620755291,1.5746630264234391
2.601563470047705,0.3514054783532561,5.401803547510236
0.3073181174842762,0.9909319052930696,4.938637265476595
1.8570120891500945,3.3030690703059298,0.5101521392528334
-0.027732706712088273,2.2986234201124596,1.2780148107257232
4.58893513841616,0.8516946433381831,2.5056663517717044
0.4210724187510485,3.5268335259004564,2.666024797560473
4.135806442589164,2.065376195010201,5.240737797795257
0.047128630130170046,3.469990615443506,5.4897419127813585
0.243666322203831,0.9765901886592459,6.267092730796228
0.05196213308705755,2.681460291714336,1.0968199202076263
2.0430957187137078,3.9253919676271796,0.25240265726037947
0.33290316257475483,4.170474374812212,3.449713324848178
1.0049054383046432,0.7631936205475578,1.120595977799921
4.660414671393281,2.3325133285932935,3.1969903775024098
3.2575224204051576,0.3317099169891855,2.0685833607214685
3.341830660923962,3.795581314784619,4.909661732783951
4.638547780781248,4.041973904061341,0.4440110440266044
0.582415499808355,2.3701171910089314,2.413014343655706
4.241418544099109,3.538732478475948,3.768567474910173
0.056521384186886736,-0.3482448783780087,4.32460737784832
3.1091024417048256,2.7324484152325463,2.5489332846129544
1.0514202364868437,3.148634654059135,5.8020108906642545
3.9438642960619212,3.8685227447223527,5.389765616622884
4.270542339061533,3.5924741484759943,6.075840597034927
1.639119454204884,0.038474552241434035,1.2590206412939147
1.4647889203327416,3.5216362403493813,0.22600006641632522
4.454781271992679,0.433731485089514,3.0785678344497884
4.037632500339457,2.5890401964945027,2.1485574153563216
4.107218202633802,-0.46218130187913603,4.432947799449191
3.0977576897200576,0.7187899497791279,2.1081177080549143
-0.26792772854546154,1.8458191621544642,0.9711864135729494
1.8624661903276127,3.4071834234504914,4.689804785448756
4.357412558076526,-0.6552419938491398,3.7671261032348036
0.10236228890985194,-0.025789578078750708,3.392556018610705
1.4957431811118775,3.2308928886403443,3.7300131576284645
4.286449548839103,-0.172544163257477,0.8329793266018891
1.0773764799480343,0.045051626320608884,6.16455771130495
3.630646363100883,3.2579931986824704,3.348298814992582
1.1269574537201903,0.3600719557980727,4.101576059975093
0.555227166342768,0.9508577960034685,1.563402219535655
4.151626968330121,-0.34548821141639474,3.0635976924289086
4.418964110908037,3.7228232834966883,4.511328086886608
2.9240633353641052,0.8168957917978228,4.888133917989122
4.186868604516243,1.4143923733794121,2.8282545423329313
1.5298041181451563,3.2019284031642665,3.395157468078766
4.743010940991863,3.4701967093562063,4.49935041899267
3.91702070604389,-0.07548582491392253,2.2414906921888607
3.350054460742215,0.7907379405760424,3.6311440809890443
-0.013130109003018753,3.37748392880136,6.264135503481415
4.252460804935456,2.553672244242374,2.665960166955327
3.9069376939224103,0.28823597467355966,2.1810214708719897
1.3949256066822677,3.754457377951688,5.675855394275282
0.027337657799152537,2.563540476745711,1.7603953946480868
1.6648077941987065,0.018533992922062925,4.076248974390845
1.5757936833279511,-0.2520821808586544,3.088848436013424
3.5873073728154323,1.4888604546569684,3.6984871276853553
4.219633031465274,0.6173974905519484,2.014773688320503
1.79158417562671,3.88190254428842,4.071958768223942
0.4729541866693956,3.500194017511551,4.902760811254354
4.277272387867481,4.228256321120771,0.48556289899555144
0.3721264305694024,0.4782435854736844,6.069173260964684
0.3804802847550851,2.3205654373337072,2.286334096813232
2.7699279299976154,3.9387124516603125,2.179125299940867
4.373303738118553,3.9376244541639727,1.6211758188787053
0.8738201090146159,0.5843289730221826,6.0509533619801665
4.488590844983667,-0.40397802976986985,0.3838443523378002
3.279022793454943,2.8513257432552477,0.26931039209635294
2.2855685372820753,0.24789260723260842,3.276402077735935
0.47623840880021695,1.3943987323959517,0.8349472329943965
0.05513646630159136,1.555417952056004,5.874786266066416
-0.18854837873421554,2.533232738748044,6.221138389042791
-0.12710222044638508,3.7651609399058303,4.39435609081768
1.9334053604622574,3.7488489694155316,0.6998276970412535
1.419959244374664,-0.1809424396185335,1.7812780201434348
3.306032853689781,3.0028032224495753,2.878519815376103
0.3286915634505444,-0.2237660661505334,6.240867582109208
3.3206078502578094,0.48048483012839727,0.06966267340731476
1.2025260044542496,0.87873387645513,0.09749657687826682
3.5481973854358966,0.7469078466316097,6.270755691532144
3.1399043918454814,2.640028439927918,2.1258101219353693
-0.29203720914922293,1.5213663559094521,2.8460417465813377
3.819056273671105,0.34290466092302374,5.336884776760116
2.8061026772369377,4.1350723609414075,0.7750472170235014
3.9177599374919527,3.6306154243431603,5.443126255931354
0.7134082873641728,0.034982999600674414,4.422239791296375
4.625624851292774,0.40117398793597814,5.575245655516467
3.8872439615294914,3.2204174800576966,5.178179872559513
4.348798457269548,2.7839781769093865,0.7995515248232247
2.3187238568439117,-0.6666173662053339,1.803686400372837
0.025768268427179497,4.246619285488129,4.503372764208179
3.878970481623589,4.075277785831183,4.032366125749631
1.104110280676767,3.8619326598068477,3.6586159874250916
1.088559766086008,3.2001126864781853,0.5105913244559862
0.5587970532639863,3.308897555746955,4.097227007698168
4.004925834602452,0.03444990144109383,2.5947153701790024
3.1123950889089,0.9287196062314602,1.1137072556226988
3.8808795728666237,2.3301957968494604,5.303386380787032
0.89651971971722,-0.6406668014833198,1.004439732429364
3.0900186348182315,4.204808162821421,6.068981023194288
4.5016107004033765,4.3635277208887056,5.04740003135965
3.7742862713089416,-0.12498891500085918,4.335590721481735
3.2296575744521876,1.5996241128297988,5.31555004425196
4.030757847005409,-0.0587704628982062,2.7156442816907407
-0.3139575490240124,0.09152004113819434,4.311247027170241
3.191725318787843,3.979175683791775,4.707461225688365
4.053333078569652,-0.09187185880260529,2.8131110949629816
4.165834432800545,3.572203317851603,4.152738885385087
3.8617666831252553,1.8255689765093037,3.9500213715605117
3.5664707890826204,3.4646593341088545,3.0444734627040284
1.4987061367683854,3.834638539652353,0.37553121557300495
3.6731099729279544,0.9492980943457805,4.531979547722357
4.518834721160424,2.2257354391067956,1.0205708590026983
0.3706722503607619,0.4820972542461772,3.049684433969425
3.7126272398716154,0.2484063865818804,3.100511647359447
1.8851962806690437,4.179232703350897,1.7342731267836309
0.9353474870756452,-0.4016194440291753,0.5095778798331984
-0.20313622317124894,1.403231568542775,5.989642644444245
4.395057020631865,3.3437226581531307,4.232303727832079
-0.14812561196672755,3.509676397964049,4.793014647571662
4.057317976645316,2.0813157272177145,1.7259422126282662
1.5908696385747483,3.8228479135059574,1.1169263654627957
4.222588209290212,1.9429170237507627,3.9848293292826296
1.2434227514647098,0.7729219721598874,4.137295710625261
3.04150180949767,3.920856566858782,4.491590891734064
1.352985503553633,0.7225906916147677,4.449910248546023
3.6093333134492194,-0.18486180794365614,1.7592632882967374
0.3601698026992026,1.218182792484246,5.953739200205421
0.06906431574660449,0.12506019288490133,3.0700500468700347
0.3856542462961532,1.13566461569811,4.462224459592362
0.8813276070939208,0.8772612228306247,4.395489852474457
4.366749015312833,-0.6231527252369435,5.6636442751399265
4.279883169507359,0.2984753919154457,3.923269087857572
2.801925678528755,0.6374094607362684,4.296857638418791
4.279829613563302,1.8327036104906536,1.1569627842091306
1.135682298210408,2.973210121979824,2.7236633437862445
0.11892833262501701,4.078089029275574,4.513009883280347
4.142448926302321,1.0469345000798154,1.7538033550373278
-0.2189361411509189,0.9415753809445175,1.4491561002281768
4.118743677302993,-0.7369725235836664,4.328073908001898
3.4500756604325162,1.729976902365622,0.36206156740804346
2.3368756747374464,-0.48591786262855374,5.096762595466387
0.09893411783017692,2.0269107441638328,0.4429896205436302
3.3953815933198346,4.314994516948706,0.13685520250881947
0.29013414879518307,-0.09725807075713688,3.627888622867166
4.47759373422617,1.8522829722784357,4.892942845118429
2.9423216213177477,0.10558568945882185,0.6653651023080889
-0.2892063212409214,-0.6540528896188887,0.7939722548507389
0.3395226958652833,0.4250419297707628,5.470091866385395
3.823829055271694,0.92502275871773,1.625612790471997
-0.0655997255000833,-0.30568311853880026,6.21537147498188
-0.14845536957021815,1.0188862232325542,3.0392841941582844
0.08014522844688438,0.6896829919066152,2.783967418272504
0.5295599921724978,-0.6688704841902916,2.7623718105565573
3.481651066125754,-0.12565264116751218,1.6017293084243918
3.687421197218165,3.796372192678991,1.237075922359689
3.539053261296787,0.8155508903799678,5.830744886875988
-0.03173305636820328,4.077662517462589,2.6344692179502602
0.9030035612158412,3.4694779146463475,3.4984354551763697
4.393989001735777,3.2517160079767553,1.2147103271445692
3.2428187476162726,3.769524115102472,5.154704858848491
4.641552281205716,-0.7407178499551126,3.7498347308027817
4.3847542541137114,1.215035677520605,0.8939542227759724
4.38441839378326,3.610485441238896,4.138636594725802
1.7387013149313186,4.292225244509668,5.201641762365142
2.3808308951459307,3.240291336943267,4.893409222151585
-0.019324461589248665,1.5499363949300617,0.7678151892541196
-0.11902285678186192,0.3910889199953733,5.228952616620114
2.374616734261978,0.38227725033461346,2.9850063646606046
0.8149259258361018,-0.6347950708875956,4.169368783073151
0.9140862788098331,-0.09459400027850962,0.46927836759699176
4.386853723790065,3.8887310287584773,3.379374681559335
0.8163358894904674,4.330172706535125,1.5201314827763952
0.05425119017007235,2.557121073141662,2.4541757723997573
4.519775205158336,-0.03585399647782095,2.317313407616724
2.9003042750350723,3.178088514677802,0.5859948071527822
1.5334569672808578,3.411264569296497,1.2211467223606136
2.2127546552705972,0.7088489421732829,3.7476699469070196
0.13284941682465545,0.929907899947241,3.741710744500847
-0.1656084133590117,3.1455778964073176,3.5001651951942256
0.4053315551870026,0.1888417266591388,0.5382717526774459
2.0663708636963403,-0.20830153432329868,5.711148651667028
0.05913900064948813,2.7834237439489002,4.784825575399301
1.2933471246099897,0.7534918120053722,4.516383306872687
2.67006114586406,3.3905263209634944,1.1555728906834037
4.0531486281992715,-0.5370139143025641,2.8148683694269048
0.8072053026577694,0.6556953497915647,5.2408193970048655
1.0568555660475658,-0.5260519869942737,2.488563691446858
1.1033217630770085,0.07573834166053406,1.9776718003371845
4.555055659608572,1.4389115954152052,2.2666313666200453
1.8550650581968355,0.067798462027307,0.25572341429121687
3.782945776746197,1.675299634876033,1.6215008319618627
0.40368494908292163,2.049396560161435,4.5743453236829605
2.000081030765549,-0.5484648143909505,0.322193448527886
2.0317525121201503,0.30302089209053773,4.087353689484253
3.0827329219988577,-0.019635452106689266,0.6048818188803267
1.6463755291797275,-0.29392901486638084,2.74908198594791
0.652263890003072,2.1509181901185945,1.4235004420059534
4.47611925340674,2.575432265558218,0.8853944223181677
1.5341050917096872,-0.33241068774658455,2.038496460364323
0.2765756970544624,2.9596842247836737,0.8346159596987052
2.4115383918539335,-0.34300131819239366,2.4498292375133985
0.696375309351888,-0.32116023687139555,2.9672570980861335
3.7385269278858466,2.546612214073276,4.039563597580013
3.1748365407163663,4.334576287393754,5.5698673147846245
-0.28428950024696803,-0.1908006617038167,0.4589799500515934
2.4650651548707785,0.5295528856024427,2.4595791413517394
3.5493528810292005,0.6727139516123302,5.0163361220735965
4.429452867591318,1.7491996470232518,4.947364281447915
0.07797680506557825,2.0330991254837807,2.894185793145261
1.8699981450953218,0.29151809183620214,4.5232300229996625
3.9453611182027295,2.627390463901716,3.5484961920886633
0.6000541015328,3.6909163642276006,6.215537302176759
1.2885233865020997,-0.22735792077579986,3.7400036415443516
4.644127687027146,3.1947861893859004,5.278845437408082
0.012681801730301367,3.318299301235384,1.0206154977581823
3.145785666121772,1.0103791449000696,4.044321816362495
1.6393763035816113,4.276430646319825,3.294825263555446
-0.18683844394527757,3.106009634190731,4.777449687095267
-0.25462599856730717,3.248131642599547,1.5591378382684262
2.202436692233646,-0.4711496437060296,2.0964501652720693
4.088817332879741,4.295160856250754,2.8226639318275497
0.06784841581996298,-0.026693769995248195,2.905692145942976
4.313857675383689,-0.044831701552297765,1.8589893315642805
3.8898996006388655,0.923244110098238,3.59737555037463
3.418635154029562,2.1102054603620766,1.8908327626476074
3.2768232435633244,0.023853482184580943,3.1827527364809276
-0.3239666638462446,2.124014694818115,0.4581497382584729
4.193015630378626,4.216054758413869,1.6937000918057574
3.3361853445517133,-0.37081921513505745,5.62183278031246
1.4393831417010152,3.737666883016696,1.3398493770926898
2.8083689714609585,-0.5475290226525714,0.8446210866663735
4.060715140650012,3.56184466354287,2.320936953842165
2.447063536144919,-0.2353863261620982,0.9630189091740095
4.013130129349189,-0.6406733916497048,4.145549801411204
3.4110304480863824,2.2268714326411607,0.9418367239524839
4.742366496579775,3.0030329430399427,2.793296814140292
1.3843969329348385,3.5395869138135083,3.0399253911609097
2.2782109240210318,0.7667169179520301,1.3446594411884238
-0.2872696949028355,2.3914267703265133,4.273010942950673
2.0444971585051,4.054730729788555,5.943789440192064
2.790118886174084,0.830801385814649,0.7000440417988193
3.331446637797041,2.6773721412969556,4.25810185829704
3.0698512709387322,2.936047703421063,3.0473574324364865
4.279493294293169,4.248997630329826,5.745287137856221
3.284248425680798,3.6267102174302988,3.4998627807304286
0.5559910567767984,2.2707613492572847,2.949823840477023
0.3127052935200836,2.247732499994189,5.403550161605848
3.714066642470261,4.008830984999527,2.4374982432405345
3.7960103925568243,3.12026343377837,1.5853544658335126
0.3499482814316103,3.970352076101176,2.040708623510134
4.374718623870072,2.63714714867227,0.5175321992779099
2.142205522789606,3.9311902769150002,5.032607645686888
4.314716339734647,-0.21135263107781732,0.5176078335912782
4.067891420869926,-0.33187980229843134,3.37866204087965
3.3708694366806253,0.4833338886225742,1.6965323244557806
4.152301139417623,0.9692953591184279,2.0384439783912467
4.7537839128003485,1.2954093053541333,2.3108801240450028
0.9345219798953667,0.2969786528911149,1.2448210361850178
3.6782350054242077,3.6240538995106766,2.657375114265233
-0.014912467283037634,1.281247808242413,1.7848051174901105
0.45213009736229814,-0.7222047346433601,6.260886173780108
3.335913343478742,0.31901747417214366,3.4240482691817657
2.4299186857299793,4.068796268115444,3.7792765367214414
0.41508178122585937,0.42490021192840266,0.08351734897345307
2.7340454629344735,-0.5985259135388878,1.3583774986740842
0.46039115980079626,2.6578723355854996,1.2302201903009138
2.5670114255489787,3.460102319397098,4.789218356175941
3.5223321056812495,2.822121460633151,5.812963603832464
3.857086976204407,0.6542618476179674,1.5228396812133476
1.7109702784473155,-0.5066660916530976,4.970572628490319
1.0352117564258583,3.4674574133142144,0.4474358271596306
3.1900855342539476,2.641728571470724,2.838510729951829
4.38906494885866,0.24019531679197603,3.919783392985519
-0.0020662155375175684,0.9447752731572179,5.044086449316523
2.627731808235851,-0.6038264931970813,4.876781955709842
2.3719771932927105,-0.690452877950235,0.24807588311313478
3.950556008338266,1.4295118289568745,5.491319820144983
2.0790111815505394,3.8139792982649094,3.4873795741297755
3.8405536146296564,2.234171568640102,4.557218608163552
0.24463738120701561,-0.2564966839167221,5.144691540262132
0.2373071165520525,0.7333421927657509,4.037715205625317
3.6362786779134018,-0.5843207248431146,6.137944527436665
2.309647727940977,-0.6093770873914243,6.101642030714747
1.6792613453326517,3.5219585978401113,0.06260145320344568
2.1031815249385035,-0.6208828171626375,1.587477417189756
0.5452102160547203,4.255183959868123,0.5806616329178318
3.835771995786283,0.8496681762003357,2.8053214734921754
0.8996754918528204,0.41024247238289946,5.328960135137544
3.146884751054276,-0.3661439715451563,6.008813540807394
1.1517334927804082,-0.05580340124861227,0.737678171975529
0.2541366709462507,2.9710404751659896,1.2143463221221387
0.45076761852546876,2.300307035706345,1.7490478275103924
0.36667606280340526,1.288698329775646,1.0688653701952995
1.3965732485504931,0.8332793329022898,4.378819252248116
0.3937661014897965,2.3366233693508613,2.378551096460814
4.210867286427273,2.1990578662999094,4.6593494227916326
-0.36181063440224687,-0.491139306742338,3.0875860773026234
1.665246804778008,3.9889960182802042,5.648619175469417
0.8486755221990364,3.5604286420976035,1.7109022452327929
-0.018320174485624063,1.6359140419025393,5.191672270319557
-0.013778742999119131,2.348423238855485,6.225267199928498
0.9421063109288356,0.7968846628618187,0.18173019906536186
2.336278749335194,-0.6038611320675362,5.830502705240972
-0.21584333801868893,1.661798929187304,0.2472791717038793
4.172786767645258,0.45158387370429476,0.6380906903882695
1.0970889112285582,3.486351878044946,2.115258822066555
2.2011131566190336,3.450562497280046,1.591809670165103
0.1314250544185821,1.7242684830246175,4.604284274155812
0.3681364183752843,4.2485789068454185,1.0092693050177977
4.24658194660527,4.05706031229639,2.3844432069749435
2.059267005881236,3.8762566749494978,0.8192420892836232
4.317494288048246,-0.4310851948564601,3.5079855771350705
2.7169718435207733,0.02951002861690233,4.745194532232648
3.4390172873109512,2.7761622234712235,3.5390420682660317
2.8859174511432086,-0.05113125835278676,2.2669801396360705
4.2420928284177455,1.2442545254609358,4.5260832078293936
0.6300773916746982,3.217633210927479,2.6370670962661227
0.039121039140173175,1.078910133799234,2.3818156925844858
4.517816049087605,2.6601454756135845,3.374690925181238
0.5747708171386218,2.643946595050202,5.170903597488089
3.821931189774282,0.06336986296521019,4.900879988536287
0.44169715166139156,1.4554076762113461,4.923482341646151
3.863624100388435,1.9550916783621428,5.181739270578869
-0.13790339510938976,-0.7428777248831302,5.691693691648638
3.24309035092767,1.7311415675750177,4.346601833302621
2.0263019107194076,0.5491525308181322,3.483931937349186
4.1062326371329485,1.4577368680934977,0.6002563717047436
1.5894803512975217,-0.29117182471174574,3.8963882006331345
3.2580724288800575,3.7127421766905364,5.059623746247477
0.5010602417198325,3.7363318763228612,3.0093321671467987
0.3348394609277354,3.9536555899871013,3.314817175595299
2.8844241825232295,3.272424825532169,2.550636742444969
1.8395557521519872,3.690786700690082,0.3708579486347925
2.79521556296087,3.0362022135768854,3.8048544649343756
3.9448026083080086,-0.4304104344442214,3.594478133765806
0.10025891858115243,2.167753776798231,3.833028541201646
3.879277415652318,-0.3655721591266429,4.0292724212235855
-0.2573115830274068,1.5063567864485545,4.38313147840249
3.301592353369879,3.294410062466395,6.2239817393421
0.670460230001167,3.5448738970891895,0.35269874185302635
1.3388985977375842,-0.1327839638711974,5.257897993237652
-0.34422625343676777,-0.4113982240364332,4.6955351715990075
3.915183443300343,1.225576595464194,0.975251607629122
0.04725926591708679,3.612962544010199,0.25119609102617946
4.33326389070261,2.2511637768366524,0.325931888504283
1.839641045977173,3.2861628307159974,2.5415435756647695
2.1694896272129944,0.06805696868759725,2.554094391420722
1.0968409004595765,-0.49033988383501304,0.0926302270494319
4.428113394226669,4.120872383416084,4.80945644641356
0.6505652520069457,-0.6482265637093066,4.146354128014035
3.627537462224092,2.794766537953453,2.3370007918942184
3.1115077362902395,4.144406940287364,6.006327352392783
3.6983066420951163,2.6976883897269746,3.1418047545246846
4.137501282057662,3.392309879130697,1.01237376339479
-0.045673095727525315,0.8037190579885405,4.092531485647475
-0.26891607091748065,-0.6800288388368012,2.7466686754834884
1.027393587253329,0.8716384150454879,2.7763650036584857
1.3219454468465508,3.415912106925557,3.062096393202581
1.010418285001557,0.5183623301204885,4.400790906981571
0.6040008237676372,0.352225963783821,1.6158726781026826
1.076364124380008,1.0410647061869434,2.055036251383416
3.3811822780536893,1.3933324653546055,3.6085494150860984
1.4762879581142068,3.3360436016819257,4.017735214220705
2.642892955701322,0.021304215456646625,1.450942641410104
3.8165358090171493,2.539553932627571,2.260790133086482
3.050457023236318,0.5279908276796725,4.542397060442787
3.8462536123321556,1.3753944424528712,3.27681112573172
2.468333408139844,-0.07294130857780623,4.6297412776324585
-0.10943309204722446,0.5209621694493423,1.2002065939685562
1.048918427896795,1.1584868268373785,2.4290352644780033
0.7025829161425895,1.4950087033225983,3.515232165603496
2.965782659028223,3.7883857495266895,2.98371605626747
3.8801809647927774,-0.26948682991536277,3.3470479235412403
3.6035634108872814,2.4515812386082034,5.591247507024331
1.9619072561264694,0.06027375560491255,6.235295601131407
1.515192417251066,0.07568668610123364,3.172433679393528
1.938783102472903,0.4792731728121937,2.6136511105408045
4.703969982642041,2.267125054236167,2.646634284132349
0.05002996785193353,3.194974718304074,4.4232809775536515
4.328045236679048,1.2991662707070324,4.494032438550877
2.5994530413074997,3.3458907322369615,6.104369604001704
3.514279818760631,0.05821541223377669,5.918354053964774
4.662255361301314,1.9439287821366484,0.13048573436668087
3.478959508818615,1.6813601354656473,4.968003606247178
4.304703144947301,2.215888131797499,5.714922832010454
2.5263012894248376,0.4071486754944411,0.4183672348505229
1.178241255289139,0.9733917731841177,6.130384943982179
0.3280203745548551,0.9146677901961022,1.5175905449893063
4.46528224630117,4.238202768325128,2.0321265056000506
0.6320371851153914,-0.7457340252189845,0.23192008105451759
3.7114025716018206,2.5091475946280335,5.809172256712703
-0.2802043666586126,3.782231133560237,0.24408360494028952
4.276619480244879,0.7257403318409246,2.0716663308047236
3.5728337304089504,-0.06211310923117497,4.458537310882225
3.014310415976176,3.0148328668269926,6.123514704330362
4.2062307893124276,-0.357784343161855,5.576782188007292
0.16594744610463052,0.04595145230566222,5.654143892496817
3.182551777048489,1.0724913388625945,1.1689543855480176
3.239893728160032,1.7470601212479155,3.803243366548138
0.624859478556242,-0.7368552649761122,0.8336525747746469
1.8912511487183963,3.497716863867847,1.9985067951868352
-0.265132873210042,2.921228412890164,1.3605716667330678
3.3200599743300145,1.091858259156713,5.348141991978698
4.694453375922627,1.6778605947507343,2.8106564537143677
3.988625105624619,0.8103417074928034,4.608612330790242
2.172908645991322,4.258286207771,3.3035221166317905
3.294181181327384,1.4465362068533287,1.6523856748896462
1.2804954333686953,-0.47527581119272866,3.84870872596312
1.4037814442926924,3.1126472231519706,0.5790363333226622
1.5963508388070768,0.8150447794396507,5.5142547053390025
3.62724293961916,1.2846762772295293,0.7554136470844547
1.45021939669674,3.9753142509849377,6.053683875498945
2.722076622135671,-0.4681508554488704,2.825041333597637
3.703694755953748,1.6868957221790009,6.0622997352879
4.401487499368067,3.751585657323285,1.8703682269589708
3.8147736344329175,2.358475439525928,1.0323366050222094
1.6337420169104941,3.4140649172386413,1.0920735164876594
2.0272863743777796,0.47980732993720543,4.209194380988749
4.016780725660601,4.316883306086429,2.3581123813448706
-0.06664252602151693,3.3684916037576818,3.1632802154549178
3.927670988926833,-0.5749781210365094,2.5214356056272043
3.6387180665963728,1.4929904996509107,4.589291854466237
4.6107556141220165,1.7361521991474933,1.583825744071403
1.1177383729014068,0.8610648398297864,4.535002140869996
2.6686080657745443,4.2944872052652165,3.08410536764388
4.21340235398258,2.6232275368566613,4.759992366259472
-0.24522696425902912,3.751742292073481,4.821514614618351
3.8535859020805585,-0.12102123688120714,1.361577959866045
3.8150587595939944,2.015033064434868,3.6314420876493063
4.538599767110656,1.2733519078137938,0.28983573937461987
1.6615872552140338,3.8284879467833823,6.105374226972619
1.6398059510838485,3.7057466264984287,3.6459868732135376
1.4992057721777687,-0.05383252347291945,1.8795916454207011
3.246772364770376,0.6197762303223808,5.537446586214853
0.600832228326682,0.18902099811493556,4.142546372381256
2.451591333161499,-0.4548082587609342,0.33188919999958477
0.7290226526373188,2.04329295286115,5.7587337546366415
2.823843545868941,3.266933248004954,1.1462710468613004
4.655945277689567,-0.23562455345697986,3.7682090640629817
1.918524783229202,3.5190090467883097,2.8243128757758926
0.41641184159958455,0.06630638725771854,1.1095111906506445
4.7210416390618715,-0.42664783646102455,1.0435578120902387
4.11131771601209,-0.7495226141701958,0.40980543589496937
3.2655391236167417,0.856148834976939,1.219160191857697
2.020301759899856,-0.07948502028049331,5.36344034164466
4.057122973390023,2.0219920326448433,4.044735693373559
0.9090912757420165,3.2142816178566975,4.9994629874239855
0.5672557450622412,2.1643470856445783,4.607497782458693
2.9761090818578992,0.5784720330067565,6.1363361648106585
1.593758461612456,0.5061653585234462,4.038496471464624
3.4849669616710512,3.5182517697657776,5.631111739326544
4.450681746241755,2.5645767945399385,2.4858915404494777
0.38986702192766765,1.5217882667770706,5.979495306737034
3.9344966419256737,2.474219248531507,5.042187515559063
3.678104787322307,4.197772203307446,3.0280976922319787
0.2411773832857803,3.372750013174059,3.609520164649431
2.4603315531188894,-0.7155765662872008,2.3647045291442206
3.652439081169356,1.9757496798147902,5.685191690176806
2.1220576787328365,-0.3189562463790642,0.5532122849700654
3.4554413333341594,3.463654745681203,1.745148898805715
4.049997032197229,1.4428542850243136,6.053586493652741
3.924799596471469,0.5729891621232612,5.984948185271513
3.7978456439129555,4.096959264783626,3.7964610871327222
0.24417161687398725,0.9589978144739211,4.7514472043839096
3.062758463246709,2.6876718047508534,1.564081832515779
3.8564550367569463,1.076307126739809,3.309488499306153
3.924428760803017,-0.17742851067625132,2.581563212953622
1.7785862001382808,-0.6278883141973011,4.869194707277277
0.7405316274895107,3.749017794371164,1.4310659721381354
0.5114170294195293,2.2118202710641475,3.561627549850669
4.004026275202881,2.270650690035772,3.675021888561561
1.3450402054300703,-0.0384313930429,3.9617659225931674
3.7644655633375574,0.8358809557684321,6.184226825326079
0.7495898668985549,1.2181886988978672,5.198546087737706
3.769247168546234,0.3486552790131079,5.660059204954335
4.093874806215348,-0.4161090863336813,1.7629541370294999
3.634630939856352,3.344627507378979,1.0522550039701593
-0.07021326541242501,-0.5658089141029995,4.294558193229618
2.3452114748241786,-0.022700564072677953,5.484840771210465
0.3455257546844428,3.8019065715165867,0.33295413484756775
4.566883180123616,3.2197478932386527,5.1989692590126655
3.2140445261215453,3.2544271434381695,2.434067805522072
1.452478022650439,3.8254260452638933,0.17640069591852725
4.561404677287799,3.3858183338766183,0.8019972885430536
0.14976107515244808,0.8215430881603705,2.9677457374681158
1.2171960083931945,4.248837772912269,2.7995994894474325
4.7204295347301155,0.7650708517216167,2.5388762376013863
0.08968162288043763,2.1984588981588433,0.9893975903608401
0.7780172328680225,2.4178823637233924,0.6081895296587487
4.005842253943352,2.324772997656171,3.784019929948613
3.3049694004092727,0.3488804821117515,3.0914399476584014
3.536334892653896,0.4217434748431559,0.27466502594294245
1.2486943142942777,-0.2314928324105534,4.695143800380745
0.4372615657247363,2.601045416754086,1.4331915897585101
-0.17168904854779224,3.8041768574012735,1.324691247118713
0.8837717792047036,-0.18373044351703227,4.1906557837667435
2.7833195483882505,-0.6354318893536605,1.2014143659107286
0.6703432746154737,0.5324606776280134,4.512954317845733
-0.16544038288703566,1.0373970295821358,4.7617714344733
3.6348127084688855,0.5982631114357937,2.089753084732634
0.6054436581703818,3.8792323257631782,1.8866889187481872
4.3654513635516,2.93075107197311,1.5771481599468093
1.3870833057215566,4.2871508435801635,5.001081895228031
2.353392199931676,4.193075943928439,1.1007482183797752
2.8790823800578793,3.389368104573328,5.484183734685411
2.445856392046666,3.779643797905387,2.307065975412909
0.16649127862445334,1.3082957770200925,0.42520506479943765
2.1992934382938656,3.411900065816508,6.1685713548263985
3.4776936911067,1.653653247392366,2.8171031816278442
0.3612127119720858,1.2711563895939588,0.8465417265282
4.394093070037229,-0.3096315742804285,5.548702666334563
-0.03848966507885154,0.8464530728777047,4.902636559332615
3.63216766552567,0.47392889654475545,3.346681109039058
3.9884300545148212,3.2139066464075126,4.504540601889482
3.841729636790946,1.6181636038990321,0.8616373729344575
2.74610738487534,0.16221972861009193,3.590710966795805
1.5893856100475534,-0.08937909154023826,0.5589771335175935
3.681408499114749,0.11146394201913434,2.0554158214665965
0.4084206320652386,-0.19186202967725907,2.2666102864359585
1.6854591721438372,3.6394588338279528,3.0846598466613133
1.7945567391206922,0.7466582102228763,2.0177460690079836
0.45111198361740246,1.8254546341472149,2.7152904759387058
1.7022004254131393,-0.17439688712943713,2.2225814220205518
1.519810330125761,3.6974235850150565,0.18097195765928142
0.3710348992818252,-0.626359333727204,5.494029686782488
0.3960850334334456,-0.07712669699766539,2.4955211503440156
4.582563787287533,0.9414657698732003,0.2894256014655037
-0.01127727972579351,3.3976016957004935,6.269667191091942
0.2710992438726503,0.849041055388525,0.761152515363173
4.589034379094286,0.7075471338814565,4.747144375732963
4.504741566515367,-0.30413559506699045,5.5376663136863655
0.16306135293603452,2.7919478727094367,2.277238593529222
2.7544865200716853,3.456580208190724,5.137865997280151
1.880743054394972,3.266505694674877,5.944992867823906
4.513605517489606,3.106274457729322,0.985756047276546
0.29392573980322934,-0.5973821362113528,4.576785930775774
3.6230740237572507,2.857537237823774,3.4647219261177784
-0.2362783858581303,1.4101999431863588,4.176722378752068
0.7002459697111761,0.4831423158045638,3.1797085370445717
1.1760203156638118,3.8992381251901502,1.3710418616069202
-0.2678404086956053,3.950170200543834,2.680888003144783
3.45338958019675,1.9804457400093605,2.2076451903263132
3.8353949708649857,3.4510053272145784,4.953942267319941
3.8409561014364284,3.7602944518799815,3.2639376937778746
4.2564064546461,0.27145977789200737,5.860428928931417
4.398537292090541,-0.013686154764887104,1.631584144567879
3.8787628416136375,1.3058585577709834,2.036605985048749
4.442932332014213,-0.6503072155692248,4.871509395863707
0.3979316973396183,0.13098456604434117,0.12961056689468403
4.0888731230223465,2.7142512126571727,2.212104556317694
1.4684310494635504,-0.4182380953744887,6.224935115191447
0.5416897843051763,0.22145323912760018,2.4953008234940848
0.43379588392088864,1.6010979273551444,0.3038858595588932
4.426708345085561,1.9405698670930716,2.814145839860427
2.6121161865274467,3.5939021799106508,1.3586329343485943
-0.2974119075454489,1.4980627280470693,1.3082979768583178
2.3401348566510825,-0.10611013685751891,4.7898640479812995
3.653912792900776,-0.3546782462055319,1.5207261048149434
3.0797739330167286,0.464244326574611,1.1388476216835854
2.8436668314087163,0.09546832044440445,2.816518344558851
2.6221608107528764,4.089419061119612,5.461883411364778
0.14733146708083056,0.46531394885074406,5.569981449716922
4.454576565931839,3.7146707725713792,5.107985879326348
0.30296883950048603,3.933174660100434,1.075886528884541
0.33269396826981923,4.276828116338337,4.513542688466489
3.284609265389041,3.4801558331896976,3.0115580785431106
0.8309013270996005,-0.6635884797273719,5.346310362454423
0.0925338787583957,2.504428901025931,6.07109098173698
3.0545211441479325,-0.39987466504918034,4.641293293460459
0.660663436426156,2.907025965883411,1.4911321329631002
0.969759743012787,-0.7046734779170345,0.2569472008744274
0.8276892267367525,-0.722189616339146,3.5326786388030413
2.4342231313637788,-0.12763028690806677,2.92669878721169
1.732288718075643,3.938482191750526,6.057329675961907
-0.35425304683703723,3.4449940987895626,4.309939803252177
4.079339333234953,1.60573948478645,1.6949098818483923
2.1285583772619203,3.3791268097463316,0.36429592524349086
2.257028303754887,-0.6852106058740178,0.21875255843642255
3.4329521553149664,-0.2795991967864931,6.210468111128546
3.265019684028067,0.29499503195888566,3.784922279708767
-0.24991916384808704,0.802248237026612,1.1463745873952729
3.6361004035486855,1.4337618266653238,3.1989308266980916
0.37748534155731817,0.24052162521531362,1.007224854635071
3.5939832263591427,2.424112548860405,4.330732204544949
3.31839479869161,1.736429123603708,1.0444766187239471
0.4114138397542988,3.089648696108638,3.5931772533396926
1.2141139361791966,3.1441575749118895,3.8904448048493494
3.372928336516567,2.407971618625565,5.962030565218303
0.28257209508467285,2.118286275344148,2.7580327338379607
1.7291951640907133,3.4686903172459376,5.904555918781883
0.4502101519937758,3.510872589111357,0.0061489589634301485
1.2102163253612366,0.13713900497908715,5.379289199037333
4.2085358917276,0.20511918331232115,4.422694388703193
3.8410195742386257,1.1896630196386988,2.174009009825087
1.2996572845749808,-0.22769196450422102,4.881479769891597
-0.1468643800355947,1.2238341925008858,6.171271814320568
0.15883973192942935,0.8225696415745878,2.887386183380407
4.049164442759944,3.1961535690675245,1.7560424240900212
3.2914642150027245,1.124586315155165,4.704482134250199
0.36120777656019654,-0.4983964546642438,0.22148391315079935
4.57156537634718,-0.5035314172411942,5.256546349239653
2.4948030925723867,0.11620635701759197,4.325188037439076
3.245909428789705,4.15926061704293,4.985280565017968
3.0528164393271804,2.6940301430031157,2.7883155749806745
0.18984599396885415,2.1462757927535976,2.2000615027031554
1.738672600430717,4.165312539724798,2.239287667493088
2.5140311043631276,0.45291802673516113,4.802904601942299
0.023865769829538863,1.4706309540343505,6.041521808002893
0.8948206792196413,0.8778748621432182,3.4378542283021942
1.9824660405457308,0.648727946418004,1.1208553781971058
2.7126556257562315,0.9491331025798411,3.8789560599032438
3.8932628153242206,1.820397877050294,0.8449321116041557
-0.35273373566382665,1.633712282305932,3.7685424846157467
3.357908340355313,-0.0530236844078682,0.41784328781924585
2.3467038019072897,4.085858000939667,3.654266522371018
4.730464416025978,3.602135682100304,5.2037396321486815
4.155322630407514,0.881578722747012,2.8247898539535385
4.542418431552322,1.198488781576445,3.7767341841119264
0.5692809385514551,1.22996711160201,3.1616448772195467
1.4817699680206302,0.5108873229901987,3.4809646635825344
4.105059631390603,2.5992938068849023,5.067097462616593
3.842368736672359,2.619240093447761,2.5172389269868765
-0.17245599944254325,1.8259385880143153,1.6465756765727526
2.61875787029441,3.9241123121055264,1.5183822680115902
4.622872073252905,0.5963702326482014,3.9794735974573343
0.5980432427275914,-0.3224754814117124,5.183911604537635
3.4745245470294943,2.923365518742229,3.3994258253942466
1.2300862088659477,-0.4946704296764851,4.196834807936143
2.6397756062008875,0.33026797298963717,1.6724832753181362
3.0981599701683913,0.7876193420999518,4.326541489175462
3.2915863532605822,1.262887301557241,1.1100628624599003
0.16182762887145608,2.782905682370694,0.7926575400164979
1.6343841036016222,3.2576168074165306,0.03580125913974817
0.6118903984462399,2.3788475651253584,0.22019352677767362
0.2525207867296002,0.20422282611869214,2.8475912062146356
1.5150994752294458,3.618613861238151,4.534658062035901
3.853648630077239,1.9359095241227946,2.3737005001041136
0.2302065595272187,3.243595966293718,2.918260023596351
0.5330074144397698,0.5972343461139511,3.7542209415027283
1.4765995184018603,0.7622740077484864,0.13344940803640265
1.1549399832115035,3.1291363869359676,1.3962683982813913
0.18399951458097852,2.1233100595234893,0.08194616466436033
1.8115016035661915,0.0723041512049365,4.76063187573902
3.050250197946208,1.0554291691856457,0.12370251839835304
4.53279511235347,0.5913607793561526,5.292229962883249
1.9086274025508105,3.907665802680383,4.076285331924501
0.13335877610511043,4.19305364605783,4.139555275639804
3.4219906716533273,1.1876276553912661,5.073272128145777
1.5626728260756528,3.530960768420254,3.31426755209439
0.5013533460972188,4.345013833861686,6.267300044294339
2.132268176645172,0.26871722389854047,5.4552899579157215
2.4845263010624596,-0.343132780453254,1.3890995648715927
3.722458775849617,2.354288708227726,0.03933612801349102
2.235200019766568,3.427869631719479,3.396678256234745
4.3008998202534725,1.7915448532736216,5.954430100387656
1.6189826267345562,3.794639385065654,5.578672744028364
0.8387068022787886,0.5920462205152193,2.0168220908212535
4.264474706294944,2.3529110437671337,1.0210729273067876
3.6756333053404058,2.873518037046483,1.2346000380566797
3.14993310340678,3.447694920667516,2.747758925878881
3.8460687344689015,2.44988768108562,5.529042553196825
2.7075636885048553,0.605746923830859,2.9613942844836276
1.6321922583056718,0.2723944543355026,5.836298721708159
0.8536724336057059,0.8536304823653156,3.2543058836056007
4.071394696234177,3.7910988915733785,0.23091308681458894
2.7280206734891266,0.4101850009637762,3.7218386255286156
-0.12636282475402202,4.105618828464816,5.494897454192677
0.9142163321210713,3.333430563994619,5.111643280532213
3.2271947812515624,1.3589140150330468,5.580009667409538
3.307502488838629,0.384946461214416,5.594729626631322
-0.04267444654506197,-0.35125652675063945,2.7319753732660064
0.6613892650374497,4.023003480583939,0.46462495521601127
0.10363020870074291,2.206689418417413,1.4628722902939812
3.441671477800943,0.5750555523231629,6.013140536446733
4.087979860927908,0.5919716079288124,2.1312599850809297
3.633458395793522,2.380593279950961,4.7224926114475885
4.462179605185596,3.6618264307879693,5.822421863657833
0.2758500540656489,0.7714811734708433,1.0076855461776881
2.6026468288927327,-0.45183292790288077,0.5491770888970144
3.6170248555543845,1.1286859723571439,3.214782170491454
0.7402271330439066,2.751134647553044,4.374788310375392
2.8014918298591875,3.3800261976365427,0.5159152810507592
0.23021599206972776,3.2103140318766537,3.6173376385595275
1.2836535973537102,3.5849431798556965,5.288818979823632
3.990413713640776,0.14391901514542516,3.493437728681918
0.5183877237459381,2.154217806249694,2.964764290599179
3.2934073289681907,4.045679829271827,1.0372563146020055
0.7595934059954802,2.653121941147267,0.5833019359114705
2.881964249271645,0.9225250221183663,4.701689817181038
0.7802907262537396,0.45507161507552407,1.972125758554723
-0.19969828286629138,2.840409644726073,4.111400056127752
3.8248260022043343,1.5856297477368995,2.1025948836471766
3.969900658502856,3.6438307343660927,3.0460147553355266
4.235016167186075,0.6316221508793867,1.0085618366638152
1.57247982224259,-0.15401725970350444,1.360178529839057
3.8211329325389816,3.466560701896353,1.024753250763008
0.4196594464252502,-0.6374195762854207,2.6607372330891477
-0.13122448188799832,3.0581281448564894,2.3598765127616406
4.510889111176589,2.700451552159541,0.42629721001278076
3.081522384920078,1.3206249513451351,4.422881172019762
3.3689050082309997,3.3958093039189627,0.3336349645527339
2.3816079550117135,0.16615170491193065,2.3374101858492784
0.80207176012818,0.2084361038875191,1.3766071599627117
4.338433203100047,3.034697985632839,5.100554675593787
4.139726782420871,3.0540589497136574,0.4029227129648192
4.523745837810279,2.5672211699574885,2.3400665248868897
4.09078060829734,0.7663176852461142,3.162673604564617
-0.23169411872159304,0.6682444058046406,3.424660029326663
3.5755581855142506,3.512948438251164,1.8486077444893596
3.755234341034445,1.743350751687681,0.8926141589932741
2.848874483044452,4.015135185169566,4.680429819471682
-0.2050441240810807,1.9849635648824466,2.8021206633224005
2.1395698156120067,3.5174318023314637,4.872332213217217
-0.022601715408581413,-0.37543159191478404,2.0160610930327296
3.902318980990514,0.8037493265629085,3.0443659032161867
0.7430239934196127,-0.4006054763839254,1.1692374052981498
4.529339089027678,1.334109048869546,3.4392979754178263
3.0536872605035894,0.8170531711362865,2.9064815958737893
3.720241990562636,1.5894554464429764,1.9956971850962706
4.36441216423393,0.24220524931770826,4.629998325860934
4.018341196826742,3.7600872605418205,5.318739690884878
3.215047215549847,2.384696369935925,4.15506214698147
0.6893743984947155,2.8908559931018494,2.4761661199423135
4.514727423206499,3.283228226172035,3.451065110905781
0.9109313266170068,3.214093480340516,5.889949644310585
4.014659375225829,2.0761330149447996,1.9311055685700727
4.464146327786669,3.702589736796849,2.574101449290337
2.2438331262509745,3.9241458169202286,4.128199459862475
3.2264393066505725,1.5388719274811256,3.6390640208201765
-0.09755440578429941,-0.01503312471112328,6.0739483463466275
4.585595766195595,0.33960616265147814,1.2815712185361567
1.2321477327363448,-0.08349484424715092,0.8149841040948655
0.10715289266159045,1.7561357896399863,1.3526984321585855
3.6164811726929877,1.6264334988088778,3.8008198762742675
4.066661739534478,2.2326082700753425,0.4178261272135497
3.8957042252970986,0.41828652020028323,3.9944782451123513
0.6179481208858784,0.7154220457405387,2.5146190970197915
1.318920696986007,-0.6794091919745199,3.01156075097446
4.226788125784373,0.3232434445061243,3.6836986320352634
3.7798404881124474,2.26950870124103,5.377447998745289
0.09721518338346113,2.710692930134311,1.9611531707060617
2.576811708044138,-0.7160075966394251,4.181824025861871
2.9039314125768607,3.956201478993644,4.86027128584311
-0.20164261670467443,0.10290534140246854,0.1087767754873224
4.7552641658024335,2.628942873576828,2.333839396210563
2.7716163957564666,0.7397066834984414,5.711343355317006
3.488871279805343,3.534070257694907,0.925429837906156
0.38623138908879584,0.7429917777459023,2.7918340661272
0.7240333306769023,-0.35209242879170555,2.554791040953908
4.272423007035018,1.9339774434981911,2.3454632755419693
1.1024567628889619,0.8205022677100384,2.4842349415699423
0.12149417121697187,-0.4353674267586205,2.858426889098156
3.9392444963109003,3.314553139967807,4.6760914981496295
0.9069100822764108,3.10337866937992,2.7189150277671676
-0.043578815807520044,1.0734069884786805,5.821302964185188
1.4553735672290808,0.18516893698647985,4.898653903958238
2.7486445752045707,3.1838032455000245,5.166156266078573
3.4503092078891604,-0.20940570006298997,1.5130758153936748
4.220306801519816,1.0499165794608565,3.112869629066601
4.366588478519257,3.447530708963227,2.3045893178017143
0.42563262414973235,2.7237351515712835,0.7804945380336428
0.6415959322471457,-0.32751365895182755,4.08840141033478
4.72275003812414,3.7404399276370226,5.17654335659853
4.566761491409331,3.3491494266348436,3.8357914562830007
0.6755922499437822,-0.2568742573157944,6.12358230887221
4.204165714269841,0.7099853729298313,1.314691799103112
3.5548027333710848,1.3246637445958238,3.904557636706327
1.2017212710461398,3.411319591017076,4.1167814056859555
0.7492198986556132,2.0122472754523635,5.797285463937793
1.310675149159548,0.7429494868743116,1.2274390739932688
1.9513053105792824,-0.5796957557771026,4.399792924340183
1.8465949432804756,0.05183267235367328,4.908917264587239
2.8097633590385946,3.9439950109926576,6.247447027970899
4.051208850973433,1.5456792654371343,0.1476107274620301
0.39081409559514735,2.1366122160339454,1.6890237662770105
1.4782579308381059,0.4834985513096137,5.808447133030671
-0.2810144535600648,-0.5920729616095083,3.0955635485235153
4.479931292485348,0.7873586212789698,3.8333977384461955
2.4590148405817778,3.923913317766276,5.565498699142699
3.599772413597771,1.0905925843439495,0.7474171186468719
4.291125071379664,-0.051686597140920054,6.164640996983835
3.2779283264841843,3.992661152165484,3.1198448101447154
3.8931931093841587,-0.042200408384832744,2.529846977586213
2.049542760623844,4.09514471227937,4.720028832179366
1.828735276977056,0.7449573893620258,3.434966871564868
1.8964068254990325,-0.6268377772501678,2.7993630674507197
1.7207522527454246,-0.7150122556869437,0.20800504603425896
3.8201645910721327,0.6730767955381098,3.0384106105831385
3.2364360857835135,0.3349695688471197,4.2859049479005735
4.055719315821407,2.8753245402688776,2.806636007155192
3.05245231858252,2.7224872806245926,0.9269507993479333
3.6672984674907845,3.044224061767142,3.1822859934220666
0.22586078033348533,4.242375634564966,0.7292074705513293
1.1335132930689946,0.01681387110690169,5.398460691932534
2.981220850706592,2.9112506988754467,0.5917334841034675
0.5208665421936116,0.07366779519729239,1.2163011911511181
-0.18342186590955392,3.2154289973466463,0.48467267673429143
4.739014499619762,4.193938107389801,4.70923912052057
3.1319120821916626,0.21197656889624106,5.2018271338620545
-0.20341424010224085,3.864050890721467,2.0877558221409407
-0.23505778271171066,3.377751889004151,4.518657374402809
-0.12689735292118162,4.012526737004468,6.171078785974243
3.8492266407638134,1.9510305752243822,5.831237571587755
4.728769358369155,3.644744369824167,6.067865797035543
-0.2572770567550899,2.4994498118160724,1.4234053468119083
4.309555198762147,2.2931204815780433,3.516139958529936
3.7117308890975247,-0.0691897264316973,3.8622563702500616
2.4345814141809288,3.464628165727314,1.5781630098296433
2.55094136491683,-0.3990524771339497,0.5078537258108438
0.12526218030942277,-0.6870480494855681,2.748920265425713
2.8801544813407913,0.6894828101522563,5.7176198344079285
0.5869380770933291,4.160446106901335,0.4229445912518085
0.034433288367766934,1.6366712769855485,3.332920203662538
-0.20862186868156113,2.001299404283995,4.723279299115474
4.646710317310801,2.10078123068439,4.685593582875537
0.5406923553877762,2.2142711148105247,5.621839282734376
2.070661905425727,0.6357578473428855,1.6083971406382433
3.678902381466621,3.3756917216252953,2.2987853109813563
2.99123548551628,-0.6742011600994026,1.3647310157683168
-0.2601784138073329,-0.05813003387377802,5.772705889220659
1.2331400228079286,3.4164722388479802,3.3721995574237345
-0.0568655145814162,3.87546140649688,4.276590025242638
3.573754144578601,1.0151246031295633,2.2445649314662157
3.5273712170684375,2.599834948799613,6.058481354365728
-0.2126229832848376,-0.21773720865649682,0.40893809511948603
0.11603007030328433,2.9852864326812316,0.3037290839432617
0.3517272108675258,1.3937936450759367,3.318781208292154
1.0749450243250545,0.9638716287947093,4.591344820637445
-0.1283303029555271,2.9031305507686134,1.9065573118790404
0.8799681873168012,0.13495750234560622,2.631735576787585
0.9796837010208034,0.06563802402544494,5.479680925364774
1.6941907287509785,-0.04939454263418941,2.7095626055471307
2.559270370649434,3.984744595169375,2.3138940770428555
1.923018988321183,-0.368001744337888,4.765329524011079
4.576004380338912,1.5075494249923285,5.46512611233735
1.8750405210856824,-0.07933367819615789,2.1622993377830326
3.130011558588229,3.4745341352620374,5.137514596725821
4.664997940428606,0.9388888125341655,3.199925893130619
2.421275621752508,0.1257264156003638,4.369140321384666
-0.3334645329468635,2.2396547003190217,5.726075469228984
1.1784225956610426,-0.6290638258246648,2.6122919665086526
0.2704084106474026,3.8673643807403835,0.391066475691049
1.0134703681773995,3.1690664176139705,5.049854965846064
3.832736174483987,1.1512136408440752,0.46556466105187666
0.8387387056416143,0.24525325748796645,2.906779465675917
1.481206081697712,4.157787858175254,5.6303883675959785
-0.24153936741910512,2.325866781472553,1.3224941002437949
2.1812873946190137,4.144624308598803,2.3047841070815998
2.251160482524428,-0.6377908946378902,4.0090436568797285
-0.11611246843295656,1.6470782435850686,3.9443162396301075
3.477640465321808,-0.009553014815380179,6.169961796042655
2.043445946140166,0.39701741725939255,2.781654936324562
3.4350507633450698,1.5986586954248336,1.0118468235289793
0.42575651208286913,4.069364006910756,4.079663794560998
1.3297078578270063,0.8360079609635698,2.2062248411880097
0.45395987606794175,0.8608587988531697,5.141447487703574
3.6104722165163428,0.8699948890846765,0.6880918696938444
-0.02707976650552235,1.649150196435854,6.2143628017952235
-0.17602398430290697,3.237424420833415,1.6098192447474524
4.352763358268039,2.0862126454313055,0.38963312270730255
0.0623982747007123,1.1537347206010813,5.245192253742097
3.097668763603163,1.2653106377825947,4.705542007733855
2.5870060449379055,-0.7043252948463476,1.2373168768332663
-0.14375221317328427,1.2195404388834024,0.05610194439837356
3.508242690738786,2.9621864884990305,6.278814524478732
4.093036812894837,1.993399990956609,1.6724072043557874
0.4757798893643411,1.7038714642475883,6.083827408508947
1.8507220467343863,0.7508543634449225,3.1294358757188974
4.469140941340065,3.567644220832629,5.182711661261503
1.4734876385762279,4.209693148672869,5.540755998562835
4.3160558044203015,2.7945763811486657,0.9207901975150925
2.6789149571108433,3.9262850887523824,3.927915496577344
0.48836725491031285,-0.6539877873727951,3.1472653355631115
2.6931299716764654,-0.14263593267171681,1.0241641930674492
4.4810878310876925,2.95924301767759,5.305888402948225
0.2712927760058038,0.7552270253374906,4.209054018256318
-0.15507598049820986,0.8492085273958272,2.9768481036790524
2.993686057913444,3.500778207749086,2.1272919366939846
1.7457500214386492,0.47642927289947123,5.922772185042397
3.7983389441602053,2.630467835660878,3.834715676354855
2.4730754884862205,3.384001998866391,1.6534070509056167
3.7416424264890216,2.177244006583974,2.058711898275942
4.29784019638192,0.12624652871853148,3.3592381820979873
2.7956266219892796,3.3593795278012246,0.9980583323997727
-0.3046323302230687,2.6183352472130483,3.016959753929918
3.7081218128982663,-0.5938107865013942,0.4534009089886754
-0.10289628107095267,2.1545441325486254,0.2967258852874311
4.46550897232331,0.9897882664900248,1.4689789489584086
3.316402289278313,2.5351333824661118,2.382537840176477
3.4337533691308666,0.12355616056467744,0.5179450764313721
3.0398441989796683,-0.341407106259342,0.7728819926022694
3.3908693661197464,3.1587546528477866,0.6045826948073767
4.454314904073071,0.2073233945695343,3.9240385644116085
4.04650571468234,2.3701338820422517,4.709860738777457
4.180844154174722,1.066849169271681,6.028508238755294
-0.00869149631585553,2.23257974698866,1.7372982977311686
3.1693566944634486,1.0496842232759953,6.233186192029181
4.562463037062749,0.5310567361422116,0.954980003109248
3.633670772963239,-0.461779653561507,4.245266034128882
2.399725952954443,0.5918804643239894,1.3551523720257501
4.644243995782383,-0.00030178051210882906,4.631975343306109
3.511046754116065,-0.6871855310638795,2.696481058704214
4.502590440394009,4.093795053225927,2.303962911935562
2.086806975587278,-0.45064441497109703,5.884452955679448
0.9028510887457634,-0.21166335810154902,1.9457532324764326
2.5602742983071907,-0.32978179648452477,5.147331185300951
1.203225558178124,4.256265201988779,6.259356626881585
3.693243127107861,1.4884901896899798,0.126702929024743
2.761969762929366,0.5749885962353656,5.893601725684991
3.0906893636653816,4.345122309016376,0.7320662081916528
1.1771446813441417,-0.16663101151909476,5.092790575764285
4.408660326389729,3.1673544710357806,0.8557565126243527
3.9382230810896663,4.25265042736443,2.868498972529166
0.3323634276766314,0.5682180361236533,4.101007812902006
0.4717561661861325,2.8972905120839982,5.800375907344263
-0.3370006047367675,-0.4083196992661588,3.098526464725354
2.6442285267897576,-0.1625607153129457,2.0126226584401667
4.530885417995784,-0.6168104547216455,4.338981204086677
-0.16736491005611626,0.49593007614593776,3.317294473676815
3.6417414307752045,2.69625116963791,2.7937019159505048
4.324874121488015,4.08986119368602,5.575294297686358
3.5567992467465315,-0.5940616251416696,2.3702548330150024
3.461249284386937,1.3704493446149408,0.4280942399736983
3.5357873738471093,3.2540895588105245,5.77698141277313
4.34765061144402,1.179376475569913,3.1229109551360175
4.725388737111503,2.002942662625245,0.589196727007696
2.4559767823876544,0.41715671215728567,0.37307254618934144
3.4717414407494847,3.543196692001697,3.0032267701857567
1.0063319878051238,0.17910611648472574,0.8233551650518939
4.653105328806042,0.2700164869542139,1.6832145703854176
-0.0686796359109082,3.601580110989895,4.245720468344493
3.8283290262418026,0.5401915157653416,1.9356364852559456
3.309870469567413,0.4404783723405896,3.7035609508678213
1.8006596519289362,3.4523769400677464,4.381786730651973
3.010519210365379,1.256804593477952,2.3983708655770872
0.9286716229489426,4.105765998706597,2.513180769861794
1.221692034310848,-0.17506077882200444,0.35041497960284734
1.0108900387369126,3.9164585385251396,1.9062323924669862
0.20321318469747096,3.424238809492538,5.6657594891653495
1.0961067856227205,4.13996921101654,6.194483605617083
0.7783670665728107,4.347218859562613,4.073551089231837
0.9712023521191798,3.651083703746437,5.0671749115516675
0.09059291085380955,2.6936510662614985,2.287889620696141
1.5786079365445067,0.6299436298951091,1.0226752609181198
3.279986785861522,-0.04827189193239356,2.630414172180847
3.2509078593812846,3.806241508435555,0.29581167589176727
0.9471105286528135,-0.4480247243233229,2.991600829531466
3.982562833449527,3.9704797495625446,2.9415495469158244
3.5871596145326246,3.8217758015024135,0.6656188485475909
3.8309256703786803,3.759030118072296,2.6445543189395617
4.157330286688884,2.225287779688228,0.6412004884096745
0.33004506912220943,1.3714666638621145,4.175511549498714
3.537671647072343,0.642807455689304,1.589479144571257
4.035575802597047,2.9423075794136047,6.078429421689832
1.8727790286243557,4.135631485024702,0.7821676947979775
3.7591422967181316,-0.19989565703857093,3.7131386583511032
-0.26285302554278717,1.2798340237277124,0.6809630690925927
1.6960988368494028,0.3972254291359065,2.459535116043257
3.6756054890808514,0.5540966845808648,4.340743399388965
1.7806843984553438,3.549807022128525,3.3459619980427586
0.3259579482527952,-0.10012934080118363,2.628426572734797
1.8982982805000814,0.031160911876697894,5.539469294934444
4.067492110455611,2.4466511039126715,2.3616413627828257
1.043110326462715,0.8494196147514537,5.696312117015667
1.4543596703300978,-0.4319390492412852,3.288279435809672
3.846152602218446,-0.35069869388710856,1.3470070128106892
2.6211443584434817,4.363278273473017,2.68580721805942
3.205901724863379,4.011480374373172,1.7474511016239354
0.037671471005904955,0.877645535674507,3.247318989039571
0.5930462430366189,2.5939343799798795,0.377702114987277
2.0255882624526897,3.6751163318316715,3.103918839320742
0.05809600453814662,3.3734901916385818,3.203653195855906
2.6961083355986655,-0.44377718724337634,4.730639711942765
4.472004090170256,0.0738572299240241,0.4925622494515285
0.4132838302104864,1.8802622299474225,4.333649969680118
4.612927365357064,1.7114110174302666,1.2778745529622106
3.110509013224594,0.7811160081812243,2.4013916349407936
4.251820113327139,2.0088944017183668,3.1749160042555213
3.6039520873255366,4.009229542403214,3.7795925564396944
2.435774576756579,3.9167718501995497,3.5260085045537064
3.1583599219266225,2.997774825438969,6.216153190621034
-0.04132798179165781,-0.7139120689895749,0.7796031205409895
2.2989210946486733,4.3627947184495035,1.5031615900115973
0.3049822396990166,3.1992071801589046,5.757848488524003
0.042952418893260624,0.6002332748014765,3.0834894768585817
3.4884334194674276,0.5603724857700516,3.5623117959405466
4.122898630580079,0.09919469350276455,0.8674486047923333
-0.02297024414518839,1.33897127932222,6.1774374010189605
3.648375133961321,3.2379574428326743,4.312160192314047
2.132909487940937,3.264837643667539,4.298140508900514
4.742577191090686,3.352095140353941,4.278107767252392
0.8949188221641678,3.2678916936068214,0.7780205462648201
4.608829300806275,1.5991118900644836,4.319478406345612
0.04666452074226707,3.0038572263532886,1.108249730049407
4.618866716734494,0.19291777344087957,3.8257315648129753
3.2228314324754654,4.034203205644822,2.099730122298001
1.7418084369806426,-0.6448096636805846,0.8613030686855512
3.4534964844438467,2.1516723429260995,0.3028669627941971
2.2748105427191887,4.171840323713068,4.959710140090109
0.32622125325719875,3.1666657751430733,0.07664527823694182
1.043949746939421,3.5094062918766866,1.8738104649682792
4.468672540000992,0.6047436948173188,1.6344404556296341
4.209020695528998,2.438442048575825,1.7127117653737003
2.238074715091666,4.231178757123238,1.3378460205522
4.584000931523683,3.3305753553154425,3.633543756654349
-0.11685773026763538,1.1492338633316435,2.918651427011052
0.18870742829405507,2.9814977069651487,0.34932547928160684
0.932729328573613,0.6716790366502894,3.593413650170033
-0.29887522406442024,4.3006418894927565,1.7722041546174818
4.619241743904588,0.4039043162593339,1.8000036756310815
3.5096311442896932,3.6906372956097115,1.34619306938086
2.978464830019442,3.7717053179368785,4.045919294120756
2.7858056570386696,0.19907836748207464,6.106476243679545
2.6407219560113915,0.36915006403044837,2.6076591868681467
1.0200761931846203,3.7513973667296288,4.121819208624555
4.1382829532263905,1.3211440105066474,1.3578511237614075
0.08143155020158094,-0.5557582094467856,1.1889819662484156
2.690660225248495,0.6676799255745094,5.019064364349874
4.507921018622089,3.655367306294985,5.36541670475521
3.1321768067091886,3.133620653296704,3.9871873744645985
-0.3280763017023985,1.5103015030164726,1.4632134522965883
3.4547433856458403,3.774041428615713,0.9770197212122458
2.4713216917701457,-0.2007820799832133,3.329349361271237
1.0756415345693338,3.732992784743405,4.200249555513094
1.1140596734591415,4.196765671123292,2.830419837278209
2.9040906196923317,-0.31382995977634354,1.4146924125903555
3.5737826088657743,2.5500979997230844,5.770107857139522
3.0156009942431523,2.767942386559767,2.333927013922398
1.5287277161284774,-0.4608780030891842,4.564643953472498
2.1993390920657543,3.835539580437227,0.03022930379786057
0.06482212461744735,0.73611758568333,2.4402322685033306
0.26835408381716985,0.012072134333131923,5.246446574350817
4.371414130198985,1.61573981430092,5.015108856049808
3.684611702254352,1.252100488485544,4.301251082532081
3.608476166954834,3.133178736308863,5.889863236188743
4.427397671895538,1.2084419823089385,6.069951758750578
3.2315897552714277,1.6591588295008837,0.48636553804353466
-0.05286988702432527,2.1646909947705413,3.541909537772512
4.40237922307496,0.9879102623532092,4.835378785726382
4.085823942530756,0.880008586349029,0.13779796971052474
4.30184456058717,0.8938436518148944,1.740498402033821
4.134299757691321,2.776691793190417,2.032580501099969
4.586580554991433,1.5719380287836526,5.1605794430905805
0.7542246527649615,4.274534908460531,1.6266491661527729
4.187874431333771,0.4302002830799627,0.0023942329851471766
1.3068292082551358,-0.4108488088104804,5.941924565220769
3.660509162445039,0.44383089181248714,2.0500274430388643
0.5733377055882485,2.838462532215675,0.5947379489101149
3.752515379080787,3.1083037378580545,4.909092290844081
1.9398854859298869,0.21389926450379904,3.48924089805329
3.1048803278919244,1.207760192842499,6.158836200368808
4.717641690401275,1.429144900371893,2.198452112122884
4.4905613998501295,4.220251226708087,2.5849908089673357
2.2550574674948547,0.35111321918573957,2.6722276169470445
1.3943952275981744,0.15771383422808138,4.342709382244352
3.7224429445405383,0.39136713696544434,5.729256646198773
4.187067672670116,2.2088730184163285,1.8359643509203165
4.023319271672864,0.8238595291120105,0.35568087185018266
2.455289865232083,4.074550283553764,2.913912214807561
1.2480316945605239,3.7663310360565943,6.025031848581731
3.1804077632183057,4.319577177057542,4.609971072135836
3.5694365419348273,1.0132042500753187,2.888530084131186
3.3825315907085347,-0.5583180299970237,2.9595808510952315
4.462952147029966,1.0669141534722821,3.1041811259610252
3.581899844345855,1.7333575707994564,2.259068925026727
4.057527075908727,3.496664451590097,0.524859182263096
0.624606299186279,0.8456722128446967,4.03566860207105
0.6690148624493738,1.8986951261161185,2.9907382279726193
2.2550322988125235,3.6319433630542637,4.3599677198604985
0.46678651140246874,0.1776920394588849,1.7938116821337475
4.284656190235524,3.8987214867386903,5.078288277421651
4.180004773950975,-0.05540799439299593,5.900576355308183
0.5573634262170305,4.111697889776651,2.3771244326109624
0.6766527857015668,2.3517921489137517,2.9038728216930085
4.577546332444038,3.1733735172187854,0.1375613143798753
-0.20455986749489666,0.478532028335376,2.8062297845374253
2.7572519244373925,-0.24771792027254258,1.1361585332116402
4.3314210969973335,1.4795420597290523,4.332383506784
3.749601495301487,2.2122805702723083,0.8232085869230285
2.077906775398711,0.6249033191615891,0.21774350747914786
3.674724341546228,-0.53284366070031,4.8458281678056006
1.4325956822501333,3.532783184925181,3.255868960425589
3.137224651413521,3.0893024599389753,5.357359664093169
0.9972935963193991,4.0885778559075545,1.4172672404061124
4.333590282867799,0.03014213514833075,0.5539276918769176
3.4972791823119187,-0.5863795993191661,4.996701245563124
2.966763137492687,3.026621052463382,2.2920504067110112
2.4142422911950074,3.67946267722545,5.469519524531078
2.725798771821298,0.38040332544232913,2.2269660307658485
3.6446854744542607,1.175287953358754,4.000905793109807
4.34816839747833,3.582895259311714,0.03743059837217068
3.9575065215019913,-0.6983511752247404,2.559305731128055
4.141085910240108,0.6105943681512169,2.1812902123729336
0.8731337364272193,-0.09261015370457226,6.176985680133392
3.924320744122066,4.096881745115461,4.1239327453785295
4.632749032266185,-0.5302023299473166,2.6710614482984387
0.6159241620598238,1.9710728802833382,4.65912681480182
4.090973319427107,2.8374613589988082,4.294027886881899
1.9094155291896282,0.5885357966790861,5.19446445803445
3.089743031698131,0.9372010724165845,2.0003118409060874
4.639379951494587,0.38631837727668894,3.614054446868231
1.2383098913901671,3.619982312219288,2.1025212967031512
1.8476861677799357,-0.7426350881715786,2.5065014551995612
0.8277449184995286,-0.11265286646117634,3.430791917446883
2.2167419986095576,3.6810245306141782,1.8412930496485211
1.6052680966358075,4.267032011368124,0.10362080674057317
0.30245600791073035,1.5102194065581753,5.9611146730018145
2.900623318041807,3.2039609550003605,2.8458457596817164
4.017843002586826,3.7757137723814305,2.841211807216016
2.8104813000826834,3.4504394598608874,0.28410947632273514
0.7546985169218742,1.3963166287092537,1.6332534371998642
-0.14666129169065878,3.7466537788073637,3.2329743546073466
0.11262151978192664,1.591996678431895,2.787108735570575
4.159679027062654,2.791234638859893,3.4522020264901148
0.612845882583098,4.287813970468116,1.5941425350533474
4.061663056344325,1.1769975039150284,3.557192540663452
1.234191402021683,3.0181979875247573,2.037371817555112
3.9191963104919463,3.1163134744361356,3.5584488359086173
1.6577607480476635,-0.3192282783156004,0.3098218207532851
1.1617948871529955,0.33554001739996275,1.3006277987448207
0.8650846271437772,1.323017538949716,2.6657410313505396
3.9095662118653145,1.3579176090918508,4.119045661264042
